Ticker,Name,Sector,Industry,Price,Market Cap,FCF Yield,Book-to-Market Ratio,Anti-Empire Builder,Margin Erosion Danger,Operating Leverage,Rev Growth,Gross Margin,ROIC,Insider Own,PEG,Z-Score,8-Quarter Margin,ROIC Velocity,Cyclical Check,Insider Buying,Phase 2 Decision
REPX,"Riley Exploration Permian, Inc.",Energy,Oil & Gas E&P,39.54,868650624,0.09349443580207455,0.7385432473444614,True,True,False,-0.053,0.46491912852696565,0.20997729752147143,0.22378,-0.9803386792452832,2.307155207957988,Fail,Pass,Fail (Peak),Pass,
GCT,GigaCloud Technology Inc,Technology,Software - Infrastructure,44.545,1650692608,0.1107335182299429,0.2954315860365922,True,False,True,0.226,0.2330930299085896,0.2389134050689934,0.06375,0.5490299999999999,3.7120410621286375,Fail,Pass,Pass,Pass,
XCH,XCHG Limited,Industrials,Specialty Industrial Machinery,1.13,67180232,-0.11633221213049696,0.37256637168141593,,False,False,-0.308,0.5028697037176396,-0.8935642640246143,0.12124,-3.2467532467532467,0.829668069694261,Fail,,Pass,Pass,
CECO,CECO Environmental Corp.,Industrials,Pollution & Treatment Controls,64.24,2302411520,-0.0023809818324745007,0.13866749688667498,True,False,True,0.354,0.3476660713524738,0.12682810217869567,0.17391,1.3245906779661016,3.8994150958166145,Fail,Pass,Pass,Pass,
PTRN,Pattern Group Inc. - Series A,Technology,Software - Application,12.44,2471249408,0.031936881702229226,0.2647909967845659,False,False,True,0.403,0.4359490907782506,0.03568834253468344,0.69636,2.4813895781637716,7.299052048253117,Fail,Fail,Pass,Pass,
REI,"Ring Energy, Inc.",Energy,Oil & Gas E&P,1.35,282683392,-0.10233976533011178,2.982962962962963,False,True,False,-0.2,0.35128109339783864,-0.0011467478401982049,0.119490005,-5.0,0.49815966901107966,Fail,Fail,Pass (Pessimism),Pass,
DIBS,"1stdibs.com, Inc.",Communication Services,Internet Content & Information,5.49,199737344,-0.016016033536522846,0.46265938069216755,,False,False,0.009,0.7301718366436063,-0.17973190544135145,0.10342,111.11111111111113,0.4317871008581179,Pass,Pass,Pass,Pass,
AMR,"Alpha Metallurgical Resources, ",Basic Materials,Coking Coal,192.52,2462847744,0.007216442852912308,0.6268751298566383,False,True,False,-0.157,0.011664344504599947,-0.04992520517588308,0.24452999,-6.369426751592357,4.482588388401878,Fail,Fail,Pass,Pass,
MLP,"Maui Land & Pineapple Company, ",Real Estate,Real Estate Services,15.9,315913472,-0.00153206508394805,0.10528301886792452,,False,True,0.326,0.28803453947368424,-0.24392837346800517,0.66008,3.067484662576687,10.386999918817622,Pass,,Pass,Pass,
CBLL,"CeriBell, Inc.",Healthcare,Medical Devices,18.15,683188288,-0.06085438045448461,0.22831955922865016,,False,False,0.337,0.8788610309556157,-0.3757000350017501,0.13362001,2.9673590504451037,9.167245481726791,Fail,Pass,Pass,Pass,
AENT,Alliance Entertainment Holding ,Communication Services,Entertainment,6.92,352624992,-0.003907834190039486,0.33338150289017343,True,False,False,-0.063,0.140391788851893,0.15422111572709268,0.93953,-2.554448095238095,4.496704757231956,Pass,Fail,Pass,Pass,
LAW,"CS Disco, Inc.",Technology,Software - Application,3.35,212152192,-0.08479290188055186,0.6044776119402985,,False,False,0.113,0.7486435998954408,-0.42403636759864166,0.09215,8.849557522123893,0.8064388131625465,Pass,Pass,Pass,Pass,
ZUMZ,Zumiez Inc.,Consumer Cyclical,Apparel Retail,24.11,409138272,0.10366422039344195,0.8806719203649939,True,False,False,0.044,0.35792706160433474,0.023938290668545012,0.22648,7.025059090909092,2.8801688567908847,Pass,Pass,Pass,Pass,
NEXA,Nexa Resources S.A.,Basic Materials,Other Industrial Metals & Mining,11.85,1569397504,0.007069591975087021,0.6390717299578059,True,False,False,0.219,0.237469333506548,0.17883323909792467,0.66472,0.541095890410959,0.8518914083644538,Pass,Fail,Fail (Peak),Pass,
ITRN,Ituran Location and Control Ltd,Technology,Scientific & Technical Instruments,53.54,1065102272,0.05657954318963278,0.20481882704519985,True,False,False,0.128,0.49505322767207505,0.5261866060620404,0.26229,1.432470078125,7.913727747088181,Pass,Pass,Pass,Pass,
FLO,"Flowers Foods, Inc.",Consumer Defensive,Packaged Foods,8.06,1705127936,0.18713551825826163,0.8349875930521092,False,True,False,0.068,0.4887100281386076,0.04138189325330937,0.079730004,2.963235588235294,1.9770454671032973,Fail,Fail,Pass,Pass,
HLX,"Helix Energy Solutions Group, I",Energy,Oil & Gas Equipment & Services,9.56,1408150784,0.08550717818582701,1.1228033472803347,False,False,False,-0.059,0.12322199285467612,0.031032014681146695,0.06784,-7.7159,1.858895996860313,Fail,Fail,Pass (Pessimism),Pass,
GRND,Grindr Inc.,Technology,Software - Application,12.08,2236584448,0.05942185644670994,0.021026490066225166,,False,True,0.29,0.7441247743795153,0.3018859157939076,0.83185995,0.9687249310344829,4.375016457360576,Pass,Pass,Pass,Pass,
VITL,"Vital Farms, Inc.",Consumer Defensive,Farm Products,13.04,584154496,-0.08257233374096978,0.6013036809815951,False,False,True,0.287,0.3761725683526369,0.18800864727211034,0.17342,0.3155245644599303,4.8722298961336845,Pass,Fail,Pass,Pass,
SMWB,Similarweb Ltd.,Technology,Software - Application,2.33,202631824,0.06411135103832456,0.11502145922746781,False,False,False,0.109,0.7954635527246993,0.0,0.17177,9.174311926605505,-1.0477369422482983,Fail,Pass,Pass,Pass,
ASUR,Asure Software Inc,Technology,Software - Application,8.62,246840384,-0.032279969229022105,0.8172853828306265,True,False,True,0.277,0.6750627930639458,-0.03155678824791369,0.16916999,3.6101083032490973,-0.13952229932934845,Pass,Pass,Pass,Pass,
DCTH,"Delcath Systems, Inc.",Healthcare,Medical Devices,10.04,348851712,0.060108634352925294,0.31932270916334665,,False,True,0.373,0.8615879198883035,0.007389882355312261,0.081420004,3.8452699731903492,12.634517558494426,Pass,Pass,Pass,Pass,
SILC,Silicom Ltd,Technology,Communication Equipment,22.06,125877488,0.1349804501977351,0.9333635539437897,,False,False,0.167,0.30281133946125793,-0.20882303610198796,0.098129995,5.9880239520958085,5.371730951945876,Fail,Fail,Pass,Pass,
SCHL,Scholastic Corporation,Communication Services,Publishing,39.57,1006727744,0.021952310474916244,1.0134192570128886,True,False,False,-0.019,0.5621708692150424,0.012000318522057653,0.27257,-8.641624210526317,2.2544928571202645,Fail,Fail,Pass,Pass,
HPK,"HighPeak Energy, Inc.",Energy,Oil & Gas E&P,6.34,801110400,-0.013181703795132357,2.0067823343848583,False,True,False,-0.233,0.22756003006860415,0.046196522450799284,0.82628,-2.0931001716738193,0.9369313649527131,Fail,Fail,Pass (Pessimism),Pass,
SCWO,374Water Inc.,Industrials,Pollution & Treatment Controls,3.11,54242652,-0.29910810776729724,0.13536977491961416,,True,False,0.0,-10.934787966722006,-4.406428669157502,0.41232,100.0,-5.038648181508743,Fail,Fail,Pass,Pass,
MTUS,Metallus Inc.,Basic Materials,Steel,17.74,740297664,-0.12562514313161469,0.9283540022547916,False,True,False,0.111,0.0821030821030821,-0.004294086926246155,0.14093,9.00900900900901,2.1895042938917526,Fail,Fail,Pass,Pass,
FC,Franklin Covey Company,Consumer Defensive,Education & Training Services,21.55,248957488,0.05539499980816002,0.15777262180974477,False,True,False,0.001,0.758445552752985,-0.26335770365621114,0.18652001,1000.0,2.5253790989461837,Fail,Fail,Pass,Pass,
TRT,Trio-Tech International,Technology,Semiconductor Equipment & Materials,6.37,55735052,0.0024580581713640457,0.6021978021978022,False,True,False,0.816,0.19683855500020317,0.004785067536374332,0.44837,1.2254901960784315,7.094570045565511,Fail,Fail,Pass (Pessimism),Pass,
SMPL,The Simply Good Foods Company,Consumer Defensive,Packaged Foods,10.44,966485632,0.14984082039617946,1.7484674329501917,False,False,False,-0.094,0.33756129043191396,-0.04556269991858025,0.09132,-10.638297872340425,1.912082146910675,Fail,Fail,Pass,Pass,
MINE,Mayfair Gold Corp.,Basic Materials,Gold,3.21,215328400,-0.041319974513347985,0.1864068847352025,,,,0.0,0.0,0.0,0.17849001,100.0,108.96846405950203,Fail,,Pass,Pass,
AOSL,Alpha and Omega Semiconductor L,Technology,Semiconductors,25.98,773186176,-0.053477417578660896,1.0653579676674365,False,True,False,-0.063,0.22472637461491246,-0.03753871171376194,0.17056999,-15.873015873015873,3.745716572582649,Fail,Fail,Pass (Pessimism),Pass,
WRBY,Warby Parker Inc.,Healthcare,Medical Instruments & Supplies,20.82,2549362688,0.017156052454157515,0.1442363112391931,True,False,True,0.112,0.5397113217609717,-0.00914901169213548,0.07304,185.89285714285714,4.521262842717361,Pass,Pass,Pass,Pass,
COCO,"The Vita Coco Company, Inc.",Consumer Defensive,Beverages - Non-Alcoholic,51.0,2911190784,0.013405167471153962,0.11388235294117646,False,False,True,0.004,0.36504149037357736,0.4235314652196498,0.09503999,107.14285,16.874830175411127,Fail,Fail,Pass,Pass,
KFRC,"Kforce, Inc.",Industrials,Staffing & Employment Services,28.23,515987936,0.09070948511478377,0.25579171094580233,False,True,False,-0.034,0.27191203658069524,0.1808526369253623,0.07298,-4.236194411764705,7.775997528040003,Fail,Fail,Pass,Pass,
III,"Information Services Group, Inc",Technology,Information Technology Services,3.94,188663376,0.13245284023752443,0.5030456852791878,True,False,False,0.059,0.4307038512616202,0.08768068233378644,0.28249002,3.5147191525423733,2.129872397758728,Pass,Pass,Pass,Pass,
SNCY,"Sun Country Airlines Holdings, ",Industrials,Airlines,17.32,938599104,0.08947163878818278,0.6781755196304851,False,False,False,0.079,0.223650987913228,0.07510402353925624,0.05159,2.2837551898734176,1.5218000586260603,Fail,Fail,Pass,Pass,
TK,Teekay Corporation Ltd.,Energy,Oil & Gas Midstream,12.33,1069979264,0.10141598407649141,0.6828061638280617,False,True,False,-0.053,0.2753012048192771,0.0,0.36891997,-2.058774528301887,4.591508763775663,Fail,Fail,Fail (Peak),Pass,
EXOD,"Exodus Movement, Inc.",Technology,Software - Infrastructure,6.4,190807184,-0.13536177966967952,1.3084375,False,True,False,-0.344,0.4822749298648304,-0.04552960573303956,0.601,-2.906976744186047,7.179691808905476,Fail,Fail,Pass,Pass,
CNL,Collective Mining Ltd.,Basic Materials,Gold,18.91,1750602624,-0.023891809269903162,0.08291909042834479,,,,0.0,0.0,-2.835073118742337,0.42485002,100.0,80.0417166203412,Fail,,Pass,Pass,
RES,"RPC, Inc.",Energy,Oil & Gas Equipment & Services,6.62,1467251840,0.03607015411887301,0.7658610271903323,False,False,True,0.27,0.14293364056546123,0.03496682481706815,0.55124,1.6345677777777778,5.053641127407687,Fail,Fail,Pass (Pessimism),Pass,
BKTI,BK Technologies Corporation,Technology,Communication Equipment,95.04,359774208,0.04532287094910372,0.1259574915824916,True,False,False,0.2,0.48786264061574897,0.5717189010227519,0.21305001,1.38139535,14.154577639412668,Pass,Pass,Pass,Pass,
CRCT,"Cricut, Inc.",Technology,Computer Hardware,4.18,885245696,0.19860362020895947,0.3889952153110048,True,False,False,-0.027,0.5508493467648635,0.7791136681001634,0.10701,-4.42328037037037,4.6603819175747265,Pass,Pass,Fail (Peak),Pass,
SCVL,"Shoe Carnival, Inc.",Consumer Cyclical,Apparel Retail,17.62,484013888,0.05492404383239516,1.4298524404086264,False,False,False,-0.034,0.3656665410050347,0.05566312262014869,0.36200002,-2.727554264705882,3.0854730756545727,Fail,Fail,Pass,Pass,
TMQ,Trilogy Metals Inc.,Basic Materials,Other Industrial Metals & Mining,3.88,674324160,-0.007772226342891229,0.18711340206185567,,,,0.0,0.0,-0.11834933006513447,0.18198,100.0,10.927599858048861,Fail,,Pass (Pessimism),Pass,
RCMT,"RCM Technologies, Inc.",Industrials,Conglomerates,26.93,199565040,0.087039293054535,0.20735239509840325,True,False,True,0.124,0.2753346858524001,0.2475212527261549,0.37348998,1.0148476612903226,4.857261290634065,Pass,Pass,Pass,Pass,
KMDA,Kamada Ltd.,Healthcare,Drug Manufacturers - Specialty & Generic,8.49,490857920,0.03187072951782055,0.5493521790341578,True,False,True,0.145,0.4234013077690347,0.10207369334112457,0.07195,1.6729064137931036,3.7732194975298308,Pass,Pass,Pass,Pass,
NHC,National HealthCare Corporation,Healthcare,Medical Care Facilities,170.85,2665097216,0.05576982299470459,0.40263974246414985,True,False,True,0.046,0.39314038059509243,0.11986182889929099,0.18857999,4.8424128260869574,5.8254347639593576,Pass,Pass,Pass,Pass,
SMID,Smith-Midland Corporation,Basic Materials,Building Materials,29.87,158448592,0.03172637848369142,0.3289922999665216,True,False,True,-0.09,0.28026466815204915,0.30300557279817913,0.13855,-1.488291,6.763414687320486,Pass,Pass,Pass,Pass,
SELF,"Global Self Storage, Inc.",Real Estate,REIT - Specialty,5.27,59764708,0.06937989222669673,0.7770398481973435,False,False,False,-0.009,0.6171344196825799,0.041579141049885256,0.09054,-32.530863333333336,2.425276476704718,Pass,,Pass,Pass,
FRSH,Freshworks Inc.,Technology,Software - Application,7.55,2145220864,0.10296329096303251,0.48251655629139073,,False,True,0.145,0.8496141553083002,0.0928589874289891,0.07653,0.8264915172413795,0.15499028195765774,Pass,Pass,Pass,Pass,
FLYW,Flywire Corporation - Voting,Technology,Software - Infrastructure,11.56,1411787392,0.06397493029885339,0.5923875432525951,True,False,True,0.34,0.565410697805064,0.03104754613396057,0.05869,3.0909091176470587,2.6048426763393375,Pass,Pass,Pass,Pass,
BSET,"Bassett Furniture Industries, I",Consumer Cyclical,"Furnishings, Fixtures & Appliances",14.01,121247736,0.029303639945903813,1.357030692362598,,False,False,-0.022,0.5608412453742301,0.027143312062751047,0.16409999,-10.271261363636365,2.3505367263325296,Pass,Pass,Pass,Pass,
CIX,CompX International Inc.,Industrials,Security & Protection Services,22.51,277392032,0.06894213890037043,0.4997778764993336,True,False,False,-0.019,0.3043813374609091,0.20161525835289018,0.87666,-7.498334210526316,12.366771285590694,Pass,Pass,Pass,Pass,
SOTK,Sono-Tek Corporation,Technology,Scientific & Technical Instruments,3.95,62056036,-0.013072459220566393,0.3083544303797468,False,False,False,-0.036,0.4990855404126106,0.09604016345153678,0.16138001,-10.972222222222223,8.859142630738535,Fail,Pass,Pass,Pass,
TG,Tredegar Corporation,Industrials,Metal Fabrication,8.84,306203808,0.05139060844076766,0.7192307692307692,True,False,True,0.197,0.151357655105248,0.10549412105999838,0.21934,0.6503347208121827,4.204031770761427,Pass,Pass,Fail (Peak),Pass,
AGCC,Agencia Comercial Spirits Ltd,Consumer Defensive,Beverages - Wineries & Distilleries,14.81,294370976,-0.0008045528238490469,0.012694125590817016,True,False,False,0.363,0.49859382924118006,0.39314827927919394,0.7295,10.199725344352617,90.43546469611506,Pass,Pass,Pass,Pass,
ACNT,Ascent Industries Co.,Basic Materials,Chemicals,13.47,127558488,-0.016172973138408476,0.6870081662954713,,False,False,0.035,0.23121945259042034,-0.1405145959686594,0.18133,28.57142857142857,4.951560387748604,Pass,Fail,Pass,Pass,
BFLY,"Butterfly Network, Inc.",Healthcare,Medical Devices,4.11,1046541120,-0.015334323413875988,0.1878345498783455,,False,True,0.41,0.4685435043181609,-1.1469747170379614,0.12495,2.4390243902439024,2.3276889898193187,Pass,Fail,Pass,Pass,
OGI,Organigram Global Inc.,Healthcare,Drug Manufacturers - Specialty & Generic,1.4,193051440,-0.19135832397831376,1.4044752857142857,,False,True,0.487,0.3561435903296892,-0.1493476707833041,0.29681998,0.26134030800821356,-0.2053487301263925,Pass,Pass,Pass,Pass,
INFU,"InfuSystems Holdings, Inc.",Healthcare,Medical Devices,9.38,190753408,0.0824205457970114,0.3024520255863539,True,False,False,0.07,0.5598036755068463,0.09634886726881106,0.069299996,4.322580571428571,3.8125498194263483,Pass,Pass,Pass,Pass,
BKE,"Buckle, Inc. (The)",Consumer Cyclical,Apparel Retail,54.83,2824736768,0.07284891191673687,0.15343789896042315,False,False,False,0.053,0.4899374727912254,0.3552738427584106,0.38889,2.498860754716981,5.7117810348910485,Pass,Fail,Pass,Pass,
HSTM,"HealthStream, Inc.",Healthcare,Health Information Services,19.88,589802560,0.052824457052204045,0.6020623742454728,True,False,False,0.074,0.6474097558408756,0.04806729518034855,0.17286,4.404075675675676,3.1620996873189604,Fail,Fail,Pass,Pass,
PDFS,"PDF Solutions, Inc.",Technology,Software - Application,38.83,1548956288,-0.0056760801244766955,0.17651300540818957,True,False,True,0.246,0.7232129812258017,-0.004743545342406406,0.19306,4.0650406504065035,6.820154321752469,Pass,Fail,Pass,Pass,
ANNA,"AleAnna, Inc.",Energy,Oil & Gas E&P,4.99,202892784,0.015529586306036394,0.27334669338677353,,False,True,10.839,0.6353630012969061,0.010160483706645192,0.18320999,0.11509364332502997,0.791747725686766,Pass,Pass,Pass (Pessimism),Pass,
BBW,"Build-A-Bear Workshop, Inc.",Consumer Cyclical,Specialty Retail,37.26,489080576,0.07596703247523778,0.3205850778314547,False,False,False,0.027,0.5619656615953454,0.27306513331138904,0.056160003,3.458646666666666,5.208556729412149,Fail,Fail,Pass,Pass,
WBTN,WEBTOON Entertainment Inc.,Communication Services,Internet Content & Information,11.12,1484328960,-0.0045104556876664325,0.8048561151079137,,False,False,-0.063,0.23300776376739796,-0.6097049312390767,0.6097,-15.873015873015873,2.123400505066318,Pass,Fail,Pass,Pass,
TBCH,Turtle Beach Corporation,Technology,Consumer Electronics,10.35,202860464,0.16779514021026787,0.6471497584541064,True,False,False,-0.187,0.3728595810123971,0.12704604497867414,0.22038001,-0.7187999465240642,2.232453992160666,Fail,Fail,Pass,Pass,
HDSN,"Hudson Technologies, Inc.",Basic Materials,Specialty Chemicals,6.0,258019104,-0.031834852042583635,0.9740000000000001,False,True,False,0.282,0.25179835694648317,0.06515517961018222,0.11724,0.575043085106383,4.238618190065776,Fail,Fail,Pass,Pass,
DTI,Drilling Tools International Co,Energy,Oil & Gas Equipment & Services,3.39,119323864,-0.01606552064053172,1.0309734513274336,False,True,False,-0.034,0.5704271234009497,0.01514245005543491,0.38426998,-29.41176470588235,1.6097105520881834,Fail,Fail,Pass (Pessimism),Pass,
EVER,"EverQuote, Inc.",Communication Services,Internet Content & Information,15.09,543687936,0.1661320658768489,0.43518886679920477,True,False,True,0.325,0.9720225090647071,1.5446532528801742,0.13154,0.17654284,6.7308764323561885,Pass,Pass,Pass,Pass,
SCL,Stepan Company,Basic Materials,Specialty Chemicals,52.43,1189656576,0.021323800928579915,1.048731642189586,True,False,False,0.054,0.11572676121321684,0.037724660592918124,0.05708,4.7362242592592585,2.6120670723956914,Fail,Fail,Pass,Pass,
GSL,Global Ship Lease Inc New,Industrials,Marine Shipping,38.32,1376387072,0.2605488000398772,1.308716075156576,False,True,False,0.033,0.5278386113564375,0.20548243734067273,0.112679996,1.0258057575757575,2.2422176970396457,Fail,Pass,Fail (Peak),Pass,
LGCY,Legacy Education Inc.,Consumer Defensive,Education & Training Services,13.6,171537968,0.02815743975701053,0.26875,False,False,False,0.407,0.46511815870672246,0.21737017741373865,0.25276,0.5569205405405406,6.0012681665519665,Pass,Fail,Pass,Pass,
RHLD,Resolute Holdings Management,Industrials,Specialty Business Services,158.67,1348805120,-0.27304834074176704,0.0048528392260666795,False,False,False,0.167,0.5536064949148568,-55.02369591907944,0.51272,5.9880239520958085,-17.369120755262212,Pass,Fail,Pass,Pass,
SBLK,Star Bulk Carriers Corp.,Industrials,Marine Shipping,24.22,2757385216,0.07686557495490684,0.8915772089182494,False,True,False,-0.027,0.2025872446880045,0.04845678954294588,0.25215,-12.288177777777777,1.5180026677067961,Fail,Fail,Pass (Pessimism),Pass,
BUUU,BUUU Group Limited,Industrials,Specialty Business Services,14.1,235117504,0.0002631450187562386,0.00475177304964539,True,False,True,0.199,0.2581189510898103,0.584585912370496,0.51734,10.122038693467337,118.01234189446787,Pass,Pass,Pass,Pass,
VHC,VirnetX Holding Corp,Technology,Software - Infrastructure,14.31,61115724,-0.2562515662908616,0.37372466806429067,,,True,0.0,0.0,-2.7343230962193803,0.16007,100.0,-7.024462512791626,Pass,Fail,Pass,Pass,
IPAR,"Interparfums, Inc.",Consumer Defensive,Household & Personal Products,93.0,2982676224,0.055889405178696325,0.2953225806451613,False,True,False,0.068,0.6363542309787849,0.2312955472133488,0.43635,2.610013676470588,6.491104442585117,Fail,Fail,Pass,Pass,
TGLS,Tecnoglass Inc.,Basic Materials,Building Materials,43.59,2029962240,0.016991941682619673,0.36563431979811883,False,False,False,0.024,0.4284320004879983,0.20697954524273612,0.44192,5.3106725,4.6641704672466995,Fail,Fail,Pass,Pass,
EMPG,Empro Group Inc.,Healthcare,Medical Distribution,17.36,143046400,-0.0001151374658851953,0.058640552995391705,True,False,True,1.416,0.6178312837395327,0.28410827185293036,0.64816004,1.362209675141243,30.936905493648343,Pass,Pass,Pass,Pass,
GOAI,Eva Live Inc.,Technology,Software - Infrastructure,3.99,125626696,-0.0036549715515880477,0.07744360902255638,,False,True,0.472,0.5938069044629534,0.7845996681495327,0.75644994,0.32513038135593225,13.056469881487644,Pass,Pass,Pass,Pass,
PRVA,"Privia Health Group, Inc.",Healthcare,Health Information Services,22.37,2810231040,0.058146108869397445,0.2666070630308449,True,False,True,0.174,0.09865548166090553,0.08672669527312954,0.06375,7.142401149425289,4.68804010876709,Pass,Pass,Pass,Pass,
PAL,"Proficient Auto Logistics, Inc.",Industrials,Integrated Freight & Logistics,6.84,190390032,0.15379872408446257,1.6491228070175439,False,False,True,0.128,0.0915739932999365,-0.07942860542594096,0.13993,7.8125,1.2200216390722405,Pass,Fail,Pass,Pass,
SND,"Smart Sand, Inc.",Energy,Oil & Gas Equipment & Services,4.93,195779120,0.1661106659382267,1.2484787018255579,False,True,False,-0.058,0.11475891480616562,0.003913113585268323,0.33870998,-28.333332758620685,2.5171176322368334,Fail,Fail,Pass (Pessimism),Pass,
CMCL,Caledonia Mining Corporation Pl,Basic Materials,Gold,25.34,489392128,0.05596943316587225,0.5320836621941595,True,False,True,0.574,0.49287977973898073,0.2644507734560472,0.14066,0.15599414634146344,3.876313526658426,Pass,Pass,Pass,Pass,
ODYS,Odysight.ai Inc.,Technology,Scientific & Technical Instruments,6.32,105966856,-0.12984248584293187,0.2458860759493671,,True,False,-0.663,0.28888888888888886,-34.94219653179191,0.39925,-1.5082956259426847,13.904351616424744,Fail,Fail,Pass,Pass,
GHM,Graham Corporation,Industrials,Specialty Industrial Machinery,91.09,1008619520,-0.006059767711019513,0.1311889340212976,True,False,False,0.205,0.24627041589493182,0.14131321856541496,0.06063,3.291418048780488,5.83315653675846,Pass,Pass,Pass,Pass,
PD,"PagerDuty, Inc.",Technology,Software - Application,5.73,525881120,0.19525895890691036,0.5230366492146596,,False,False,0.027,0.8494719274950969,0.5284822569788978,0.06199,1.134878148148148,0.8012734449531993,Pass,Pass,Pass,Pass,
DCBO,Docebo Inc.,Technology,Software - Application,14.7,380367264,0.07148880193853907,0.17530612244897958,False,False,True,0.105,0.8028283344390099,14.436130012834273,0.61952996,1.09375,2.202979006110592,Pass,,Pass,Pass,
ANIP,"ANI Pharmaceuticals, Inc.",Healthcare,Drug Manufacturers - Specialty & Generic,78.36,1782705536,0.08464886485885686,0.3293134252169474,True,False,True,0.296,0.6136256093170894,0.10862727363730944,0.09325,0.7973787162162163,2.4409216017374638,Pass,Pass,Pass,Pass,
RPID,"Rapid Micro Biosystems, Inc.",Healthcare,Medical Devices,2.12,97026120,-0.39763519349222665,0.35235849056603774,,False,True,0.373,0.07718769452543983,-1.2188753818264115,0.09937,2.680965147453083,-9.270973044640295,Pass,Fail,Pass,Pass,
OSUR,"OraSure Technologies, Inc.",Healthcare,Medical Instruments & Supplies,2.96,204613488,-0.2601001552742212,1.6358108108108107,,True,False,-0.285,0.4190365237652255,-0.45250706442930905,0.065749995,-3.5087719298245617,1.7602565020415668,Fail,Fail,Pass,Pass,
OPXS,"Optex Systems Holdings, Inc.",Industrials,Aerospace & Defense,11.7,81167088,0.04185193880554148,0.3070940170940171,True,False,True,0.116,0.28436287957619905,0.25945734908758045,0.21014,1.5517241379310343,11.51310970119033,Pass,Pass,Pass,Pass,
EPM,Evolution Petroleum Corporation,Energy,Oil & Gas E&P,4.44,155417072,-0.05254892461234889,0.4457207207207207,True,True,False,0.02,0.17735531785697603,0.05014287166402073,0.1042,27.750002,1.9412244566069194,Fail,Pass,Pass (Pessimism),Pass,
PLPC,Preformed Line Products Company,Industrials,Electrical Equipment & Parts,311.97,1527672192,0.021820780776508366,0.3105779401865564,False,False,True,0.036,0.31156007876439107,0.08267168649414264,0.49671,12.137022222222225,8.116720721202427,Fail,Fail,Pass,Pass,
IDT,IDT Corporation,Communication Services,Telecom Services,49.67,1245536256,0.09014992494927422,0.27435071471713307,True,False,False,0.057,0.3692309764971506,1.0830509657720142,0.13167,2.6812414035087717,5.914031451391834,Pass,Pass,Pass,Pass,
SENS,"Senseonics Holdings, Inc.",Healthcare,Medical Devices,6.68,279243808,-0.2157433693211919,0.22140718562874254,,False,True,0.718,0.44708852142836886,-0.8151420806329704,0.09644,1.392757660167131,-9.219007043485968,Pass,,Pass,Pass,
NMAX,"Newsmax, Inc.",Communication Services,Broadcasting,6.02,777413504,-0.13777145939569374,0.13637873754152824,,True,False,0.096,0.4048894136813489,-1.0473973644706056,0.21955,10.416666666666668,1.5642116277572906,Fail,,Pass,Pass,
LE,"Lands' End, Inc.",Consumer Cyclical,Apparel Retail,10.87,334740256,0.06093679990493883,0.7350505979760811,False,False,False,0.047,0.4869654704429328,0.06687638472630461,0.74916,12.848698936170212,2.4227488282064416,Fail,Pass,Pass,Pass,
SPAI,Safe Pro Group Inc.,Industrials,Aerospace & Defense,3.7,77291480,-0.08355020501612856,0.23081081081081078,,True,False,-0.744,0.33325256601080305,-10.03955246387314,0.39051,-1.3440860215053763,29.692746711686034,Fail,,Pass,Pass,
INGN,"Inogen, Inc",Healthcare,Medical Devices,6.33,172380768,-0.12529820031895902,1.1151658767772512,,False,False,0.02,0.4424409466885404,-0.2773256712931059,0.119729996,50.0,1.5242711473523156,Pass,Pass,Pass,Pass,
QTI,"QT Imaging Holdings, Inc.",Healthcare,Medical Devices,6.91,83213672,-0.1091527363436143,0.0784370477568741,,False,True,8.772,0.4535799207397622,-14.44332432733176,0.32859,0.11399908800729594,-1.2930999853122183,Pass,,Pass,Pass,
FDP,"Fresh Del Monte Produce, Inc.",Consumer Defensive,Farm Products,41.94,2003673984,0.0904837820163063,1.0147830233667146,False,False,False,0.006,0.09233509936839183,0.04354091926532364,0.18281001,37.18085,3.636977736905656,Pass,Fail,Pass,Pass,
KWR,Quaker Houghton,Basic Materials,Specialty Chemicals,127.1,2203288064,0.03658032797294725,0.6233280881195908,False,True,False,0.055,0.3597160699214353,-0.06084999042638838,0.21926,18.181818181818183,2.195848470134721,Fail,Fail,Pass,Pass,
FORR,"Forrester Research, Inc.",Industrials,Consulting Services,5.05,96838800,0.18684659454681388,1.3178217821782179,False,True,False,-0.065,0.5698610187256858,-0.8637605933271653,0.40043,-15.384615384615385,0.33914936810141705,Fail,Fail,Pass,Pass,
INNV,InnovAge Holding Corp.,Healthcare,Medical Care Facilities,8.2,1112735616,0.044713226829975035,0.23073170731707318,False,False,True,0.147,0.20343095484677268,0.023166312491984073,0.84259003,11.156462585034014,4.084659260972978,Pass,Pass,Pass,Pass,
CNXN,"PC Connection, Inc.",Technology,Electronics & Computer Distribution,62.42,1573992704,0.036880094712306875,0.5781159884652355,True,False,False,-0.008,0.18774023182000776,0.1140351057740085,0.57285,-23.860855,6.19078803109754,Pass,Pass,Pass,Pass,
IRMD,iRadimed Corporation,Healthcare,Medical Devices,93.4,1193891712,0.01384212641221518,0.0792612419700214,True,False,True,0.17,0.7674612833178228,0.4768885607403379,0.36606997,3.139495882352941,53.76973289341878,Pass,Fail,Pass,Pass,
FLXS,"Flexsteel Industries, Inc.",Consumer Cyclical,"Furnishings, Fixtures & Appliances",48.49,259203840,0.1079690794704276,0.6899979377191173,True,False,False,0.09,0.2308084265129431,0.11179537030113339,0.33433998,1.4720704444444443,4.7156083502265975,Pass,Pass,Pass,Pass,
RGR,"Sturm, Ruger & Company, Inc.",Industrials,Aerospace & Defense,40.96,653078528,0.05889337706108139,0.4427978515625,False,True,False,0.036,0.14861269061654736,-0.016262279544775216,0.14352,27.777777777777782,10.53503673089162,Fail,Fail,Pass,Pass,
CDNL,Cardinal Infrastructure Group I,Industrials,Engineering & Construction,45.63,697818880,0.034969442214002576,0.08571115494192418,,,,0.717,0.2056142273580185,0.3188786689135382,0.50548,0.4186853138075314,3.40286317269146,,,Pass,Pass,
TASK,"TaskUs, Inc.",Technology,Information Technology Services,6.47,585931264,0.1258082722822587,1.0247295208655331,True,False,True,0.141,0.3778354387278241,0.16913407934201583,0.25711,0.4171502127659575,2.865853504367122,Pass,Pass,Pass,Pass,
HIT,"Health In Tech, Inc.",Technology,Software - Application,1.34,87848096,-0.0006386934100427174,0.2216417910447761,False,False,True,0.531,0.6282415749558975,0.1334612381828119,0.62632,1.2617702448210923,11.388360434202514,Fail,Fail,Pass,Pass,
AVO,"Mission Produce, Inc.",Consumer Defensive,Food Distribution,14.81,1049234752,0.03650279399056733,0.5594193112761647,False,False,True,-0.166,0.12039532794249776,0.05514147884212403,0.44017,-1.939497108433735,3.941098858870139,Fail,Fail,Pass,Pass,
XPEL,"XPEL, Inc.",Consumer Cyclical,Auto Parts,46.07,1271724800,0.048265159254580865,0.2204037334490992,False,False,False,0.137,0.42213355732885344,0.20475517687324707,0.09427,1.8177154744525548,11.109111873676582,Fail,Fail,Pass,Pass,
NNDM,Nano Dimension Ltd.,Technology,Computer Hardware,1.71,359672448,-0.28455891066751937,1.7660818713450293,,False,True,1.135,0.33591378115329423,-0.2718739492592092,0.05461,0.8810572687224669,0.8853213937602237,Pass,Fail,Pass (Pessimism),Pass,
EFTY,"Etoiles Capital Group Co., Ltd.",Industrials,Consulting Services,15.02,302052224,0.005123792765055092,0.005392809587217044,True,True,False,1.966,0.7882425693087123,0.0,0.6904,0.9549848423194304,157.22482658772952,Fail,,Pass,Pass,
VTS,"Vitesse Energy, Inc.",Energy,Oil & Gas E&P,18.34,729505216,0.05851500313330179,0.8448745910577972,True,False,True,0.048,0.1886535590844888,0.042955522854880704,0.14954,5.970052083333334,2.1297379118425663,Fail,Fail,Pass (Pessimism),Pass,
AXR,AMREP Corporation,Real Estate,Real Estate - Development,27.17,144142256,0.09095181637784273,0.9732057416267942,True,False,False,0.938,0.42435849056603775,0.12754139548429075,0.45771,0.12019039445628998,25.34154257999797,Pass,Pass,Pass,Pass,
COUR,"Coursera, Inc.",Consumer Defensive,Education & Training Services,5.36,907520896,0.09817955750960472,0.7063432835820895,,False,False,0.099,0.5457425742574258,0.0,0.051420003,10.1010101010101,1.366351684326105,Pass,,Pass,Pass,
HCKT,"The Hackett Group, Inc.",Technology,Information Technology Services,12.44,315732544,0.1027356875824622,0.21816720257234729,False,True,False,-0.034,0.38336070884021645,0.10889741607551,0.12453,-7.953963529411763,3.9613815577419227,Fail,Fail,Pass,Pass,
CRNT,Ceragon Networks Ltd.,Technology,Communication Equipment,2.38,213938128,0.018879290184309738,0.8008403361344538,True,False,True,-0.23,0.33928109432196624,0.018340579491645782,0.14236,-4.3478260869565215,1.234720397177342,Pass,Fail,Pass,Pass,
AUDC,AudioCodes Ltd.,Technology,Communication Equipment,8.79,250302352,0.09144540519539344,0.7194539249146759,False,True,False,0.017,0.6499568410937933,0.055359696819460465,0.26948,16.679315882352938,2.3620331702406334,Fail,Fail,Pass,Pass,
TWIN,"Twin Disc, Incorporated",Industrials,Specialty Industrial Machinery,17.76,256128656,-0.0002733001495935699,0.7204391891891891,False,False,True,0.003,0.2787305800698658,0.2492706313153622,0.22143999,38.94737,2.7376136085875364,Fail,Pass,Pass,Pass,
RXST,"RxSight, Inc.",Healthcare,Medical Devices,6.83,281849056,-0.06862183707296149,0.9787701317715959,,False,False,-0.189,0.7659800713860797,-0.1459061473866494,0.056399997,-5.291005291005291,2.7377492772569227,Fail,Fail,Pass,Pass,
AMPX,"Amprius Technologies, Inc.",Industrials,Electrical Equipment & Parts,17.22,2359467264,-0.015060179279520617,0.04483159117305459,,False,True,1.374,0.11491983145833044,-0.3417267295479313,0.08189,0.727802037845706,25.52871592019328,Pass,,Pass,Pass,
IPI,"Intrepid Potash, Inc",Basic Materials,Agricultural Inputs,37.35,500748192,0.05100367891093654,1.001954484605087,True,False,True,0.339,0.18374406693304016,0.026513195067379317,0.19268,1.2961998230088492,2.654430316581798,Pass,Pass,Pass,Pass,
WGS,GeneDx Holdings Corp.,Healthcare,Diagnostics & Research,59.62,1746194688,0.00816747416425539,0.1767527675276753,,False,True,0.265,0.6974170777402763,-0.03630319452424021,0.12562001,3.7735849056603774,2.2982823583674117,Pass,Pass,Pass,Pass,
FORA,Forian Inc.,Healthcare,Health Information Services,2.14,66857368,0.04317359606498419,0.44766355140186914,,False,True,0.37,0.5321123079319477,-0.1610355083087423,0.48867,2.7027027027027026,2.3856697117054404,Pass,Fail,Pass,Pass,
GAMB,Gambling.com Group Limited,Consumer Cyclical,Gambling,3.61,126952488,0.11301865939011767,0.8520775623268698,False,True,False,0.31,0.9077589802172297,-0.11830233257297508,0.37435,3.225806451612903,0.9002140657808876,Fail,Fail,Pass,Pass,
EVEX,"Eve Holding, Inc.",Industrials,Aerospace & Defense,2.7,940422400,-0.18626417235489073,0.13148148148148148,,,,0.0,0.0,-1.0686845041855422,0.72212,100.0,-1.2903726759872494,Fail,Fail,Pass,Pass,
REAX,"The Real Brokerage, Inc.",Real Estate,Real Estate Services,2.44,518012000,0.11983506173602156,0.10081967213114754,,False,True,0.441,0.0841732641880578,0.0,0.14352,2.2675736961451247,18.470462090007036,Pass,,Pass,Pass,
GAIA,"Gaia, Inc.",Communication Services,Entertainment,2.84,70937152,-0.005314563516730979,1.240492957746479,False,False,True,0.058,0.8706873901004507,-0.05939769174601514,0.13061,17.241379310344826,0.3620636468452896,Pass,Pass,Pass,Pass,
BWLP,BW LPG Limited,Industrials,Marine Shipping,17.85,2709890816,0.1430747680721318,0.6774229691876751,False,True,False,-0.132,0.10423381113909873,0.13198123297052167,0.39727002,-0.8451704545454545,3.1804557701984932,Fail,Fail,Fail (Peak),Pass,
FEIM,"Frequency Electronics, Inc.",Technology,Communication Equipment,54.8,539337600,-0.007080908136202631,0.11171532846715329,True,False,True,-0.108,0.3795325517953255,0.12224983077627091,0.13525,-6.95078611111111,9.896134338716031,Pass,Fail,Pass,Pass,
TTI,"Tetra Technologies, Inc.",Industrials,Conglomerates,8.46,1144589952,0.0170707422041042,0.25011820330969264,False,False,False,0.091,0.24717243696626578,0.015940320370870203,0.06036,30.98901098901099,2.835742304297651,Pass,Fail,Pass,Pass,
ZJK,"ZJK Industrial Co., Ltd.",Industrials,Specialty Industrial Machinery,1.95,125428384,0.022531271709599638,0.31025641025641026,False,True,False,0.522,0.35877889306288785,0.16532787048627193,1.01926,0.5336617432950191,4.869231561431745,Fail,Fail,Pass,Pass,
CRON,Cronos Group Inc. Common Share,Healthcare,Drug Manufacturers - Specialty & Generic,2.58,992316736,-0.00019147112318782861,1.1112403100775194,,False,True,0.47,0.428134827781454,-0.010986629277886767,0.48173,2.127659574468085,12.479280455340545,Pass,Pass,Pass,Pass,
HITI,High Tide Inc.,Healthcare,Pharmaceutical Retailers,2.33,204802000,0.09003330045605024,0.30952849785407727,False,False,True,0.252,0.257994709885148,-0.1817016856984778,0.12037,3.9682539682539684,1.0630404595693113,Fail,Fail,Pass,Pass,
EXPI,"eXp World Holdings, Inc.",Real Estate,Real Estate Services,5.91,951805376,0.11387306978186264,0.25499153976311334,False,True,False,0.085,0.06989862982525658,0.0,0.42129,11.764705882352942,13.385371171329993,Fail,,Pass,Pass,
CCLD,"CareCloud, Inc.",Healthcare,Health Information Services,2.7,114730960,0.17897523039988508,0.5192592592592592,False,False,False,0.219,0.46509099660578096,0.18261811861616267,0.15121001,1.2328767123287672,3.376853194350929,Pass,Pass,Pass,Pass,
SDM,Smart Digital Group Limited,Communication Services,Advertising Agencies,1.85,58691252,-0.09538217041272182,0.1524324324324324,False,True,False,0.708,0.10052009229012514,-4.275094891385979,0.57389,0.3732849152542373,-2.2719259950889956,Fail,Fail,Pass,Pass,
AMLX,"Amylyx Pharmaceuticals, Inc.",Healthcare,Drug Manufacturers - Specialty & Generic,16.36,1808384512,-0.06828249146163888,0.16980440097799512,,,,0.0,0.0,-1.813288418304157,0.07948,100.0,36.02243040939761,Fail,Pass,Pass,Pass,
ESP,Espey Mfg. & Electronics Corp.,Industrials,Electrical Equipment & Parts,59.51,176080736,0.06646815129168929,0.32540749453873297,False,False,True,-0.108,0.34403281426910404,0.2484891061018035,0.23422001,-1.5971550925925926,5.923858165676682,Pass,Pass,Pass,Pass,
WLY,"John Wiley & Sons, Inc.",Communication Services,Publishing,38.45,1973369216,0.08102842524528364,0.37802340702210663,True,False,False,0.013,0.7412770484799236,0.1246118904514641,0.09664,10.341581923076923,2.1563798913898453,Pass,Pass,Pass,Pass,
PSNL,"Personalis, Inc.",Healthcare,Diagnostics & Research,6.02,630160960,-0.1260788989530548,0.423421926910299,,True,False,0.032,0.2265248104755341,-0.4582840385709177,0.2702,31.25,2.7641899755735944,Fail,Pass,Pass,Pass,
QUIK,QuickLogic Corporation,Technology,Semiconductors,11.11,196874032,-0.035306840264235556,0.11692169216921693,False,True,False,-0.342,0.2202700740525628,-0.5453774674123544,0.09133001,-2.923976608187134,-5.333539071657837,Fail,Fail,Pass (Pessimism),Pass,
AVNW,"Aviat Networks, Inc.",Technology,Communication Equipment,21.99,283721792,0.05667523769199935,0.9580263756252843,False,False,False,-0.057,0.33691905490943924,0.06320488810116731,0.0933,-3.4140659649122806,0.4023098396628605,Fail,Pass,Pass,Pass,
KELYB,"Kelly Services, Inc.",Industrials,Staffing & Employment Services,15.59,533357728,0.21392771494631835,1.8326491340602953,False,True,False,-0.119,0.2006633889294032,-0.194190749875007,0.93563,-8.403361344537815,2.8810100991904184,Fail,Fail,Pass,Pass,
EML,Eastern Company (The),Industrials,Tools & Accessories,21.73,131871760,0.03712336136258438,0.9494247583985274,False,True,False,-0.137,0.2275249046455641,0.04549964634220264,0.07918,-1.618501313868613,3.433831041868544,Fail,Fail,Pass,Pass,
SERA,"Sera Prognostics, Inc.",Healthcare,Medical Devices,1.97,77113384,-0.3416916575726984,0.9827411167512691,,True,False,-0.583,-1.0246913580246915,-0.3416664634228961,0.10987,-1.7152658662092626,-3.374378766358376,Pass,,Pass,Pass,
ARHS,"Arhaus, Inc.",Consumer Cyclical,Specialty Retail,6.77,961102784,0.06136492473212938,0.43781388478581984,False,False,False,0.051,0.3889207103714993,0.08726766595762112,0.0508,2.765522941176471,2.1456922672941294,Fail,Fail,Pass,Pass,
INTA,"Intapp, Inc.",Technology,Software - Application,20.37,1668842496,0.059747399912807586,0.251006381934217,,False,True,0.157,0.7478397544083734,-0.16358455923547366,0.10176,6.369426751592357,2.5166508476763756,Pass,Fail,Pass,Pass,
AMWL,American Well Corporation,Healthcare,Health Information Services,5.19,85903888,-0.767997834975758,2.7628131021194604,,False,False,-0.221,0.532870751027775,-1.8305291063672158,0.05568,-4.524886877828054,-7.895951541654666,Pass,Pass,Pass,Pass,
CHCI,"Comstock Holding Companies, Inc",Real Estate,Real Estate Services,18.37,187570528,0.016889646970551793,0.377408818726184,False,True,False,0.415,0.23513784381412958,0.35874632784357624,0.65445,0.2715647951807229,7.169691406233866,Fail,Fail,Pass,Pass,
VLN,Valens Semiconductor Ltd.,Technology,Semiconductors,1.33,140039296,-0.09845807850962061,0.7661654135338345,,False,True,0.164,0.6242123893805309,-0.39481456192393977,0.054640003,6.097560975609755,0.8313037129601922,Pass,Fail,Pass (Pessimism),Pass,
PSIG,PS International Group Ltd.,Industrials,Integrated Freight & Logistics,6.7,57774788,-0.031944002979292625,0.5017910447761194,False,True,False,-0.411,0.04051938825237948,-1.827359975125227,0.55805,-2.4330900243309004,5.865355172535043,Fail,Fail,Pass,Pass,
RLGT,"Radiant Logistics, Inc.",Industrials,Integrated Freight & Logistics,7.91,370397952,0.022883495856910137,0.643236409608091,True,False,True,-0.123,0.15598653192623005,0.05488839204439862,0.24093,-2.217549756097561,4.018271117377485,Pass,Pass,Pass,Pass,
JJSF,J & J Snack Foods Corp.,Consumer Defensive,Packaged Foods,82.49,1568291968,0.05299778465740379,0.5825554612680325,False,False,False,-0.052,0.30170613514461975,0.06093133510669079,0.21947001,-5.036019230769231,4.711110296789531,Fail,Fail,Pass,Pass,
CRGO,Freightos Limited,Industrials,Integrated Freight & Logistics,1.59,82176760,-0.10955652181955093,0.5251572327044025,,False,True,0.124,0.6681262729124237,-0.5398236886261985,0.35903,8.064516129032258,-2.572410256944689,Pass,Fail,Pass,Pass,
LEGH,Legacy Housing Corporation,Consumer Cyclical,Residential Construction,21.1,502440416,0.05602853413766778,1.052085308056872,False,False,False,-0.294,0.4740590401419491,0.07920241186610294,0.63479,-0.41246384353741494,7.522121238161676,Fail,Fail,Pass,Pass,
SVCO,"Silvaco Group, Inc.",Technology,Software - Application,7.24,227632160,-0.15166574002548674,0.33466850828729283,,False,False,0.022,0.7828555118609667,-0.5915518930958276,0.62274,45.45454545454546,1.4742265619057608,Fail,Fail,Pass,Pass,
NRDS,"NerdWallet, Inc.",Communication Services,Internet Content & Information,10.47,761307584,0.14895424974513324,0.5018147086914995,True,False,True,0.226,0.9238584747788668,0.16876827807557743,0.05664,0.7238661504424778,7.462590266108307,Pass,Pass,Pass,Pass,
MCRI,"Monarch Casino & Resort, Inc.",Consumer Cyclical,Resorts & Casinos,98.33,1758742272,0.07302093208572177,0.30686463947930437,True,False,False,0.041,0.5504297179545976,0.21974615942340883,0.32022998,4.416745365853658,8.51761938903612,Pass,Pass,Pass,Pass,
CSPI,CSP Inc.,Technology,Information Technology Services,8.83,87532024,-0.03222820484534894,0.5123442808607022,False,False,False,-0.232,0.3390808770146653,-0.018013123033614832,0.29365,-4.310344827586206,3.7434205525120605,Fail,Fail,Pass,Pass,
UTMD,"Utah Medical Products, Inc.",Healthcare,Medical Instruments & Supplies,65.9,211121984,0.06783282218492225,0.5680121396054628,False,True,False,-0.012,0.5711578400830737,0.2777663578478825,0.071779996,-15.780652499999999,41.721979553021136,Fail,Fail,Pass,Pass,
SGHT,"Sight Sciences, Inc.",Healthcare,Medical Devices,3.45,186320640,-0.16057265582599975,0.3463768115942029,,False,False,0.069,0.8617297674598968,-2.6099954121087148,0.21115999,14.492753623188404,-1.7175046829245186,Pass,Pass,Pass,Pass,
SGA,"Saga Communications, Inc.",Communication Services,Broadcasting,11.78,75862280,0.07836569109180479,2.13616298811545,False,True,False,-0.156,0.14479205728469136,0.004421043569548784,0.25574,-6.410256410256411,2.3069976613099747,Fail,,Pass,Pass,
WMK,"Weis Markets, Inc.",Consumer Defensive,Grocery Stores,71.99,1781363456,0.00185363631934751,0.7589248506737047,True,False,False,0.051,0.2500880951261964,0.06106382048907451,0.50678,3.8673109803921575,5.536955216607214,Fail,Fail,Pass,Pass,
FOR,Forestar Group Inc,Real Estate,Real Estate - Development,25.98,1322176256,0.0703385797301748,1.3510007698229405,False,True,False,-0.03,0.21572700296735906,0.0722918721321233,0.62401,-2.648318,1.793962125117805,Fail,Fail,Pass,Pass,
QUBT,Quantum Computing Inc.,Technology,Computer Hardware,7.06,1585240064,-0.023330220349515467,1.009915014164306,,True,False,2.194,0.09824046920821114,-0.021583334589819217,0.111190006,0.45578851412944393,46.65420681807237,Fail,Pass,Pass (Pessimism),Pass,
SSTK,"Shutterstock, Inc.",Communication Services,Internet Content & Information,16.67,592564416,0.1979936642027455,0.9810437912417515,True,False,False,-0.12,0.5890133090890725,0.08010769805527743,0.32056,-1.1113333333333333,1.5027945026158136,Pass,Pass,Pass,Pass,
DAC,Danaos Corporation,Industrials,Marine Shipping,115.02,2093763712,0.16623795608126388,1.8067640410363415,False,True,False,0.031,0.5825185907127015,0.13733819597196895,0.53790003,1.3860000967741934,2.6155472900325822,Fail,Fail,Fail (Peak),Pass,
AVPT,"AvePoint, Inc.",Technology,Software - Infrastructure,8.99,1941468800,0.04118016215352006,0.24760845383759733,True,False,True,0.286,0.7406393847870187,3.775163364052381,0.23224,2.095570979020979,4.051332305307871,Pass,,Pass,Pass,
DMRC,Digimarc Corporation,Technology,Software - Application,5.65,124827080,-0.10416810198556274,0.32601769911504425,,False,False,0.029,0.616164892519093,-0.9291661827158465,0.2899,34.48275862068965,-5.369242995963779,Pass,Fail,Pass,Pass,
FWDI,"Forward Industries, Inc.",Consumer Cyclical,Footwear & Accessories,4.51,374971040,-0.032048637676125605,2.299778270509978,,False,False,3.635,0.5973953439944527,-0.11090125344672197,0.37077,0.2751031636863824,46.22319253469079,Fail,Pass,Pass,Pass,
MGPI,"MGP Ingredients, Inc.",Consumer Defensive,Beverages - Wineries & Distilleries,18.77,401098464,0.18957938467697547,1.797442727757059,False,True,False,-0.235,0.3717716150081566,-0.10372869291502441,0.32611,-4.25531914893617,1.466723466754676,Fail,Fail,Pass,Pass,
OSS,"One Stop Systems, Inc.",Technology,Computer Hardware,7.8,192950096,-0.034929192261194834,0.23987179487179489,,False,True,0.0,0.4961115768461897,-0.1898950674834614,0.13465,100.0,17.981951287568634,Pass,Pass,Pass (Pessimism),Pass,
CVLG,"Covenant Logistics Group, Inc.",Industrials,Trucking,28.44,713361792,-0.04755230849257483,0.5665963431786216,False,True,False,0.065,0.14593051614809116,0.018866325858152788,0.25803,27.346153846153847,2.2353406728231526,Fail,Fail,Pass,Pass,
OFLX,"Omega Flex, Inc.",Industrials,Specialty Industrial Machinery,32.8,331093760,0.04636451016171371,0.25426829268292683,False,True,False,-0.065,0.6002482298364125,0.359112892968937,0.65207,-3.432757384615385,12.706643319633141,Fail,Fail,Pass,Pass,
CLIR,ClearSign Technologies Corporat,Industrials,Pollution & Treatment Controls,5.29,286188992,-0.01690141876596008,0.3379962192816635,,False,True,5.222,0.27206725257928926,-9.104174757281553,0.057589997,0.19149751053236305,52.43434892345374,Pass,,Pass,Pass,
ATGL,Alpha Technology Group Limited,Technology,Software - Infrastructure,16.0,263400000,-0.05292678815489749,0.011880421875,,True,False,-0.314,0.4919065103241344,0.0,0.82473,-3.1847133757961785,6.314561184071414,Fail,Pass,Pass,Pass,
CASS,"Cass Information Systems, Inc",Industrials,Specialty Business Services,46.65,610381632,0.05205595701805129,0.4032368703108253,,,False,0.062,0.0,0.0,0.11653,3.257226935483871,3.0,,,Pass,Pass,
VOXR,Vox Royalty Corp.,Basic Materials,Other Precious Metals & Mining,5.64,392178368,-0.16081713104584086,0.27765957446808515,True,False,True,1.54,0.6066057032848032,0.06029201239588135,0.11028,0.3662337532467532,14.480926897449875,Pass,,Pass (Pessimism),Pass,
IMAX,Imax Corporation,Communication Services,Entertainment,37.84,2043095680,0.04167793061948034,0.1655919661733615,True,False,True,0.351,0.6001530915721627,0.10921490891388447,0.18345,1.7112105413105416,3.3891952762229183,Pass,Pass,Pass,Pass,
HYPR,"Hyperfine, Inc.",Healthcare,Medical Devices,1.21,119209448,-0.24438499203519506,0.3487603305785124,,False,False,1.28,0.4978986949789869,-6.012483787289235,0.06708,0.78125,-4.462101194273929,Pass,Fail,Pass,Pass,
ZKH,ZKH Group Limited,Consumer Cyclical,Internet Retail,3.09,501435840,0.2912336700942637,0.8526613915857605,,False,False,0.079,0.17047394725826762,-0.16814855909878246,0.18169,12.658227848101266,1.5694040350331306,Pass,Fail,Pass,Pass,
HYLN,Hyliion Holdings Corp.,Consumer Cyclical,Auto Parts,1.84,328103552,-0.21422809832915188,0.5885869565217391,,False,True,-0.528,0.04892086330935252,-0.29630864318536926,0.29518,-1.8939393939393938,15.106423592577357,Pass,,Pass,Pass,
LXU,"LSB Industries, Inc.",Basic Materials,Chemicals,14.02,1008661888,0.017905901090217457,0.5172610556348074,True,False,True,0.223,0.16953940781004148,0.04828437421759568,0.19097,1.8491163228699552,2.0970760802984936,Pass,Pass,Pass,Pass,
LMAT,"LeMaitre Vascular, Inc.",Healthcare,Medical Instruments & Supplies,114.62,2610856192,0.028522444180640646,0.15075902983772466,True,False,False,0.157,0.7152947492407914,0.1120327482490297,0.07935,2.8970781528662424,9.148826451152559,Pass,Pass,Pass,Pass,
ISPR,Ispire Technology Inc.,Consumer Defensive,Tobacco,1.75,100257264,-0.14221480251046947,-0.07657142857142858,,True,False,-0.515,0.1637085703336909,0.0,0.66766,-1.941747572815534,-0.22218682764447628,Fail,Pass,Pass,Pass,
ALRM,"Alarm.com Holdings, Inc.",Technology,Software - Application,42.65,2127368448,0.06380747074048924,0.40067995310668225,True,False,False,0.08,0.6614918902240634,0.14936213769286055,0.05331,2.167174875,2.4669301268902304,Pass,Fail,Pass,Pass,
GENC,"Gencor Industries, Inc.",Industrials,Farm & Heavy Construction Machinery,15.48,226901216,-0.014283748924465878,0.9486434108527132,False,True,False,-0.25,0.27695682075875017,0.0522721023763369,0.17302,-0.59538464,15.59090422082442,Pass,Fail,Pass,Pass,
BHST,BioHarvest Sciences Inc.,Consumer Defensive,Packaged Foods,4.31,97698400,-0.09806711266509995,0.26055684454756384,,False,True,0.246,0.5933696534137012,-0.507853023273088,0.1503,4.0650406504065035,0.2007174798424214,Pass,Pass,Pass,Pass,
CXM,"Sprinklr, Inc.",Technology,Software - Application,5.4,1343867520,0.10559299773834849,0.44129629629629624,True,False,False,0.089,0.674035230984601,0.041049305197121064,0.07649,6.741573033707865,1.6402641066924943,Pass,Fail,Pass,Pass,
JAKK,"JAKKS Pacific, Inc.",Consumer Cyclical,Leisure,21.82,249717040,-0.0042888542968473435,1.006461961503208,False,False,False,-0.028,0.3243199671965108,0.040699574699757726,0.20841,-9.061461071428571,2.3786210139488215,Fail,Fail,Pass,Pass,
GRDN,"Guardian Pharmacy Services, Inc",Healthcare,Medical Care Facilities,39.15,2518935808,0.03204130877161281,0.08298850574712645,,False,True,0.174,0.20205772821558862,0.27866008882084004,0.49546,2.8846155172413797,12.266518619846815,Pass,Pass,Pass,Pass,
HNGE,"Hinge Health, Inc.",Healthcare,Health Information Services,35.41,2789006336,0.05929602879181125,0.06373905676362611,,False,False,0.456,0.7964855577858674,-3.065333429888917,0.109560005,2.1929824561403506,1.238378427221173,Fail,Fail,Pass,Pass,
CVGW,"Calavo Growers, Inc.",Consumer Defensive,Food Distribution,27.63,493860800,0.029672328720967527,0.41643141512848353,True,False,False,-0.208,0.10242417456523398,0.1097213236672443,0.06801,-1.4759615384615383,6.402647219654616,Pass,Pass,Pass,Pass,
SERV,Serve Robotics Inc.,Industrials,Specialty Industrial Machinery,8.26,625200896,-0.18870574363348322,0.5681598062953995,,True,False,4.011,-5.801060168623761,-0.4058152357751473,0.08425,0.24931438544003987,21.06976232503597,Fail,Pass,Pass,Pass,
NSP,"Insperity, Inc.",Industrials,Staffing & Employment Services,25.03,944342464,-0.3272118026877165,0.048741510187774666,False,False,False,0.034,0.13211978860833823,0.0,0.05612,29.41176470588235,3.845796123025057,Fail,,Pass,Pass,
GASS,"StealthGas, Inc.",Industrials,Marine Shipping,9.36,347830432,0.20718093177080033,2.0423076923076926,True,False,False,-0.094,0.40905335732221526,0.07949228660076073,0.32353002,-0.6071613829787234,2.993884007117492,Pass,,Fail (Peak),Pass,
TSSI,"TSS, Inc.",Technology,Information Technology Services,12.42,358255360,0.005917566732288388,0.22359098228663446,False,False,True,0.218,0.13429974890016644,0.5015596961550608,0.11928,1.0173656880733943,3.416150120023454,Fail,Pass,Pass,Pass,
PDEX,"Pro-Dex, Inc.",Healthcare,Medical Instruments & Supplies,51.48,167928016,0.03586060351001825,0.25194250194250195,True,False,False,0.111,0.28292256695468854,0.22621985566371444,0.36655,1.3600697297297297,7.612501781280727,Pass,Pass,Pass,Pass,
UAMY,United States Antimony Corporat,Basic Materials,Other Industrial Metals & Mining,8.36,1198589312,-0.03128634439216491,0.12057416267942585,,False,False,1.314,0.2515050547525597,-0.08018955886125574,0.10339,0.76103500761035,55.443827484104396,Fail,Pass,Pass (Pessimism),Pass,
VUZI,Vuzix Corporation,Technology,Consumer Electronics,2.4,199579824,-0.10701253048504543,0.12666666666666668,,False,False,0.763,-0.16915506614803338,-2.2276917579054185,0.15823,1.3106159895150722,6.403776183962691,Pass,Fail,Pass,Pass,
SMRT,"SmartRent, Inc.",Technology,Software - Application,1.41,271083712,-0.11140470143776104,0.8680851063829788,,False,False,0.031,0.32738337512965615,-0.45118678002617196,0.11219,32.25806451612903,0.3633297723592037,Fail,Fail,Pass,Pass,
ORGO,Organogenesis Holdings Inc.,Healthcare,Drug Manufacturers - Specialty & Generic,2.38,306164800,-0.07989161392818508,0.9932773109243698,True,False,True,0.781,0.755746585439497,0.10428654331940565,0.47614,0.20315834827144683,2.8809441123879997,Pass,Pass,Pass,Pass,
NVCR,NovoCure Limited,Healthcare,Medical Devices,10.58,1203944704,-0.0628591992211629,0.28610586011342154,,False,False,0.081,0.7453601341567064,-0.2406619324988586,0.094799995,12.345679012345679,0.26882967257849044,Pass,Fail,Pass,Pass,
PLTS,Platinum Analytics Cayman Limit,Technology,Software - Application,17.5,316034432,-0.017839473896312665,0.017085714285714284,False,True,False,-0.777,0.6454261153184709,-0.6859547303503007,0.3266,-22.52252252252252,172.94051087829533,Fail,,Pass,Pass,
RDWR,Radware Ltd.,Technology,Software - Infrastructure,23.37,1015061120,0.04093842152086369,0.3454428754813864,True,False,False,0.099,0.8067285075368561,0.03017638544688815,0.13384,5.24579191919192,3.2005292707733304,Pass,Pass,Pass,Pass,
DXPE,"DXP Enterprises, Inc.",Industrials,Industrial Distribution,153.56,2407712000,0.022418794274398267,0.2092211513414952,False,False,True,0.12,0.315383375529728,0.12173726753488134,0.18234,2.3829919166666667,3.6174135179413573,Pass,Fail,Pass,Pass,
HVT,"Haverty Furniture Companies, In",Consumer Cyclical,Home Improvement Retail,22.4,363180256,0.09078687361242457,0.8515178571428572,True,False,False,0.095,0.606719411853833,0.03901062963592362,0.10125,1.9814239999999999,3.0313686709215926,Pass,Pass,Pass,Pass,
CVEO,Civeo Corporation (Canada),Consumer Cyclical,Lodging,28.39,326917184,0.006567412497961563,0.5371961958436069,False,False,False,0.071,0.23650033106414817,0.04359676616299065,0.070700005,14.084507042253522,-0.969164492042722,Fail,Pass,Pass,Pass,
JILL,"J. Jill, Inc.",Consumer Cyclical,Apparel Retail,11.82,178663472,0.1300153844541877,0.6914551607445009,False,True,False,-0.031,0.6868589168701984,0.11576785635034774,0.06516,-2.095001612903226,1.7037839381142619,Fail,Fail,Pass,Pass,
CYD,China Yuchai International Limi,Consumer Cyclical,Auto Manufacturers,42.78,1605033856,0.14590346435657991,0.8263873305282842,True,False,False,0.23,0.1473065540548486,0.10146709197385428,0.6888,0.8857143478260869,1.5421538801740287,Pass,Pass,Pass,Pass,
EPSN,Epsilon Energy Ltd.,Energy,Oil & Gas E&P,6.12,185068672,0.028231693368394626,0.6740196078431372,False,False,True,0.657,0.475635538927256,-0.030758233265395913,0.073249996,1.5220700152207,0.9423631635268509,Pass,Fail,Pass (Pessimism),Pass,
MTLS,Materialise NV,Technology,Software - Application,5.07,327633280,0.020306239952180682,0.9877337278106508,True,True,False,0.068,0.5645484828075796,0.053431418900954195,0.053049996,4.970588235294117,2.4317036557103267,Fail,Fail,Pass,Pass,
NYAX,Nayax Ltd.,Technology,Software - Infrastructure,59.84,2236707840,0.005451315447617871,0.10546457219251336,True,False,True,0.343,0.4818833612614345,0.19939457467286836,0.58509,1.8172984256559765,3.2700026641151148,Pass,Pass,Pass,Pass,
CODA,"Coda Octopus Group, Inc.",Industrials,Aerospace & Defense,12.22,137794592,0.0499310379321708,0.43698854337152204,True,False,True,0.288,0.6628152851657292,0.13147991777044093,0.5312,1.1467717708333334,14.4308656596889,Pass,Pass,Pass,Pass,
AEVA,"Aeva Technologies, Inc.",Technology,Software - Infrastructure,13.35,840351680,-0.14242370527539136,0.01610486891385768,,False,True,1.085,-0.036506443940483434,-2.951840101329045,0.20959,0.9216589861751152,-4.328162987571644,Pass,Fail,Pass,Pass,
MX,Magnachip Semiconductor Corpora,Technology,Semiconductors,2.99,108958160,-0.4993384616627153,2.292307692307692,,True,False,-0.207,0.1755171642625517,-0.07943242674683493,0.14509,-4.830917874396135,2.150997320224578,Fail,Pass,Pass (Pessimism),Pass,
INTT,inTest Corporation,Technology,Semiconductor Equipment & Materials,15.8,197429600,0.02878494410159368,0.531518987341772,False,False,False,-0.103,0.42978256094882494,-0.020437762999822754,0.13249,-9.708737864077671,3.90957264775047,Fail,Fail,Pass (Pessimism),Pass,
PLSE,"Pulse Biosciences, Inc",Healthcare,Medical Instruments & Supplies,18.67,1269356160,-0.04290127681737488,0.06368505623995714,,,,0.0,-0.54,-10.325996510535498,0.73703,100.0,46.27521672855892,Pass,Fail,Pass,Pass,
QTRX,Quanterix Corporation,Healthcare,Medical Devices,3.36,157718320,-0.5062696584645335,1.8830357142857144,,True,False,0.247,0.4667445583971613,-0.3457462797085847,0.0623,4.048582995951417,-1.3009134934601685,Fail,Fail,Pass,Pass,
KLTR,"Kaltura, Inc.",Technology,Software - Application,1.08,160634400,0.08640739468009342,0.03981481481481481,,False,False,-0.001,0.7059174803985535,-0.36052450504057604,0.38647,-1000.0,-2.777429563107349,Pass,Pass,Pass,Pass,
WLTH,Wealthfront Corporation,Technology,Software - Application,9.9,1491386112,0.07865635803909109,0.4121212121212121,False,False,False,0.163,0.8955005585434109,0.0,0.14214,6.134969325153374,4.125798911432099,Pass,,Pass,Pass,
PHOE,Phoenix Asia Holdings Limited,Industrials,Engineering & Construction,14.4,311040000,0.003663059413580247,0.02409722222222222,False,False,False,-0.073,0.2952085632744933,1.3532863333408995,0.74537003,-65.75342465753425,86.09660172778491,Fail,Pass,Pass,Pass,
DSWL,"Deswell Industries, Inc.",Technology,Electronic Components,3.35,53383048,0.24730697280529954,2.023880597014925,False,False,False,-0.055,0.2017896760834196,0.032372752400535325,0.71211,-0.7808858181818181,3.634083068298599,Fail,Fail,Pass,Pass,
EGG,Enigmatig Limited,Industrials,Consulting Services,6.68,186005936,-0.010544905405599528,0.08547904191616766,False,False,False,-0.403,0.6875514690323216,0.16302282298760573,0.33071,-8.287841191066997,51.60758931357988,Fail,Fail,Pass,Pass,
SIF,"SIFCO Industries, Inc.",Industrials,Aerospace & Defense,15.2,94469944,0.12218701008227548,0.40960526315789475,,False,False,0.148,0.16888686650361184,0.07657221404304058,0.24574,1.901901891891892,3.531836264001558,Pass,Pass,Pass,Pass,
OIS,"Oil States International, Inc.",Energy,Oil & Gas Equipment & Services,11.55,695307776,0.10632989095177328,0.8318614718614719,False,False,False,0.084,0.12827584351288812,-0.174920637108038,0.07626,11.904761904761905,2.3193417775419793,Fail,Fail,Pass (Pessimism),Pass,
CLFD,"Clearfield, Inc.",Technology,Communication Equipment,27.16,376076896,0.03481734756713159,0.6642120765832106,,False,True,0.156,0.36070040738528447,0.027602367720771234,0.18113,3.8689458974358977,6.21981953335826,Pass,Pass,Pass,Pass,
WYFI,"WhiteFiber, Inc.",Technology,Software - Application,14.5,556297728,-0.4004100354693521,0.8677241379310345,False,False,False,0.571,0.6201775949240491,-0.06585179065535302,0.71489,1.7513134851138354,2.0648687407984183,Fail,Fail,Pass,Pass,
SAM,"Boston Beer Company, Inc. (The)",Consumer Defensive,Beverages - Brewers,257.21,2741438720,0.07864301267328712,0.3210956028148206,True,False,False,-0.041,0.4847750171247342,0.16241704068305238,0.11394,-6.33678243902439,7.141235928283126,Pass,Pass,Pass,Pass,
GNK,Genco Shipping & Trading Limite,Industrials,Marine Shipping,23.3,1009304960,-0.05998682499291393,0.8897424892703863,False,True,False,0.108,0.13448793023303407,0.005908428555288283,0.26139,9.25925925925926,2.210048483753302,Fail,,Pass (Pessimism),Pass,
CMCM,Cheetah Mobile Inc.,Communication Services,Internet Content & Information,5.47,167878032,-1.5555936467017912,1.3769158500914076,,False,False,0.303,0.7429705881807613,-1.1480172478820947,0.09852,3.3003300330033003,0.012464173380853732,Fail,Fail,Pass,Pass,
NEXN,Nexxen International Ltd.,Communication Services,Advertising Agencies,6.85,381687328,0.2106802979846373,1.231094890510949,True,False,False,-0.103,0.849281758868359,0.07104773287668156,0.15735,-1.6220696116504856,1.9500184796525204,Fail,Fail,Pass,Pass,
SBC,SBC Medical Group Holdings Inco,Industrials,Consulting Services,4.15,425694336,0.05159679409030239,0.5831325301204818,False,True,False,-0.109,0.7331695350999519,0.37566625165367157,0.85223,-0.7614678899082569,4.771286937372974,Fail,Fail,Pass,Pass,
GROY,Gold Royalty Corp.,Basic Materials,Gold,3.65,842391552,-0.07928617023927609,0.8531506849315068,True,False,True,0.342,0.7643818065342729,0.005452270977743,0.24028999,2.923976608187134,4.019827490810124,Pass,Pass,Pass,Pass,
ANGO,"AngioDynamics, Inc.",Healthcare,Medical Instruments & Supplies,9.8,404925376,0.0037117950345497736,0.42438775510204074,,False,False,0.089,0.542950035859431,0.0,0.1228,11.235955056179774,1.6289297954126147,Pass,Pass,Pass,Pass,
YALA,Yalla Group Limited,Technology,Software - Application,6.59,1046944448,0.16426208222272362,0.7984825493171471,False,False,False,-0.077,0.6657541994103036,0.5543306989133832,0.32738,-1.0311375714285715,8.638277930616422,Pass,Pass,Pass,Pass,
IBTA,"Ibotta, Inc.",Technology,Software - Application,31.89,760435840,0.08017901944232403,0.3582314205079962,False,True,False,-0.1,0.792472889023888,-0.002412905280730373,0.51308,-26.575,2.653106223519188,Fail,Fail,Pass,Pass,
IBEX,IBEX Limited,Technology,Information Technology Services,27.49,370212640,0.07909508438177583,0.41818843215714807,True,False,False,0.167,0.30364146308310985,0.24066552906878536,0.072399996,0.5468797005988024,4.888560679453501,Pass,Pass,Pass,Pass,
GRBK,"Green Brick Partners, Inc.",Consumer Cyclical,Residential Construction,67.28,2931059968,0.07111625223493209,0.6231272294887039,False,True,False,-0.026,0.3053680513097393,0.15786478913025312,0.08382,-3.6601023076923074,6.102017719014869,Fail,Fail,Pass,Pass,
PERF,Perfect Corp.,Technology,Software - Application,1.64,167031824,0.07711105399890741,0.9164634146341464,True,False,True,0.142,0.7739827052665066,0.16746812919973944,0.58065,2.3098591549295775,1.1811289397231983,Pass,Fail,Pass,Pass,
CTKB,"Cytek Biosciences, Inc.",Healthcare,Medical Devices,4.53,582332160,-0.015242160075789048,0.5867549668874171,,True,False,0.081,0.5184299206424045,-0.23843833730347921,0.08415,12.345679012345679,3.6513310524130844,Fail,Fail,Pass,Pass,
ISSC,Innovative Solutions and Suppor,Industrials,Aerospace & Defense,25.17,447480928,0.027399648192380614,0.15367500993245925,True,False,True,0.366,0.5079666119056228,0.236104980454201,0.18617001,0.6487782786885246,9.430260058670866,Pass,Pass,Pass,Pass,
CGNT,Cognyte Software Ltd.,Technology,Software - Infrastructure,8.11,592338944,0.0501267058341516,0.34845869297164,True,False,True,0.124,0.724178271727148,0.03535588989120753,0.05027,8.064516129032258,1.8054422510596448,Pass,Pass,Pass,Pass,
DOLE,Dole plc,Consumer Defensive,Farm Products,15.69,1493133312,0.0011445729502283048,0.9135755258126195,False,False,False,0.092,0.07787149700743723,0.057949152644774876,0.09762,1.6885493478260871,2.857967105808143,Fail,Fail,Pass,Pass,
HTLD,"Heartland Express, Inc.",Industrials,Trucking,11.01,852778688,-0.0783954863562444,0.8858310626702998,False,True,False,-0.261,0.08383175563385788,-0.048545526844197405,0.39541999,-3.8314176245210727,2.830743835594191,Fail,Fail,Pass,Pass,
KVHI,"KVH Industries, Inc.",Communication Services,Telecom Services,9.01,176355008,0.05511042816544229,0.7450610432852387,True,False,False,0.134,0.252429983154519,-0.14224705656119577,0.20854001,7.462686567164179,6.298835383475957,Fail,Fail,Pass,Pass,
SLP,"Simulations Plus, Inc.",Healthcare,Health Information Services,13.04,263479488,0.07561119900157086,0.48381901840490804,True,False,True,0.083,0.5960394529462606,0.07003165264408079,0.17265,12.048192771084336,22.973074694303804,Fail,Pass,Pass,Pass,
FLX,BINGEX LIMITED,Industrials,Integrated Freight & Logistics,2.46,174979584,0.005989270153939788,0.7284448780487804,False,False,False,-0.027,0.115454895327665,-0.554571920681682,0.066420004,-3.9613525925925925,0.6570690183702985,Fail,,Pass,Pass,
FIEE,"FiEE, Inc",Technology,Communication Equipment,7.6,60299328,0.057223274528034544,0.08210526315789474,,False,True,0.0,0.8643735743384802,0.30931402206496966,0.9294,100.0,-2.456008848182531,Pass,,Pass,Pass,
LVWR,"LiveWire Group, Inc.",Consumer Cyclical,Auto Manufacturers,1.66,339206688,-0.1690974913796511,0.13554216867469882,,False,False,0.055,-0.17267840448737926,-1.9206269693338658,0.941,18.181818181818183,-1.6848144780279761,Pass,Fail,Pass,Pass,
ATLX,Atlas Lithium Corporation,Basic Materials,Other Industrial Metals & Mining,4.35,118040408,-0.2636900577300614,0.4427586206896552,,True,False,-0.712,-0.6425598166308073,-1.187161342873327,0.28966,-1.4044943820224718,-1.5978948642046324,Fail,Pass,Pass (Pessimism),Pass,
PDYN,Palladyne AI Corp.,Technology,Software - Infrastructure,6.48,301286720,-0.09409641420637457,0.24984567901234567,,True,False,1.183,0.4872283644681662,-0.6449835917612765,0.2565,0.22823330515638207,1.0858761672588875,Fail,,Pass,Pass,
SMR,NuScale Power Corporation,Industrials,Specialty Industrial Machinery,9.21,2934334976,-0.1568048650761814,0.39847991313789355,,True,False,-0.947,0.3631309762063598,0.0,0.14762,-1.0559662090813096,4.403552352304868,Fail,,Pass,Pass,
CPSH,CPS Technologies Corp.,Technology,Electronic Components,4.72,84992864,-0.006037342146747755,0.2900423728813559,,False,True,0.383,0.16226864907889127,0.013332815114579852,0.18234,4.107919843342037,11.219868004418352,Pass,Pass,Pass,Pass,
WS,"Worthington Steel, Inc.",Basic Materials,Steel,35.05,1780761984,0.04526152328283306,0.6427960057061342,False,True,False,0.12,0.12292755787901419,0.10803638388291706,0.36035,1.2170138333333334,3.7729965579422045,Fail,Fail,Pass,Pass,
OPRA,Opera Limited,Communication Services,Internet Content & Information,14.75,1325737600,0.07730187331188314,0.7643389830508474,True,False,True,0.215,0.6413548570731509,0.1259556224464681,0.07498,0.5765096744186047,7.897582219247348,Fail,Pass,Pass,Pass,
CMRC,"Commerce.com, Inc. - Series 1",Technology,Software - Application,2.63,216491696,0.06674158994070609,0.1832699619771863,,False,False,0.029,0.7874917116743441,-0.04767088000458279,0.09104,34.48275862068965,-0.9798141811395797,Pass,Pass,Pass,Pass,
KRMD,"KORU Medical Systems, Inc.",Healthcare,Medical Instruments & Supplies,4.21,195819728,-0.002523162528343416,0.08741092636579573,,False,True,0.233,0.6225557454858646,-0.2567960060727977,0.07636,4.291845493562231,10.558232528248094,Pass,Pass,Pass,Pass,
AMPY,Amplify Energy Corp.,Energy,Oil & Gas E&P,6.09,251304192,-0.14369040051667742,1.849753694581281,True,True,False,-0.181,0.2724701075709767,0.13744194254141345,0.16114001,-0.3266641712707183,2.09244256734999,Fail,Pass,Fail (Peak),Pass,
AEI,Alset Inc.,Real Estate,Real Estate - Development,1.8,70012496,-0.08717009603542773,2.2116666666666664,,True,False,-0.854,0.279354712444432,-0.504185963047281,0.90494,-1.1709601873536302,2.197361191500166,Fail,Fail,Pass,Pass,
CLMB,"Climb Global Solutions, Inc.",Technology,Electronics & Computer Distribution,21.36,393510336,0.03712481900348356,0.300374531835206,True,False,True,0.198,0.16132913012228034,0.2787435132423643,0.12149,0.9299895959595958,2.6804917718552153,Fail,Fail,Pass,Pass,
FLGT,"Fulgent Genetics, Inc.",Healthcare,Diagnostics & Research,14.43,450658016,-0.2756236338643092,2.4793485793485797,,False,False,0.093,0.4055988917504207,-0.057565726634132425,0.35011002,10.75268817204301,3.678950077053033,Fail,Fail,Pass,Pass,
FVRR,Fiverr International Ltd.,Communication Services,Internet Content & Information,10.31,370652032,0.2786467929035932,1.1070805043646943,True,False,True,0.034,0.8157012269411871,0.0787147749580556,0.124060005,5.414916176470587,1.202134182020635,Pass,Pass,Pass,Pass,
SENEA,Seneca Foods Corp.,Consumer Defensive,Packaged Foods,167.32,1151337216,0.14634982493261123,0.6251314845804447,False,False,False,0.011,0.12574992228543488,0.10993514008808807,0.15361,11.718729090909092,4.447775094106539,Fail,Pass,Pass,Pass,
USAS,Americas Gold and Silver Corpor,Basic Materials,Other Industrial Metals & Mining,5.61,1828260480,-0.04002985395166448,0.12335115864527628,,False,False,0.549,0.10036969830583208,-0.5547510124144747,0.19354999,1.821493624772313,3.3273090922494397,Pass,Pass,Pass (Pessimism),Pass,
ZVIA,Zevia PBC,Consumer Defensive,Beverages - Non-Alcoholic,1.17,78845320,-0.06354213541146132,0.6461538461538462,,False,False,-0.04,0.48009723488301426,-0.3668559298620433,0.09142,-25.0,1.4052170558826913,Pass,Pass,Pass,Pass,
NVTS,Navitas Semiconductor Corporati,Technology,Semiconductors,9.54,2201763072,-0.02015157787149952,0.2017819706498952,,True,False,-0.594,0.3103057757644394,-0.4208337697109418,0.10263,-1.6835016835016836,21.849631132452508,Fail,Fail,Pass (Pessimism),Pass,
ELTK,Eltek Ltd.,Technology,Electronic Components,8.0485,54084528,-0.07776715736522652,0.8641361744424426,False,False,True,0.231,0.15416103494883182,0.01630735212824765,0.58182997,2.903499567099567,2.9267652819998435,Fail,Fail,Pass,Pass,
LUNG,Pulmonx Corporation,Healthcare,Medical Devices,1.37,57864968,-0.56732080107605,0.9481751824817517,,False,False,-0.049,0.7418919964197708,-1.2475385715949927,0.10503,-20.408163265306122,-5.010043788393037,Pass,Fail,Pass,Pass,
IMMR,Immersion Corporation,Technology,Software - Application,5.59,184033360,-0.3739159030732254,1.6125223613595705,True,True,False,0.592,0.882683987625712,0.16089751218931012,0.17976,0.04969772466216217,2.433136103405788,Fail,Pass,Pass,Pass,
SLNG,"Stabilis Solutions, Inc.",Energy,Oil & Gas Integrated,3.48,64715132,0.007138979489371975,1.0301724137931034,False,True,False,-0.233,0.1563631035240677,-0.03854375012718389,0.82171994,-4.291845493562231,2.502620349153568,Fail,Fail,Pass (Pessimism),Pass,
MGRT,Mega Fortune Company Limited,Technology,Information Technology Services,49.3,677875008,-0.017714931009818257,0.022961460446247462,False,False,True,3.088,0.5067499594968151,0.11634054442192689,0.72726995,0.939119170984456,142.50990136421913,Pass,Fail,Pass,Pass,
MHH,"Mastech Digital, Inc",Industrials,Staffing & Employment Services,6.31,74935704,0.14357641852540678,1.2104595879556261,False,,,-0.104,0.2772415883284301,1.03892732749405e-05,0.67928004,-12.134615384615385,4.922723042510578,Fail,Fail,Pass,Pass,
GLIBA,"GCI Liberty, Inc. - Series A GC",Communication Services,Telecom Services,36.52,1453811840,0.08391732454180591,1.1612267250821466,False,False,False,-0.004,0.7342436974789915,-0.11745984678908082,0.09517,-250.0,0.38184564168018476,Pass,Fail,Pass,Pass,
JLHL,Julong Holding Limited,Industrials,Building Products & Equipment,6.0,128691792,0.0019283203391868224,0.07867768833333333,False,False,True,0.854,0.1608061764715429,1.4714568615147323,0.87347,0.36977689695550353,1.6842943558225694,Pass,,Pass,Pass,
MG,Mistras Group Inc,Industrials,Security & Protection Services,16.7,531338592,0.0071310461108008505,0.44598802395209586,False,False,False,0.051,0.28246439344552116,0.06648022365502868,0.35408002,6.178321176470589,2.5987655654291806,Pass,Fail,Pass,Pass,
OBE,Obsidian Energy Ltd.,Energy,Oil & Gas E&P,9.05,611402368,-0.09715369633635439,1.6510516022099446,True,False,False,-0.392,0.544299674267101,0.0,0.10207,-0.6596209948979591,0.59127648649911,Pass,Pass,Pass (Pessimism),Pass,
SCOR,"comScore, Inc.",Technology,Software - Application,7.43,111624704,-0.00581412515996459,1.0082099596231493,,True,False,-0.016,0.40481272501951215,-0.012053008520144907,0.54829,-1.092647,-3.8970598328835813,Fail,Pass,Pass,Pass,
OMDA,"Omada Health, Inc.",Healthcare,Health Information Services,11.41,672339264,0.01847281672367122,0.34452234881682736,,False,True,0.581,0.6569270973444525,-1.3401360544217686,0.07375,1.7211703958691913,4.749597441469273,Pass,,Pass,Pass,
MCTA,Charming Medical Limited,Healthcare,Medical Care Facilities,29.355,504260192,0.00027438414174878986,0.00010219724067450178,True,False,False,-0.27,0.6718989557762759,3.0946100979606874,0.69289,-15.531746296296296,58.75193752758966,Pass,,Pass,Pass,
ELE,Elemental Royalty Corporation,Basic Materials,Other Precious Metals & Mining,20.11,1291568000,-0.02933333746268102,0.6079562406762805,False,False,True,1.908,0.6257360859702586,0.002620194211060594,0.45817003,1.756638888888889,6.244722710649791,Pass,Pass,Pass (Pessimism),Pass,
WOR,"Worthington Enterprises, Inc.",Industrials,Metal Fabrication,55.2,2734971392,0.06011909319452216,0.3700724637681159,True,False,False,0.244,0.278387762480041,0.1115517842642007,0.38112998,6.855439344262295,4.111108347812354,Pass,Pass,Pass (Pessimism),Pass,
CENT,Central Garden & Pet Company,Consumer Defensive,Packaged Foods,37.38,2327556864,0.12243997317867461,0.6769662921348314,True,False,False,-0.06,0.3211147828107499,0.09355071435483953,0.15995,-2.5428571666666664,2.6454025127143264,Pass,Pass,Pass,Pass,
OPRX,OptimizeRx Corporation,Healthcare,Health Information Services,6.13,115012312,0.16272170930708704,1.1156606851549755,,False,True,-0.002,0.6725365305357812,0.0690097234549809,0.15006,-113.518515,1.9338211859991647,Pass,Pass,Pass,Pass,
NYXH,Nyxoah SA,Healthcare,Medical Instruments & Supplies,2.86,124874472,-0.505643779618944,0.4666347552447553,,False,True,3.469,0.6313373253493014,-1.4827083257648628,0.37035,0.28826751225136926,-4.761300826484833,Pass,Fail,Pass,Pass,
BYRN,"Byrna Technologies, Inc.",Industrials,Aerospace & Defense,5.68,128854520,-0.06074292155215044,0.5160211267605634,True,,,0.109,0.6029724167004191,0.1673638987635248,0.20583999,1.4475024770642202,5.873313584762073,Pass,Fail,Pass,Pass,
HBB,Hamilton Beach Brands Holding C,Consumer Cyclical,"Furnishings, Fixtures & Appliances",20.51,278469824,0.039630864994549646,0.6650414431984397,True,True,False,-0.003,0.25731644618457217,0.11752785017081965,0.27353,-35.05982666666667,3.6573739026022585,Fail,Fail,Pass,Pass,
UPWK,Upwork Inc.,Communication Services,Internet Content & Information,10.66,1392781056,0.16019746896959516,0.4529080675422139,True,False,False,0.036,0.77817269708448,0.13779880270761946,0.07669,3.5251322222222226,2.5005975621406797,Pass,Fail,Pass,Pass,
PGY,Pagaya Technologies Ltd.,Technology,Software - Infrastructure,11.69,964733952,0.2329326127002525,0.500513259195894,True,False,True,0.198,0.4060535572854605,0.2804710291324663,0.12093,0.6348430303030302,2.1238293108072304,Pass,Pass,Pass,Pass,
HVT-A,"Haverty Furniture Companies, In",Consumer Cyclical,Home Improvement Retail,23.72,383930560,0.08588011332049213,0.8041315345699832,True,False,False,0.095,0.606719411853833,0.03901062963592362,0.74024004,2.0981865263157893,3.067866304912851,Pass,Pass,Pass,Pass,
GFR,Greenfire Resources Ltd.,Energy,Oil & Gas E&P,5.91,741277440,0.031270343260412725,1.1323287648054146,True,True,False,-0.354,0.4442510645562843,0.07363199251556665,0.056929998,-0.34781073446327687,5.276276911533226,Fail,Fail,Fail (Peak),Pass,
LSE,"Leishen Energy Holding Co., Ltd",Energy,Oil & Gas Equipment & Services,5.09,86657256,-0.04301793262413017,0.5243614931237721,False,True,False,-0.31,0.17638509277011893,0.03576987441501694,3.5921202,-2.0524194838709677,4.307465834282519,Fail,Fail,Pass (Pessimism),Pass,
ORN,"Orion Group Holdings, Inc.",Industrials,Engineering & Construction,11.51,462709088,-0.023332154651779825,0.34630755864465684,False,False,False,0.075,0.12392242264382072,0.0453400132810602,0.05761,25.577778666666667,3.2433698005793348,Pass,Fail,Pass,Pass,
ELA,Envela Corporation,Consumer Cyclical,Luxury Goods,17.32,449687392,0.0029568273953297763,0.14913394919168593,True,False,True,0.666,0.22373532599985888,0.2168872534156238,0.74178004,0.4643929729729729,13.525242206505112,Pass,Pass,Pass,Pass,
ALNT,Allient Inc.,Technology,Electronic Components,72.85,1239768320,0.038424921198179994,0.24433768016472207,True,False,False,0.175,0.3277118298652065,0.0672486984383894,0.14797,3.1536795428571427,4.401563357997754,Pass,Pass,Pass,Pass,
ZH,Zhihu Inc.,Communication Services,Internet Content & Information,3.21,283580288,-0.9976574958552832,2.189290249221184,,False,False,-0.251,0.6218480790636489,-1.1763804357226537,0.14390999,-3.98406374501992,-0.8445775844309439,Pass,Fail,Pass,Pass,
TGEN,Tecogen Inc.,Industrials,Electrical Equipment & Parts,2.85,85087400,-0.0058279604265731475,0.25438596491228066,,False,True,-0.125,0.41474970053171745,-0.3385394553963644,0.38984,-8.0,2.159772394920334,Fail,Pass,Pass,Pass,
YELP,Yelp Inc.,Communication Services,Internet Content & Information,25.46,1565586048,0.20674430537592528,0.46571091908876666,True,False,False,-0.005,0.9026618565075377,0.25339038683744436,0.059,-22.732142,4.500107942728116,Pass,Pass,Pass,Pass,
MASS,908 Devices Inc.,Healthcare,Medical Devices,7.14,266892848,-0.09233293505114831,0.55406162464986,,False,True,-0.077,0.5057743295905476,-0.32865305252197846,0.08826999,-12.987012987012987,2.3558588004489884,Pass,Pass,Pass,Pass,
TTAM,Titan America SA,Basic Materials,Building Materials,16.11,2970079488,0.04411733777813289,0.34816883923029174,False,False,False,0.041,0.2613803248190709,0.1593514806815562,0.86678004,3.89036487804878,4.256236011278088,Pass,Pass,Pass,Pass,
GRNT,"Granite Ridge Resources, Inc.",Energy,Oil & Gas E&P,5.57,734717184,-0.16720039040219317,0.8285457809694794,True,True,False,0.001,0.27125554622856457,0.044753481562306484,0.08365,309.44445,1.3358752802471978,Fail,Pass,Pass (Pessimism),Pass,
IZEA,"IZEA Worldwide, Inc.",Communication Services,Internet Content & Information,3.91,67784232,0.023235595558565893,0.7248081841432225,,False,False,-0.449,0.48053024002641925,0.0,0.24462,-inf,3.730198264543646,Pass,Pass,Pass,Pass,
PNRG,PrimeEnergy Resources Corporati,Energy,Oil & Gas E&P,220.43,363489056,0.05405664813193165,0.5904731660844712,True,False,True,-0.33,0.25797615950788816,0.12982347611486802,0.6489,-0.6392054545454545,3.8028498565220206,Pass,Fail,Pass (Pessimism),Pass,
ESCA,"Escalade, Incorporated",Consumer Cyclical,Leisure,17.83,246120784,0.11580492933908418,0.709310151430174,False,False,False,-0.022,0.2691769585023193,0.07916464311898948,0.30833,-8.186409545454547,5.995363061596448,Pass,Pass,Pass,Pass,
ASC,Ardmore Shipping Corporation,Industrials,Marine Shipping,15.48,631624448,-0.0618563770349814,1.0060723514211887,False,True,False,0.011,0.2811052331260457,0.06476668473429525,0.14435,15.991734545454547,3.50921957511209,Fail,Fail,Pass (Pessimism),Pass,
TRAK,"ReposiTrak, Inc.",Technology,Software - Application,7.16,130336424,0.05248310326513178,0.3812849162011173,True,False,True,0.067,0.849910353431882,0.34051759134797255,0.33757,2.888261194029851,14.683011620338386,Pass,Pass,Pass,Pass,
MAX,"MediaAlpha, Inc.",Communication Services,Internet Content & Information,9.05,593815744,0.10989604209618262,0.008176795580110497,False,True,False,-0.032,0.1504516882183908,0.21728485897676927,0.43844002,-7.251603125,1.2373734968753332,Fail,Fail,Pass,Pass,
CTW,CTW Cayman,Communication Services,Electronic Gaming & Multimedia,2.34,146016000,-0.005082470414201183,0.19700854700854703,False,True,False,0.405,0.756115297118174,-0.04134343829510586,0.95238,0.9629629629629629,7.722766440778311,Fail,Fail,Pass,Pass,
MPX,Marine Products Corporation,Consumer Cyclical,Recreational Vehicles,7.46,262909984,0.05676087219266652,0.478686327077748,False,True,False,0.35,0.1913721928327994,0.12435161601018084,0.74961996,0.6660714285714285,10.947085411825404,Fail,Fail,Pass,Pass,
JYNT,The Joint Corp.,Healthcare,Medical Care Facilities,8.73,125037696,0.0026769847070758565,0.12187857961053837,False,False,False,0.031,0.7955122881268863,0.0,0.14576,32.25806451612903,2.296301037705618,Pass,,Pass,Pass,
DAKT,"Daktronics, Inc.",Technology,Electronic Components,19.9,970081536,0.06388638243290923,0.3056281407035176,False,True,False,0.216,0.2662079344967339,0.04538405493902837,0.11027,1.6750840740740738,5.0305882147093035,Fail,Fail,Pass,Pass,
TATT,TAT Technologies Ltd.,Industrials,Aerospace & Defense,44.71,580476032,0.006925350537126053,0.3038693804518005,False,False,False,0.134,0.24772069769401456,0.11361357409104196,0.073130004,2.435450447761194,8.928222353524376,Pass,Pass,Pass,Pass,
METCB,"Ramaco Resources, Inc.",Basic Materials,Coking Coal,10.25,874763200,-0.09324694957446769,0.7113170731707318,False,True,False,-0.251,0.14796186486476415,-0.08596028403511635,0.11405,-3.98406374501992,1.6286651393803864,Fail,Fail,Pass,Pass,
MRDN,Meridian Holdings Inc.,Communication Services,Electronic Gaming & Multimedia,6.63,83696864,0.13989447681098302,0.5561085972850679,False,True,False,0.081,0.5657596614495348,-1.690042471271908,0.8323,12.345679012345679,-0.9567235354787695,Fail,Fail,Pass,Pass,
TUYA,Tuya Inc.,Technology,Software - Infrastructure,2.33,1423564160,0.05240227458381644,0.7150214592274677,,False,True,0.03,0.4823257547054606,-0.0009686081123391601,0.14305,8.629629,9.31125570633288,Pass,Pass,Pass,Pass,
MTA,Metalla Royalty & Streaming Ltd,Basic Materials,Other Precious Metals & Mining,6.91,647774208,0.004496937303190682,0.39218523878437045,,False,True,0.56,0.7764081168215438,-0.0033688544840648933,0.24524,1.7857142857142856,23.010591143559196,Pass,Pass,Pass (Pessimism),Pass,
BELFA,Bel Fuse Inc.,Technology,Electronic Components,223.19,2824762624,0.024288766573541298,0.15060710605313857,True,False,True,0.174,0.39146649295659963,0.14532528721150442,0.2218,2.7644422413793106,6.1123598349643204,Pass,Pass,Pass,Pass,
SATL,Satellogic Inc.,Industrials,Aerospace & Defense,7.33,1048619840,-0.032673423382872484,0.06084583901773533,,False,True,0.938,0.7246286779239849,0.7206159294063018,0.14786,1.0660980810234542,4.434678014930635,Pass,Pass,Pass,Pass,
REX,REX American Resources Corporat,Basic Materials,Chemicals,44.21,1456176512,0.03391759144100245,0.4193847545804117,False,False,False,-0.002,0.14405514637494676,0.14794136962201646,0.1543,-88.42,11.826646303747985,Fail,Pass,Pass,Pass,
POWW,Outdoor Holding Company,Industrials,Aerospace & Defense,2.05,240441872,0.017477662958804447,0.986829268292683,False,False,False,0.532,-10.274202279737596,-0.0667003554680516,0.10658,1.8796992481203008,0.8558088654683009,Fail,Fail,Pass,Pass,
RDVT,"Red Violet, Inc.",Technology,Software - Application,35.52,501184160,0.036300029913156076,0.20078828828828826,True,False,True,0.196,0.8373997252138456,0.1973196486574735,0.20512,1.9914779081632652,28.99293151939231,Pass,Pass,Pass,Pass,
EVLV,"Evolv Technologies Holdings, In",Industrials,Security & Protection Services,5.96,1068930368,-0.017143305633917586,0.11426174496644297,,False,True,0.323,0.5161029436962407,-0.279108295334451,0.06113,3.095975232198142,1.9346926264819522,Pass,Pass,Pass,Pass,
VLGEA,"Village Super Market, Inc.",Consumer Defensive,Grocery Stores,43.89,647464000,0.11650068575241249,0.7979949874686717,False,False,False,0.069,0.2836415191095291,0.08605585876278356,0.13271,1.6651491304347823,4.026897932730911,Fail,Pass,Pass,Pass,
LWAY,"Lifeway Foods, Inc.",Consumer Defensive,Packaged Foods,23.77,361987712,-0.04534131810529524,0.23702145561632312,True,False,False,0.18,0.27391574429636323,0.17237664121514126,0.64632004,1.483770388888889,15.011503537069851,Pass,Pass,Pass,Pass,
NESR,National Energy Services Reunit,Energy,Oil & Gas Equipment & Services,23.0,2318331136,0.05210127152431084,0.4175652173913043,False,False,False,0.159,0.1244140124935142,0.06696252656187972,0.28829,2.781809433962264,2.520593485912637,Fail,Fail,Pass (Pessimism),Pass,
DHT,"DHT Holdings, Inc.",Energy,Oil & Gas Midstream,17.46,2811786752,-0.01184086950275239,0.40360824742268037,False,False,False,0.097,0.38312322808341076,0.1516981162026543,0.09906,1.3740457731958762,4.383552026868174,Pass,Fail,Fail (Peak),Pass,
BL,"BlackLine, Inc.",Technology,Software - Application,30.29,1804120704,0.07477105035207222,0.18322878837900297,False,False,False,0.081,0.7524581433896752,0.03824382128898332,0.09137999,9.588477777777777,1.492604234674509,Pass,Fail,Pass,Pass,
LTRX,"Lantronix, Inc.",Technology,Communication Equipment,5.62,223069168,0.04319288087361316,0.33861209964412814,False,False,False,-0.045,0.42985449973055506,-0.1186140248463995,0.12864,-22.22222222222222,1.2150340838916063,Fail,Fail,Pass,Pass,
SITC,SITE Centers Corp.,Real Estate,REIT - Retail,5.36,281265312,0.06973131475238582,1.1904850746268656,False,True,False,-0.457,0.6720313144465382,0.0,0.053319998,-0.03490674398249453,-8.214883962751001,Fail,Fail,Pass,Pass,
NVGS,Navigator Holdings Ltd.,Energy,Oil & Gas Midstream,19.74,1288043776,0.03731627829394519,0.9524822695035462,True,False,False,0.061,0.3133184090281824,0.07457540653052672,0.44651002,2.2014050819672133,1.5397881061607754,Fail,Pass,Fail (Peak),Pass,
GILT,Gilat Satellite Networks Ltd.,Technology,Communication Equipment,17.71,1336590336,0.006871963497422744,0.38260869565217387,False,False,True,0.753,0.29523288690311456,0.08210143730345087,0.068569995,0.6917428154050465,3.109858784059713,Fail,Fail,Pass,Pass,
HPAI,Helport AI Limited,Technology,Software - Infrastructure,1.54,57976244,-0.09631508726229315,0.30324675324675326,False,True,False,0.224,0.5486557618430168,0.09877601024195447,0.78948,1.375,3.6365653988254714,Fail,Fail,Pass,Pass,
MPTI,"M-tron Industries, Inc.",Technology,Electronic Components,67.56,248405008,0.03264024371038445,0.2747779751332149,False,False,True,0.112,0.4437583843284268,0.1868463521643773,0.06935,2.3748593749999998,31.525435147094704,Fail,Fail,Pass,Pass,
BDL,"Flanigan's Enterprises, Inc.",Consumer Cyclical,Restaurants,31.6,58733276,0.022883109738336408,1.1230696202531645,True,False,False,0.051,0.21917187816182776,0.10607901786511928,0.7904,1.9923082352941177,3.047093949782214,Pass,Pass,Pass,Pass,
EEFT,"Euronet Worldwide, Inc.",Technology,Software - Infrastructure,68.53,2881321984,0.15072942295643138,0.48510141543849405,False,False,False,0.059,0.41317562791574386,0.20734058989522042,0.06791,1.6981366101694915,1.8205215917446433,Fail,Fail,Pass,Pass,
MCHX,"Marchex, Inc.",Communication Services,Advertising Agencies,1.5499,68056424,-0.042420683167249576,0.44325440350990386,,True,False,-0.09,0.6319601928708249,-0.21291220068822075,0.08744001,-11.11111111111111,-6.324740838138141,Fail,Pass,Pass,Pass,
EM,Smart Share Global Limited,Consumer Cyclical,Personal Services,1.14,289102368,-0.7439648505404148,1.3460645614035087,False,False,False,0.117,0.424210576324152,-0.0072153549406575165,0.066750005,8.547008547008547,-1.7504947571919736,Fail,Fail,Pass,Pass,
NRC,National Research Corporation,Healthcare,Health Information Services,16.48,374860608,0.04199961175968642,0.0375,False,False,False,-0.046,0.6188251049923212,0.16532742388093766,0.48143002,-7.165217391304348,3.106701245383724,Fail,Fail,Pass,Pass,
BRZE,"Braze, Inc.",Technology,Software - Application,18.97,2152121856,0.026984531492997392,0.2915656299420137,,False,True,0.279,0.6714563617102557,-0.2537832838850029,0.17768,3.584229390681003,2.1275264974794306,Pass,Pass,Pass,Pass,
FF,FutureFuel Corp.,Basic Materials,Specialty Chemicals,4.11,180279024,-0.2550601782712114,0.8581508515815085,False,True,False,-0.677,-0.4117837521672829,0.0,0.42328998,-1.4771048744460855,2.6968341833846927,Fail,Fail,Pass,Pass,
AZ,A2Z Cust2Mate Solutions Corp.,Technology,Software - Application,7.96,354578272,-0.06767476152627874,0.21746231155778895,,True,False,1.57,0.13688760806916425,-0.5559813892451311,0.17695999,0.6369426751592356,21.746909354383426,Fail,Pass,Pass,Pass,
LMB,"Limbach Holdings, Inc.",Industrials,Building Products & Equipment,82.59,964600832,0.04343040002685795,0.20375348105097468,True,False,True,0.301,0.2617701807657343,0.17311827781494765,0.102910005,0.8494902990033223,5.823090758654092,Fail,Fail,Pass,Pass,
AMPH,"Amphastar Pharmaceuticals, Inc.",Healthcare,Drug Manufacturers - Specialty & Generic,20.37,936045888,0.12711235797875756,0.8483554246440843,False,True,False,-0.018,0.494601236027321,0.09282131649479339,0.25171,-5.574712777777778,2.3370264114398362,Fail,Fail,Pass,Pass,
SWIM,"Latham Group, Inc.",Industrials,Building Products & Equipment,5.75,672516864,0.03872765337822071,0.6045217391304348,True,False,False,0.145,0.33354826418910005,0.05014481564415792,0.06807,4.406130000000001,1.8830200868805433,Pass,Fail,Pass,Pass,
WEYS,"Weyco Group, Inc.",Consumer Cyclical,Footwear & Accessories,34.63,330076160,0.1075600249348514,0.7350274328616806,False,False,False,-0.046,0.43172115624852897,0.14952376004396373,0.36641,-3.1237595652173917,4.9999259327378605,Fail,Fail,Pass,Pass,
SCZM,Santacruz Silver Mining Ltd.,Basic Materials,Other Industrial Metals & Mining,7.99,738284864,0.06552077979482998,0.25193992490613265,False,False,True,0.259,0.3351900533730414,0.23432016914787004,0.07051,0.6706395366795367,3.2200181757644883,Pass,Fail,Pass (Pessimism),Pass,
BODI,"The Beachbody Company, Inc.",Communication Services,Internet Content & Information,10.26,73663968,0.23554256539642285,0.4251461988304094,,False,False,-0.357,0.7300925208658586,0.1316307534389424,0.08745,-2.801120448179272,-4.195974867495483,Pass,Pass,Pass,Pass,
NUCL,Eagle Nuclear Energy Corp.,Energy,Uranium,8.61,271645504,-0.014855655405951428,0.0017421602787456446,,,,0.0,0.0,-5.191474402774376,0.35656,100.0,172.76704767323892,Fail,,Pass,Pass,
CARL,"Carlsmed, Inc.",Healthcare,Health Information Services,8.94,238984000,-0.12692899943092426,0.41565995525727073,,False,True,0.612,0.7531032844330938,-0.7307694326008527,0.43552,1.6339869281045754,4.2131722871004005,Pass,,Pass,Pass,
KEQU,Kewaunee Scientific Corporation,Consumer Cyclical,"Furnishings, Fixtures & Appliances",34.925,100108456,0.1903435609874954,0.7060844667143881,False,False,False,0.033,0.2892575769686565,0.14962833881637008,0.23825,2.8449818181818176,3.1162107241756605,Fail,Fail,Pass,Pass,
SEMR,"SEMrush Holdings, Inc.",Technology,Software - Application,11.94,1808384256,0.02373665876462928,0.16030150753768843,False,True,False,0.146,0.805456627385922,-1.1960412958989963,0.44557,6.8493150684931505,7.658312049915029,Fail,Fail,Pass,Pass,
TRVG,trivago N.V.,Communication Services,Internet Content & Information,2.69,189966928,0.016945054772902365,1.2993185130111524,,True,False,0.266,0.9725001457428513,0.11334271470402653,0.39516997,0.5948695112781954,-0.14593333676578824,Pass,Pass,Pass,Pass,
PSIX,"Power Solutions International, ",Industrials,Specialty Industrial Machinery,77.64,1789636864,0.007901044219884822,0.09984544049459042,True,False,True,0.325,0.2559492251576332,0.41788267124238854,0.63285,0.48358764615384614,7.553787586069448,Fail,Fail,Pass,Pass,
HNST,"The Honest Company, Inc.",Consumer Defensive,Household & Personal Products,2.92,328424704,0.041443289235635575,0.5150684931506849,False,False,False,-0.118,0.3332866526445059,-0.15406334587966405,0.14295,-8.474576271186441,2.669511768568463,Fail,Fail,Pass,Pass,
SENEB,Seneca Foods Corp.,Consumer Defensive,Packaged Foods,164.98,1117479808,0.15078393255406367,0.6339980603709541,False,False,False,0.011,0.12574992228543488,0.10993514008808807,0.81754,11.554839090909093,4.4107323834140955,Fail,Pass,Pass,Pass,
LPG,Dorian LPG Ltd.,Energy,Oil & Gas Midstream,34.61,1479373440,0.0914241139816597,0.7338341519791968,False,True,False,0.472,0.46262041729878683,0.08133885657065001,0.14307,0.25910345338983054,2.1444729041026145,Fail,,Fail (Peak),Pass,
VIA,"Via Transportation, Inc.",Technology,Software - Application,14.52,1235404416,-0.040717840529396324,0.5329201101928375,,False,True,0.297,0.39412231142828824,-0.3391069000943308,0.29490998,3.367003367003367,5.510684907786899,Pass,,Pass,Pass,
CARS,Cars.com Inc.,Communication Services,Internet Content & Information,9.75,583179392,0.2156008969535055,0.8265641025641025,False,False,False,0.019,0.8294782222750708,0.04356991235792132,0.12028,16.036184210526315,0.34512317699073525,Pass,Fail,Pass,Pass,
CMDB,Costamare Bulkers Holdings Limi,Industrials,Marine Shipping,17.26,419443744,0.10465288999518371,1.594901506373117,False,,,0.0,0.12434551248026282,-0.034505066671600734,0.65715,100.0,1.6599377953611683,Fail,,Pass (Pessimism),Pass,
EGAN,eGain Corporation,Technology,Software - Application,7.22,197727712,0.08926416950599216,0.4491689750692521,False,False,False,0.026,0.7235754436239391,0.0,0.40518,2.186553653846154,,Fail,,Pass,Pass,
NPK,"National Presto Industries, Inc",Industrials,Aerospace & Defense,140.84,1009027328,-0.03584739381805921,0.3938369781312127,False,False,True,0.217,0.15952566312628594,0.0793754935388077,0.27915,1.4017974193548388,8.82174402785245,Fail,Fail,Pass,Pass,
RNGR,"Ranger Energy Services, Inc.",Energy,Oil & Gas Equipment & Services,16.91,404331008,0.10610118727278023,0.753163808397398,False,True,False,-0.006,0.08045346498445785,0.040850073065171334,0.16826999,-52.191356666666664,3.8011664333620914,Fail,Fail,Pass (Pessimism),Pass,
ASAN,"Asana, Inc.",Technology,Software - Application,5.46,1299960832,0.059218707291020904,0.11868131868131869,,False,False,0.092,0.8902904125664196,-0.9120912047929733,0.44969,10.869565217391305,-2.0746103607154724,Pass,Fail,Pass,Pass,
LQDT,"Liquidity Services, Inc.",Consumer Cyclical,Internet Retail,32.43,1005780160,0.06971801869704806,0.2154794942954055,True,False,True,-0.009,0.4535334355292846,0.627468806017199,0.25004,-39.16666666666667,5.452185137023012,Pass,Pass,Pass,Pass,
OMSE,OMS Energy Technologies Inc.,Energy,Oil & Gas Equipment & Services,4.53,192292640,0.19573812081419237,0.9083885209713024,False,False,True,-0.359,0.33882430368307576,0.7465556975011254,0.63956,-0.18287513927576604,6.764422964331076,Pass,Fail,Fail (Peak),Pass,
NL,"NL Industries, Inc.",Industrials,Security & Protection Services,5.81,283892480,-0.1414267824212885,1.26368330464716,False,False,False,-0.019,0.3043813374609091,-0.14013095213403076,0.82989,-52.631578947368425,3.0413599352501355,Fail,Fail,Pass,Pass,
PAYS,"Paysign, Inc.",Technology,Software - Infrastructure,5.23,288619616,0.15368552427150342,0.16826003824091776,True,False,True,0.458,0.5939051113363779,0.1656815636633147,0.21556999,0.8784010917030567,1.3246063713352705,Pass,Pass,Pass,Pass,
GOTU,Gaotu Techedu Inc.,Consumer Defensive,Education & Training Services,1.92,464739776,0.17168317437068267,0.39467255208333335,,True,False,0.214,0.6750286064561875,-0.4798318945015868,0.06343,4.672897196261682,-0.5612263852289596,Fail,Fail,Pass,Pass,
ACU,Acme,Consumer Defensive,Household & Personal Products,44.81,170646560,0.04440485644715018,0.6894889533586253,False,False,False,0.034,0.3938563478845025,0.07982245450261465,0.11301,5.292936764705882,4.702458476883312,Pass,Fail,Pass,Pass,
USGO,U.S. GoldMining Inc.,Basic Materials,Other Industrial Metals & Mining,12.32,164130656,-0.03559807255020049,0.04642857142857142,,,,0.0,0.0,-22.260396920607878,0.78253996,100.0,110.92943796116458,Fail,Fail,Pass (Pessimism),Pass,
CCRN,"Cross Country Healthcare, Inc.",Healthcare,Medical Care Facilities,9.48,306381664,0.13084986704687393,1.0735232067510547,False,True,False,-0.236,0.20257271934841642,-0.4266828938227524,0.074260004,-4.237288135593221,4.169372552190477,Fail,Fail,Pass,Pass,
FONR,Fonar Corporation,Healthcare,Diagnostics & Research,18.68,117696296,0.048565470573517455,1.4457708779443257,False,True,False,0.024,0.4080021527224626,0.06243909261884947,0.12275,6.76811625,2.596796442260657,Fail,Fail,Pass,Pass,
WB,Weibo Corporation,Communication Services,Internet Content & Information,8.81,2172259328,0.2662799015495815,1.8598183881952328,False,False,False,0.036,0.7708102953552564,0.11380171004573188,0.07304,1.4395425000000002,1.9315213362030588,Pass,Pass,Pass,Pass,
HQI,"HireQuest, Inc.",Industrials,Staffing & Employment Services,10.28,144490288,0.08298135581264811,0.4736381322957198,True,,False,-0.13,0.7372709618460133,0.0,0.62176,-1.6824876923076924,5.909306531240313,Fail,Fail,Pass,Pass,
RDCM,Radcom Ltd.,Communication Services,Telecom Services,12.14,202622160,0.07019469143947532,0.5691927512355849,True,False,True,0.159,0.759518281254371,0.09107892361874609,0.13722,1.0753832075471699,5.034782718787267,Pass,Pass,Pass,Pass,
SMTI,Sanara MedTech Inc.,Healthcare,Medical Instruments & Supplies,16.53,151531184,0.014106185562438422,0.04016938898971567,True,False,True,0.047,0.9270832246670799,0.025063661618492362,0.64045995,21.27659574468085,1.6134101665659601,Pass,Pass,Pass,Pass,
LUD,Luda Technology Group Limited,Basic Materials,Steel,5.72,129786792,0.03374241656269615,0.1604895104895105,False,False,False,-0.313,0.25422093228270776,0.10185689272669424,0.88144994,-3.1948881789137378,4.691136273926004,Fail,Fail,Pass,Pass,
INMD,InMode Ltd.,Healthcare,Medical Devices,13.53,857243904,0.09832090914466275,0.796969696969697,False,True,False,0.061,0.7853547281339829,0.18673539311672047,0.119119994,1.5510718032786885,9.783039204538445,Fail,Fail,Pass,Pass,
HTLM,HOMESTOLIFE LTD,Consumer Cyclical,Specialty Retail,1.7,152468768,0.08095519601758702,0.18235294117647058,True,False,False,0.07,0.278675458941342,0.9579861830203638,0.96167,1.3492064285714285,4.266588028700036,Pass,Fail,Pass,Pass,
SLI,Standard Lithium Ltd.,Basic Materials,Other Industrial Metals & Mining,3.42,831129600,-0.015292440553194111,0.445906432748538,False,,,0.0,0.0,-0.23955790442576685,0.082729995,100.0,15.023139133174585,Fail,Fail,Pass (Pessimism),Pass,
GIII,"G-III Apparel Group, LTD.",Consumer Cyclical,Apparel Manufacturing,29.57,1247537280,0.21151912991329605,1.4110246871829555,False,True,False,-0.081,0.3936504146753547,0.041561346294996124,0.14547,-2.417627160493827,3.3382642058782643,Fail,Fail,Pass,Pass,
JMIA,Jumia Technologies AG,Consumer Cyclical,Internet Retail,6.92,857060096,-0.061355090787005906,0.030635838150289016,,False,True,0.344,0.5387156021574242,0.0,0.1092,2.906976744186047,-18.491667175282036,Pass,Pass,Pass,Pass,
YEXT,"Yext, Inc.",Technology,Software - Infrastructure,3.34,411972704,0.12935323015963698,0.38832335329341316,True,False,False,-0.01,0.7445737484297291,0.2449873016561647,0.06217,-47.714283,0.039690608649628034,Pass,Pass,Pass,Pass,
INVE,"Identiv, Inc.",Industrials,Building Products & Equipment,3.69,88368376,-0.08839134941214717,1.6043360433604337,,False,False,-0.079,0.060835970955129395,-1.569316914344224,0.05831,-12.658227848101266,2.421791054281488,Pass,Fail,Pass,Pass,
IDN,"Intellicheck, Inc.",Technology,Software - Application,7.6,153816848,0.027799295432188287,0.13460526315789473,,False,True,0.118,0.9044383658342893,0.0,0.05612,9.200968644067798,18.34011304202517,Pass,,Pass,Pass,
BTQ,BTQ Technologies Corp.,Technology,Software - Infrastructure,2.38,336320032,-0.044689104335004344,0.06842197478991596,,False,False,-1.0,0.33155941260931165,0.0,0.36709,-1.0,88.31414976626775,Fail,,Pass,Pass,
BGSF,"BGSF, Inc.",Industrials,Staffing & Employment Services,6.07,68250880,5.86073029388046e-05,0.7059308072487644,,True,False,-0.094,0.34419619492706083,-0.19808582946435804,0.067779996,-10.638297872340425,6.240540251828522,Fail,Fail,Pass,Pass,
BLDP,"Ballard Power Systems, Inc.",Industrials,Electrical Equipment & Parts,2.81,845566848,-0.07846570635654818,0.6978647686832741,,False,True,0.372,0.054966287611955315,-1.0467656666158245,0.15483,2.6881720430107525,1.738546650039541,Pass,Pass,Pass,Pass,
CMRE,Costamare Inc.,Industrials,Marine Shipping,17.22,2076538368,0.11661619343601745,1.0047038327526132,True,False,False,-0.054,0.5727679690169724,0.12304466301114668,0.63612,-1.0320028518518518,1.774190240030926,Fail,,Fail (Peak),Pass,
GTY,Getty Realty Corporation,Real Estate,REIT - Retail,33.86,2025387776,0.06271243536921593,0.5293561724748966,True,False,False,0.054,0.9605596070843876,0.04783828842014802,0.06285,4.644718888888889,1.1738097912315337,Pass,,Pass,Pass,
YDDL,One and One Green Technologies.,Industrials,Waste Management,5.16,280188000,0.007131625908318701,0.0941860465116279,False,True,False,0.507,0.19771939079883702,0.32901373160025427,0.81209,0.678500946745562,14.02182587642398,Fail,Fail,Pass,Pass,
CVRX,"CVRx, Inc.",Healthcare,Medical Devices,7.155,188259568,-0.21645646185696124,0.20894479385045422,,False,True,0.044,0.8532947344265768,-3.3626747136485426,0.09349,22.72727272727273,-6.109168959058705,Pass,Pass,Pass,Pass,
SSYS,"Stratasys, Ltd.",Technology,Computer Hardware,8.35,719540736,-0.01655500432987299,1.1723353293413175,,False,False,-0.069,0.41242093115249084,-0.09819212752723223,0.124630004,-14.492753623188404,-0.5324189199943261,Pass,Pass,Pass (Pessimism),Pass,
HOUR,"Hour Loop, Inc.",Consumer Cyclical,Internet Retail,1.88,66145708,0.0378428635158006,0.10585106382978725,True,False,False,0.03,0.5239648086513982,0.4572774176821729,0.9512,12.533333333333333,9.074188541143425,Pass,Pass,Pass,Pass,
SES,SES AI Corporation,Consumer Cyclical,Auto Parts,1.0,366623776,-0.16698316914394554,0.588,,False,True,1.236,0.5384285714285715,-0.4268553896291113,0.14918,0.8090614886731392,1.8127640863332177,Pass,Pass,Pass,Pass,
PKE,Park Aerospace Corp.,Industrials,Aerospace & Defense,31.16,620887872,0.005503409156621439,0.17166238767650835,True,False,True,0.203,0.3133090094318199,0.09014904889606133,0.09623,3.569710344827586,25.998877864243106,Pass,Pass,Pass,Pass,
QUAD,"Quad Graphics, Inc",Industrials,Specialty Business Services,7.26,379435008,0.13361972124617452,0.34807162534435265,True,True,False,-0.11,0.21624860531426918,0.13538944856439455,0.21903999,-1.1578948181818183,1.5739974380411705,Pass,Pass,Pass,Pass,
TMCR,The Metals Royalty Company Inc. Common Stock,Basic Materials,Other Industrial Metals & Mining,15.34,844637440,-0.003845288932491555,0.03692180635516228,,,,0.0,0.0,-0.5573328027708858,0.29478002,100.0,287.2116805587494,Fail,Fail,Pass (Pessimism),Pass,
CDRE,"Cadre Holdings, Inc.",Industrials,Aerospace & Defense,32.65,1395022336,0.040751318837664835,0.2308728943338438,True,False,False,-0.05,0.4254048775372435,0.10134518106505064,0.27302,-6.4019616,3.4345608176759748,Fail,Pass,Pass,Pass,
MRTN,"Marten Transport, Ltd.",Industrials,Trucking,14.01,1143063808,-0.04467379654802263,0.6719486081370449,False,True,False,-0.088,0.1311262804814565,0.010712046632446836,0.29247,-7.58116931818182,5.883475234364233,Fail,Fail,Pass,Pass,
CXDO,"Crexendo, Inc.",Communication Services,Telecom Services,5.94,189430672,0.04898361971708573,0.3464646464646464,True,False,True,0.112,0.6293954552789472,0.15154220377929906,0.42272,3.3147321428571423,8.287999808447069,Pass,Pass,Pass,Pass,
CURB,Curbline Properties Corp.,Real Estate,REIT - Retail,27.52,2904416256,0.0429005311282764,0.6583938953488372,True,True,False,0.551,0.7487875424428491,0.025419642442091505,0.08623,1.3498798548094375,3.3827161564374264,Fail,Pass,Pass,Pass,
IMXI,"International Money Express, In",Technology,Software - Infrastructure,15.82,476763104,0.03316741557249363,0.3425410872313527,False,False,False,-0.105,0.36018204075185595,0.19570898504973946,0.093430005,-1.3950617142857145,3.628310267786595,Fail,Fail,Pass,Pass,
NIU,Niu Technologies,Consumer Cyclical,Auto Manufacturers,2.88,224536240,-0.30045269752446196,0.5694867013888889,,False,True,-0.174,0.18925864377225135,-0.02624156140218898,0.11125,-5.74712643678161,1.4023937724058289,Pass,Pass,Pass,Pass,
VMD,"Viemed Healthcare, Inc.",Healthcare,Medical Devices,9.51,367111040,0.032499703631903853,0.39148264984227127,True,False,True,0.255,0.5751738937398254,0.10946225597598258,0.14017999,1.0079491372549019,6.454257249469518,Pass,Pass,Pass,Pass,
DJT,Trump Media & Technology Group ,Communication Services,Internet Content & Information,9.39,2598507264,0.005458749412216382,0.6337593184238551,,False,False,0.005,0.5451040026068539,-0.27823592860653684,0.42654,200.0,-1.116367158578835,Pass,Pass,Pass,Pass,
SSTI,"SoundThinking, Inc.",Technology,Software - Application,6.21,80443952,0.06022826924266476,0.9061191626409018,False,False,False,0.059,0.5439319292786693,-0.14811746195733036,0.2432,16.949152542372882,0.0536336583374325,Fail,Fail,Pass,Pass,
GDRX,"GoodRx Holdings, Inc.",Healthcare,Health Information Services,2.19,750238144,0.1251389318856067,0.8251141552511415,True,False,False,-0.019,0.9277194162536879,0.059489387354486195,0.12397,-12.807016842105263,0.30484022831406166,Pass,Pass,Pass,Pass,
PESI,Perma-Fix Environmental Service,Industrials,Waste Management,12.14,225167136,-0.06962383711271258,0.22306425041186162,,False,False,0.069,0.09684794240684892,-0.2444194598646148,0.07324,14.492753623188404,2.3020016312755986,Pass,Pass,Pass,Pass,
TOYO,"TOYO Co., Ltd",Technology,Solar,11.35,416681664,0.09896248998372052,0.16722466960352422,True,False,False,6.415,0.2254124294222342,0.31379572439765724,0.78518,0.015657441932969602,2.1153632172845027,Pass,Pass,Pass,Pass,
SRTS,"Sensus Healthcare, Inc.",Healthcare,Medical Devices,4.49,73914640,0.0044916676858603385,0.3487750556792873,False,True,False,-0.622,0.4318099119423623,-0.312089523416408,0.17841,-1.607717041800643,9.934911015485472,Fail,Fail,Pass,Pass,
ALTO,"Alto Ingredients, Inc.",Basic Materials,Specialty Chemicals,4.795,370861536,0.02331867600311077,0.6615224191866528,,False,False,-0.019,0.038034614953040925,0.07710365066235109,0.07272,-15.773027368421053,1.4850867852973566,Pass,Pass,Pass,Pass,
SRTA,"Strata Critical Medical, Inc.",Healthcare,Medical Care Facilities,4.04,351436128,-0.17051178073530335,1.0339108910891088,,False,True,0.835,0.2197378022488308,-0.09772209906389652,0.119169995,1.1976047904191616,4.802633087846108,Pass,Pass,Pass,Pass,
PTNM,Pitanium Limited,Consumer Defensive,Household & Personal Products,10.39,239099888,-0.11555767437247817,0.020664940327237726,False,False,False,-0.239,0.8301721140158485,-1.1876732729837995,0.83281,-14.490934728033475,7.4233058034062,Fail,Fail,Pass,Pass,
GIC,Global Industrial Company,Industrials,Industrial Distribution,33.33,1283004416,0.058222714644187164,0.245994599459946,True,False,False,0.143,0.3554492060039156,0.20633773401604144,0.53180003,1.2598752447552448,6.5466811851165545,Pass,Pass,Pass,Pass,
ASYS,"Amtech Systems, Inc.",Technology,Semiconductor Equipment & Materials,14.75,212495648,0.03778430323429494,0.25484745762711863,,True,False,-0.222,0.35312094331458244,-0.5629856839089841,0.07014,-4.504504504504505,2.3820076385153,Fail,Fail,Pass (Pessimism),Pass,
KRT,Karat Packaging Inc.,Consumer Cyclical,Packaging & Containers,29.78,598563328,0.04896724979449459,0.25134318334452654,True,False,True,0.137,0.3680140590024864,0.21549208273570222,0.57894003,1.3934120437956203,4.071043765772404,Fail,Pass,Pass,Pass,
WLYB,"John Wiley & Sons, Inc.",Communication Services,Publishing,38.0,1950273792,0.08198797556317672,0.3825,True,False,False,0.013,0.7412770484799236,0.1246118904514641,0.94203,10.22054923076923,2.1492342510940623,Pass,Pass,Pass,Pass,
ASPN,"Aspen Aerogels, Inc.",Industrials,Building Products & Equipment,3.34,276637504,-0.01654511746896039,0.8523952095808384,False,True,False,-0.664,0.1696698302859061,-1.703346422949966,0.16152,-1.506024096385542,-4.500939867403967,Fail,Fail,Pass,Pass,
BULL,Webull Corporation,Technology,Software - Application,4.93,2580611840,0.21759846843142439,0.3939148073022313,,False,True,0.0,0.7745187667477075,0.06198101792884398,0.14982,100.0,0.22559230125545937,Pass,,Pass,Pass,
BWAY,Brainsway Ltd.,Healthcare,Medical Devices,13.92,557259776,0.02693716763077477,0.14346264367816092,True,False,True,0.274,0.754159885112494,0.808989363368451,0.060399998,2.822384306569343,8.721533644083676,Pass,,Pass,Pass,
RCAT,"Red Cat Holdings, Inc.",Industrials,Aerospace & Defense,12.37,1498486528,-0.06391849256585375,0.16548100242522235,,True,False,0.0,0.03127992339610597,-0.6950982511994426,0.11351,100.0,31.558093165795363,Fail,Fail,Pass,Pass,
LOOP,"Loop Industries, Inc.",Basic Materials,Specialty Chemicals,1.37,66222452,-0.01590095153830909,-0.11021897810218977,,,True,0.654,0.0,0.0,0.48384,1.5290519877675839,-11.365598765389235,Pass,,Pass,Pass,
USNA,"USANA Health Sciences, Inc.",Consumer Defensive,Packaged Foods,18.11,334255136,0.025507461462013256,1.6102705687465488,False,True,False,0.059,0.7829230149028864,0.029691884482000233,0.40883,5.292227118644068,3.8497798989818324,Fail,Fail,Pass,Pass,
MNY,MoneyHero Limited,Communication Services,Internet Content & Information,1.35,58393648,-0.4559202226927148,0.6496296296296296,,False,False,0.009,0.5110779644392838,-3.702519490361061,0.63305,111.11111111111113,-4.8706610255443366,Pass,Pass,Pass,Pass,
VIRC,Virco Manufacturing Corporation,Consumer Cyclical,"Furnishings, Fixtures & Appliances",5.62,88577616,-0.07558342956532044,1.1959074733096084,False,True,False,-0.08,0.40690301123955686,0.02482596396832608,0.16215,-4.390625,2.4051361753034834,Fail,Fail,Pass,Pass,
ODD,ODDITY Tech Ltd.,Consumer Defensive,Household & Personal Products,14.53,834586816,0.0855453245022265,0.4739848589125946,False,False,False,0.235,0.7269375336484557,0.1609728758177037,0.05223,0.34349885106382977,2.6317255290664496,Fail,Fail,Pass,Pass,
IDR,"Idaho Strategic Resources, Inc.",Basic Materials,Gold,37.05,585623424,0.010322727459754068,0.18591093117408908,False,False,True,0.92,0.6179731795685887,0.16530139175833233,0.055419996,0.3532608695652174,66.54973006643787,Pass,Fail,Pass,Pass,
JBI,"Janus International Group, Inc.",Industrials,Building Products & Equipment,5.39,748445568,0.15231568583488492,0.764935064935065,False,True,False,-0.02,0.3879212847771997,0.0857049092846516,0.05278,-7.0921055,2.2391914843084484,Fail,Fail,Pass,Pass,
WRD,WERIDE INC.,Technology,Software - Application,7.5,2665208064,-0.2548029961236077,0.46973604,,True,False,1.23,0.3299056155520229,-0.7485201932778025,0.090059996,0.8130081300813008,1.154610006044636,Fail,,Pass,Pass,
STXS,"Stereotaxis, Inc.",Healthcare,Medical Instruments & Supplies,1.87,182282992,-0.07558576830909161,0.07540106951871657,,False,True,0.363,0.5272732888559427,-1.6270938897168405,0.15409,2.7548209366391188,-12.881803805845902,Pass,,Pass,Pass,
NPWR,NET Power Inc.,Industrials,Specialty Industrial Machinery,1.51,127878768,-1.2138136957966315,1.6079470198675496,,,,0.0,0.0,-33.75891719607259,0.52633,100.0,-1.3773648480274607,Fail,Fail,Pass,Pass,
METC,"Ramaco Resources, Inc.",Basic Materials,Coking Coal,13.55,914773504,-0.08916852056091035,0.5380811808118081,False,True,False,-0.251,0.14796186486476415,-0.08596028403511635,0.091350004,-3.98406374501992,1.6652040629469456,Fail,Fail,Pass,Pass,
MRAM,"Everspin Technologies, Inc.",Technology,Semiconductors,10.26,239001344,0.005380722879951671,0.2923001949317739,,False,False,0.118,0.5116118981196334,-0.30013848109004354,0.07287,8.474576271186441,7.996027120307237,Pass,Fail,Pass (Pessimism),Pass,
VTEX,VTEX,Technology,Software - Application,4.03,697299136,0.04636173821388472,0.3349875930521092,True,False,False,0.105,0.7747311000885593,0.07311661338335006,0.43453,3.489177523809524,4.825190287833292,Pass,Pass,Pass,Pass,
CLAR,Clarus Corporation,Consumer Cyclical,Leisure,2.73,104836984,-0.0680771205703514,1.8732600732600733,,True,False,-0.084,0.34592016596992575,-0.13525554493650233,0.08805,-11.904761904761905,0.2949135100667476,Fail,Fail,Pass,Pass,
IIIN,"Insteel Industries, Inc.",Industrials,Metal Fabrication,36.43,706610112,0.0006212761359407208,0.5078506725226463,True,False,False,0.233,0.15041672198374414,0.14124461122815815,0.050640002,0.6434235622317597,7.86382719578749,Pass,Pass,Fail (Peak),Pass,
ETD,Ethan Allen Interiors Inc.,Consumer Cyclical,"Furnishings, Fixtures & Appliances",22.39,569743552,0.07161994173827876,0.8393032603841001,False,True,False,-0.047,0.6081886550924074,0.08340058813993151,0.09064999,-2.769668510638298,4.166724769302745,Fail,Fail,Pass,Pass,
PEW,GrabAGun Digital Holdings Inc.,Industrials,Aerospace & Defense,2.9,87046176,-0.10800014925411543,1.2375862068965517,False,False,False,0.141,0.2182652097666262,-1.231310707966556,0.35683,7.092198581560285,3.3751222273017025,Fail,,Pass,Pass,
CPHC,Canterbury Park Holding Corpora,Consumer Cyclical,Resorts & Casinos,15.69,80392184,0.058679672143252135,1.0438495857233907,False,False,False,0.039,0.7979585877117563,0.022754931503127893,0.3377,25.641025641025642,3.1084796043858316,Fail,Fail,Pass,Pass,
VOYG,"Voyager Technologies, Inc.",Industrials,Aerospace & Defense,29.78,1759629568,-0.11685186685837733,0.21786433848220282,,True,False,0.237,0.17951676190819557,-0.2938194986072568,0.05412,4.219409282700422,1.523665980371427,Fail,Pass,Pass,Pass,
ACEL,"Accel Entertainment, Inc.",Consumer Cyclical,Gambling,11.61,947065408,0.05543650898502672,0.28225667527993115,True,False,False,0.075,0.31346697120875155,0.13030717463602845,0.13798,2.579999733333333,2.674905940234523,Pass,Pass,Pass,Pass,
NMG,Nouveau Monde Graphite Inc.,Basic Materials,Other Industrial Metals & Mining,1.83,294312576,-0.18976083441300176,0.195321,,,,0.0,0.0,-4.09804867582532,0.28741,100.0,-3.3716276279018187,Fail,Fail,Pass (Pessimism),Pass,
HURC,"Hurco Companies, Inc.",Industrials,Specialty Industrial Machinery,16.35,105399528,0.03352007420754294,1.8503975535168196,,False,False,-0.076,0.1864371914426769,-0.08779859862700774,0.10775,-13.157894736842106,3.0276344143388894,Fail,Fail,Pass,Pass,
LFMD,"LifeMD, Inc.",Healthcare,Health Information Services,3.47,166469248,-0.007439524205695937,0.1429394812680115,,False,True,-0.271,0.8579955368838333,0.0,0.15083,-3.6900369003690034,0.1535411861066298,Pass,,Pass,Pass,
CXT,"Crane NXT, Co.",Industrials,Specialty Industrial Machinery,43.88,2524736256,0.07854285750788537,0.497105742935278,False,True,False,0.195,0.42482042614836724,0.08678717966323353,0.14477,0.9001025641025641,1.8792481289526697,Fail,Fail,Pass,Pass,
FSTR,L.B. Foster Company,Industrials,Railroads,30.0,311790304,0.08080751606695248,0.5764333333333334,True,False,False,0.251,0.21064834104616775,0.039931302226190776,0.056149997,1.732201593625498,4.076259356035628,Pass,Fail,Pass,Pass,
DHX,"DHI Group, Inc.",Technology,Software - Application,2.83,127265104,0.10838006308469288,0.796113074204947,False,False,False,-0.102,0.8465726847433229,-0.08299423218247597,0.18014999,-9.803921568627452,1.232340621011522,Pass,Fail,Pass,Pass,
SPIR,"Spire Global, Inc.",Industrials,Specialty Business Services,21.56,722347520,-0.10828029145860431,0.1582096474953618,,False,False,-0.269,0.3631635823314872,-1.005221336922696,0.10126001,-0.5379107063197026,0.0892701841216903,Fail,Pass,Pass,Pass,
GDYN,"Grid Dynamics Holdings, Inc.",Technology,Information Technology Services,5.28,450667904,0.0560634555417552,1.212878787878788,True,False,True,0.059,0.3456499938080796,-0.00452489206803043,0.22918,8.135593898305086,5.235220745349727,Fail,Fail,Pass,Pass,
DOUG,Douglas Elliman Inc.,Real Estate,Real Estate Services,1.68,149215856,-0.11547700399882437,1.2404761904761905,,False,False,0.009,0.2527300095348263,0.10716385805375102,0.19172001,10.980392222222223,2.664587806439965,Pass,Pass,Pass,Pass,
MNTN,"MNTN, Inc.",Technology,Software - Application,8.4,620530752,0.07085547309023614,0.49273809523809525,True,False,True,0.248,0.7719593371780774,0.0,0.10719,4.032258064516129,5.688099495223808,Pass,,Pass,Pass,
GRC,Gorman-Rupp Company (The),Industrials,Specialty Industrial Machinery,68.83,1811112960,0.04905933642040748,0.2297399389800959,True,False,False,0.024,0.3064923379480033,0.10325045706147884,0.21121,14.197607083333335,4.458415945935314,Pass,Pass,Pass,Pass,
RSSS,"Research Solutions, Inc",Technology,Software - Application,2.41,79302200,0.09589180375828162,0.22448132780082988,True,False,False,-0.01,0.5083158083766813,0.0,0.17254,-20.083334,1.8812929264661031,Pass,,Pass,Pass,
TTGT,"TechTarget, Inc.",Technology,Information Technology Services,3.675,265675504,-0.0025858612843734363,2.238095238095238,,False,True,0.401,0.6024392398380414,-1.5021890296140192,0.59633,2.493765586034913,-4.233091867693193,Pass,Fail,Pass,Pass,
APEI,"American Public Education, Inc.",Consumer Defensive,Education & Training Services,58.39,1075027328,0.04288356100283248,0.2785237198150369,True,False,False,-0.035,0.5422447300042228,0.12211137151570865,0.05277,-11.916325714285714,4.774982104417885,Pass,Pass,Pass,Pass,
LSPD,Lightspeed Commerce Inc. Subord,Technology,Software - Application,8.47,1162939008,0.005989136104375991,1.2920897284533648,,False,True,0.115,0.4283986315532879,-0.6044709639550921,0.101289995,8.695652173913043,2.106732035784736,Pass,Fail,Pass,Pass,
WFCF,"Where Food Comes From, Inc.",Industrials,Specialty Business Services,12.29,62147296,0.023363848364376143,0.14963384865744508,False,True,False,-0.093,0.3819701108789973,0.21822748222914437,0.52536,-4.4050175268817195,14.373127954089439,Fail,Pass,Pass,Pass,
RUM,Rumble Inc.,Communication Services,Internet Content & Information,4.99,1693803008,-0.045687080867434615,0.1623246492985972,,False,False,-0.105,-0.06719694994112638,-2.904245881969843,0.48847,-9.523809523809524,14.016338755383963,Pass,,Pass,Pass,
FSI,Flexible Solutions Internationa,Basic Materials,Specialty Chemicals,5.41,68909864,-0.03406402021051732,0.5676524953789279,True,False,False,0.133,0.32502884144606753,0.09438771851480861,0.46111,2.905477969924812,4.036302478813067,Pass,Fail,Pass,Pass,
MLR,"Miller Industries, Inc.",Consumer Cyclical,Auto Parts,48.9,556077632,0.1528797331664655,0.756319018404908,False,False,False,-0.225,0.15234267738535262,0.05738290198183576,0.051939998,-1.0976431111111111,4.748079934769617,Fail,Fail,Pass,Pass,
SIGA,SIGA Technologies Inc.,Healthcare,Drug Manufacturers - Specialty & Generic,4.36,312369600,0.13803021804938764,0.6366972477064219,False,True,False,-0.953,0.4749130009681321,0.4085669693529237,0.43325,-0.14296958027282267,10.655980904507977,Fail,Fail,Pass,Pass,
CTLP,"Cantaloupe, Inc.",Technology,Software - Infrastructure,10.88,802075712,0.03221516324882806,0.314797794117647,True,False,True,0.068,0.40405913936168536,0.26429133187291926,0.12064999,2.191780735294117,4.0977297879094,Pass,Pass,Pass,Pass,
GLIBK,"GCI Liberty, Inc. - Series C GC",Communication Services,Telecom Services,36.56,1455404288,0.08382550539798876,1.1599562363238511,False,False,False,-0.004,0.7342436974789915,-0.11745984678908082,0.0668,-250.0,0.38247094848646745,Pass,Fail,Pass,Pass,
PPIH,Perma-Pipe International Holdin,Industrials,Building Products & Equipment,33.55,271555232,0.04517681323849433,0.31579731743666173,True,False,False,0.471,0.3353006215634712,0.22353133677583553,0.10896,0.4165580254777071,4.333621093922875,Pass,Pass,Pass,Pass,
WILC,"G. Willi-Food International,  L",Consumer Defensive,Food Distribution,28.7,399799936,0.062101060466402874,1.5881184668989548,True,False,False,0.088,0.2863127553819572,0.10826592928018215,0.61325,1.5530304545454547,6.601596956629529,Pass,Pass,Pass,Pass,
KULR,"KULR Technology Group, Inc.",Technology,Electronic Components,2.16,99876312,-0.48874783241896236,1.2226851851851852,,True,False,-0.15,0.04767796772424486,-0.4437873369626548,0.06972,-6.666666666666667,5.2924167958589035,Fail,,Pass,Pass,
GRWG,GrowGeneration Corp.,Consumer Cyclical,Specialty Retail,1.04,62494536,-0.15974196528157278,1.560576923076923,,False,False,0.01,0.26755739113768306,-0.24900072486279382,0.0779,100.0,-0.7067918959371293,Pass,Pass,Pass,Pass,
CAAS,"China Automotive Systems, Inc.",Consumer Cyclical,Auto Parts,4.22,127320360,-0.023059941080908034,2.9755924170616117,False,True,False,0.177,0.16817003557344953,0.09668578134963934,0.64765,0.21479105649717514,1.9085764035341195,Fail,Fail,Pass,Pass,
CURI,CuriosityStream Inc.,Communication Services,Broadcasting,3.16,186358912,0.06951639640394552,0.2234177215189873,True,False,True,0.358,0.5658126098970108,-0.27053794254692987,0.30216,2.7932960893854752,-2.2025415372469395,Pass,Fail,Pass,Pass,
TBLA,Taboola.com Ltd.,Communication Services,Internet Content & Information,3.35,965548224,0.16927792515933415,0.98,True,False,False,0.064,0.297854647392314,0.05799207534338773,0.2036,4.0264425,2.0328154334012343,Pass,Pass,Pass,Pass,
ESEA,Euroseas Ltd.,Industrials,Marine Shipping,68.2,481211072,0.08414518359211819,0.9630791788856304,False,True,False,0.077,0.6117718310663213,0.21712196227360586,0.59411,0.44914519480519477,2.7039605069944894,Fail,,Fail (Peak),Pass,
ELMD,"Electromed, Inc.",Healthcare,Medical Devices,24.12,201173808,0.04073094843440057,0.2275290215588723,True,False,True,0.163,0.7822860545156184,0.3080732642624913,0.21451001,1.4366550306748467,14.701435000401263,Pass,Pass,Pass,Pass,
CDRO,"Codere Online Luxembourg, S.A.",Consumer Cyclical,Gambling,8.565,390180032,0.009449484078160104,0.06098135434909516,,False,True,0.032,0.9614756058673469,0.0,0.66649,133.828125,5.0662608906347915,Pass,,Pass,Pass,
VFF,"Village Farms International, In",Consumer Defensive,Farm Products,2.73,312919584,0.0994185138632934,0.9494505494505495,,False,True,0.093,0.33490571623686005,0.06847830296579166,0.102919996,1.6308243010752685,2.3858164028053075,Pass,Pass,Pass,Pass,
BZAI,"Blaize Holdings, Inc.",Technology,Software - Application,2.09,256536016,-0.29055959144543664,0.15311004784688997,,False,True,23775.0,0.1603334023607372,0.0,0.25305998,4.2060988433228184e-05,-4.313092990723515,Pass,Pass,Pass,Pass,
NFGC,New Found Gold Corp,Basic Materials,Gold,2.04,714329408,-0.08176538631320075,0.43151399019607845,,,,0.0,0.020364310286960178,-0.13132537309145942,0.32271,100.0,2.5853952324072704,Pass,Pass,Pass,Pass,
JOUT,Johnson Outdoors Inc.,Consumer Cyclical,Leisure,51.62,539586624,0.07138056854426399,0.7790003874467262,,False,False,0.309,0.3636241591431051,-0.07886318701342376,0.088640004,3.236245954692557,4.176299840001225,Pass,Fail,Pass,Pass,
ARQQ,Arqit Quantum Inc.,Technology,Software - Infrastructure,12.53,196117792,-0.1534893886629113,0.1421388667198723,,,True,0.0,0.0,0.0,0.75854,100.0,-6.8550685931401665,Pass,,Pass,Pass,
CLBT,Cellebrite DI Ltd.,Technology,Software - Infrastructure,11.03,2751321088,0.05826982561186257,0.17660924750679965,,True,False,0.181,0.8419677300677983,0.23645378855163904,0.43144,1.9657813812154699,4.641060348079265,Fail,Pass,Pass,Pass,
AIRG,"Airgain, Inc.",Technology,Communication Equipment,6.18,75543648,-0.019882545253837886,0.37750809061488677,,False,False,-0.196,0.43540817706019813,-0.3347563612342748,0.23161,-5.1020408163265305,0.6300938939831866,Fail,Fail,Pass,Pass,
MQ,"Marqeta, Inc.",Technology,Software - Infrastructure,3.85,1694382080,0.07811874403204264,0.4579220779220779,,False,False,0.267,0.6997650763981795,-0.7051124510279192,0.06576,3.745318352059925,1.27890745780104,Fail,Fail,Pass,Pass,
DAVE,Dave Inc.,Technology,Software - Application,185.41,2458462208,0.11521389227716776,0.1403915646405264,True,False,True,0.624,0.8842726757635578,0.5874212866108035,0.13261,0.21960932692307691,14.193007256446272,Pass,Pass,Pass,Pass,
