2026-04-23 22:52:27,572 - INFO - --- FETCHING TICKER LISTS VIA FINANCE DATA READER ---
2026-04-23 22:52:27,573 - INFO - Fetching NASDAQ...
2026-04-23 22:52:52,043 - INFO - Fetching NYSE...
2026-04-23 22:53:09,733 - INFO - Fetching AMEX...
2026-04-23 22:53:12,366 - INFO - Total Common Stock Tickers: 6505
2026-04-23 22:55:34,315 - ERROR - HTTP Error 404: {"quoteSummary":{"result":null,"error":{"code":"Not Found","description":"Quote not found for symbol: MTAL-U"}}}
2026-04-23 22:55:35,446 - ERROR - HTTP Error 404: {"quoteSummary":{"result":null,"error":{"code":"Not Found","description":"Quote not found for symbol: MTAL-U"}}}
2026-04-23 22:55:52,221 - ERROR - HTTP Error 404: {"quoteSummary":{"result":null,"error":{"code":"Not Found","description":"Quote not found for symbol: SOUL-U"}}}
2026-04-23 22:55:53,534 - ERROR - HTTP Error 404: {"quoteSummary":{"result":null,"error":{"code":"Not Found","description":"Quote not found for symbol: SOUL-U"}}}
2026-04-23 22:58:52,598 - ERROR - HTTP Error 404: {"quoteSummary":{"result":null,"error":{"code":"Not Found","description":"Quote not found for symbol: EQV-U"}}}
2026-04-23 22:58:53,616 - ERROR - HTTP Error 404: {"quoteSummary":{"result":null,"error":{"code":"Not Found","description":"Quote not found for symbol: EQV-U"}}}
2026-04-23 23:04:17,243 - ERROR - HTTP Error 404: {"quoteSummary":{"result":null,"error":{"code":"Not Found","description":"Quote not found for symbol: JACS-U"}}}
2026-04-23 23:04:18,388 - ERROR - HTTP Error 404: {"quoteSummary":{"result":null,"error":{"code":"Not Found","description":"Quote not found for symbol: JACS-U"}}}
2026-04-23 23:04:49,082 - ERROR - HTTP Error 404: {"quoteSummary":{"result":null,"error":{"code":"Not Found","description":"Quote not found for symbol: UAC-U"}}}
2026-04-23 23:05:45,313 - ERROR - HTTP Error 404: {"quoteSummary":{"result":null,"error":{"code":"Not Found","description":"Quote not found for symbol: SAC-U"}}}
2026-04-23 23:05:46,393 - ERROR - HTTP Error 404: {"quoteSummary":{"result":null,"error":{"code":"Not Found","description":"Quote not found for symbol: SAC-U"}}}
2026-04-23 23:08:42,826 - ERROR - HTTP Error 404: {"quoteSummary":{"result":null,"error":{"code":"Not Found","description":"No fundamentals data found for symbol: LEGT-U"}}}
2026-04-23 23:09:38,683 - ERROR - HTTP Error 404: {"quoteSummary":{"result":null,"error":{"code":"Not Found","description":"Quote not found for symbol: BWIV-U"}}}
2026-04-23 23:09:39,678 - ERROR - HTTP Error 404: {"quoteSummary":{"result":null,"error":{"code":"Not Found","description":"Quote not found for symbol: BWIV-U"}}}
2026-04-23 23:11:39,986 - ERROR - HTTP Error 404: {"quoteSummary":{"result":null,"error":{"code":"Not Found","description":"Quote not found for symbol: XFLH-U"}}}
2026-04-23 23:11:41,338 - ERROR - HTTP Error 404: {"quoteSummary":{"result":null,"error":{"code":"Not Found","description":"Quote not found for symbol: XFLH-U"}}}
2026-04-23 23:14:00,253 - ERROR - HTTP Error 404: {"quoteSummary":{"result":null,"error":{"code":"Not Found","description":"Quote not found for symbol: CHN"}}}
2026-04-23 23:14:01,423 - ERROR - HTTP Error 404: {"quoteSummary":{"result":null,"error":{"code":"Not Found","description":"Quote not found for symbol: CHN"}}}
2026-04-23 23:14:18,705 - ERROR - HTTP Error 404: {"quoteSummary":{"result":null,"error":{"code":"Not Found","description":"Quote not found for symbol: PRO"}}}
2026-04-23 23:14:19,717 - ERROR - HTTP Error 404: {"quoteSummary":{"result":null,"error":{"code":"Not Found","description":"Quote not found for symbol: PRO"}}}
2026-04-23 23:14:24,414 - ERROR - HTTP Error 404: {"quoteSummary":{"result":null,"error":{"code":"Not Found","description":"Quote not found for symbol: CLBR-U"}}}
2026-04-23 23:14:25,805 - ERROR - HTTP Error 404: {"quoteSummary":{"result":null,"error":{"code":"Not Found","description":"Quote not found for symbol: CLBR-U"}}}
2026-04-23 23:16:05,087 - ERROR - HTTP Error 404: {"quoteSummary":{"result":null,"error":{"code":"Not Found","description":"Quote not found for symbol: ENX"}}}
2026-04-23 23:16:06,352 - ERROR - HTTP Error 404: {"quoteSummary":{"result":null,"error":{"code":"Not Found","description":"Quote not found for symbol: ENX"}}}
2026-04-23 23:19:12,725 - ERROR - HTTP Error 404: {"quoteSummary":{"result":null,"error":{"code":"Not Found","description":"Quote not found for symbol: FGXCU"}}}
2026-04-23 23:19:13,774 - ERROR - HTTP Error 404: {"quoteSummary":{"result":null,"error":{"code":"Not Found","description":"Quote not found for symbol: FGXCU"}}}
2026-04-23 23:20:54,135 - ERROR - HTTP Error 404: {"quoteSummary":{"result":null,"error":{"code":"Not Found","description":"Quote not found for symbol: OPT"}}}
2026-04-23 23:20:55,307 - ERROR - HTTP Error 404: {"quoteSummary":{"result":null,"error":{"code":"Not Found","description":"Quote not found for symbol: OPT"}}}
2026-04-23 23:22:19,411 - ERROR - HTTP Error 404: {"quoteSummary":{"result":null,"error":{"code":"Not Found","description":"No fundamentals data found for symbol: GRAF-U"}}}
2026-04-23 23:24:03,367 - ERROR - HTTP Error 404: {"quoteSummary":{"result":null,"error":{"code":"Not Found","description":"Quote not found for symbol: KPET-U"}}}
2026-04-23 23:24:04,469 - ERROR - HTTP Error 404: {"quoteSummary":{"result":null,"error":{"code":"Not Found","description":"Quote not found for symbol: KPET-U"}}}
2026-04-23 23:27:13,564 - ERROR - HTTP Error 404: {"quoteSummary":{"result":null,"error":{"code":"Not Found","description":"Quote not found for symbol: ELWS"}}}
2026-04-23 23:27:14,738 - ERROR - HTTP Error 404: {"quoteSummary":{"result":null,"error":{"code":"Not Found","description":"Quote not found for symbol: ELWS"}}}
2026-04-23 23:28:46,702 - ERROR - HTTP Error 404: {"quoteSummary":{"result":null,"error":{"code":"Not Found","description":"Quote not found for symbol: PAII-U"}}}
2026-04-23 23:28:47,721 - ERROR - HTTP Error 404: {"quoteSummary":{"result":null,"error":{"code":"Not Found","description":"Quote not found for symbol: PAII-U"}}}
2026-04-23 23:29:08,701 - ERROR - HTTP Error 404: {"quoteSummary":{"result":null,"error":{"code":"Not Found","description":"Quote not found for symbol: KCAC-U"}}}
2026-04-23 23:29:09,751 - ERROR - HTTP Error 404: {"quoteSummary":{"result":null,"error":{"code":"Not Found","description":"Quote not found for symbol: KCAC-U"}}}
2026-04-23 23:31:52,629 - ERROR - HTTP Error 404: {"quoteSummary":{"result":null,"error":{"code":"Not Found","description":"Quote not found for symbol: BHLB"}}}
2026-04-23 23:31:53,650 - ERROR - HTTP Error 404: {"quoteSummary":{"result":null,"error":{"code":"Not Found","description":"Quote not found for symbol: BHLB"}}}
2026-04-23 23:32:46,725 - ERROR - HTTP Error 404: {"quoteSummary":{"result":null,"error":{"code":"Not Found","description":"Quote not found for symbol: SBXD-U"}}}
2026-04-23 23:32:47,766 - ERROR - HTTP Error 404: {"quoteSummary":{"result":null,"error":{"code":"Not Found","description":"Quote not found for symbol: SBXD-U"}}}
2026-04-23 23:34:13,847 - ERROR - HTTP Error 404: {"quoteSummary":{"result":null,"error":{"code":"Not Found","description":"No fundamentals data found for symbol: FSSL"}}}
2026-04-23 23:39:26,401 - ERROR - HTTP Error 404: {"quoteSummary":{"result":null,"error":{"code":"Not Found","description":"Quote not found for symbol: RNBW"}}}
2026-04-23 23:39:27,502 - ERROR - HTTP Error 404: {"quoteSummary":{"result":null,"error":{"code":"Not Found","description":"Quote not found for symbol: RNBW"}}}
2026-04-23 23:41:49,680 - ERROR - HTTP Error 404: {"quoteSummary":{"result":null,"error":{"code":"Not Found","description":"Quote not found for symbol: SOL"}}}
2026-04-23 23:41:50,753 - ERROR - HTTP Error 404: {"quoteSummary":{"result":null,"error":{"code":"Not Found","description":"Quote not found for symbol: SOL"}}}
2026-04-23 23:42:44,528 - ERROR - HTTP Error 404: {"quoteSummary":{"result":null,"error":{"code":"Not Found","description":"Quote not found for symbol: MAV"}}}
2026-04-23 23:42:45,518 - ERROR - HTTP Error 404: {"quoteSummary":{"result":null,"error":{"code":"Not Found","description":"Quote not found for symbol: MAV"}}}
2026-04-23 23:45:13,575 - ERROR - HTTP Error 404: {"quoteSummary":{"result":null,"error":{"code":"Not Found","description":"Quote not found for symbol: GLED-U"}}}
2026-04-23 23:45:14,585 - ERROR - HTTP Error 404: {"quoteSummary":{"result":null,"error":{"code":"Not Found","description":"Quote not found for symbol: GLED-U"}}}
2026-04-23 23:45:34,493 - ERROR - HTTP Error 404: {"quoteSummary":{"result":null,"error":{"code":"Not Found","description":"Quote not found for symbol: LAZR"}}}
2026-04-23 23:45:35,713 - ERROR - HTTP Error 404: {"quoteSummary":{"result":null,"error":{"code":"Not Found","description":"Quote not found for symbol: LAZR"}}}
2026-04-23 23:48:26,513 - ERROR - HTTP Error 404: {"quoteSummary":{"result":null,"error":{"code":"Not Found","description":"Quote not found for symbol: AGFY"}}}
2026-04-23 23:48:43,666 - ERROR - HTTP Error 404: {"quoteSummary":{"result":null,"error":{"code":"Not Found","description":"Quote not found for symbol: QRED-U"}}}
2026-04-23 23:48:44,691 - ERROR - HTTP Error 404: {"quoteSummary":{"result":null,"error":{"code":"Not Found","description":"Quote not found for symbol: QRED-U"}}}
2026-04-23 23:49:18,158 - ERROR - HTTP Error 404: {"quoteSummary":{"result":null,"error":{"code":"Not Found","description":"Quote not found for symbol: LEGO-U"}}}
2026-04-23 23:49:52,722 - ERROR - HTTP Error 404: {"quoteSummary":{"result":null,"error":{"code":"Not Found","description":"Quote not found for symbol: MIO"}}}
2026-04-23 23:49:53,749 - ERROR - HTTP Error 404: {"quoteSummary":{"result":null,"error":{"code":"Not Found","description":"Quote not found for symbol: MIO"}}}
2026-04-23 23:51:10,120 - ERROR - HTTP Error 404: {"quoteSummary":{"result":null,"error":{"code":"Not Found","description":"No fundamentals data found for symbol: BITW"}}}
2026-04-23 23:53:41,230 - ERROR - HTTP Error 404: {"quoteSummary":{"result":null,"error":{"code":"Not Found","description":"Quote not found for symbol: MHI"}}}
2026-04-23 23:53:42,218 - ERROR - HTTP Error 404: {"quoteSummary":{"result":null,"error":{"code":"Not Found","description":"Quote not found for symbol: MHI"}}}
2026-04-23 23:53:55,313 - ERROR - HTTP Error 404: {"quoteSummary":{"result":null,"error":{"code":"Not Found","description":"Quote not found for symbol: RAC-U"}}}
2026-04-23 23:53:56,363 - ERROR - HTTP Error 404: {"quoteSummary":{"result":null,"error":{"code":"Not Found","description":"Quote not found for symbol: RAC-U"}}}
2026-04-23 23:56:53,562 - ERROR - HTTP Error 404: {"quoteSummary":{"result":null,"error":{"code":"Not Found","description":"Quote not found for symbol: PHD"}}}
2026-04-23 23:56:54,565 - ERROR - HTTP Error 404: {"quoteSummary":{"result":null,"error":{"code":"Not Found","description":"Quote not found for symbol: PHD"}}}
2026-04-23 23:58:12,360 - ERROR - HTTP Error 404: {"quoteSummary":{"result":null,"error":{"code":"Not Found","description":"No fundamentals data found for symbol: OBTC"}}}
2026-04-24 00:02:00,308 - ERROR - HTTP Error 404: {"quoteSummary":{"result":null,"error":{"code":"Not Found","description":"Quote not found for symbol: COPL-U"}}}
2026-04-24 00:02:01,419 - ERROR - HTTP Error 404: {"quoteSummary":{"result":null,"error":{"code":"Not Found","description":"Quote not found for symbol: COPL-U"}}}
2026-04-24 00:04:37,404 - ERROR - HTTP Error 404: {"quoteSummary":{"result":null,"error":{"code":"Not Found","description":"Quote not found for symbol: IRAB-U"}}}
2026-04-24 00:04:38,628 - ERROR - HTTP Error 404: {"quoteSummary":{"result":null,"error":{"code":"Not Found","description":"Quote not found for symbol: IRAB-U"}}}
2026-04-24 00:06:13,047 - ERROR - HTTP Error 404: {"quoteSummary":{"result":null,"error":{"code":"Not Found","description":"Quote not found for symbol: AMBI"}}}
2026-04-24 00:06:14,081 - ERROR - HTTP Error 404: {"quoteSummary":{"result":null,"error":{"code":"Not Found","description":"Quote not found for symbol: AMBI"}}}
2026-04-24 00:08:06,267 - ERROR - HTTP Error 404: {"quoteSummary":{"result":null,"error":{"code":"Not Found","description":"Quote not found for symbol: BIII-U"}}}
2026-04-24 00:08:07,341 - ERROR - HTTP Error 404: {"quoteSummary":{"result":null,"error":{"code":"Not Found","description":"Quote not found for symbol: BIII-U"}}}
2026-04-24 00:08:21,613 - ERROR - Failed to perform, curl: (16) . See https://curl.se/libcurl/c/libcurl-errors.html first for more details.
2026-04-24 00:08:26,061 - ERROR - HTTP Error 404: {"quoteSummary":{"result":null,"error":{"code":"Not Found","description":"Quote not found for symbol: EVAC-U"}}}
2026-04-24 00:08:27,416 - ERROR - HTTP Error 404: {"quoteSummary":{"result":null,"error":{"code":"Not Found","description":"Quote not found for symbol: EVAC-U"}}}
2026-04-24 00:09:26,555 - ERROR - HTTP Error 404: {"quoteSummary":{"result":null,"error":{"code":"Not Found","description":"Quote not found for symbol: GNFT"}}}
2026-04-24 00:09:27,739 - ERROR - HTTP Error 404: {"quoteSummary":{"result":null,"error":{"code":"Not Found","description":"Quote not found for symbol: GNFT"}}}
2026-04-24 00:20:11,856 - ERROR - HTTP Error 404: {"quoteSummary":{"result":null,"error":{"code":"Not Found","description":"Quote not found for symbol: BEBE-U"}}}
2026-04-24 00:20:12,825 - ERROR - HTTP Error 404: {"quoteSummary":{"result":null,"error":{"code":"Not Found","description":"Quote not found for symbol: BEBE-U"}}}
2026-04-24 00:21:53,616 - ERROR - HTTP Error 404: {"quoteSummary":{"result":null,"error":{"code":"Not Found","description":"Quote not found for symbol: YCY-U"}}}
2026-04-24 00:21:54,817 - ERROR - HTTP Error 404: {"quoteSummary":{"result":null,"error":{"code":"Not Found","description":"Quote not found for symbol: YCY-U"}}}
2026-04-24 00:22:27,446 - ERROR - HTTP Error 404: {"quoteSummary":{"result":null,"error":{"code":"Not Found","description":"Quote not found for symbol: PHT"}}}
2026-04-24 00:22:28,544 - ERROR - HTTP Error 404: {"quoteSummary":{"result":null,"error":{"code":"Not Found","description":"Quote not found for symbol: PHT"}}}
2026-04-24 00:23:09,751 - ERROR - HTTP Error 404: {"quoteSummary":{"result":null,"error":{"code":"Not Found","description":"Quote not found for symbol: ADAP"}}}
2026-04-24 00:23:10,872 - ERROR - HTTP Error 404: {"quoteSummary":{"result":null,"error":{"code":"Not Found","description":"Quote not found for symbol: ADAP"}}}
2026-04-24 00:24:55,655 - ERROR - HTTP Error 404: {"quoteSummary":{"result":null,"error":{"code":"Not Found","description":"Quote not found for symbol: VERB"}}}
2026-04-24 00:24:56,769 - ERROR - HTTP Error 404: {"quoteSummary":{"result":null,"error":{"code":"Not Found","description":"Quote not found for symbol: VERB"}}}
2026-04-24 00:25:16,755 - ERROR - HTTP Error 404: {"quoteSummary":{"result":null,"error":{"code":"Not Found","description":"Quote not found for symbol: ADN"}}}
2026-04-24 00:25:35,402 - ERROR - HTTP Error 404: {"quoteSummary":{"result":null,"error":{"code":"Not Found","description":"Quote not found for symbol: JPI"}}}
2026-04-24 00:25:36,369 - ERROR - HTTP Error 404: {"quoteSummary":{"result":null,"error":{"code":"Not Found","description":"Quote not found for symbol: JPI"}}}
2026-04-24 00:26:29,560 - ERROR - HTTP Error 404: {"quoteSummary":{"result":null,"error":{"code":"Not Found","description":"Quote not found for symbol: WPAC-U"}}}
2026-04-24 00:26:30,856 - ERROR - HTTP Error 404: {"quoteSummary":{"result":null,"error":{"code":"Not Found","description":"Quote not found for symbol: WPAC-U"}}}
2026-04-24 00:27:29,263 - ERROR - HTTP Error 404: {"quoteSummary":{"result":null,"error":{"code":"Not Found","description":"Quote not found for symbol: CLRS"}}}
2026-04-24 00:27:30,329 - ERROR - HTTP Error 404: {"quoteSummary":{"result":null,"error":{"code":"Not Found","description":"Quote not found for symbol: CLRS"}}}
2026-04-24 00:30:48,287 - ERROR - HTTP Error 404: {"quoteSummary":{"result":null,"error":{"code":"Not Found","description":"No fundamentals data found for symbol: SWZ"}}}
2026-04-24 00:32:52,966 - ERROR - HTTP Error 404: {"quoteSummary":{"result":null,"error":{"code":"Not Found","description":"Quote not found for symbol: ZYXI"}}}
2026-04-24 00:32:54,002 - ERROR - HTTP Error 404: {"quoteSummary":{"result":null,"error":{"code":"Not Found","description":"Quote not found for symbol: ZYXI"}}}
2026-04-24 00:35:19,372 - ERROR - HTTP Error 404: {"quoteSummary":{"result":null,"error":{"code":"Not Found","description":"Quote not found for symbol: JENA-U"}}}
2026-04-24 00:35:20,597 - ERROR - HTTP Error 404: {"quoteSummary":{"result":null,"error":{"code":"Not Found","description":"Quote not found for symbol: JENA-U"}}}
2026-04-24 00:38:28,555 - ERROR - HTTP Error 404: {"quoteSummary":{"result":null,"error":{"code":"Not Found","description":"Quote not found for symbol: AIIA-U"}}}
2026-04-24 00:38:29,556 - ERROR - HTTP Error 404: {"quoteSummary":{"result":null,"error":{"code":"Not Found","description":"Quote not found for symbol: AIIA-U"}}}
2026-04-24 00:38:50,717 - ERROR - HTTP Error 404: {"quoteSummary":{"result":null,"error":{"code":"Not Found","description":"Quote not found for symbol: FCRS-U"}}}
2026-04-24 00:38:51,734 - ERROR - HTTP Error 404: {"quoteSummary":{"result":null,"error":{"code":"Not Found","description":"Quote not found for symbol: FCRS-U"}}}
2026-04-24 00:39:08,957 - ERROR - HTTP Error 404: {"quoteSummary":{"result":null,"error":{"code":"Not Found","description":"Quote not found for symbol: NWAX-U"}}}
2026-04-24 00:39:10,111 - ERROR - HTTP Error 404: {"quoteSummary":{"result":null,"error":{"code":"Not Found","description":"Quote not found for symbol: NWAX-U"}}}
2026-04-24 00:42:21,503 - ERROR - HTTP Error 404: {"quoteSummary":{"result":null,"error":{"code":"Not Found","description":"Quote not found for symbol: BCSS-U"}}}
2026-04-24 00:42:22,906 - ERROR - HTTP Error 404: {"quoteSummary":{"result":null,"error":{"code":"Not Found","description":"Quote not found for symbol: BCSS-U"}}}
2026-04-24 00:43:30,237 - ERROR - HTTP Error 404: {"quoteSummary":{"result":null,"error":{"code":"Not Found","description":"Quote not found for symbol: ALUB-U"}}}
2026-04-24 00:43:31,223 - ERROR - HTTP Error 404: {"quoteSummary":{"result":null,"error":{"code":"Not Found","description":"Quote not found for symbol: ALUB-U"}}}
2026-04-24 00:47:48,888 - ERROR - HTTP Error 404: {"quoteSummary":{"result":null,"error":{"code":"Not Found","description":"Quote not found for symbol: VACI-U"}}}
2026-04-24 00:47:49,990 - ERROR - HTTP Error 404: {"quoteSummary":{"result":null,"error":{"code":"Not Found","description":"Quote not found for symbol: VACI-U"}}}
2026-04-24 00:48:20,000 - ERROR - HTTP Error 404: {"quoteSummary":{"result":null,"error":{"code":"Not Found","description":"Quote not found for symbol: KUKE"}}}
2026-04-24 00:48:21,035 - ERROR - HTTP Error 404: {"quoteSummary":{"result":null,"error":{"code":"Not Found","description":"Quote not found for symbol: KUKE"}}}
2026-04-24 00:48:59,857 - ERROR - HTTP Error 404: {"quoteSummary":{"result":null,"error":{"code":"Not Found","description":"Quote not found for symbol: SBXE-U"}}}
2026-04-24 00:49:00,908 - ERROR - HTTP Error 404: {"quoteSummary":{"result":null,"error":{"code":"Not Found","description":"Quote not found for symbol: SBXE-U"}}}
2026-04-24 00:51:02,966 - ERROR - HTTP Error 404: {"quoteSummary":{"result":null,"error":{"code":"Not Found","description":"Quote not found for symbol: MZYX-U"}}}
2026-04-24 00:51:04,040 - ERROR - HTTP Error 404: {"quoteSummary":{"result":null,"error":{"code":"Not Found","description":"Quote not found for symbol: MZYX-U"}}}
2026-04-24 00:51:26,265 - ERROR - HTTP Error 404: {"quoteSummary":{"result":null,"error":{"code":"Not Found","description":"Quote not found for symbol: CHEK"}}}
2026-04-24 00:51:27,336 - ERROR - HTTP Error 404: {"quoteSummary":{"result":null,"error":{"code":"Not Found","description":"Quote not found for symbol: CHEK"}}}
2026-04-24 00:53:27,907 - ERROR - HTTP Error 404: {"quoteSummary":{"result":null,"error":{"code":"Not Found","description":"Quote not found for symbol: TRAD-U"}}}
2026-04-24 00:53:28,944 - ERROR - HTTP Error 404: {"quoteSummary":{"result":null,"error":{"code":"Not Found","description":"Quote not found for symbol: TRAD-U"}}}
2026-04-24 00:54:24,574 - ERROR - HTTP Error 404: {"quoteSummary":{"result":null,"error":{"code":"Not Found","description":"Quote not found for symbol: KRSP-U"}}}
2026-04-24 00:54:25,591 - ERROR - HTTP Error 404: {"quoteSummary":{"result":null,"error":{"code":"Not Found","description":"Quote not found for symbol: KRSP-U"}}}
2026-04-24 00:57:51,824 - ERROR - HTTP Error 404: {"quoteSummary":{"result":null,"error":{"code":"Not Found","description":"Quote not found for symbol: EBR-B"}}}
2026-04-24 00:57:52,881 - ERROR - HTTP Error 404: {"quoteSummary":{"result":null,"error":{"code":"Not Found","description":"Quote not found for symbol: EBR-B"}}}
2026-05-03 22:34:23,871 - INFO - --- FETCHING TICKER LISTS VIA FINANCE DATA READER ---
2026-05-03 22:34:23,871 - INFO - Fetching NASDAQ...
2026-05-04 00:05:33,293 - INFO - --- FETCHING TICKER LISTS VIA FINANCE DATA READER ---
2026-05-04 00:05:33,296 - INFO - Fetching NASDAQ...
2026-05-04 16:11:03,812 - INFO - --- FETCHING TICKER LISTS VIA FINANCE DATA READER ---
2026-05-04 16:11:05,118 - INFO - Fetching NASDAQ...
2026-05-04 16:11:52,997 - INFO - Fetching NYSE...
2026-05-04 16:12:25,711 - INFO - Fetching AMEX...
2026-05-04 16:12:31,148 - INFO - Total Common Stock Tickers: 6511
2026-05-04 16:12:31,512 - INFO - Loaded 6480 existing records.
2026-05-04 16:12:32,217 - INFO - Scanning Universe: 6511 stocks.
2026-05-04 16:12:32,936 - INFO - [1/6511] Scan: TSCO...
2026-05-04 16:12:42,073 - INFO - [5/6511] Scan: CVBF...
2026-05-04 16:12:48,320 - INFO - [10/6511] Scan: QRVO...
2026-05-04 16:12:54,783 - INFO - [15/6511] Scan: CPS...
2026-05-04 16:13:01,123 - INFO - [20/6511] Scan: FCNCP...
2026-05-04 16:13:06,780 - INFO - [25/6511] Scan: MCR...
2026-05-04 16:13:12,945 - INFO - [30/6511] Scan: LEE...
2026-05-04 16:13:19,114 - INFO - [35/6511] Scan: RAL...
2026-05-04 16:13:26,017 - INFO - [40/6511] Scan: ABEO...
2026-05-04 16:13:32,632 - INFO - [45/6511] Scan: WALD...
2026-05-04 16:13:38,652 - INFO - [50/6511] Scan: LCCCR...
2026-05-04 16:13:44,892 - INFO - [55/6511] Scan: AR...
2026-05-04 16:13:50,833 - INFO - [60/6511] Scan: BNL...
2026-05-04 16:13:56,079 - INFO - [65/6511] Scan: LPTH...
2026-05-04 16:14:02,012 - INFO - [70/6511] Scan: AXTI...
2026-05-04 16:14:08,467 - INFO - [75/6511] Scan: TGB...
2026-05-04 16:14:14,419 - INFO - [80/6511] Scan: CPIX...
2026-05-04 16:14:20,333 - INFO - [85/6511] Scan: PAYS...
2026-05-04 16:14:21,677 - INFO - FOUND GEM: PAYS
2026-05-04 16:14:27,042 - INFO - [90/6511] Scan: CCEL...
2026-05-04 16:14:32,893 - INFO - [95/6511] Scan: LPCN...
2026-05-04 16:14:39,097 - INFO - [100/6511] Scan: GTN-A...
2026-05-04 16:14:45,263 - INFO - [105/6511] Scan: YMAT...
2026-05-04 16:14:52,103 - INFO - [110/6511] Scan: SNBR...
2026-05-04 16:14:55,049 - ERROR - HTTP Error 404: {"quoteSummary":{"result":null,"error":{"code":"Not Found","description":"Quote not found for symbol: PAII-U"}}}
2026-05-04 16:14:56,231 - ERROR - HTTP Error 404: {"quoteSummary":{"result":null,"error":{"code":"Not Found","description":"Quote not found for symbol: PAII-U"}}}
2026-05-04 16:14:58,683 - INFO - [115/6511] Scan: BFRI...
2026-05-04 16:15:04,360 - INFO - [120/6511] Scan: SCNX...
2026-05-04 16:15:10,975 - INFO - [125/6511] Scan: EGP...
2026-05-04 16:15:16,930 - INFO - [130/6511] Scan: XSLL...
2026-05-04 16:15:22,457 - INFO - [135/6511] Scan: VRAX...
2026-05-04 16:15:28,853 - INFO - [140/6511] Scan: DAAQU...
2026-05-04 16:15:34,738 - INFO - [145/6511] Scan: BHRB...
2026-05-04 16:15:41,074 - INFO - [150/6511] Scan: PGY...
2026-05-04 16:15:47,262 - INFO - [155/6511] Scan: STSS...
2026-05-04 16:15:53,615 - INFO - [160/6511] Scan: INVH...
2026-05-04 16:15:59,388 - INFO - [165/6511] Scan: BSAAU...
2026-05-04 16:16:05,896 - INFO - [170/6511] Scan: WMT...
2026-05-04 16:16:12,641 - INFO - [175/6511] Scan: STRA...
2026-05-04 16:16:16,651 - INFO - FOUND GEM: SPRO
2026-05-04 16:16:18,894 - INFO - [180/6511] Scan: AHG...
2026-05-04 16:16:24,614 - INFO - [185/6511] Scan: SEM...
2026-05-04 16:16:31,028 - INFO - [190/6511] Scan: DEC...
2026-05-04 16:16:37,669 - INFO - [195/6511] Scan: QQQX...
2026-05-04 16:16:43,186 - INFO - [200/6511] Scan: HTFL...
2026-05-04 16:16:49,016 - INFO - [205/6511] Scan: XWEL...
2026-05-04 16:16:54,853 - INFO - [210/6511] Scan: FBIZ...
2026-05-04 16:17:01,000 - INFO - [215/6511] Scan: PUK...
2026-05-04 16:17:06,876 - INFO - [220/6511] Scan: AEMD...
2026-05-04 16:17:12,789 - INFO - [225/6511] Scan: RMBI...
2026-05-04 16:17:19,601 - INFO - [230/6511] Scan: RILYL...
2026-05-04 16:17:25,564 - INFO - [235/6511] Scan: MRBK...
2026-05-04 16:17:32,066 - INFO - [240/6511] Scan: INSE...
2026-05-04 16:17:38,142 - INFO - [245/6511] Scan: DOC...
2026-05-04 16:17:44,207 - INFO - [250/6511] Scan: NOEMU...
2026-05-04 16:17:49,773 - INFO - [255/6511] Scan: AMBI...
2026-05-04 16:17:50,231 - ERROR - HTTP Error 404: {"quoteSummary":{"result":null,"error":{"code":"Not Found","description":"Quote not found for symbol: AMBI"}}}
2026-05-04 16:17:51,426 - ERROR - HTTP Error 404: {"quoteSummary":{"result":null,"error":{"code":"Not Found","description":"Quote not found for symbol: AMBI"}}}
2026-05-04 16:17:56,305 - INFO - [260/6511] Scan: KLC...
2026-05-04 16:18:02,320 - INFO - [265/6511] Scan: VCYT...
2026-05-04 16:18:08,093 - INFO - [270/6511] Scan: RCUS...
2026-05-04 16:18:17,897 - INFO - [275/6511] Scan: BA...
2026-05-04 16:18:23,841 - INFO - [280/6511] Scan: ROOT...
2026-05-04 16:18:30,246 - INFO - [285/6511] Scan: INTZ...
2026-05-04 16:18:36,590 - INFO - [290/6511] Scan: FBLG...
2026-05-04 16:18:42,687 - ERROR - HTTP Error 404: {"quoteSummary":{"result":null,"error":{"code":"Not Found","description":"No fundamentals data found for symbol: LEGT-U"}}}
2026-05-04 16:18:42,996 - INFO - [295/6511] Scan: CXIIU...
2026-05-04 16:18:48,964 - INFO - [300/6511] Scan: BOH...
2026-05-04 16:18:54,992 - INFO - [305/6511] Scan: ZION...
2026-05-04 16:19:01,120 - INFO - [310/6511] Scan: OST...
2026-05-04 16:19:06,864 - INFO - [315/6511] Scan: AX...
2026-05-04 16:19:13,132 - INFO - [320/6511] Scan: SOPH...
2026-05-04 16:19:18,715 - INFO - [325/6511] Scan: BILI...
2026-05-04 16:19:24,194 - INFO - [330/6511] Scan: KGEI...
2026-05-04 16:19:30,429 - INFO - [335/6511] Scan: RYTM...
2026-05-04 16:19:36,785 - INFO - [340/6511] Scan: RERE...
2026-05-04 16:19:43,151 - INFO - [345/6511] Scan: SMCI...
2026-05-04 16:19:49,580 - ERROR - HTTP Error 404: {"quoteSummary":{"result":null,"error":{"code":"Not Found","description":"No fundamentals data found for symbol: BITW"}}}
2026-05-04 16:19:50,319 - INFO - [350/6511] Scan: ATMU...
2026-05-04 16:19:56,090 - INFO - [355/6511] Scan: CETX...
2026-05-04 16:20:02,188 - INFO - [360/6511] Scan: PSQH...
2026-05-04 16:20:07,564 - ERROR - HTTP Error 404: {"quoteSummary":{"result":null,"error":{"code":"Not Found","description":"Quote not found for symbol: AGFY"}}}
2026-05-04 16:20:09,332 - INFO - [365/6511] Scan: PLPC...
2026-05-04 16:20:15,116 - INFO - [370/6511] Scan: HTOO...
2026-05-04 16:20:21,334 - INFO - [375/6511] Scan: BTCT...
2026-05-04 16:20:27,022 - INFO - [380/6511] Scan: BK...
2026-05-04 16:20:40,641 - INFO - [385/6511] Scan: IGD...
2026-05-04 16:20:47,016 - INFO - [390/6511] Scan: BSL...
2026-05-04 16:20:52,718 - INFO - [395/6511] Scan: RGA...
2026-05-04 16:20:58,984 - INFO - [400/6511] Scan: INR...
2026-05-04 16:21:04,889 - INFO - [405/6511] Scan: MBI...
2026-05-04 16:21:10,900 - INFO - [410/6511] Scan: HBAN...
2026-05-04 16:21:17,149 - INFO - [415/6511] Scan: AACIU...
2026-05-04 16:21:22,484 - ERROR - HTTP Error 404: {"quoteSummary":{"result":null,"error":{"code":"Not Found","description":"Quote not found for symbol: UAC-U"}}}
2026-05-04 16:21:22,751 - INFO - [420/6511] Scan: WIT...
2026-05-04 16:21:28,286 - INFO - [425/6511] Scan: SUNE...
2026-05-04 16:21:34,148 - INFO - [430/6511] Scan: ORA...
2026-05-04 16:21:40,526 - INFO - [435/6511] Scan: HBB...
2026-05-04 16:21:46,499 - INFO - [440/6511] Scan: COE...
2026-05-04 16:21:50,329 - INFO - FOUND GEM: VITL
2026-05-04 16:21:52,592 - INFO - [445/6511] Scan: RENT...
2026-05-04 16:21:58,316 - INFO - [450/6511] Scan: BFAM...
2026-05-04 16:22:04,469 - INFO - [455/6511] Scan: UPST...
2026-05-04 16:22:10,302 - INFO - [460/6511] Scan: PTA...
2026-05-04 16:22:16,359 - INFO - [465/6511] Scan: CDRE...
2026-05-04 16:22:22,327 - INFO - [470/6511] Scan: ACGLO...
2026-05-04 16:22:27,884 - INFO - [475/6511] Scan: BME...
2026-05-04 16:22:33,322 - INFO - [480/6511] Scan: KULR...
2026-05-04 16:22:39,234 - INFO - [485/6511] Scan: STUB...
2026-05-04 16:22:45,029 - INFO - [490/6511] Scan: TTD...
2026-05-04 16:22:50,855 - INFO - [495/6511] Scan: CRSP...
2026-05-04 16:22:56,803 - INFO - [500/6511] Scan: MKSI...
2026-05-04 16:23:02,932 - INFO - [505/6511] Scan: BANFP...
2026-05-04 16:23:09,059 - INFO - [510/6511] Scan: ODC...
2026-05-04 16:23:14,834 - INFO - [515/6511] Scan: FOUR...
2026-05-04 16:23:21,077 - INFO - [520/6511] Scan: CNNE...
2026-05-04 16:23:27,048 - INFO - [525/6511] Scan: STRL...
2026-05-04 16:23:33,183 - INFO - [530/6511] Scan: BDL...
2026-05-04 16:23:38,824 - INFO - [535/6511] Scan: MITN...
2026-05-04 16:23:51,153 - INFO - [540/6511] Scan: ACRV...
2026-05-04 16:23:56,702 - INFO - [545/6511] Scan: AUUD...
2026-05-04 16:24:02,624 - INFO - [550/6511] Scan: TKR...
2026-05-04 16:24:08,540 - INFO - [555/6511] Scan: TACH...
2026-05-04 16:24:14,304 - INFO - [560/6511] Scan: BBSI...
2026-05-04 16:24:20,394 - INFO - [565/6511] Scan: GIFT...
2026-05-04 16:24:26,575 - INFO - [570/6511] Scan: CPHI...
2026-05-04 16:24:32,351 - INFO - [575/6511] Scan: BEAGR...
2026-05-04 16:24:37,349 - INFO - [580/6511] Scan: AOMR...
2026-05-04 16:24:43,379 - INFO - [585/6511] Scan: SPAI...
2026-05-04 16:24:49,263 - INFO - [590/6511] Scan: AGNCL...
2026-05-04 16:24:55,373 - INFO - [595/6511] Scan: KOPN...
2026-05-04 16:25:01,452 - INFO - [600/6511] Scan: AIFF...
2026-05-04 16:25:07,521 - INFO - [605/6511] Scan: RANGU...
2026-05-04 16:25:13,244 - INFO - [610/6511] Scan: MSD...
2026-05-04 16:25:19,244 - INFO - [615/6511] Scan: MRX...
2026-05-04 16:25:25,584 - INFO - [620/6511] Scan: GLP...
2026-05-04 16:25:31,865 - INFO - [625/6511] Scan: ACHR...
2026-05-04 16:25:37,517 - INFO - [630/6511] Scan: PAA...
2026-05-04 16:25:43,524 - INFO - [635/6511] Scan: ALVO...
2026-05-04 16:25:49,406 - INFO - [640/6511] Scan: SPEGR...
2026-05-04 16:25:55,012 - INFO - [645/6511] Scan: ITUB...
2026-05-04 16:26:04,190 - INFO - [650/6511] Scan: BMEA...
2026-05-04 16:26:10,024 - INFO - [655/6511] Scan: ROP...
2026-05-04 16:26:16,561 - INFO - [660/6511] Scan: RAMP...
2026-05-04 16:26:22,667 - INFO - [665/6511] Scan: CHDN...
2026-05-04 16:26:28,293 - INFO - [670/6511] Scan: ETX...
2026-05-04 16:26:33,851 - INFO - [675/6511] Scan: TCI...
2026-05-04 16:26:39,619 - INFO - [680/6511] Scan: HELE...
2026-05-04 16:26:45,133 - INFO - [685/6511] Scan: MAGH...
2026-05-04 16:26:51,140 - INFO - [690/6511] Scan: BMR...
2026-05-04 16:26:56,856 - INFO - [695/6511] Scan: CUE...
2026-05-04 16:27:02,757 - INFO - [700/6511] Scan: QSEAR...
2026-05-04 16:27:08,054 - INFO - [705/6511] Scan: TOI...
2026-05-04 16:27:13,738 - INFO - [710/6511] Scan: IIIN...
2026-05-04 16:27:19,846 - INFO - [715/6511] Scan: CNET...
2026-05-04 16:27:25,960 - INFO - [720/6511] Scan: SUGP...
2026-05-04 16:27:31,647 - INFO - [725/6511] Scan: VOD...
2026-05-04 16:27:43,721 - INFO - [730/6511] Scan: GEV...
2026-05-04 16:27:49,781 - INFO - [735/6511] Scan: BHR...
2026-05-04 16:27:56,159 - INFO - [740/6511] Scan: SABS...
2026-05-04 16:28:02,465 - INFO - [745/6511] Scan: UVV...
2026-05-04 16:28:08,525 - INFO - [750/6511] Scan: COLB...
2026-05-04 16:28:17,944 - ERROR - HTTP Error 404: {"quoteSummary":{"result":null,"error":{"code":"Not Found","description":"Quote not found for symbol: ALUB-U"}}}
2026-05-04 16:28:19,174 - ERROR - HTTP Error 404: {"quoteSummary":{"result":null,"error":{"code":"Not Found","description":"Quote not found for symbol: ALUB-U"}}}
2026-05-04 16:28:21,506 - INFO - [755/6511] Scan: ELMT...
2026-05-04 16:28:27,457 - INFO - [760/6511] Scan: GSHRU...
2026-05-04 16:28:33,367 - INFO - [765/6511] Scan: RGCO...
2026-05-04 16:28:35,420 - ERROR - HTTP Error 404: {"quoteSummary":{"result":null,"error":{"code":"Not Found","description":"Quote not found for symbol: VERB"}}}
2026-05-04 16:28:36,680 - ERROR - HTTP Error 404: {"quoteSummary":{"result":null,"error":{"code":"Not Found","description":"Quote not found for symbol: VERB"}}}
2026-05-04 16:28:40,559 - INFO - [770/6511] Scan: KFRC...
2026-05-04 16:28:46,519 - INFO - [775/6511] Scan: NTHI...
2026-05-04 16:28:52,782 - INFO - [780/6511] Scan: ANNX...
2026-05-04 16:28:58,551 - INFO - [785/6511] Scan: CCXI...
2026-05-04 16:29:04,371 - INFO - [790/6511] Scan: HUT...
2026-05-04 16:29:10,516 - INFO - [795/6511] Scan: NNN...
2026-05-04 16:29:20,203 - INFO - [800/6511] Scan: TAOP...
2026-05-04 16:29:25,689 - INFO - [805/6511] Scan: PHAT...
2026-05-04 16:29:31,302 - INFO - [810/6511] Scan: MSBIP...
2026-05-04 16:29:37,229 - INFO - [815/6511] Scan: MCTA...
2026-05-04 16:29:43,165 - INFO - [820/6511] Scan: NPCE...
2026-05-04 16:29:48,667 - INFO - [825/6511] Scan: MAIR...
2026-05-04 16:29:54,446 - INFO - [830/6511] Scan: DTF...
2026-05-04 16:30:00,313 - INFO - [835/6511] Scan: NSYS...
2026-05-04 16:30:06,172 - INFO - [840/6511] Scan: ELVN...
2026-05-04 16:30:12,158 - INFO - [845/6511] Scan: DCOMP...
2026-05-04 16:30:18,550 - INFO - [850/6511] Scan: XTLB...
2026-05-04 16:30:24,969 - INFO - [855/6511] Scan: MSLE...
2026-05-04 16:30:30,679 - INFO - [860/6511] Scan: KLAC...
2026-05-04 16:30:36,794 - INFO - [865/6511] Scan: CRAQR...
2026-05-04 16:30:42,701 - INFO - [870/6511] Scan: BKTI...
2026-05-04 16:30:48,667 - INFO - [875/6511] Scan: NEGG...
2026-05-04 16:30:54,204 - INFO - [880/6511] Scan: BYRN...
2026-05-04 16:30:59,895 - INFO - [885/6511] Scan: LILA...
2026-05-04 16:31:09,895 - INFO - [890/6511] Scan: AEXA...
2026-05-04 16:31:16,023 - INFO - [895/6511] Scan: ORN...
2026-05-04 16:31:21,106 - INFO - [900/6511] Scan: KEYS...
2026-05-04 16:31:26,488 - INFO - [905/6511] Scan: SBFG...
2026-05-04 16:31:32,090 - INFO - [910/6511] Scan: ACEL...
2026-05-04 16:31:38,411 - INFO - [915/6511] Scan: XPEL...
2026-05-04 16:31:44,199 - INFO - [920/6511] Scan: AGCO...
2026-05-04 16:31:50,484 - INFO - [925/6511] Scan: FTLF...
2026-05-04 16:31:53,581 - ERROR - HTTP Error 404: {"quoteSummary":{"result":null,"error":{"code":"Not Found","description":"Quote not found for symbol: CLRS"}}}
2026-05-04 16:31:55,340 - ERROR - HTTP Error 404: {"quoteSummary":{"result":null,"error":{"code":"Not Found","description":"Quote not found for symbol: CLRS"}}}
2026-05-04 16:31:57,508 - INFO - [930/6511] Scan: GNSS...
2026-05-04 16:32:04,307 - INFO - [935/6511] Scan: RLMD...
2026-05-04 16:32:10,450 - INFO - [940/6511] Scan: SDGR...
2026-05-04 16:32:16,390 - INFO - [945/6511] Scan: SCSC...
2026-05-04 16:32:22,397 - INFO - [950/6511] Scan: JSPR...
2026-05-04 16:32:27,288 - ERROR - HTTP Error 404: {"quoteSummary":{"result":null,"error":{"code":"Not Found","description":"No fundamentals data found for symbol: GRAF-U"}}}
2026-05-04 16:32:28,579 - INFO - [955/6511] Scan: TWLV...
2026-05-04 16:32:34,068 - INFO - [960/6511] Scan: AOMD...
2026-05-04 16:32:39,834 - INFO - [965/6511] Scan: HCC...
2026-05-04 16:32:45,404 - INFO - [970/6511] Scan: GLPG...
2026-05-04 16:32:51,273 - INFO - [975/6511] Scan: GOLF...
2026-05-04 16:32:57,039 - INFO - [980/6511] Scan: PROF...
2026-05-04 16:33:02,891 - INFO - [985/6511] Scan: ZVRA...
2026-05-04 16:33:08,658 - INFO - [990/6511] Scan: MASS...
2026-05-04 16:33:15,167 - INFO - [995/6511] Scan: PMTR...
2026-05-04 16:33:22,418 - INFO - [1000/6511] Scan: BELFB...
2026-05-04 16:33:28,579 - INFO - [1005/6511] Scan: ASG...
2026-05-04 16:33:34,369 - INFO - [1010/6511] Scan: MOS...
2026-05-04 16:33:37,343 - INFO - FOUND GEM: CMCL
2026-05-04 16:33:41,836 - INFO - [1015/6511] Scan: ATCX...
2026-05-04 16:33:47,786 - INFO - [1020/6511] Scan: BUDA...
2026-05-04 16:33:52,707 - INFO - [1025/6511] Scan: MEG...
2026-05-04 16:33:58,453 - INFO - [1030/6511] Scan: RHI...
2026-05-04 16:34:05,108 - INFO - [1035/6511] Scan: ASM...
2026-05-04 16:34:10,851 - INFO - [1040/6511] Scan: UCAR...
2026-05-04 16:34:16,353 - INFO - [1045/6511] Scan: NRDY...
2026-05-04 16:34:21,857 - INFO - [1050/6511] Scan: DIBS...
2026-05-04 16:34:27,970 - INFO - [1055/6511] Scan: CNTB...
2026-05-04 16:34:34,296 - INFO - [1060/6511] Scan: SAAQU...
2026-05-04 16:34:40,567 - INFO - [1065/6511] Scan: NEXR...
2026-05-04 16:34:46,495 - INFO - [1070/6511] Scan: NCPL...
2026-05-04 16:34:52,186 - INFO - [1075/6511] Scan: SRL...
2026-05-04 16:34:58,212 - INFO - [1080/6511] Scan: MOBX...
2026-05-04 16:35:04,187 - INFO - [1085/6511] Scan: WST...
2026-05-04 16:35:11,130 - INFO - [1090/6511] Scan: LAD...
2026-05-04 16:35:16,605 - INFO - [1095/6511] Scan: STRF...
2026-05-04 16:35:22,429 - INFO - [1100/6511] Scan: MMTX...
2026-05-04 16:35:28,384 - INFO - [1105/6511] Scan: WHLR...
2026-05-04 16:35:41,251 - ERROR - HTTP Error 404: {"quoteSummary":{"result":null,"error":{"code":"Not Found","description":"Quote not found for symbol: FGXCU"}}}
2026-05-04 16:35:42,477 - ERROR - HTTP Error 404: {"quoteSummary":{"result":null,"error":{"code":"Not Found","description":"Quote not found for symbol: FGXCU"}}}
2026-05-04 16:35:42,767 - INFO - [1110/6511] Scan: ASX...
2026-05-04 16:35:48,376 - INFO - [1115/6511] Scan: MWYN...
2026-05-04 16:35:53,329 - INFO - FOUND GEM: LUXE
2026-05-04 16:35:54,594 - INFO - [1120/6511] Scan: IEAGU...
2026-05-04 16:36:00,186 - INFO - [1125/6511] Scan: TGHL...
2026-05-04 16:36:06,077 - INFO - [1130/6511] Scan: POM...
2026-05-04 16:36:12,153 - INFO - [1135/6511] Scan: AXS...
2026-05-04 16:36:18,344 - INFO - [1140/6511] Scan: BSRR...
2026-05-04 16:36:24,108 - INFO - [1145/6511] Scan: BZH...
2026-05-04 16:36:30,975 - INFO - [1150/6511] Scan: GAP...
2026-05-04 16:36:36,628 - INFO - [1155/6511] Scan: CAF...
2026-05-04 16:36:42,393 - INFO - [1160/6511] Scan: YSWY...
2026-05-04 16:36:48,413 - INFO - [1165/6511] Scan: CHARR...
2026-05-04 16:36:54,091 - INFO - [1170/6511] Scan: ECC...
2026-05-04 16:36:59,994 - INFO - [1175/6511] Scan: BAYAR...
2026-05-04 16:37:05,751 - INFO - [1180/6511] Scan: NIC...
2026-05-04 16:37:11,329 - INFO - [1185/6511] Scan: TAL...
2026-05-04 16:37:17,535 - INFO - [1190/6511] Scan: GFR...
2026-05-04 16:37:23,227 - INFO - [1195/6511] Scan: ENS...
2026-05-04 16:37:29,385 - INFO - [1200/6511] Scan: HIND...
2026-05-04 16:37:35,448 - INFO - [1205/6511] Scan: EDN...
2026-05-04 16:37:41,271 - INFO - [1210/6511] Scan: BKSY...
2026-05-04 16:37:46,844 - INFO - [1215/6511] Scan: CBK...
2026-05-04 16:37:53,135 - INFO - [1220/6511] Scan: WIX...
2026-05-04 16:37:58,788 - INFO - [1225/6511] Scan: TTEK...
2026-05-04 16:38:04,464 - INFO - [1230/6511] Scan: AVD...
2026-05-04 16:38:10,883 - INFO - [1235/6511] Scan: WBS...
2026-05-04 16:38:16,520 - INFO - [1240/6511] Scan: ARLP...
2026-05-04 16:38:22,363 - INFO - [1245/6511] Scan: SMTI...
2026-05-04 16:38:28,495 - INFO - [1250/6511] Scan: TE...
2026-05-04 16:38:34,350 - INFO - [1255/6511] Scan: TII...
2026-05-04 16:38:39,896 - INFO - [1260/6511] Scan: LECO...
2026-05-04 16:38:46,098 - INFO - [1265/6511] Scan: MBAVU...
2026-05-04 16:38:52,052 - INFO - [1270/6511] Scan: EBS...
2026-05-04 16:38:57,657 - INFO - [1275/6511] Scan: AACPU...
2026-05-04 16:39:03,348 - ERROR - HTTP Error 404: {"quoteSummary":{"result":null,"error":{"code":"Not Found","description":"No fundamentals data found for symbol: SWZ"}}}
2026-05-04 16:39:03,710 - INFO - [1280/6511] Scan: PFX...
2026-05-04 16:39:09,592 - INFO - [1285/6511] Scan: ALOVU...
2026-05-04 16:39:15,354 - INFO - [1290/6511] Scan: BGSI...
2026-05-04 16:39:21,547 - INFO - [1295/6511] Scan: AWR...
2026-05-04 16:39:27,857 - INFO - [1300/6511] Scan: ETW...
2026-05-04 16:39:33,718 - INFO - [1305/6511] Scan: RILYZ...
2026-05-04 16:39:39,226 - INFO - [1310/6511] Scan: SUNS...
2026-05-04 16:39:44,177 - INFO - [1315/6511] Scan: CORT...
2026-05-04 16:39:49,932 - INFO - [1320/6511] Scan: RIVN...
2026-05-04 16:39:55,851 - INFO - [1325/6511] Scan: DDOG...
2026-05-04 16:40:01,390 - INFO - [1330/6511] Scan: VOC...
2026-05-04 16:40:07,388 - INFO - [1335/6511] Scan: FLYE...
2026-05-04 16:40:13,125 - INFO - [1340/6511] Scan: CIMO...
2026-05-04 16:40:19,361 - INFO - [1345/6511] Scan: CCIF...
2026-05-04 16:40:25,378 - INFO - [1350/6511] Scan: CMCSA...
2026-05-04 16:40:31,157 - INFO - [1355/6511] Scan: LH...
2026-05-04 16:40:37,183 - INFO - [1360/6511] Scan: LIVN...
2026-05-04 16:40:43,076 - INFO - [1365/6511] Scan: BKH...
2026-05-04 16:40:48,774 - INFO - [1370/6511] Scan: SFM...
2026-05-04 16:40:53,326 - ERROR - HTTP Error 404: {"quoteSummary":{"result":null,"error":{"code":"Not Found","description":"Quote not found for symbol: ELWS"}}}
2026-05-04 16:40:54,574 - ERROR - HTTP Error 404: {"quoteSummary":{"result":null,"error":{"code":"Not Found","description":"Quote not found for symbol: ELWS"}}}
2026-05-04 16:40:56,000 - INFO - [1375/6511] Scan: CHCO...
2026-05-04 16:41:01,723 - INFO - [1380/6511] Scan: FSHP...
2026-05-04 16:41:07,718 - INFO - [1385/6511] Scan: FRST...
2026-05-04 16:41:13,543 - INFO - [1390/6511] Scan: WNEB...
2026-05-04 16:41:19,551 - INFO - [1395/6511] Scan: AGI...
2026-05-04 16:41:25,422 - INFO - [1400/6511] Scan: TIPT...
2026-05-04 16:41:31,138 - INFO - [1405/6511] Scan: GXAI...
2026-05-04 16:41:36,994 - INFO - [1410/6511] Scan: SMJF...
2026-05-04 16:41:42,756 - INFO - [1415/6511] Scan: BWB...
2026-05-04 16:41:48,722 - INFO - [1420/6511] Scan: FLD...
2026-05-04 16:41:54,659 - INFO - [1425/6511] Scan: VRM...
2026-05-04 16:42:00,514 - INFO - [1430/6511] Scan: THM...
2026-05-04 16:42:05,523 - ERROR - HTTP Error 404: {"quoteSummary":{"result":null,"error":{"code":"Not Found","description":"Quote not found for symbol: XFLH-U"}}}
2026-05-04 16:42:06,774 - ERROR - HTTP Error 404: {"quoteSummary":{"result":null,"error":{"code":"Not Found","description":"Quote not found for symbol: XFLH-U"}}}
2026-05-04 16:42:07,041 - INFO - [1435/6511] Scan: FPI...
2026-05-04 16:42:13,160 - INFO - [1440/6511] Scan: FFIN...
2026-05-04 16:42:19,424 - INFO - [1445/6511] Scan: UNIT...
2026-05-04 16:42:25,429 - INFO - [1450/6511] Scan: CLBT...
2026-05-04 16:42:31,072 - INFO - [1455/6511] Scan: GIL...
2026-05-04 16:42:37,721 - INFO - [1460/6511] Scan: ADTN...
2026-05-04 16:42:43,566 - INFO - [1465/6511] Scan: SBS...
2026-05-04 16:42:49,565 - INFO - [1470/6511] Scan: RWTP...
2026-05-04 16:42:55,429 - INFO - [1475/6511] Scan: KVHI...
2026-05-04 16:43:01,070 - INFO - [1480/6511] Scan: PKOH...
2026-05-04 16:43:07,045 - INFO - [1485/6511] Scan: AMOD...
2026-05-04 16:43:13,150 - INFO - [1490/6511] Scan: OCGN...
2026-05-04 16:43:19,218 - INFO - [1495/6511] Scan: UPXI...
2026-05-04 16:43:25,082 - INFO - [1500/6511] Scan: GRFS...
2026-05-04 16:43:31,053 - INFO - [1505/6511] Scan: NKTX...
2026-05-04 16:43:37,088 - INFO - [1510/6511] Scan: UNM...
2026-05-04 16:43:45,585 - INFO - [1515/6511] Scan: INM...
2026-05-04 16:43:51,864 - INFO - [1520/6511] Scan: ALCO...
2026-05-04 16:43:57,792 - INFO - [1525/6511] Scan: GOOG...
2026-05-04 16:44:03,910 - INFO - [1530/6511] Scan: PAGP...
2026-05-04 16:44:09,002 - INFO - [1535/6511] Scan: RSVR...
2026-05-04 16:44:15,214 - INFO - [1540/6511] Scan: LAWR...
2026-05-04 16:44:21,445 - INFO - [1545/6511] Scan: EVMN...
2026-05-04 16:44:27,173 - INFO - [1550/6511] Scan: RJET...
2026-05-04 16:44:33,127 - INFO - [1555/6511] Scan: VIVS...
2026-05-04 16:44:39,064 - INFO - [1560/6511] Scan: BHFAM...
2026-05-04 16:44:44,753 - INFO - [1565/6511] Scan: BWLP...
2026-05-04 16:44:51,592 - INFO - [1570/6511] Scan: ATHR...
2026-05-04 16:44:57,258 - INFO - [1575/6511] Scan: MTNB...
2026-05-04 16:45:03,443 - INFO - [1580/6511] Scan: VTGN...
2026-05-04 16:45:09,403 - INFO - [1585/6511] Scan: CRMD...
2026-05-04 16:45:15,105 - INFO - [1590/6511] Scan: ABR...
2026-05-04 16:45:21,239 - INFO - [1595/6511] Scan: DAO...
2026-05-04 16:45:27,274 - INFO - [1600/6511] Scan: FTS...
2026-05-04 16:45:33,219 - INFO - [1605/6511] Scan: DFLI...
2026-05-04 16:45:38,946 - INFO - [1610/6511] Scan: NIQ...
2026-05-04 16:45:45,780 - INFO - [1615/6511] Scan: KZR...
2026-05-04 16:45:51,718 - INFO - [1620/6511] Scan: MINE...
2026-05-04 16:45:57,469 - INFO - [1625/6511] Scan: SLVM...
2026-05-04 16:46:03,054 - INFO - [1630/6511] Scan: NFJ...
2026-05-04 16:46:07,874 - ERROR - HTTP Error 404: {"quoteSummary":{"result":null,"error":{"code":"Not Found","description":"Quote not found for symbol: CLBR-U"}}}
2026-05-04 16:46:09,101 - ERROR - HTTP Error 404: {"quoteSummary":{"result":null,"error":{"code":"Not Found","description":"Quote not found for symbol: CLBR-U"}}}
2026-05-04 16:46:09,413 - INFO - [1635/6511] Scan: ALK...
2026-05-04 16:46:15,056 - INFO - [1640/6511] Scan: VST...
2026-05-04 16:46:20,638 - INFO - [1645/6511] Scan: GNRC...
2026-05-04 16:46:26,306 - INFO - [1650/6511] Scan: QNC...
2026-05-04 16:46:32,304 - INFO - [1655/6511] Scan: BTM...
2026-05-04 16:46:38,160 - INFO - [1660/6511] Scan: PR...
2026-05-04 16:46:43,778 - INFO - [1665/6511] Scan: EA...
2026-05-04 16:46:49,515 - INFO - [1670/6511] Scan: JNJ...
2026-05-04 16:46:55,339 - INFO - [1675/6511] Scan: BDCIU...
2026-05-04 16:47:01,053 - INFO - [1680/6511] Scan: FPH...
2026-05-04 16:47:06,607 - INFO - [1685/6511] Scan: HLF...
2026-05-04 16:47:12,102 - INFO - [1690/6511] Scan: WGO...
2026-05-04 16:47:17,928 - INFO - [1695/6511] Scan: STRR...
2026-05-04 16:47:24,158 - INFO - [1700/6511] Scan: IMTX...
2026-05-04 16:47:30,202 - INFO - [1705/6511] Scan: IRON...
2026-05-04 16:47:36,946 - INFO - [1710/6511] Scan: GPK...
2026-05-04 16:47:42,944 - INFO - [1715/6511] Scan: EQT...
2026-05-04 16:47:48,567 - INFO - [1720/6511] Scan: NPACU...
2026-05-04 16:47:53,953 - INFO - [1725/6511] Scan: WEAV...
2026-05-04 16:47:59,506 - INFO - [1730/6511] Scan: HCMAU...
2026-05-04 16:48:04,914 - INFO - [1735/6511] Scan: SBSI...
2026-05-04 16:48:10,588 - INFO - [1740/6511] Scan: SN...
2026-05-04 16:48:16,399 - INFO - [1745/6511] Scan: VEEV...
2026-05-04 16:48:22,339 - INFO - [1750/6511] Scan: XRN...
2026-05-04 16:48:28,424 - INFO - [1755/6511] Scan: AS...
2026-05-04 16:48:34,381 - INFO - [1760/6511] Scan: CPBI...
2026-05-04 16:48:40,000 - INFO - [1765/6511] Scan: OBA...
2026-05-04 16:48:45,906 - INFO - [1770/6511] Scan: AIOT...
2026-05-04 16:48:52,119 - INFO - [1775/6511] Scan: USAU...
2026-05-04 16:48:58,456 - INFO - [1780/6511] Scan: ELSE...
2026-05-04 16:49:04,343 - INFO - [1785/6511] Scan: HNRG...
2026-05-04 16:49:09,996 - INFO - [1790/6511] Scan: ANGI...
2026-05-04 16:49:15,583 - INFO - [1795/6511] Scan: PUBM...
2026-05-04 16:49:21,487 - INFO - [1800/6511] Scan: SKYQ...
2026-05-04 16:49:27,537 - INFO - [1805/6511] Scan: BKR...
2026-05-04 16:49:33,716 - INFO - [1810/6511] Scan: GJR...
2026-05-04 16:49:39,450 - INFO - [1815/6511] Scan: ARTC...
2026-05-04 16:49:45,459 - INFO - [1820/6511] Scan: BPYPN...
2026-05-04 16:49:51,312 - INFO - [1825/6511] Scan: CZWI...
2026-05-04 16:49:57,191 - INFO - [1830/6511] Scan: DBD...
2026-05-04 16:50:03,467 - INFO - [1835/6511] Scan: LAND...
2026-05-04 16:50:09,284 - INFO - [1840/6511] Scan: LC...
2026-05-04 16:50:14,985 - INFO - [1845/6511] Scan: PKBK...
2026-05-04 16:50:20,985 - INFO - [1850/6511] Scan: PSF...
2026-05-04 16:50:26,692 - INFO - [1855/6511] Scan: SHLS...
2026-05-04 16:50:33,550 - INFO - [1860/6511] Scan: MLYS...
2026-05-04 16:50:39,253 - INFO - [1865/6511] Scan: NML...
2026-05-04 16:50:45,306 - INFO - [1870/6511] Scan: EPM...
2026-05-04 16:50:51,039 - INFO - [1875/6511] Scan: UFCS...
2026-05-04 16:50:56,613 - INFO - [1880/6511] Scan: LGCL...
2026-05-04 16:51:02,687 - INFO - [1885/6511] Scan: SVV...
2026-05-04 16:51:08,826 - INFO - [1890/6511] Scan: FULC...
2026-05-04 16:51:14,705 - INFO - [1895/6511] Scan: KBSX...
2026-05-04 16:51:20,524 - INFO - [1900/6511] Scan: DAWN...
2026-05-04 16:51:26,219 - INFO - [1905/6511] Scan: CINF...
2026-05-04 16:51:32,300 - INFO - [1910/6511] Scan: EU...
2026-05-04 16:51:38,548 - INFO - [1915/6511] Scan: DTST...
2026-05-04 16:51:44,765 - INFO - [1920/6511] Scan: FRMM...
2026-05-04 16:51:50,910 - INFO - [1925/6511] Scan: CHY...
2026-05-04 16:51:56,499 - INFO - [1930/6511] Scan: MFG...
2026-05-04 16:52:02,395 - INFO - [1935/6511] Scan: CDTG...
2026-05-04 16:52:08,340 - INFO - [1940/6511] Scan: MKC...
2026-05-04 16:52:14,160 - INFO - [1945/6511] Scan: FF...
2026-05-04 16:52:20,372 - INFO - [1950/6511] Scan: JEF...
2026-05-04 16:52:26,351 - INFO - [1955/6511] Scan: TJGC...
2026-05-04 16:52:31,993 - INFO - [1960/6511] Scan: TVE...
2026-05-04 16:52:37,783 - INFO - [1965/6511] Scan: GOOGL...
2026-05-04 16:52:43,932 - INFO - [1970/6511] Scan: TSN...
2026-05-04 16:52:49,704 - INFO - [1975/6511] Scan: MVF...
2026-05-04 16:52:50,305 - ERROR - HTTP Error 404: {"quoteSummary":{"result":null,"error":{"code":"Not Found","description":"Quote not found for symbol: MVF"}}}
2026-05-04 16:52:51,530 - ERROR - HTTP Error 404: {"quoteSummary":{"result":null,"error":{"code":"Not Found","description":"Quote not found for symbol: MVF"}}}
2026-05-04 16:52:56,138 - INFO - [1980/6511] Scan: RUBI...
2026-05-04 16:53:02,376 - INFO - [1985/6511] Scan: OPLN...
2026-05-04 16:53:08,232 - INFO - [1990/6511] Scan: GIBO...
2026-05-04 16:53:14,204 - INFO - [1995/6511] Scan: OIO...
2026-05-04 16:53:16,127 - ERROR - HTTP Error 404: {"quoteSummary":{"result":null,"error":{"code":"Not Found","description":"Quote not found for symbol: PHT"}}}
2026-05-04 16:53:17,337 - ERROR - HTTP Error 404: {"quoteSummary":{"result":null,"error":{"code":"Not Found","description":"Quote not found for symbol: PHT"}}}
2026-05-04 16:53:20,633 - INFO - [2000/6511] Scan: GTM...
2026-05-04 16:53:26,678 - INFO - [2005/6511] Scan: LDOS...
2026-05-04 16:53:32,463 - INFO - [2010/6511] Scan: APOG...
2026-05-04 16:53:39,057 - INFO - [2015/6511] Scan: ECPG...
2026-05-04 16:53:45,177 - INFO - [2020/6511] Scan: MGX...
2026-05-04 16:53:51,125 - INFO - [2025/6511] Scan: VELO...
2026-05-04 16:53:56,893 - INFO - [2030/6511] Scan: ISOU...
2026-05-04 16:54:02,871 - INFO - [2035/6511] Scan: MET...
2026-05-04 16:54:08,536 - INFO - [2040/6511] Scan: SABR...
2026-05-04 16:54:14,102 - INFO - [2045/6511] Scan: HLXC...
2026-05-04 16:54:19,992 - INFO - [2050/6511] Scan: DAKT...
2026-05-04 16:54:25,859 - INFO - [2055/6511] Scan: LAC...
2026-05-04 16:54:31,273 - INFO - [2060/6511] Scan: SU...
2026-05-04 16:54:37,606 - INFO - [2065/6511] Scan: ALL...
2026-05-04 16:54:43,222 - INFO - [2070/6511] Scan: IRWD...
2026-05-04 16:54:47,268 - ERROR - HTTP Error 404: {"quoteSummary":{"result":null,"error":{"code":"Not Found","description":"Quote not found for symbol: TRAD-U"}}}
2026-05-04 16:54:48,708 - ERROR - HTTP Error 404: {"quoteSummary":{"result":null,"error":{"code":"Not Found","description":"Quote not found for symbol: TRAD-U"}}}
2026-05-04 16:54:50,088 - INFO - [2075/6511] Scan: FLOC...
2026-05-04 16:54:55,147 - INFO - [2080/6511] Scan: VKTX...
2026-05-04 16:55:00,935 - INFO - [2085/6511] Scan: LSCC...
2026-05-04 16:55:07,717 - INFO - [2090/6511] Scan: TRNR...
2026-05-04 16:55:14,114 - INFO - [2095/6511] Scan: NOV...
2026-05-04 16:55:20,211 - INFO - [2100/6511] Scan: XYZ...
2026-05-04 16:55:26,325 - INFO - [2105/6511] Scan: LANDP...
2026-05-04 16:55:32,022 - INFO - [2110/6511] Scan: CLYM...
2026-05-04 16:55:37,948 - INFO - [2115/6511] Scan: WHLRD...
2026-05-04 16:55:44,259 - INFO - [2120/6511] Scan: EVAC-U...
2026-05-04 16:55:44,729 - ERROR - HTTP Error 404: {"quoteSummary":{"result":null,"error":{"code":"Not Found","description":"Quote not found for symbol: EVAC-U"}}}
2026-05-04 16:55:45,869 - ERROR - HTTP Error 404: {"quoteSummary":{"result":null,"error":{"code":"Not Found","description":"Quote not found for symbol: EVAC-U"}}}
2026-05-04 16:55:50,927 - INFO - [2125/6511] Scan: MO...
2026-05-04 16:55:56,709 - INFO - [2130/6511] Scan: IPODU...
2026-05-04 16:56:02,607 - INFO - [2135/6511] Scan: MGPI...
2026-05-04 16:56:07,398 - INFO - [2140/6511] Scan: ROK...
2026-05-04 16:56:13,114 - INFO - [2145/6511] Scan: XRTX...
2026-05-04 16:56:19,669 - INFO - [2150/6511] Scan: DMII...
2026-05-04 16:56:25,607 - INFO - [2155/6511] Scan: UBSI...
2026-05-04 16:56:31,230 - INFO - [2160/6511] Scan: VIAV...
2026-05-04 16:56:37,285 - INFO - [2165/6511] Scan: ESEA...
2026-05-04 16:56:42,942 - INFO - [2170/6511] Scan: HSHP...
2026-05-04 16:56:48,843 - INFO - [2175/6511] Scan: FRD...
2026-05-04 16:56:54,363 - INFO - [2180/6511] Scan: CBC...
2026-05-04 16:57:00,162 - INFO - [2185/6511] Scan: DGX...
2026-05-04 16:57:06,152 - INFO - [2190/6511] Scan: DDD...
2026-05-04 16:57:12,359 - INFO - [2195/6511] Scan: AWRE...
2026-05-04 16:57:18,839 - INFO - [2200/6511] Scan: AFGE...
2026-05-04 16:57:24,784 - INFO - [2205/6511] Scan: WLIIU...
2026-05-04 16:57:30,538 - INFO - [2210/6511] Scan: EOS...
2026-05-04 16:57:36,144 - INFO - [2215/6511] Scan: NGNE...
2026-05-04 16:57:42,240 - INFO - [2220/6511] Scan: DOUG...
2026-05-04 16:57:53,348 - INFO - [2225/6511] Scan: PMCB...
2026-05-04 16:57:56,441 - ERROR - HTTP Error 404: {"quoteSummary":{"result":null,"error":{"code":"Not Found","description":"Quote not found for symbol: BTA"}}}
2026-05-04 16:57:57,648 - ERROR - HTTP Error 404: {"quoteSummary":{"result":null,"error":{"code":"Not Found","description":"Quote not found for symbol: BTA"}}}
2026-05-04 16:58:00,088 - INFO - [2230/6511] Scan: HKD...
2026-05-04 16:58:05,676 - INFO - [2235/6511] Scan: SHIP...
2026-05-04 16:58:11,642 - INFO - [2240/6511] Scan: SLGL...
2026-05-04 16:58:17,539 - INFO - [2245/6511] Scan: STEL...
2026-05-04 16:58:23,600 - INFO - [2250/6511] Scan: EIG...
2026-05-04 16:58:29,565 - INFO - [2255/6511] Scan: SHAZ...
2026-05-04 16:58:35,909 - INFO - [2260/6511] Scan: NMAX...
2026-05-04 16:58:41,706 - INFO - [2265/6511] Scan: FBNC...
2026-05-04 16:58:47,965 - INFO - [2270/6511] Scan: INAC...
2026-05-04 16:58:53,847 - INFO - [2275/6511] Scan: BTE...
2026-05-04 16:58:55,864 - ERROR - HTTP Error 404: {"quoteSummary":{"result":null,"error":{"code":"Not Found","description":"Quote not found for symbol: CHEK"}}}
2026-05-04 16:58:57,149 - ERROR - HTTP Error 404: {"quoteSummary":{"result":null,"error":{"code":"Not Found","description":"Quote not found for symbol: CHEK"}}}
2026-05-04 16:59:00,723 - INFO - [2280/6511] Scan: ZYBT...
2026-05-04 16:59:06,743 - INFO - [2285/6511] Scan: DOMO...
2026-05-04 16:59:12,825 - INFO - [2290/6511] Scan: HOVNP...
2026-05-04 16:59:18,293 - INFO - [2295/6511] Scan: YB...
2026-05-04 16:59:24,443 - INFO - [2300/6511] Scan: TGEN...
2026-05-04 16:59:45,092 - INFO - [2305/6511] Scan: KAI...
2026-05-04 16:59:50,771 - INFO - [2310/6511] Scan: TWN...
2026-05-04 16:59:56,348 - INFO - [2315/6511] Scan: BJRI...
2026-05-04 17:00:02,207 - INFO - [2320/6511] Scan: MITT...
2026-05-04 17:00:07,267 - INFO - [2325/6511] Scan: TPB...
2026-05-04 17:00:13,079 - INFO - [2330/6511] Scan: BCAL...
2026-05-04 17:00:18,810 - INFO - [2335/6511] Scan: BP...
2026-05-04 17:00:24,540 - INFO - [2340/6511] Scan: CDIO...
2026-05-04 17:00:30,795 - INFO - [2345/6511] Scan: FORR...
2026-05-04 17:00:37,555 - INFO - [2350/6511] Scan: CCTG...
2026-05-04 17:00:43,821 - INFO - [2355/6511] Scan: FFC...
2026-05-04 17:00:50,258 - INFO - [2360/6511] Scan: YSG...
2026-05-04 17:00:56,911 - INFO - [2365/6511] Scan: HUHU...
2026-05-04 17:00:59,273 - ERROR - HTTP Error 404: {"quoteSummary":{"result":null,"error":{"code":"Not Found","description":"Quote not found for symbol: RNBW"}}}
2026-05-04 17:01:00,636 - ERROR - HTTP Error 404: {"quoteSummary":{"result":null,"error":{"code":"Not Found","description":"Quote not found for symbol: RNBW"}}}
2026-05-04 17:01:04,511 - INFO - [2370/6511] Scan: TKLF...
2026-05-04 17:01:10,120 - INFO - [2375/6511] Scan: CLWT...
2026-05-04 17:01:16,221 - INFO - [2380/6511] Scan: CARS...
2026-05-04 17:01:22,830 - INFO - [2385/6511] Scan: BKV...
2026-05-04 17:01:28,840 - INFO - [2390/6511] Scan: RRGB...
2026-05-04 17:01:35,239 - INFO - [2395/6511] Scan: VSTS...
2026-05-04 17:01:41,279 - INFO - [2400/6511] Scan: BEAG...
2026-05-04 17:01:47,224 - INFO - [2405/6511] Scan: NWAX-U...
2026-05-04 17:01:47,718 - ERROR - HTTP Error 404: {"quoteSummary":{"result":null,"error":{"code":"Not Found","description":"Quote not found for symbol: NWAX-U"}}}
2026-05-04 17:01:49,552 - ERROR - HTTP Error 404: {"quoteSummary":{"result":null,"error":{"code":"Not Found","description":"Quote not found for symbol: NWAX-U"}}}
2026-05-04 17:01:54,142 - INFO - [2410/6511] Scan: NXTS...
2026-05-04 17:02:00,034 - INFO - [2415/6511] Scan: Q...
2026-05-04 17:02:06,078 - INFO - [2420/6511] Scan: BWFG...
2026-05-04 17:02:12,519 - INFO - [2425/6511] Scan: PKE...
2026-05-04 17:02:18,609 - INFO - [2430/6511] Scan: RUN...
2026-05-04 17:02:24,802 - INFO - [2435/6511] Scan: METCZ...
2026-05-04 17:02:30,517 - INFO - [2440/6511] Scan: BRC...
2026-05-04 17:02:36,231 - INFO - [2445/6511] Scan: MKL...
2026-05-04 17:02:41,918 - INFO - [2450/6511] Scan: ATII...
2026-05-04 17:02:47,616 - INFO - [2455/6511] Scan: IGR...
2026-05-04 17:02:53,080 - INFO - [2460/6511] Scan: FLYW...
2026-05-04 17:02:58,590 - INFO - [2465/6511] Scan: CWCO...
2026-05-04 17:03:04,908 - INFO - [2470/6511] Scan: BIIB...
2026-05-04 17:03:11,314 - INFO - [2475/6511] Scan: PLCE...
2026-05-04 17:03:17,074 - INFO - [2480/6511] Scan: SSACU...
2026-05-04 17:03:22,601 - INFO - [2485/6511] Scan: NGL...
2026-05-04 17:03:28,177 - INFO - [2490/6511] Scan: DYNCU...
2026-05-04 17:03:29,636 - ERROR - HTTP Error 404: {"quoteSummary":{"result":null,"error":{"code":"Not Found","description":"No fundamentals data found for symbol: DYNCU"}}}
2026-05-04 17:03:34,112 - INFO - [2495/6511] Scan: LOAR...
2026-05-04 17:03:39,920 - INFO - [2500/6511] Scan: HEI...
2026-05-04 17:03:45,810 - INFO - [2505/6511] Scan: EDBL...
2026-05-04 17:03:51,889 - INFO - [2510/6511] Scan: DRD...
2026-05-04 17:03:58,301 - INFO - [2515/6511] Scan: ITOC...
2026-05-04 17:04:04,690 - INFO - [2520/6511] Scan: OSCR...
2026-05-04 17:04:10,723 - INFO - [2525/6511] Scan: FRMEP...
2026-05-04 17:04:16,515 - INFO - [2530/6511] Scan: PRI...
2026-05-04 17:04:22,345 - INFO - [2535/6511] Scan: BHST...
2026-05-04 17:04:28,376 - INFO - [2540/6511] Scan: RH...
2026-05-04 17:04:34,027 - INFO - [2545/6511] Scan: JBGS...
2026-05-04 17:04:44,633 - INFO - [2550/6511] Scan: ANGX...
2026-05-04 17:04:51,765 - INFO - [2555/6511] Scan: TU...
2026-05-04 17:04:57,383 - INFO - [2560/6511] Scan: BANL...
2026-05-04 17:05:03,435 - INFO - [2565/6511] Scan: NCA...
2026-05-04 17:05:05,590 - ERROR - HTTP Error 404: {"quoteSummary":{"result":null,"error":{"code":"Not Found","description":"Quote not found for symbol: MHI"}}}
2026-05-04 17:05:06,720 - ERROR - HTTP Error 404: {"quoteSummary":{"result":null,"error":{"code":"Not Found","description":"Quote not found for symbol: MHI"}}}
2026-05-04 17:05:10,154 - INFO - [2570/6511] Scan: EXTR...
2026-05-04 17:05:15,991 - INFO - [2575/6511] Scan: MRDN...
2026-05-04 17:05:21,810 - ERROR - HTTP Error 404: {"quoteSummary":{"result":null,"error":{"code":"Not Found","description":"Quote not found for symbol: MAV"}}}
2026-05-04 17:05:23,090 - ERROR - HTTP Error 404: {"quoteSummary":{"result":null,"error":{"code":"Not Found","description":"Quote not found for symbol: MAV"}}}
2026-05-04 17:05:23,827 - INFO - [2580/6511] Scan: WCN...
2026-05-04 17:05:29,834 - INFO - [2585/6511] Scan: AYA...
2026-05-04 17:05:35,622 - INFO - [2590/6511] Scan: RNW...
2026-05-04 17:05:47,252 - ERROR - HTTP Error 404: {"quoteSummary":{"result":null,"error":{"code":"Not Found","description":"Quote not found for symbol: ENX"}}}
2026-05-04 17:05:48,483 - ERROR - HTTP Error 404: {"quoteSummary":{"result":null,"error":{"code":"Not Found","description":"Quote not found for symbol: ENX"}}}
2026-05-04 17:05:48,754 - INFO - [2595/6511] Scan: CPB...
2026-05-04 17:05:55,066 - INFO - [2600/6511] Scan: AENT...
2026-05-04 17:06:00,862 - INFO - [2605/6511] Scan: MI...
2026-05-04 17:06:07,152 - INFO - [2610/6511] Scan: JMG...
2026-05-04 17:06:13,266 - INFO - [2615/6511] Scan: UFG...
2026-05-04 17:06:19,122 - INFO - [2620/6511] Scan: GGN...
2026-05-04 17:06:24,775 - INFO - [2625/6511] Scan: VCX...
2026-05-04 17:06:30,715 - INFO - [2630/6511] Scan: GLXY...
2026-05-04 17:06:33,553 - ERROR - HTTP Error 404: {"quoteSummary":{"result":null,"error":{"code":"Not Found","description":"Quote not found for symbol: BCSS-U"}}}
2026-05-04 17:06:34,730 - ERROR - HTTP Error 404: {"quoteSummary":{"result":null,"error":{"code":"Not Found","description":"Quote not found for symbol: BCSS-U"}}}
2026-05-04 17:06:36,851 - INFO - [2635/6511] Scan: GOGO...
2026-05-04 17:06:43,200 - INFO - [2640/6511] Scan: ZIM...
2026-05-04 17:06:49,109 - INFO - [2645/6511] Scan: TMUSL...
2026-05-04 17:06:54,930 - INFO - [2650/6511] Scan: KCHVU...
2026-05-04 17:07:00,624 - INFO - [2655/6511] Scan: SVIV...
2026-05-04 17:07:09,653 - INFO - [2660/6511] Scan: BPRE...
2026-05-04 17:07:15,498 - INFO - [2665/6511] Scan: LBRX...
2026-05-04 17:07:20,978 - INFO - [2670/6511] Scan: MUA...
2026-05-04 17:07:26,803 - INFO - [2675/6511] Scan: NAMS...
2026-05-04 17:07:33,395 - INFO - [2680/6511] Scan: MDU...
2026-05-04 17:07:39,491 - INFO - [2685/6511] Scan: QVCGA...
2026-05-04 17:07:45,571 - INFO - [2690/6511] Scan: LNSR...
2026-05-04 17:07:51,505 - INFO - [2695/6511] Scan: VOR...
2026-05-04 17:07:57,007 - INFO - [2700/6511] Scan: SNYR...
2026-05-04 17:08:02,923 - INFO - [2705/6511] Scan: RBRK...
2026-05-04 17:08:08,920 - INFO - [2710/6511] Scan: GEL...
2026-05-04 17:08:15,092 - INFO - [2715/6511] Scan: TRN...
2026-05-04 17:08:21,260 - INFO - [2720/6511] Scan: ECAT...
2026-05-04 17:08:26,970 - INFO - [2725/6511] Scan: WBI...
2026-05-04 17:08:32,586 - INFO - [2730/6511] Scan: STKE...
2026-05-04 17:08:38,605 - INFO - [2735/6511] Scan: AMBO...
2026-05-04 17:08:44,595 - INFO - [2740/6511] Scan: MGNX...
2026-05-04 17:08:50,392 - INFO - [2745/6511] Scan: NPFD...
2026-05-04 17:08:56,012 - INFO - [2750/6511] Scan: DH...
2026-05-04 17:09:02,064 - INFO - [2755/6511] Scan: CTVA...
2026-05-04 17:09:08,149 - INFO - [2760/6511] Scan: HOFT...
2026-05-04 17:09:14,112 - INFO - [2765/6511] Scan: MUZEU...
2026-05-04 17:09:16,760 - ERROR - HTTP Error 404: {"quoteSummary":{"result":null,"error":{"code":"Not Found","description":"No fundamentals data found for symbol: SCOP"}}}
2026-05-04 17:09:17,173 - ERROR - HTTP Error 404: {"quoteSummary":{"result":null,"error":{"code":"Not Found","description":"Quote not found for symbol: RAC-U"}}}
2026-05-04 17:09:18,472 - ERROR - HTTP Error 404: {"quoteSummary":{"result":null,"error":{"code":"Not Found","description":"Quote not found for symbol: RAC-U"}}}
2026-05-04 17:09:21,042 - INFO - [2770/6511] Scan: KG...
2026-05-04 17:09:22,385 - INFO - FOUND GEM: KG
2026-05-04 17:09:27,234 - INFO - [2775/6511] Scan: NOW...
2026-05-04 17:09:33,421 - INFO - [2780/6511] Scan: TRDA...
2026-05-04 17:09:39,520 - INFO - [2785/6511] Scan: OGEN...
2026-05-04 17:09:45,728 - INFO - [2790/6511] Scan: GSM...
2026-05-04 17:09:51,470 - INFO - [2795/6511] Scan: BOE...
2026-05-04 17:10:04,075 - INFO - [2800/6511] Scan: FLWS...
2026-05-04 17:10:10,908 - INFO - [2805/6511] Scan: CHOW...
2026-05-04 17:10:17,240 - INFO - [2810/6511] Scan: EXPI...
2026-05-04 17:10:22,823 - INFO - [2815/6511] Scan: QUAD...
2026-05-04 17:10:29,232 - INFO - [2820/6511] Scan: DIS...
2026-05-04 17:10:34,828 - INFO - [2825/6511] Scan: FOF...
2026-05-04 17:10:41,602 - INFO - [2830/6511] Scan: MSEX...
2026-05-04 17:10:47,588 - INFO - [2835/6511] Scan: TLSA...
2026-05-04 17:10:54,043 - INFO - [2840/6511] Scan: MBVIU...
2026-05-04 17:10:59,880 - INFO - [2845/6511] Scan: LHX...
2026-05-04 17:11:05,792 - INFO - [2850/6511] Scan: HLMN...
2026-05-04 17:11:11,774 - INFO - [2855/6511] Scan: ETY...
2026-05-04 17:11:17,795 - INFO - [2860/6511] Scan: CXDO...
2026-05-04 17:11:23,749 - INFO - [2865/6511] Scan: COR...
2026-05-04 17:11:30,170 - INFO - [2870/6511] Scan: RYAM...
2026-05-04 17:11:36,162 - INFO - [2875/6511] Scan: LQDA...
2026-05-04 17:11:42,129 - INFO - [2880/6511] Scan: HTLD...
2026-05-04 17:11:47,877 - INFO - [2885/6511] Scan: GITS...
2026-05-04 17:11:53,778 - INFO - [2890/6511] Scan: NWTG...
2026-05-04 17:11:59,817 - INFO - [2895/6511] Scan: KRAQU...
2026-05-04 17:12:06,110 - INFO - [2900/6511] Scan: JFB...
2026-05-04 17:12:18,073 - INFO - [2905/6511] Scan: ONON...
2026-05-04 17:12:23,867 - INFO - [2910/6511] Scan: JOF...
2026-05-04 17:12:30,222 - INFO - [2915/6511] Scan: FIP...
2026-05-04 17:12:36,178 - INFO - [2920/6511] Scan: VTIX...
2026-05-04 17:12:41,680 - INFO - [2925/6511] Scan: GLED-U...
2026-05-04 17:12:42,134 - ERROR - HTTP Error 404: {"quoteSummary":{"result":null,"error":{"code":"Not Found","description":"Quote not found for symbol: GLED-U"}}}
2026-05-04 17:12:43,374 - ERROR - HTTP Error 404: {"quoteSummary":{"result":null,"error":{"code":"Not Found","description":"Quote not found for symbol: GLED-U"}}}
2026-05-04 17:12:48,053 - INFO - [2930/6511] Scan: LSTR...
2026-05-04 17:12:53,854 - INFO - [2935/6511] Scan: RVLV...
2026-05-04 17:12:59,619 - INFO - [2940/6511] Scan: TLSI...
2026-05-04 17:13:05,572 - INFO - [2945/6511] Scan: CRML...
2026-05-04 17:13:11,622 - INFO - [2950/6511] Scan: AMRC...
2026-05-04 17:13:17,947 - INFO - [2955/6511] Scan: PRLD...
2026-05-04 17:13:23,971 - INFO - [2960/6511] Scan: WCC...
2026-05-04 17:13:26,920 - ERROR - HTTP Error 404: {"quoteSummary":{"result":null,"error":{"code":"Not Found","description":"Quote not found for symbol: PHD"}}}
2026-05-04 17:13:28,192 - ERROR - HTTP Error 404: {"quoteSummary":{"result":null,"error":{"code":"Not Found","description":"Quote not found for symbol: PHD"}}}
2026-05-04 17:13:30,374 - INFO - [2965/6511] Scan: CNDT...
2026-05-04 17:13:36,122 - INFO - [2970/6511] Scan: QFIN...
2026-05-04 17:13:46,438 - INFO - [2975/6511] Scan: ZIP...
2026-05-04 17:13:52,307 - INFO - [2980/6511] Scan: GGB...
2026-05-04 17:13:58,345 - INFO - [2985/6511] Scan: BCX...
2026-05-04 17:14:04,216 - INFO - [2990/6511] Scan: NEXA...
2026-05-04 17:14:10,323 - INFO - [2995/6511] Scan: YHNAR...
2026-05-04 17:14:15,854 - INFO - [3000/6511] Scan: ONEW...
2026-05-04 17:14:22,777 - INFO - [3005/6511] Scan: OBT...
2026-05-04 17:14:28,630 - INFO - [3010/6511] Scan: DPG...
2026-05-04 17:14:34,306 - INFO - [3015/6511] Scan: WCT...
2026-05-04 17:14:40,183 - INFO - [3020/6511] Scan: ISBA...
2026-05-04 17:14:46,135 - INFO - [3025/6511] Scan: FATE...
2026-05-04 17:14:52,132 - INFO - [3030/6511] Scan: SNFCA...
2026-05-04 17:14:58,014 - INFO - [3035/6511] Scan: CRT...
2026-05-04 17:15:03,750 - INFO - [3040/6511] Scan: FTRE...
2026-05-04 17:15:09,687 - INFO - [3045/6511] Scan: ULCC...
2026-05-04 17:15:14,715 - ERROR - HTTP Error 404: {"quoteSummary":{"result":null,"error":{"code":"Not Found","description":"No fundamentals data found for symbol: OBTC"}}}
2026-05-04 17:15:17,377 - INFO - [3050/6511] Scan: TEX...
2026-05-04 17:15:22,687 - ERROR - HTTP Error 404: {"quoteSummary":{"result":null,"error":{"code":"Not Found","description":"Quote not found for symbol: AIIA-U"}}}
2026-05-04 17:15:23,983 - ERROR - HTTP Error 404: {"quoteSummary":{"result":null,"error":{"code":"Not Found","description":"Quote not found for symbol: AIIA-U"}}}
2026-05-04 17:15:24,264 - INFO - [3055/6511] Scan: BBDC...
2026-05-04 17:15:37,460 - INFO - [3060/6511] Scan: EXLS...
2026-05-04 17:15:43,554 - INFO - [3065/6511] Scan: LCID...
2026-05-04 17:15:50,052 - INFO - [3070/6511] Scan: GIW...
2026-05-04 17:15:55,923 - INFO - [3075/6511] Scan: RVSN...
2026-05-04 17:16:01,767 - INFO - [3080/6511] Scan: MCRI...
2026-05-04 17:16:07,556 - INFO - [3085/6511] Scan: KYNB...
2026-05-04 17:16:13,676 - INFO - [3090/6511] Scan: EPC...
2026-05-04 17:16:19,203 - INFO - [3095/6511] Scan: MICC...
2026-05-04 17:16:23,363 - ERROR - HTTP Error 404: {"quoteSummary":{"result":null,"error":{"code":"Not Found","description":"Quote not found for symbol: ADAP"}}}
2026-05-04 17:16:24,747 - ERROR - HTTP Error 404: {"quoteSummary":{"result":null,"error":{"code":"Not Found","description":"Quote not found for symbol: ADAP"}}}
2026-05-04 17:16:25,996 - INFO - [3100/6511] Scan: EPRT...
2026-05-04 17:16:31,714 - INFO - [3105/6511] Scan: RCAT...
2026-05-04 17:16:38,055 - INFO - [3110/6511] Scan: ELAB...
2026-05-04 17:16:43,909 - INFO - [3115/6511] Scan: HSDT...
2026-05-04 17:16:49,644 - INFO - [3120/6511] Scan: IBIO...
2026-05-04 17:16:56,198 - INFO - [3125/6511] Scan: RILYT...
2026-05-04 17:17:01,675 - INFO - [3130/6511] Scan: LOKV...
2026-05-04 17:17:07,331 - INFO - [3135/6511] Scan: ENO...
2026-05-04 17:17:13,058 - INFO - [3140/6511] Scan: CURV...
2026-05-04 17:17:18,617 - INFO - [3145/6511] Scan: GHM...
2026-05-04 17:17:21,752 - ERROR - HTTP Error 404: {"quoteSummary":{"result":null,"error":{"code":"Not Found","description":"Quote not found for symbol: MTNE-U"}}}
2026-05-04 17:17:22,996 - ERROR - HTTP Error 404: {"quoteSummary":{"result":null,"error":{"code":"Not Found","description":"Quote not found for symbol: MTNE-U"}}}
2026-05-04 17:17:25,451 - INFO - [3150/6511] Scan: UAVS...
2026-05-04 17:17:31,707 - INFO - [3155/6511] Scan: GME...
2026-05-04 17:17:37,565 - INFO - [3160/6511] Scan: NREF...
2026-05-04 17:17:43,181 - INFO - [3165/6511] Scan: GRDX...
2026-05-04 17:17:49,139 - INFO - [3170/6511] Scan: TOUR...
2026-05-04 17:17:54,843 - INFO - [3175/6511] Scan: MGNI...
2026-05-04 17:18:01,633 - INFO - [3180/6511] Scan: KPLT...
2026-05-04 17:18:07,560 - INFO - [3185/6511] Scan: SLMBP...
2026-05-04 17:18:13,511 - INFO - [3190/6511] Scan: ANNA...
2026-05-04 17:18:19,236 - INFO - [3195/6511] Scan: J...
2026-05-04 17:18:25,046 - INFO - [3200/6511] Scan: AVBC...
2026-05-04 17:18:30,779 - INFO - [3205/6511] Scan: VLY...
2026-05-04 17:18:37,334 - INFO - [3210/6511] Scan: CMPX...
2026-05-04 17:18:43,167 - INFO - [3215/6511] Scan: CBUS...
2026-05-04 17:18:48,778 - INFO - [3220/6511] Scan: TWLO...
2026-05-04 17:18:54,675 - INFO - [3225/6511] Scan: CRVL...
2026-05-04 17:19:00,612 - INFO - [3230/6511] Scan: GAME...
2026-05-04 17:19:06,333 - INFO - [3235/6511] Scan: LNT...
2026-05-04 17:19:12,751 - INFO - [3240/6511] Scan: CEPV...
2026-05-04 17:19:18,609 - INFO - [3245/6511] Scan: TCOM...
2026-05-04 17:19:23,751 - INFO - [3250/6511] Scan: AHCO...
2026-05-04 17:19:29,392 - INFO - [3255/6511] Scan: RQI...
2026-05-04 17:19:34,968 - INFO - [3260/6511] Scan: CTSH...
2026-05-04 17:19:40,597 - INFO - [3265/6511] Scan: STRC...
2026-05-04 17:19:46,225 - INFO - [3270/6511] Scan: JD...
2026-05-04 17:19:52,276 - INFO - [3275/6511] Scan: UHG...
2026-05-04 17:19:58,150 - INFO - [3280/6511] Scan: JSM...
2026-05-04 17:20:03,781 - INFO - [3285/6511] Scan: SNDK...
2026-05-04 17:20:09,558 - INFO - [3290/6511] Scan: FIGS...
2026-05-04 17:20:15,899 - INFO - [3295/6511] Scan: PLTS...
2026-05-04 17:20:21,423 - INFO - [3300/6511] Scan: GOCO...
2026-05-04 17:20:27,179 - INFO - [3305/6511] Scan: RF...
2026-05-04 17:20:33,250 - INFO - [3310/6511] Scan: ARRY...
2026-05-04 17:20:39,045 - INFO - [3315/6511] Scan: NEO...
2026-05-04 17:20:44,872 - INFO - [3320/6511] Scan: KODK...
2026-05-04 17:20:50,955 - INFO - [3325/6511] Scan: FA...
2026-05-04 17:20:56,596 - INFO - [3330/6511] Scan: ARQ...
2026-05-04 17:21:02,024 - INFO - [3335/6511] Scan: VSEC...
2026-05-04 17:21:07,793 - INFO - [3340/6511] Scan: QMMM...
2026-05-04 17:21:13,668 - INFO - [3345/6511] Scan: RNGTU...
2026-05-04 17:21:20,150 - INFO - [3350/6511] Scan: TCBX...
2026-05-04 17:21:26,184 - INFO - [3355/6511] Scan: JAKK...
2026-05-04 17:21:32,053 - INFO - [3360/6511] Scan: ZDGE...
2026-05-04 17:21:38,007 - INFO - [3365/6511] Scan: BXSL...
2026-05-04 17:21:43,872 - INFO - [3370/6511] Scan: LFACU...
2026-05-04 17:21:49,313 - INFO - [3375/6511] Scan: WPRT...
2026-05-04 17:21:54,416 - INFO - FOUND GEM: CCLD
2026-05-04 17:21:55,814 - INFO - [3380/6511] Scan: MGM...
2026-05-04 17:22:01,494 - INFO - [3385/6511] Scan: ATNM...
2026-05-04 17:22:07,304 - INFO - [3390/6511] Scan: ELE...
2026-05-04 17:22:13,692 - INFO - [3395/6511] Scan: WS...
2026-05-04 17:22:19,842 - INFO - [3400/6511] Scan: JTAI...
2026-05-04 17:22:26,030 - INFO - [3405/6511] Scan: RIGL...
2026-05-04 17:22:31,885 - INFO - [3410/6511] Scan: BVFL...
2026-05-04 17:22:37,469 - INFO - [3415/6511] Scan: AIO...
2026-05-04 17:22:43,731 - INFO - [3420/6511] Scan: EVTC...
2026-05-04 17:22:49,702 - INFO - [3425/6511] Scan: RBLX...
2026-05-04 17:22:56,109 - INFO - [3430/6511] Scan: PEN...
2026-05-04 17:23:02,151 - INFO - [3435/6511] Scan: WLKP...
2026-05-04 17:23:08,072 - INFO - [3440/6511] Scan: WHG...
2026-05-04 17:23:14,211 - INFO - [3445/6511] Scan: MGN...
2026-05-04 17:23:19,897 - INFO - [3450/6511] Scan: STRW...
2026-05-04 17:23:30,310 - INFO - [3455/6511] Scan: PEBO...
2026-05-04 17:23:36,432 - INFO - [3460/6511] Scan: MTAL-U...
2026-05-04 17:23:36,927 - ERROR - HTTP Error 404: {"quoteSummary":{"result":null,"error":{"code":"Not Found","description":"Quote not found for symbol: MTAL-U"}}}
2026-05-04 17:23:38,122 - ERROR - HTTP Error 404: {"quoteSummary":{"result":null,"error":{"code":"Not Found","description":"Quote not found for symbol: MTAL-U"}}}
2026-05-04 17:23:42,766 - INFO - [3465/6511] Scan: GSBC...
2026-05-04 17:23:47,353 - INFO - [3470/6511] Scan: KEX...
2026-05-04 17:23:53,226 - INFO - [3475/6511] Scan: DUOT...
2026-05-04 17:23:58,918 - INFO - [3480/6511] Scan: BPOPM...
2026-05-04 17:24:04,953 - INFO - [3485/6511] Scan: SF...
2026-05-04 17:24:07,076 - ERROR - HTTP Error 404: {"quoteSummary":{"result":null,"error":{"code":"Not Found","description":"Quote not found for symbol: OPT"}}}
2026-05-04 17:24:08,246 - ERROR - HTTP Error 404: {"quoteSummary":{"result":null,"error":{"code":"Not Found","description":"Quote not found for symbol: OPT"}}}
2026-05-04 17:24:11,988 - INFO - [3490/6511] Scan: SBR...
2026-05-04 17:24:17,724 - INFO - [3495/6511] Scan: MVIS...
2026-05-04 17:24:23,503 - INFO - [3500/6511] Scan: PAHC...
2026-05-04 17:24:29,294 - INFO - [3505/6511] Scan: RCD...
2026-05-04 17:24:35,120 - INFO - [3510/6511] Scan: VNO...
2026-05-04 17:24:37,014 - ERROR - HTTP Error 404: {"quoteSummary":{"result":null,"error":{"code":"Not Found","description":"Quote not found for symbol: SBXE-U"}}}
2026-05-04 17:24:38,721 - ERROR - HTTP Error 404: {"quoteSummary":{"result":null,"error":{"code":"Not Found","description":"Quote not found for symbol: SBXE-U"}}}
2026-05-04 17:24:43,210 - INFO - [3515/6511] Scan: ESQ...
2026-05-04 17:24:48,793 - INFO - [3520/6511] Scan: CHCI...
2026-05-04 17:24:54,703 - INFO - [3525/6511] Scan: WMB...
2026-05-04 17:25:00,721 - INFO - [3530/6511] Scan: AROC...
2026-05-04 17:25:06,457 - INFO - [3535/6511] Scan: CCNEP...
2026-05-04 17:25:12,315 - INFO - [3540/6511] Scan: BOC...
2026-05-04 17:25:17,949 - INFO - [3545/6511] Scan: WLDN...
2026-05-04 17:25:23,653 - INFO - [3550/6511] Scan: DVLT...
2026-05-04 17:25:29,610 - INFO - [3555/6511] Scan: RGTI...
2026-05-04 17:25:34,079 - INFO - FOUND GEM: LGCY
2026-05-04 17:25:35,313 - INFO - [3560/6511] Scan: EDTK...
2026-05-04 17:25:41,298 - INFO - [3565/6511] Scan: MHK...
2026-05-04 17:25:46,959 - INFO - [3570/6511] Scan: URBN...
2026-05-04 17:25:53,242 - INFO - [3575/6511] Scan: HMC...
2026-05-04 17:26:05,763 - INFO - [3580/6511] Scan: NRDS...
2026-05-04 17:26:11,423 - INFO - [3585/6511] Scan: AGNC...
2026-05-04 17:26:17,788 - INFO - [3590/6511] Scan: RRR...
2026-05-04 17:26:23,456 - INFO - [3595/6511] Scan: ONBPP...
2026-05-04 17:26:29,588 - INFO - [3600/6511] Scan: BIXI...
2026-05-04 17:26:46,320 - INFO - [3605/6511] Scan: POCI...
2026-05-04 17:26:52,250 - INFO - [3610/6511] Scan: BGS...
2026-05-04 17:26:58,333 - INFO - [3615/6511] Scan: EXG...
2026-05-04 17:27:03,966 - INFO - [3620/6511] Scan: XELB...
2026-05-04 17:27:10,542 - INFO - [3625/6511] Scan: PCSC...
2026-05-04 17:27:16,533 - INFO - [3630/6511] Scan: PRME...
2026-05-04 17:27:22,557 - INFO - [3635/6511] Scan: TOON...
2026-05-04 17:27:28,830 - INFO - [3640/6511] Scan: ADTX...
2026-05-04 17:27:34,427 - INFO - [3645/6511] Scan: IZEA...
2026-05-04 17:27:40,053 - INFO - [3650/6511] Scan: KMDA...
2026-05-04 17:27:41,975 - ERROR - Failed to perform, curl: (16) . See https://curl.se/libcurl/c/libcurl-errors.html first for more details.
2026-05-04 17:27:45,809 - INFO - [3655/6511] Scan: AMLX...
2026-05-04 17:27:51,830 - INFO - [3660/6511] Scan: SOUL-U...
2026-05-04 17:27:52,363 - ERROR - HTTP Error 404: {"quoteSummary":{"result":null,"error":{"code":"Not Found","description":"Quote not found for symbol: SOUL-U"}}}
2026-05-04 17:27:53,559 - ERROR - HTTP Error 404: {"quoteSummary":{"result":null,"error":{"code":"Not Found","description":"Quote not found for symbol: SOUL-U"}}}
2026-05-04 17:27:58,221 - ERROR - HTTP Error 404: {"quoteSummary":{"result":null,"error":{"code":"Not Found","description":"Quote not found for symbol: GNFT"}}}
2026-05-04 17:27:59,386 - ERROR - HTTP Error 404: {"quoteSummary":{"result":null,"error":{"code":"Not Found","description":"Quote not found for symbol: GNFT"}}}
2026-05-04 17:28:00,491 - INFO - [3665/6511] Scan: CW...
2026-05-04 17:28:06,950 - INFO - [3670/6511] Scan: MIST...
2026-05-04 17:28:12,839 - INFO - [3675/6511] Scan: WENNU...
2026-05-04 17:28:18,619 - INFO - [3680/6511] Scan: FRAF...
2026-05-04 17:28:24,178 - INFO - [3685/6511] Scan: GF...
2026-05-04 17:28:29,974 - INFO - [3690/6511] Scan: DSWL...
2026-05-04 17:28:36,186 - INFO - [3695/6511] Scan: ONCO...
2026-05-04 17:28:41,663 - INFO - [3700/6511] Scan: EVTV...
2026-05-04 17:28:47,480 - INFO - [3705/6511] Scan: RCT...
2026-05-04 17:28:53,550 - INFO - [3710/6511] Scan: ACDC...
2026-05-04 17:28:59,819 - INFO - [3715/6511] Scan: VIRC...
2026-05-04 17:29:05,608 - INFO - [3720/6511] Scan: ZKP...
2026-05-04 17:29:11,522 - INFO - [3725/6511] Scan: SSTK...
2026-05-04 17:29:17,779 - INFO - [3730/6511] Scan: PLMK...
2026-05-04 17:29:23,761 - INFO - [3735/6511] Scan: RMCO...
2026-05-04 17:29:29,692 - INFO - [3740/6511] Scan: EBR-B...
2026-05-04 17:29:30,230 - ERROR - HTTP Error 404: {"quoteSummary":{"result":null,"error":{"code":"Not Found","description":"Quote not found for symbol: EBR-B"}}}
2026-05-04 17:29:31,526 - ERROR - HTTP Error 404: {"quoteSummary":{"result":null,"error":{"code":"Not Found","description":"Quote not found for symbol: EBR-B"}}}
2026-05-04 17:29:36,404 - INFO - [3745/6511] Scan: LIEN...
2026-05-04 17:29:42,152 - INFO - [3750/6511] Scan: MESO...
2026-05-04 17:29:47,651 - INFO - [3755/6511] Scan: VEEA...
2026-05-04 17:29:53,915 - INFO - [3760/6511] Scan: PDPA...
2026-05-04 17:29:59,625 - INFO - [3765/6511] Scan: IBEX...
2026-05-04 17:30:05,486 - INFO - [3770/6511] Scan: RARE...
2026-05-04 17:30:11,625 - INFO - [3775/6511] Scan: VABK...
2026-05-04 17:30:17,537 - INFO - [3780/6511] Scan: NAD...
2026-05-04 17:30:23,198 - INFO - [3785/6511] Scan: BTI...
2026-05-04 17:30:33,953 - INFO - [3790/6511] Scan: AOMN...
2026-05-04 17:30:39,543 - INFO - [3795/6511] Scan: KNX...
2026-05-04 17:30:46,016 - INFO - [3800/6511] Scan: HIMX...
2026-05-04 17:30:51,882 - INFO - [3805/6511] Scan: UAC...
2026-05-04 17:30:58,643 - INFO - [3810/6511] Scan: INTS...
2026-05-04 17:31:04,655 - INFO - [3815/6511] Scan: LYEL...
2026-05-04 17:31:10,584 - INFO - [3820/6511] Scan: TPET...
2026-05-04 17:31:16,730 - INFO - [3825/6511] Scan: QSR...
2026-05-04 17:31:20,912 - ERROR - HTTP Error 404: {"quoteSummary":{"result":null,"error":{"code":"Not Found","description":"Quote not found for symbol: EQV-U"}}}
2026-05-04 17:31:22,290 - ERROR - HTTP Error 404: {"quoteSummary":{"result":null,"error":{"code":"Not Found","description":"Quote not found for symbol: EQV-U"}}}
2026-05-04 17:31:23,557 - INFO - [3830/6511] Scan: RSG...
2026-05-04 17:31:29,608 - INFO - [3835/6511] Scan: LIN...
2026-05-04 17:31:35,317 - INFO - [3840/6511] Scan: LFST...
2026-05-04 17:31:41,374 - INFO - [3845/6511] Scan: FER...
2026-05-04 17:31:47,010 - INFO - [3850/6511] Scan: CGO...
2026-05-04 17:31:53,190 - INFO - [3855/6511] Scan: NVGS...
2026-05-04 17:31:58,915 - INFO - [3860/6511] Scan: IVR...
2026-05-04 17:32:04,939 - INFO - [3865/6511] Scan: BPYPO...
2026-05-04 17:32:10,750 - INFO - [3870/6511] Scan: SPB...
2026-05-04 17:32:17,239 - INFO - [3875/6511] Scan: EXFY...
2026-05-04 17:32:23,258 - INFO - [3880/6511] Scan: KWR...
2026-05-04 17:32:29,466 - INFO - [3885/6511] Scan: IE...
2026-05-04 17:32:35,318 - INFO - [3890/6511] Scan: RVSB...
2026-05-04 17:32:41,122 - INFO - [3895/6511] Scan: KC...
2026-05-04 17:32:47,292 - INFO - [3900/6511] Scan: WPP...
2026-05-04 17:32:53,512 - INFO - [3905/6511] Scan: RFIL...
2026-05-04 17:32:59,420 - INFO - [3910/6511] Scan: ICL...
2026-05-04 17:33:05,511 - INFO - [3915/6511] Scan: OPTT...
2026-05-04 17:33:11,316 - INFO - [3920/6511] Scan: CION...
2026-05-04 17:33:17,367 - INFO - [3925/6511] Scan: HOMB...
2026-05-04 17:33:23,125 - INFO - [3930/6511] Scan: ETR...
2026-05-04 17:33:29,035 - INFO - [3935/6511] Scan: LOCL...
2026-05-04 17:33:35,158 - INFO - [3940/6511] Scan: NVDA...
2026-05-04 17:33:41,222 - INFO - [3945/6511] Scan: BLDP...
2026-05-04 17:33:46,845 - INFO - [3950/6511] Scan: FTEK...
2026-05-04 17:33:52,801 - INFO - [3955/6511] Scan: PSEC...
2026-05-04 17:33:58,581 - INFO - [3960/6511] Scan: VRE...
2026-05-04 17:34:04,754 - INFO - [3965/6511] Scan: CCRN...
2026-05-04 17:34:10,709 - INFO - [3970/6511] Scan: TTE...
2026-05-04 17:34:16,466 - INFO - [3975/6511] Scan: AGNCZ...
2026-05-04 17:34:22,284 - INFO - [3980/6511] Scan: CRE...
2026-05-04 17:34:28,141 - INFO - [3985/6511] Scan: VVR...
2026-05-04 17:34:33,750 - INFO - [3990/6511] Scan: FRPH...
2026-05-04 17:34:39,483 - INFO - [3995/6511] Scan: STEM...
2026-05-04 17:34:45,689 - INFO - [4000/6511] Scan: RVTY...
2026-05-04 17:34:51,519 - INFO - [4005/6511] Scan: IPHA...
2026-05-04 17:34:57,678 - INFO - [4010/6511] Scan: IAC...
2026-05-04 17:35:03,899 - INFO - [4015/6511] Scan: DMIIR...
2026-05-04 17:35:09,653 - INFO - [4020/6511] Scan: FGMCR...
2026-05-04 17:35:16,385 - INFO - [4025/6511] Scan: PHAR...
2026-05-04 17:35:22,191 - INFO - [4030/6511] Scan: PASW...
2026-05-04 17:35:27,976 - INFO - [4035/6511] Scan: SNTI...
2026-05-04 17:35:34,015 - INFO - [4040/6511] Scan: AKTX...
2026-05-04 17:35:39,432 - INFO - [4045/6511] Scan: CSTL...
2026-05-04 17:35:45,327 - INFO - [4050/6511] Scan: JL...
2026-05-04 17:35:51,337 - INFO - [4055/6511] Scan: FCNCN...
2026-05-04 17:35:56,861 - INFO - [4060/6511] Scan: PVH...
2026-05-04 17:36:03,477 - INFO - [4065/6511] Scan: KYMR...
2026-05-04 17:36:09,988 - INFO - [4070/6511] Scan: PETS...
2026-05-04 17:36:16,583 - INFO - [4075/6511] Scan: RFL...
2026-05-04 17:36:22,441 - INFO - [4080/6511] Scan: RGP...
2026-05-04 17:36:33,091 - INFO - [4085/6511] Scan: STRZ...
2026-05-04 17:36:38,846 - INFO - [4090/6511] Scan: TAVIU...
2026-05-04 17:36:44,570 - INFO - [4095/6511] Scan: LWLG...
2026-05-04 17:36:56,772 - INFO - [4100/6511] Scan: AEG...
2026-05-04 17:37:09,614 - INFO - [4105/6511] Scan: AREB...
2026-05-04 17:37:15,859 - INFO - [4110/6511] Scan: ET...
2026-05-04 17:37:21,620 - INFO - [4115/6511] Scan: GLED...
2026-05-04 17:37:27,175 - INFO - [4120/6511] Scan: VSTM...
2026-05-04 17:37:32,953 - INFO - [4125/6511] Scan: WSFS...
2026-05-04 17:37:38,938 - INFO - [4130/6511] Scan: DSACU...
2026-05-04 17:37:44,513 - INFO - [4135/6511] Scan: FLR...
2026-05-04 17:37:49,849 - INFO - [4140/6511] Scan: IMNM...
2026-05-04 17:37:56,051 - INFO - [4145/6511] Scan: AFJKR...
2026-05-04 17:38:01,698 - INFO - [4150/6511] Scan: CVLG...
2026-05-04 17:38:07,654 - INFO - [4155/6511] Scan: QTTB...
2026-05-04 17:38:13,691 - INFO - [4160/6511] Scan: ALAB...
2026-05-04 17:38:19,623 - INFO - [4165/6511] Scan: CYD...
2026-05-04 17:38:26,013 - INFO - [4170/6511] Scan: CCOI...
2026-05-04 17:38:32,386 - INFO - [4175/6511] Scan: ELME...
2026-05-04 17:38:38,605 - INFO - [4180/6511] Scan: NVS...
2026-05-04 17:38:44,705 - INFO - [4185/6511] Scan: XFLH...
2026-05-04 17:38:50,346 - INFO - [4190/6511] Scan: LW...
2026-05-04 17:38:55,925 - INFO - [4195/6511] Scan: PNRG...
2026-05-04 17:39:02,603 - INFO - [4200/6511] Scan: CMND...
2026-05-04 17:39:08,580 - INFO - [4205/6511] Scan: DRTS...
2026-05-04 17:39:14,554 - INFO - [4210/6511] Scan: DAN...
2026-05-04 17:39:20,850 - INFO - [4215/6511] Scan: FFBC...
2026-05-04 17:39:26,941 - INFO - [4220/6511] Scan: HEQ...
2026-05-04 17:39:33,365 - INFO - [4225/6511] Scan: DXF...
2026-05-04 17:39:39,520 - INFO - [4230/6511] Scan: SSL...
2026-05-04 17:39:50,704 - INFO - [4235/6511] Scan: EFXT...
2026-05-04 17:40:01,172 - INFO - [4240/6511] Scan: BXC...
2026-05-04 17:40:07,646 - INFO - [4245/6511] Scan: NGG...
2026-05-04 17:40:13,847 - INFO - [4250/6511] Scan: BLKB...
2026-05-04 17:40:19,604 - INFO - [4255/6511] Scan: TUYA...
2026-05-04 17:40:25,703 - INFO - [4260/6511] Scan: ETB...
2026-05-04 17:40:31,253 - INFO - [4265/6511] Scan: MYSE...
2026-05-04 17:40:35,169 - ERROR - HTTP Error 404: {"quoteSummary":{"result":null,"error":{"code":"Not Found","description":"Quote not found for symbol: IRAB-U"}}}
2026-05-04 17:40:36,353 - ERROR - HTTP Error 404: {"quoteSummary":{"result":null,"error":{"code":"Not Found","description":"Quote not found for symbol: IRAB-U"}}}
2026-05-04 17:40:37,508 - INFO - [4270/6511] Scan: CMDB...
2026-05-04 17:40:43,108 - INFO - [4275/6511] Scan: AEM...
2026-05-04 17:40:48,836 - INFO - [4280/6511] Scan: LSBK...
2026-05-04 17:40:54,507 - INFO - [4285/6511] Scan: WSBK...
2026-05-04 17:41:00,352 - INFO - [4290/6511] Scan: HWH...
2026-05-04 17:41:06,459 - INFO - [4295/6511] Scan: NVST...
2026-05-04 17:41:12,743 - INFO - [4300/6511] Scan: TACO...
2026-05-04 17:41:19,143 - INFO - [4305/6511] Scan: LSPD...
2026-05-04 17:41:24,966 - INFO - [4310/6511] Scan: ARTV...
2026-05-04 17:41:30,675 - INFO - [4315/6511] Scan: VZLA...
2026-05-04 17:41:36,994 - INFO - [4320/6511] Scan: WFG...
2026-05-04 17:41:42,926 - INFO - [4325/6511] Scan: ASGI...
2026-05-04 17:41:49,182 - INFO - [4330/6511] Scan: NIVF...
2026-05-04 17:41:55,088 - INFO - [4335/6511] Scan: VOYG...
2026-05-04 17:42:00,977 - INFO - [4340/6511] Scan: NSPR...
2026-05-04 17:42:06,862 - INFO - [4345/6511] Scan: USEA...
2026-05-04 17:42:12,608 - INFO - [4350/6511] Scan: SCII...
2026-05-04 17:42:18,289 - INFO - [4355/6511] Scan: POLEU...
2026-05-04 17:42:23,924 - INFO - [4360/6511] Scan: CRWV...
2026-05-04 17:42:29,913 - INFO - [4365/6511] Scan: SVCCU...
2026-05-04 17:42:36,217 - INFO - [4370/6511] Scan: XHLD...
2026-05-04 17:42:42,553 - INFO - [4375/6511] Scan: ODV...
2026-05-04 17:42:48,457 - INFO - [4380/6511] Scan: TTMI...
2026-05-04 17:42:55,010 - INFO - [4385/6511] Scan: AD...
2026-05-04 17:43:01,267 - INFO - [4390/6511] Scan: MITK...
2026-05-04 17:43:07,367 - INFO - [4395/6511] Scan: SUNC...
2026-05-04 17:43:13,309 - INFO - [4400/6511] Scan: DHT...
2026-05-04 17:43:19,153 - INFO - [4405/6511] Scan: IRTC...
2026-05-04 17:43:25,321 - INFO - [4410/6511] Scan: EDRY...
2026-05-04 17:43:31,098 - INFO - [4415/6511] Scan: H...
2026-05-04 17:43:37,100 - INFO - [4420/6511] Scan: DYOR...
2026-05-04 17:43:43,526 - INFO - [4425/6511] Scan: FEBO...
2026-05-04 17:43:48,909 - INFO - [4430/6511] Scan: VNT...
2026-05-04 17:43:55,096 - INFO - [4435/6511] Scan: UPLD...
2026-05-04 17:44:00,962 - INFO - [4440/6511] Scan: GTEN...
2026-05-04 17:44:06,039 - ERROR - HTTP Error 404: {"quoteSummary":{"result":null,"error":{"code":"Not Found","description":"Quote not found for symbol: SBXD-U"}}}
2026-05-04 17:44:07,359 - ERROR - HTTP Error 404: {"quoteSummary":{"result":null,"error":{"code":"Not Found","description":"Quote not found for symbol: SBXD-U"}}}
2026-05-04 17:44:07,641 - INFO - [4445/6511] Scan: CNXC...
2026-05-04 17:44:13,498 - INFO - [4450/6511] Scan: ASIX...
2026-05-04 17:44:19,399 - INFO - [4455/6511] Scan: DAIO...
2026-05-04 17:44:25,254 - INFO - [4460/6511] Scan: CALX...
2026-05-04 17:44:30,725 - INFO - [4465/6511] Scan: CLIR...
2026-05-04 17:44:35,565 - INFO - [4470/6511] Scan: CPNG...
2026-05-04 17:44:41,555 - INFO - [4475/6511] Scan: TW...
2026-05-04 17:44:47,488 - INFO - [4480/6511] Scan: METCI...
2026-05-04 17:44:53,013 - INFO - [4485/6511] Scan: BRAG...
2026-05-04 17:44:58,544 - INFO - [4490/6511] Scan: WEX...
2026-05-04 17:45:04,025 - ERROR - HTTP Error 404: {"quoteSummary":{"result":null,"error":{"code":"Not Found","description":"Quote not found for symbol: BIII-U"}}}
2026-05-04 17:45:05,442 - ERROR - HTTP Error 404: {"quoteSummary":{"result":null,"error":{"code":"Not Found","description":"Quote not found for symbol: BIII-U"}}}
2026-05-04 17:45:05,726 - INFO - [4495/6511] Scan: ARTNA...
2026-05-04 17:45:11,439 - INFO - [4500/6511] Scan: BAER...
2026-05-04 17:45:17,413 - INFO - [4505/6511] Scan: CHEF...
2026-05-04 17:45:23,814 - INFO - [4510/6511] Scan: RACE...
2026-05-04 17:45:29,929 - INFO - [4515/6511] Scan: EMR...
2026-05-04 17:45:35,916 - INFO - [4520/6511] Scan: RVMD...
2026-05-04 17:45:41,846 - INFO - [4525/6511] Scan: FMST...
2026-05-04 17:45:47,753 - INFO - [4530/6511] Scan: ODYS...
2026-05-04 17:45:53,938 - INFO - [4535/6511] Scan: OSBC...
2026-05-04 17:46:00,030 - INFO - [4540/6511] Scan: DFH...
2026-05-04 17:46:06,690 - INFO - [4545/6511] Scan: VYGR...
2026-05-04 17:46:12,468 - INFO - [4550/6511] Scan: SCM...
2026-05-04 17:46:18,561 - INFO - [4555/6511] Scan: VRSK...
2026-05-04 17:46:24,783 - INFO - [4560/6511] Scan: DV...
2026-05-04 17:46:37,710 - INFO - [4565/6511] Scan: TMDE...
2026-05-04 17:46:43,431 - INFO - [4570/6511] Scan: HOOD...
2026-05-04 17:46:49,894 - INFO - [4575/6511] Scan: TWG...
2026-05-04 17:46:55,512 - INFO - [4580/6511] Scan: ARTL...
2026-05-04 17:47:00,891 - INFO - [4585/6511] Scan: MHH...
2026-05-04 17:47:06,889 - INFO - [4590/6511] Scan: ATYR...
2026-05-04 17:47:12,911 - INFO - [4595/6511] Scan: BESS...
2026-05-04 17:47:19,051 - INFO - [4600/6511] Scan: CSAI...
2026-05-04 17:47:25,376 - INFO - [4605/6511] Scan: TALK...
2026-05-04 17:47:31,704 - INFO - [4610/6511] Scan: KYTX...
2026-05-04 17:47:37,692 - INFO - [4615/6511] Scan: BFLY...
2026-05-04 17:47:43,543 - INFO - [4620/6511] Scan: STGW...
2026-05-04 17:47:49,138 - INFO - [4625/6511] Scan: FIEE...
2026-05-04 17:47:50,975 - INFO - FOUND GEM: FIEE
2026-05-04 17:47:55,590 - INFO - [4630/6511] Scan: PEP...
2026-05-04 17:48:01,932 - INFO - [4635/6511] Scan: ZBAI...
2026-05-04 17:48:08,114 - INFO - [4640/6511] Scan: UTL...
2026-05-04 17:48:13,813 - INFO - [4645/6511] Scan: TLPH...
2026-05-04 17:48:19,653 - INFO - [4650/6511] Scan: CHGG...
2026-05-04 17:48:25,601 - INFO - [4655/6511] Scan: IMCC...
2026-05-04 17:48:31,098 - INFO - [4660/6511] Scan: PAACU...
2026-05-04 17:48:37,674 - INFO - [4665/6511] Scan: IMNN...
2026-05-04 17:48:43,289 - INFO - [4670/6511] Scan: HNNA...
2026-05-04 17:48:49,462 - INFO - [4675/6511] Scan: ARCI...
2026-05-04 17:48:51,497 - ERROR - HTTP Error 404: {"quoteSummary":{"result":null,"error":{"code":"Not Found","description":"Quote not found for symbol: KPET-U"}}}
2026-05-04 17:48:52,829 - ERROR - HTTP Error 404: {"quoteSummary":{"result":null,"error":{"code":"Not Found","description":"Quote not found for symbol: KPET-U"}}}
2026-05-04 17:48:56,334 - INFO - [4680/6511] Scan: LPSN...
2026-05-04 17:49:03,008 - INFO - [4685/6511] Scan: BRO...
2026-05-04 17:49:08,908 - INFO - [4690/6511] Scan: CSCO...
2026-05-04 17:49:14,818 - INFO - [4695/6511] Scan: BSTZ...
2026-05-04 17:49:20,232 - INFO - [4700/6511] Scan: AIRI...
2026-05-04 17:49:25,881 - INFO - [4705/6511] Scan: BGT...
2026-05-04 17:49:31,783 - INFO - [4710/6511] Scan: SIDU...
2026-05-04 17:49:37,505 - INFO - [4715/6511] Scan: JBS...
2026-05-04 17:49:43,768 - INFO - [4720/6511] Scan: DIOD...
2026-05-04 17:49:49,915 - INFO - [4725/6511] Scan: PBM...
2026-05-04 17:49:55,405 - INFO - [4730/6511] Scan: LAZ...
2026-05-04 17:50:01,756 - INFO - [4735/6511] Scan: GTERA...
2026-05-04 17:50:07,315 - INFO - [4740/6511] Scan: XOMA...
2026-05-04 17:50:13,402 - INFO - [4745/6511] Scan: DMAAR...
2026-05-04 17:50:19,139 - INFO - [4750/6511] Scan: OCG...
2026-05-04 17:50:25,368 - INFO - [4755/6511] Scan: VSNT...
2026-05-04 17:50:31,598 - INFO - [4760/6511] Scan: OI...
2026-05-04 17:50:37,957 - INFO - [4765/6511] Scan: OXM...
2026-05-04 17:50:44,316 - INFO - [4770/6511] Scan: JRI...
2026-05-04 17:50:49,875 - INFO - [4775/6511] Scan: PARK...
2026-05-04 17:50:55,459 - INFO - [4780/6511] Scan: CME...
2026-05-04 17:51:01,082 - INFO - [4785/6511] Scan: UNF...
2026-05-04 17:51:07,255 - INFO - [4790/6511] Scan: BAFN...
2026-05-04 17:51:13,013 - INFO - [4795/6511] Scan: KCAC-U...
2026-05-04 17:51:13,464 - ERROR - HTTP Error 404: {"quoteSummary":{"result":null,"error":{"code":"Not Found","description":"Quote not found for symbol: KCAC-U"}}}
2026-05-04 17:51:14,771 - ERROR - HTTP Error 404: {"quoteSummary":{"result":null,"error":{"code":"Not Found","description":"Quote not found for symbol: KCAC-U"}}}
2026-05-04 17:51:19,756 - INFO - [4800/6511] Scan: MGEE...
2026-05-04 17:51:25,459 - INFO - [4805/6511] Scan: ENTA...
2026-05-04 17:51:31,388 - INFO - [4810/6511] Scan: CORZ...
2026-05-04 17:51:36,929 - INFO - [4815/6511] Scan: FOFO...
2026-05-04 17:51:42,765 - INFO - [4820/6511] Scan: ARVN...
2026-05-04 17:51:48,475 - INFO - [4825/6511] Scan: WILC...
2026-05-04 17:51:54,437 - INFO - [4830/6511] Scan: VVX...
2026-05-04 17:52:00,208 - INFO - [4835/6511] Scan: MH...
2026-05-04 17:52:06,004 - INFO - [4840/6511] Scan: GNT...
2026-05-04 17:52:11,850 - INFO - [4845/6511] Scan: GANX...
2026-05-04 17:52:17,402 - INFO - [4850/6511] Scan: AEE...
2026-05-04 17:52:23,973 - INFO - [4855/6511] Scan: NHC...
2026-05-04 17:52:28,061 - ERROR - HTTP Error 404: {"quoteSummary":{"result":null,"error":{"code":"Not Found","description":"Quote not found for symbol: WPAC-U"}}}
2026-05-04 17:52:29,405 - ERROR - HTTP Error 404: {"quoteSummary":{"result":null,"error":{"code":"Not Found","description":"Quote not found for symbol: WPAC-U"}}}
2026-05-04 17:52:31,208 - INFO - [4860/6511] Scan: ICFI...
2026-05-04 17:52:37,302 - INFO - [4865/6511] Scan: ONIT...
2026-05-04 17:52:43,653 - INFO - [4870/6511] Scan: HBANM...
2026-05-04 17:52:49,507 - INFO - [4875/6511] Scan: PDFS...
2026-05-04 17:52:55,653 - INFO - [4880/6511] Scan: SNEX...
2026-05-04 17:53:01,828 - INFO - [4885/6511] Scan: JRS...
2026-05-04 17:53:07,802 - INFO - [4890/6511] Scan: EVTL...
2026-05-04 17:53:13,911 - INFO - [4895/6511] Scan: MDXG...
2026-05-04 17:53:19,455 - INFO - [4900/6511] Scan: AQB...
2026-05-04 17:53:25,913 - INFO - [4905/6511] Scan: ACET...
2026-05-04 17:53:32,357 - INFO - [4910/6511] Scan: NTWOU...
2026-05-04 17:53:38,738 - INFO - [4915/6511] Scan: LYG...
2026-05-04 17:53:44,479 - INFO - [4920/6511] Scan: GIGM...
2026-05-04 17:53:50,814 - INFO - [4925/6511] Scan: ZEPP...
2026-05-04 17:53:56,505 - INFO - [4930/6511] Scan: PFSA...
2026-05-04 17:54:02,283 - INFO - [4935/6511] Scan: VECO...
2026-05-04 17:54:07,878 - INFO - [4940/6511] Scan: CRNT...
2026-05-04 17:54:13,854 - INFO - [4945/6511] Scan: HFRO...
2026-05-04 17:54:20,070 - INFO - [4950/6511] Scan: XXII...
2026-05-04 17:54:26,292 - INFO - [4955/6511] Scan: FCHL...
2026-05-04 17:54:31,913 - INFO - [4960/6511] Scan: DFIN...
2026-05-04 17:54:37,897 - INFO - [4965/6511] Scan: CLST...
2026-05-04 17:54:43,510 - INFO - [4970/6511] Scan: BCAT...
2026-05-04 17:54:49,185 - INFO - [4975/6511] Scan: ROCK...
2026-05-04 17:54:54,550 - INFO - [4980/6511] Scan: SCVL...
2026-05-04 17:54:58,538 - ERROR - HTTP Error 404: {"quoteSummary":{"result":null,"error":{"code":"Not Found","description":"Quote not found for symbol: KRSP-U"}}}
2026-05-04 17:54:59,719 - ERROR - HTTP Error 404: {"quoteSummary":{"result":null,"error":{"code":"Not Found","description":"Quote not found for symbol: KRSP-U"}}}
2026-05-04 17:55:01,045 - INFO - [4985/6511] Scan: PRU...
2026-05-04 17:55:07,025 - INFO - [4990/6511] Scan: DCBO...
2026-05-04 17:55:12,782 - INFO - [4995/6511] Scan: DXR...
2026-05-04 17:55:16,506 - ERROR - HTTP Error 404: {"quoteSummary":{"result":null,"error":{"code":"Not Found","description":"Quote not found for symbol: BEBE-U"}}}
2026-05-04 17:55:17,812 - ERROR - HTTP Error 404: {"quoteSummary":{"result":null,"error":{"code":"Not Found","description":"Quote not found for symbol: BEBE-U"}}}
2026-05-04 17:55:19,075 - INFO - [5000/6511] Scan: PAYX...
2026-05-04 17:55:24,756 - INFO - [5005/6511] Scan: AVB...
2026-05-04 17:55:31,162 - INFO - [5010/6511] Scan: SWVL...
2026-05-04 17:55:36,336 - ERROR - HTTP Error 404: {"quoteSummary":{"result":null,"error":{"code":"Not Found","description":"Quote not found for symbol: WENC-U"}}}
2026-05-04 17:55:37,619 - ERROR - HTTP Error 404: {"quoteSummary":{"result":null,"error":{"code":"Not Found","description":"Quote not found for symbol: WENC-U"}}}
2026-05-04 17:55:37,891 - INFO - [5015/6511] Scan: MCO...
2026-05-04 17:55:43,768 - INFO - [5020/6511] Scan: CENX...
2026-05-04 17:55:50,243 - INFO - [5025/6511] Scan: TRT...
2026-05-04 17:55:55,857 - INFO - [5030/6511] Scan: ABLV...
2026-05-04 17:56:01,705 - INFO - [5035/6511] Scan: ORCL...
2026-05-04 17:56:07,626 - INFO - [5040/6511] Scan: JAGX...
2026-05-04 17:56:13,247 - INFO - [5045/6511] Scan: PDM...
2026-05-04 17:56:18,871 - INFO - [5050/6511] Scan: PRVA...
2026-05-04 17:56:24,300 - INFO - [5055/6511] Scan: BUSE...
2026-05-04 17:56:35,694 - INFO - [5060/6511] Scan: WETH...
2026-05-04 17:56:41,574 - INFO - [5065/6511] Scan: EIC...
2026-05-04 17:56:47,238 - INFO - [5070/6511] Scan: GLQ...
2026-05-04 17:56:52,987 - INFO - [5075/6511] Scan: CQP...
2026-05-04 17:56:59,345 - INFO - [5080/6511] Scan: CIG-C...
2026-05-04 17:57:05,201 - INFO - [5085/6511] Scan: HMN...
2026-05-04 17:57:10,783 - INFO - [5090/6511] Scan: BIO...
2026-05-04 17:57:16,571 - INFO - [5095/6511] Scan: SAC-U...
2026-05-04 17:57:17,088 - ERROR - HTTP Error 404: {"quoteSummary":{"result":null,"error":{"code":"Not Found","description":"Quote not found for symbol: SAC-U"}}}
2026-05-04 17:57:18,241 - ERROR - HTTP Error 404: {"quoteSummary":{"result":null,"error":{"code":"Not Found","description":"Quote not found for symbol: SAC-U"}}}
2026-05-04 17:57:23,206 - INFO - [5100/6511] Scan: PHGE...
2026-05-04 17:57:29,800 - INFO - [5105/6511] Scan: GRWG...
2026-05-04 17:57:35,984 - INFO - [5110/6511] Scan: CADL...
2026-05-04 17:57:41,557 - INFO - [5115/6511] Scan: TJX...
2026-05-04 17:57:47,559 - INFO - [5120/6511] Scan: NCNA...
2026-05-04 17:57:49,389 - ERROR - HTTP Error 404: {"quoteSummary":{"result":null,"error":{"code":"Not Found","description":"Quote not found for symbol: QLEP-U"}}}
2026-05-04 17:57:50,706 - ERROR - HTTP Error 404: {"quoteSummary":{"result":null,"error":{"code":"Not Found","description":"Quote not found for symbol: QLEP-U"}}}
2026-05-04 17:57:54,307 - INFO - [5125/6511] Scan: UHAL...
2026-05-04 17:58:01,363 - INFO - [5130/6511] Scan: WEN...
2026-05-04 17:58:07,598 - INFO - [5135/6511] Scan: DRDBU...
2026-05-04 17:58:14,753 - INFO - [5140/6511] Scan: PNBK...
2026-05-04 17:58:20,747 - INFO - [5145/6511] Scan: LOKVU...
2026-05-04 17:58:26,403 - INFO - [5150/6511] Scan: BRIA...
2026-05-04 17:58:32,128 - INFO - [5155/6511] Scan: AQMS...
2026-05-04 17:58:35,683 - ERROR - HTTP Error 404: {"quoteSummary":{"result":null,"error":{"code":"Not Found","description":"Quote not found for symbol: PLUN-U"}}}
2026-05-04 17:58:36,849 - ERROR - HTTP Error 404: {"quoteSummary":{"result":null,"error":{"code":"Not Found","description":"Quote not found for symbol: PLUN-U"}}}
2026-05-04 17:58:39,204 - INFO - [5160/6511] Scan: INCY...
2026-05-04 17:58:45,148 - INFO - [5165/6511] Scan: MGY...
2026-05-04 17:58:51,185 - INFO - [5170/6511] Scan: GOODO...
2026-05-04 17:58:56,659 - INFO - [5175/6511] Scan: NODK...
2026-05-04 17:59:02,381 - INFO - [5180/6511] Scan: CIGI...
2026-05-04 17:59:08,572 - INFO - [5185/6511] Scan: VRRM...
2026-05-04 17:59:14,555 - INFO - [5190/6511] Scan: BCRX...
2026-05-04 17:59:20,734 - INFO - [5195/6511] Scan: ANGH...
2026-05-04 17:59:26,276 - INFO - [5200/6511] Scan: ONEG...
2026-05-04 17:59:31,910 - INFO - [5205/6511] Scan: NVCR...
2026-05-04 17:59:37,945 - INFO - [5210/6511] Scan: BKKT...
2026-05-04 17:59:43,710 - INFO - [5215/6511] Scan: ZNTL...
2026-05-04 17:59:49,639 - INFO - [5220/6511] Scan: PNW...
2026-05-04 17:59:55,777 - INFO - [5225/6511] Scan: ZOOZ...
2026-05-04 18:00:01,493 - INFO - [5230/6511] Scan: ACMR...
2026-05-04 18:00:07,948 - INFO - [5235/6511] Scan: PRO...
2026-05-04 18:00:08,469 - ERROR - HTTP Error 404: {"quoteSummary":{"result":null,"error":{"code":"Not Found","description":"Quote not found for symbol: PRO"}}}
2026-05-04 18:00:09,812 - ERROR - HTTP Error 404: {"quoteSummary":{"result":null,"error":{"code":"Not Found","description":"Quote not found for symbol: PRO"}}}
2026-05-04 18:00:14,822 - INFO - [5240/6511] Scan: MUR...
2026-05-04 18:00:20,852 - INFO - [5245/6511] Scan: RYAN...
2026-05-04 18:00:27,311 - INFO - [5250/6511] Scan: PBYI...
2026-05-04 18:00:28,747 - INFO - FOUND GEM: PBYI
2026-05-04 18:00:33,677 - INFO - [5255/6511] Scan: SYNX...
2026-05-04 18:00:39,000 - INFO - [5260/6511] Scan: CAST...
2026-05-04 18:00:45,005 - INFO - [5265/6511] Scan: BKD...
2026-05-04 18:00:51,211 - INFO - [5270/6511] Scan: RPRX...
2026-05-04 18:00:57,016 - INFO - [5275/6511] Scan: WLY...
2026-05-04 18:01:03,144 - INFO - [5280/6511] Scan: FR...
2026-05-04 18:01:05,760 - ERROR - HTTP Error 404: {"quoteSummary":{"result":null,"error":{"code":"Not Found","description":"Quote not found for symbol: JPI"}}}
2026-05-04 18:01:07,375 - ERROR - HTTP Error 404: {"quoteSummary":{"result":null,"error":{"code":"Not Found","description":"Quote not found for symbol: JPI"}}}
2026-05-04 18:01:10,688 - INFO - [5285/6511] Scan: OPY...
2026-05-04 18:01:15,954 - ERROR - HTTP Error 404: {"quoteSummary":{"result":null,"error":{"code":"Not Found","description":"Quote not found for symbol: VACI-U"}}}
2026-05-04 18:01:17,358 - ERROR - HTTP Error 404: {"quoteSummary":{"result":null,"error":{"code":"Not Found","description":"Quote not found for symbol: VACI-U"}}}
2026-05-04 18:01:17,661 - INFO - [5290/6511] Scan: SLNH...
2026-05-04 18:01:23,813 - INFO - [5295/6511] Scan: VALN...
2026-05-04 18:01:29,651 - INFO - [5300/6511] Scan: ETS...
2026-05-04 18:01:35,290 - INFO - [5305/6511] Scan: BF-A...
2026-05-04 18:01:40,838 - INFO - [5310/6511] Scan: DTCX...
2026-05-04 18:01:46,971 - INFO - [5315/6511] Scan: MAIN...
2026-05-04 18:01:53,026 - INFO - [5320/6511] Scan: SEPN...
2026-05-04 18:01:58,942 - INFO - [5325/6511] Scan: LGI...
2026-05-04 18:02:04,775 - INFO - [5330/6511] Scan: PPSI...
2026-05-04 18:02:10,671 - INFO - [5335/6511] Scan: FTF...
2026-05-04 18:02:16,433 - INFO - [5340/6511] Scan: FTDR...
2026-05-04 18:02:22,290 - INFO - [5345/6511] Scan: ENPH...
2026-05-04 18:02:28,079 - INFO - [5350/6511] Scan: IMVT...
2026-05-04 18:02:34,124 - INFO - [5355/6511] Scan: CARR...
2026-05-04 18:02:40,871 - INFO - [5360/6511] Scan: MNKD...
2026-05-04 18:02:46,566 - INFO - [5365/6511] Scan: ADMA...
2026-05-04 18:02:52,845 - INFO - [5370/6511] Scan: STK...
2026-05-04 18:02:58,398 - INFO - [5375/6511] Scan: GLUE...
2026-05-04 18:03:03,763 - INFO - [5380/6511] Scan: NMIH...
2026-05-04 18:03:09,701 - INFO - [5385/6511] Scan: NMAI...
2026-05-04 18:03:15,542 - INFO - [5390/6511] Scan: JRVR...
2026-05-04 18:03:21,627 - INFO - [5395/6511] Scan: SUPV...
2026-05-04 18:03:27,681 - INFO - [5400/6511] Scan: LPA...
2026-05-04 18:03:33,876 - INFO - [5405/6511] Scan: NEOV...
2026-05-04 18:03:40,113 - INFO - [5410/6511] Scan: BGM...
2026-05-04 18:03:46,394 - INFO - [5415/6511] Scan: SCHW...
2026-05-04 18:03:52,385 - INFO - [5420/6511] Scan: DGNX...
2026-05-04 18:03:58,602 - INFO - [5425/6511] Scan: PALO...
2026-05-04 18:04:04,403 - INFO - [5430/6511] Scan: ONC...
2026-05-04 18:04:10,436 - INFO - [5435/6511] Scan: BKE...
2026-05-04 18:04:16,447 - INFO - [5440/6511] Scan: BMEZ...
2026-05-04 18:04:21,432 - ERROR - HTTP Error 404: {"quoteSummary":{"result":null,"error":{"code":"Not Found","description":"Quote not found for symbol: MZYX-U"}}}
2026-05-04 18:04:23,030 - ERROR - HTTP Error 404: {"quoteSummary":{"result":null,"error":{"code":"Not Found","description":"Quote not found for symbol: MZYX-U"}}}
2026-05-04 18:04:24,748 - INFO - [5445/6511] Scan: POWWP...
2026-05-04 18:04:30,834 - INFO - [5450/6511] Scan: MPU...
2026-05-04 18:04:36,613 - INFO - [5455/6511] Scan: PSMT...
2026-05-04 18:04:42,614 - INFO - [5460/6511] Scan: LAUR...
2026-05-04 18:04:48,513 - INFO - [5465/6511] Scan: BWMN...
2026-05-04 18:04:50,511 - ERROR - HTTP Error 404: {"quoteSummary":{"result":null,"error":{"code":"Not Found","description":"Quote not found for symbol: MIO"}}}
2026-05-04 18:04:51,780 - ERROR - HTTP Error 404: {"quoteSummary":{"result":null,"error":{"code":"Not Found","description":"Quote not found for symbol: MIO"}}}
2026-05-04 18:04:55,158 - INFO - [5470/6511] Scan: CON...
2026-05-04 18:05:00,842 - INFO - [5475/6511] Scan: HCICU...
2026-05-04 18:05:06,909 - INFO - [5480/6511] Scan: ALV...
2026-05-04 18:05:12,466 - INFO - [5485/6511] Scan: AKO-B...
2026-05-04 18:05:18,469 - INFO - [5490/6511] Scan: OCS...
2026-05-04 18:05:24,413 - INFO - [5495/6511] Scan: HQH...
2026-05-04 18:05:30,159 - INFO - [5500/6511] Scan: CXE...
2026-05-04 18:05:34,864 - ERROR - HTTP Error 404: {"quoteSummary":{"result":null,"error":{"code":"Not Found","description":"Quote not found for symbol: QRED-U"}}}
2026-05-04 18:05:36,055 - ERROR - HTTP Error 404: {"quoteSummary":{"result":null,"error":{"code":"Not Found","description":"Quote not found for symbol: QRED-U"}}}
2026-05-04 18:05:36,360 - INFO - [5505/6511] Scan: QVCD...
2026-05-04 18:05:42,070 - INFO - [5510/6511] Scan: VRNS...
2026-05-04 18:05:47,480 - INFO - [5515/6511] Scan: CLVT...
2026-05-04 18:05:53,122 - INFO - [5520/6511] Scan: HUIZ...
2026-05-04 18:05:59,175 - INFO - [5525/6511] Scan: MTVA...
2026-05-04 18:06:05,060 - INFO - [5530/6511] Scan: JYNT...
2026-05-04 18:06:11,295 - INFO - [5535/6511] Scan: TCBIO...
2026-05-04 18:06:17,509 - INFO - [5540/6511] Scan: PYPL...
2026-05-04 18:06:23,372 - INFO - [5545/6511] Scan: CTRI...
2026-05-04 18:06:29,344 - INFO - [5550/6511] Scan: OLED...
2026-05-04 18:06:35,347 - INFO - [5555/6511] Scan: WEST...
2026-05-04 18:06:38,399 - ERROR - HTTP Error 404: {"quoteSummary":{"result":null,"error":{"code":"Not Found","description":"Quote not found for symbol: SOL"}}}
2026-05-04 18:06:39,608 - ERROR - HTTP Error 404: {"quoteSummary":{"result":null,"error":{"code":"Not Found","description":"Quote not found for symbol: SOL"}}}
2026-05-04 18:06:40,895 - INFO - [5560/6511] Scan: EARN...
2026-05-04 18:06:47,089 - INFO - [5565/6511] Scan: ABVX...
2026-05-04 18:06:53,226 - INFO - [5570/6511] Scan: GPGI...
2026-05-04 18:06:59,291 - INFO - [5575/6511] Scan: CIMN...
2026-05-04 18:07:05,210 - INFO - [5580/6511] Scan: NAGE...
2026-05-04 18:07:11,192 - INFO - [5585/6511] Scan: SONM...
2026-05-04 18:07:16,795 - INFO - [5590/6511] Scan: KOP...
2026-05-04 18:07:19,690 - ERROR - HTTP Error 404: {"quoteSummary":{"result":null,"error":{"code":"Not Found","description":"Quote not found for symbol: YCY-U"}}}
2026-05-04 18:07:20,735 - ERROR - HTTP Error 404: {"quoteSummary":{"result":null,"error":{"code":"Not Found","description":"Quote not found for symbol: YCY-U"}}}
2026-05-04 18:07:23,133 - INFO - [5595/6511] Scan: EDHL...
2026-05-04 18:07:29,149 - INFO - [5600/6511] Scan: AACG...
2026-05-04 18:07:35,238 - INFO - [5605/6511] Scan: GBX...
2026-05-04 18:07:41,453 - INFO - [5610/6511] Scan: RPD...
2026-05-04 18:07:47,288 - INFO - [5615/6511] Scan: C...
2026-05-04 18:07:53,529 - INFO - [5620/6511] Scan: COPL-U...
2026-05-04 18:07:54,010 - ERROR - HTTP Error 404: {"quoteSummary":{"result":null,"error":{"code":"Not Found","description":"Quote not found for symbol: COPL-U"}}}
2026-05-04 18:07:55,170 - ERROR - HTTP Error 404: {"quoteSummary":{"result":null,"error":{"code":"Not Found","description":"Quote not found for symbol: COPL-U"}}}
2026-05-04 18:07:57,111 - ERROR - HTTP Error 404: {"quoteSummary":{"result":null,"error":{"code":"Not Found","description":"Quote not found for symbol: KCA-U"}}}
2026-05-04 18:07:58,312 - ERROR - HTTP Error 404: {"quoteSummary":{"result":null,"error":{"code":"Not Found","description":"Quote not found for symbol: KCA-U"}}}
2026-05-04 18:08:00,651 - INFO - [5625/6511] Scan: MTAL...
2026-05-04 18:08:06,699 - INFO - [5630/6511] Scan: CFFI...
2026-05-04 18:08:12,728 - INFO - [5635/6511] Scan: VNDA...
2026-05-04 18:08:18,453 - INFO - [5640/6511] Scan: NDRA...
2026-05-04 18:08:24,122 - INFO - [5645/6511] Scan: THRY...
2026-05-04 18:08:30,182 - INFO - [5650/6511] Scan: IMPPP...
2026-05-04 18:08:36,709 - INFO - [5655/6511] Scan: QNRX...
2026-05-04 18:08:42,876 - INFO - [5660/6511] Scan: WMS...
2026-05-04 18:08:48,436 - INFO - [5665/6511] Scan: WMK...
2026-05-04 18:08:54,513 - INFO - [5670/6511] Scan: NLOP...
2026-05-04 18:09:00,033 - INFO - [5675/6511] Scan: BATRA...
2026-05-04 18:09:05,590 - INFO - [5680/6511] Scan: EVEX...
2026-05-04 18:09:11,157 - INFO - [5685/6511] Scan: AVNS...
2026-05-04 18:09:16,941 - INFO - [5690/6511] Scan: HTHT...
2026-05-04 18:09:23,590 - INFO - [5695/6511] Scan: TRNO...
2026-05-04 18:09:29,561 - INFO - [5700/6511] Scan: ASTI...
2026-05-04 18:09:35,783 - INFO - [5705/6511] Scan: PEB...
2026-05-04 18:09:46,154 - ERROR - HTTP Error 404: {"quoteSummary":{"result":null,"error":{"code":"Not Found","description":"Quote not found for symbol: CHN"}}}
2026-05-04 18:09:47,605 - ERROR - HTTP Error 404: {"quoteSummary":{"result":null,"error":{"code":"Not Found","description":"Quote not found for symbol: CHN"}}}
2026-05-04 18:09:48,896 - INFO - [5710/6511] Scan: NPAC...
2026-05-04 18:09:51,643 - ERROR - HTTP Error 404: {"quoteSummary":{"result":null,"error":{"code":"Not Found","description":"Quote not found for symbol: LEGO-U"}}}
2026-05-04 18:09:54,120 - INFO - [5715/6511] Scan: ASH...
2026-05-04 18:10:00,038 - INFO - [5720/6511] Scan: PTON...
2026-05-04 18:10:06,065 - INFO - [5725/6511] Scan: XBIO...
2026-05-04 18:10:12,369 - INFO - [5730/6511] Scan: MESH...
2026-05-04 18:10:18,175 - INFO - [5735/6511] Scan: ATXG...
2026-05-04 18:10:24,174 - INFO - [5740/6511] Scan: PXLW...
2026-05-04 18:10:30,207 - INFO - [5745/6511] Scan: OIA...
2026-05-04 18:10:35,946 - INFO - [5750/6511] Scan: TBH...
2026-05-04 18:10:42,838 - INFO - FOUND GEM: GOAI
2026-05-04 18:10:43,139 - INFO - [5755/6511] Scan: YELP...
2026-05-04 18:10:49,196 - INFO - [5760/6511] Scan: LARK...
2026-05-04 18:10:54,945 - INFO - [5765/6511] Scan: KR...
2026-05-04 18:11:01,046 - INFO - [5770/6511] Scan: SKYT...
2026-05-04 18:11:07,143 - INFO - [5775/6511] Scan: SYRE...
2026-05-04 18:11:13,036 - INFO - [5780/6511] Scan: SGRY...
2026-05-04 18:11:18,425 - INFO - [5785/6511] Scan: PCF...
2026-05-04 18:11:24,398 - INFO - [5790/6511] Scan: TRV...
2026-05-04 18:11:30,154 - INFO - [5795/6511] Scan: LEGN...
2026-05-04 18:11:36,514 - INFO - [5800/6511] Scan: CREG...
2026-05-04 18:11:42,167 - INFO - [5805/6511] Scan: RSI...
2026-05-04 18:11:48,043 - INFO - [5810/6511] Scan: ONDS...
2026-05-04 18:11:54,783 - INFO - [5815/6511] Scan: JCTC...
2026-05-04 18:12:01,221 - INFO - [5820/6511] Scan: ARDC...
2026-05-04 18:12:07,158 - INFO - [5825/6511] Scan: KTTA...
2026-05-04 18:12:12,965 - INFO - [5830/6511] Scan: ALGM...
2026-05-04 18:12:18,817 - INFO - [5835/6511] Scan: ARCLU...
2026-05-04 18:12:25,229 - INFO - [5840/6511] Scan: VRTX...
2026-05-04 18:12:31,114 - INFO - [5845/6511] Scan: ABT...
2026-05-04 18:12:36,966 - INFO - [5850/6511] Scan: WRBY...
2026-05-04 18:12:42,898 - INFO - [5855/6511] Scan: OII...
2026-05-04 18:12:48,853 - INFO - [5860/6511] Scan: SEG...
2026-05-04 18:12:54,500 - INFO - [5865/6511] Scan: RYOJ...
2026-05-04 18:13:00,355 - INFO - [5870/6511] Scan: GUG...
2026-05-04 18:13:05,993 - INFO - [5875/6511] Scan: MDLZ...
2026-05-04 18:13:11,988 - INFO - [5880/6511] Scan: SES...
2026-05-04 18:13:17,881 - INFO - [5885/6511] Scan: GNE...
2026-05-04 18:13:23,587 - INFO - [5890/6511] Scan: SCCO...
2026-05-04 18:13:36,053 - INFO - [5895/6511] Scan: BETR...
2026-05-04 18:13:42,495 - INFO - [5900/6511] Scan: SAM...
2026-05-04 18:13:46,499 - ERROR - HTTP Error 404: {"quoteSummary":{"result":null,"error":{"code":"Not Found","description":"Quote not found for symbol: BHLB"}}}
2026-05-04 18:13:47,674 - ERROR - HTTP Error 404: {"quoteSummary":{"result":null,"error":{"code":"Not Found","description":"Quote not found for symbol: BHLB"}}}
2026-05-04 18:13:48,935 - INFO - [5905/6511] Scan: ACAAU...
2026-05-04 18:13:54,753 - INFO - [5910/6511] Scan: MCFT...
2026-05-04 18:14:00,888 - INFO - [5915/6511] Scan: HMY...
2026-05-04 18:14:06,842 - INFO - [5920/6511] Scan: CMII...
2026-05-04 18:14:12,690 - INFO - [5925/6511] Scan: FBIOP...
2026-05-04 18:14:21,817 - INFO - [5930/6511] Scan: CHSCO...
2026-05-04 18:14:27,365 - INFO - [5935/6511] Scan: GLO...
2026-05-04 18:14:33,601 - INFO - [5940/6511] Scan: NMM...
2026-05-04 18:14:39,813 - INFO - [5945/6511] Scan: DOGZ...
2026-05-04 18:14:46,594 - INFO - [5950/6511] Scan: FPS...
2026-05-04 18:14:52,572 - INFO - [5955/6511] Scan: INDB...
2026-05-04 18:14:54,456 - ERROR - HTTP Error 404: {"quoteSummary":{"result":null,"error":{"code":"Not Found","description":"Quote not found for symbol: ZYXI"}}}
2026-05-04 18:14:55,561 - ERROR - HTTP Error 404: {"quoteSummary":{"result":null,"error":{"code":"Not Found","description":"Quote not found for symbol: ZYXI"}}}
2026-05-04 18:14:58,835 - INFO - [5960/6511] Scan: VTRS...
2026-05-04 18:15:04,781 - INFO - [5965/6511] Scan: PSA...
2026-05-04 18:15:10,450 - INFO - [5970/6511] Scan: NRXP...
2026-05-04 18:15:16,287 - INFO - [5975/6511] Scan: DB...
2026-05-04 18:15:21,916 - INFO - [5980/6511] Scan: ONMD...
2026-05-04 18:15:28,235 - INFO - [5985/6511] Scan: CRK...
2026-05-04 18:15:33,827 - INFO - [5990/6511] Scan: ISPC...
2026-05-04 18:15:39,828 - INFO - [5995/6511] Scan: LAKE...
2026-05-04 18:15:46,334 - INFO - [6000/6511] Scan: CBNA...
2026-05-04 18:15:51,865 - INFO - [6005/6511] Scan: PLRZ...
2026-05-04 18:15:57,546 - INFO - [6010/6511] Scan: FMNB...
2026-05-04 18:16:03,148 - INFO - [6015/6511] Scan: OPHC...
2026-05-04 18:16:09,620 - INFO - [6020/6511] Scan: PTHS...
2026-05-04 18:16:15,431 - INFO - [6025/6511] Scan: NOMD...
2026-05-04 18:16:22,039 - INFO - [6030/6511] Scan: CGTX...
2026-05-04 18:16:27,685 - INFO - [6035/6511] Scan: EXOZ...
2026-05-04 18:16:33,315 - INFO - [6040/6511] Scan: GEF...
2026-05-04 18:16:39,328 - INFO - [6045/6511] Scan: BTCS...
2026-05-04 18:16:45,498 - INFO - [6050/6511] Scan: JACS-U...
2026-05-04 18:16:45,972 - ERROR - HTTP Error 404: {"quoteSummary":{"result":null,"error":{"code":"Not Found","description":"Quote not found for symbol: JACS-U"}}}
2026-05-04 18:16:47,113 - ERROR - HTTP Error 404: {"quoteSummary":{"result":null,"error":{"code":"Not Found","description":"Quote not found for symbol: JACS-U"}}}
2026-05-04 18:17:00,257 - INFO - [6055/6511] Scan: BHB...
2026-05-04 18:17:05,972 - INFO - [6060/6511] Scan: CP...
2026-05-04 18:17:11,724 - INFO - [6065/6511] Scan: ZGN...
2026-05-04 18:17:17,825 - INFO - [6070/6511] Scan: FRME...
2026-05-04 18:17:23,372 - INFO - [6075/6511] Scan: TBLA...
2026-05-04 18:17:29,695 - INFO - [6080/6511] Scan: SNWV...
2026-05-04 18:17:35,586 - INFO - [6085/6511] Scan: AKAN...
2026-05-04 18:17:41,586 - INFO - [6090/6511] Scan: SPKL...
2026-05-04 18:17:47,331 - INFO - [6095/6511] Scan: UGI...
2026-05-04 18:17:53,057 - INFO - [6100/6511] Scan: LGVN...
2026-05-04 18:17:59,110 - INFO - [6105/6511] Scan: GENK...
2026-05-04 18:18:05,590 - INFO - [6110/6511] Scan: KNRX...
2026-05-04 18:18:11,921 - INFO - [6115/6511] Scan: BWIV-U...
2026-05-04 18:18:12,400 - ERROR - HTTP Error 404: {"quoteSummary":{"result":null,"error":{"code":"Not Found","description":"Quote not found for symbol: BWIV-U"}}}
2026-05-04 18:18:13,681 - ERROR - HTTP Error 404: {"quoteSummary":{"result":null,"error":{"code":"Not Found","description":"Quote not found for symbol: BWIV-U"}}}
2026-05-04 18:18:17,541 - ERROR - HTTP Error 404: {"quoteSummary":{"result":null,"error":{"code":"Not Found","description":"Quote not found for symbol: JENA-U"}}}
2026-05-04 18:18:18,704 - ERROR - HTTP Error 404: {"quoteSummary":{"result":null,"error":{"code":"Not Found","description":"Quote not found for symbol: JENA-U"}}}
2026-05-04 18:18:19,026 - INFO - [6120/6511] Scan: JAGU...
2026-05-04 18:18:25,210 - INFO - [6125/6511] Scan: VNTG...
2026-05-04 18:18:30,985 - INFO - [6130/6511] Scan: TNC...
2026-05-04 18:18:36,662 - INFO - [6135/6511] Scan: WTFCN...
2026-05-04 18:18:42,666 - INFO - [6140/6511] Scan: FCX...
2026-05-04 18:18:48,340 - INFO - [6145/6511] Scan: BNC...
2026-05-04 18:18:54,090 - INFO - [6150/6511] Scan: RAPP...
2026-05-04 18:19:00,192 - INFO - [6155/6511] Scan: PCVX...
2026-05-04 18:19:05,738 - INFO - [6160/6511] Scan: ENJ...
2026-05-04 18:19:12,499 - INFO - [6165/6511] Scan: ROG...
2026-05-04 18:19:18,441 - INFO - [6170/6511] Scan: NUVL...
2026-05-04 18:19:24,114 - INFO - [6175/6511] Scan: EMP...
2026-05-04 18:19:30,220 - INFO - [6180/6511] Scan: HTLM...
2026-05-04 18:19:36,174 - INFO - [6185/6511] Scan: INSW...
2026-05-04 18:19:42,837 - INFO - [6190/6511] Scan: UONEK...
2026-05-04 18:19:48,555 - INFO - [6195/6511] Scan: SCWO...
2026-05-04 18:19:54,203 - INFO - [6200/6511] Scan: ADBE...
2026-05-04 18:19:59,971 - INFO - [6205/6511] Scan: SHOO...
2026-05-04 18:20:06,456 - INFO - [6210/6511] Scan: USBC...
2026-05-04 18:20:12,805 - INFO - [6215/6511] Scan: WFRD...
2026-05-04 18:20:19,152 - INFO - [6220/6511] Scan: HURA...
2026-05-04 18:20:25,104 - INFO - [6225/6511] Scan: LNKB...
2026-05-04 18:20:31,611 - INFO - [6230/6511] Scan: MBBC...
2026-05-04 18:20:37,437 - INFO - [6235/6511] Scan: TDF...
2026-05-04 18:20:43,082 - INFO - [6240/6511] Scan: CAEP...
2026-05-04 18:20:48,434 - ERROR - HTTP Error 404: {"quoteSummary":{"result":null,"error":{"code":"Not Found","description":"Quote not found for symbol: KUKE"}}}
2026-05-04 18:20:49,753 - ERROR - HTTP Error 404: {"quoteSummary":{"result":null,"error":{"code":"Not Found","description":"Quote not found for symbol: KUKE"}}}
2026-05-04 18:20:50,016 - INFO - [6245/6511] Scan: DE...
2026-05-04 18:20:56,211 - INFO - [6250/6511] Scan: BEBE...
2026-05-04 18:21:02,239 - INFO - [6255/6511] Scan: FEAM...
2026-05-04 18:21:08,301 - INFO - [6260/6511] Scan: ELTX...
2026-05-04 18:21:14,308 - INFO - [6265/6511] Scan: EXPE...
2026-05-04 18:21:20,149 - INFO - [6270/6511] Scan: PAL...
2026-05-04 18:21:26,052 - INFO - [6275/6511] Scan: OTF...
2026-05-04 18:21:31,948 - INFO - [6280/6511] Scan: PLAG...
2026-05-04 18:21:38,573 - INFO - [6285/6511] Scan: SER...
2026-05-04 18:21:44,530 - INFO - [6290/6511] Scan: MA...
2026-05-04 18:21:50,374 - INFO - [6295/6511] Scan: BRKR...
2026-05-04 18:21:57,007 - INFO - [6300/6511] Scan: WHLRL...
2026-05-04 18:22:02,714 - INFO - [6305/6511] Scan: CYTK...
2026-05-04 18:22:08,961 - INFO - [6310/6511] Scan: WPAC...
2026-05-04 18:22:14,786 - INFO - [6315/6511] Scan: EXP...
2026-05-04 18:22:20,560 - INFO - [6320/6511] Scan: PFSI...
2026-05-04 18:22:26,456 - INFO - [6325/6511] Scan: HACQU...
2026-05-04 18:22:32,503 - INFO - [6330/6511] Scan: KHC...
2026-05-04 18:22:38,408 - INFO - [6335/6511] Scan: FVRR...
2026-05-04 18:22:44,503 - INFO - [6340/6511] Scan: ABAT...
2026-05-04 18:22:50,418 - INFO - [6345/6511] Scan: GS...
2026-05-04 18:22:56,876 - INFO - [6350/6511] Scan: CLIK...
2026-05-04 18:23:02,902 - INFO - [6355/6511] Scan: BGMS...
2026-05-04 18:23:08,793 - INFO - [6360/6511] Scan: TGS...
2026-05-04 18:23:14,401 - INFO - [6365/6511] Scan: TAOX...
2026-05-04 18:23:27,755 - INFO - [6370/6511] Scan: IDN...
2026-05-04 18:23:33,847 - INFO - [6375/6511] Scan: CCEC...
2026-05-04 18:23:39,686 - INFO - [6380/6511] Scan: LGO...
2026-05-04 18:23:45,763 - INFO - [6385/6511] Scan: BIP...
2026-05-04 18:23:48,509 - ERROR - HTTP Error 404: {"quoteSummary":{"result":null,"error":{"code":"Not Found","description":"Quote not found for symbol: ADN"}}}
2026-05-04 18:23:54,109 - INFO - [6390/6511] Scan: ADGM...
2026-05-04 18:24:00,475 - INFO - [6395/6511] Scan: CTW...
2026-05-04 18:24:06,462 - INFO - [6400/6511] Scan: LCCCU...
2026-05-04 18:24:12,599 - INFO - [6405/6511] Scan: MLACU...
2026-05-04 18:24:18,529 - INFO - [6410/6511] Scan: HURC...
2026-05-04 18:24:24,711 - INFO - [6415/6511] Scan: CUZ...
2026-05-04 18:24:34,498 - INFO - [6420/6511] Scan: RTAC...
2026-05-04 18:24:40,276 - INFO - [6425/6511] Scan: APP...
2026-05-04 18:24:46,207 - INFO - [6430/6511] Scan: HESM...
2026-05-04 18:24:52,317 - INFO - [6435/6511] Scan: TRP...
2026-05-04 18:24:58,030 - INFO - [6440/6511] Scan: COCO...
2026-05-04 18:25:03,833 - INFO - [6445/6511] Scan: AEFC...
2026-05-04 18:25:09,721 - INFO - [6450/6511] Scan: NE...
2026-05-04 18:25:15,679 - INFO - [6455/6511] Scan: ACGLN...
2026-05-04 18:25:22,197 - INFO - [6460/6511] Scan: ORIO...
2026-05-04 18:25:27,989 - INFO - [6465/6511] Scan: XHR...
2026-05-04 18:25:33,967 - INFO - [6470/6511] Scan: KRMN...
2026-05-04 18:25:39,665 - INFO - [6475/6511] Scan: MD...
2026-05-04 18:25:45,785 - INFO - [6480/6511] Scan: OZK...
2026-05-04 18:25:51,551 - INFO - [6485/6511] Scan: FITBO...
2026-05-04 18:25:57,384 - INFO - [6490/6511] Scan: CBRE...
2026-05-04 18:26:00,382 - ERROR - HTTP Error 404: {"quoteSummary":{"result":null,"error":{"code":"Not Found","description":"Quote not found for symbol: LAZR"}}}
2026-05-04 18:26:01,619 - ERROR - HTTP Error 404: {"quoteSummary":{"result":null,"error":{"code":"Not Found","description":"Quote not found for symbol: LAZR"}}}
2026-05-04 18:26:04,230 - INFO - [6495/6511] Scan: FCRS-U...
2026-05-04 18:26:04,704 - ERROR - HTTP Error 404: {"quoteSummary":{"result":null,"error":{"code":"Not Found","description":"Quote not found for symbol: FCRS-U"}}}
2026-05-04 18:26:05,908 - ERROR - HTTP Error 404: {"quoteSummary":{"result":null,"error":{"code":"Not Found","description":"Quote not found for symbol: FCRS-U"}}}
2026-05-04 18:26:10,777 - INFO - [6500/6511] Scan: CNTN...
2026-05-04 18:26:16,734 - INFO - [6505/6511] Scan: SRG...
2026-05-04 18:26:23,164 - INFO - [6510/6511] Scan: YMT...
2026-05-04 18:26:25,976 - INFO - Scan Complete. Processed 6511. Passed 11. Skipped 22.
2026-05-04 18:26:27,042 - INFO - Saved to public/data/stocks.csv
2026-05-04 18:26:27,317 - INFO - Saved to public/data/stocks.json
2026-05-05 03:37:47,739 - INFO - --- FETCHING TICKER LISTS VIA FINANCE DATA READER ---
2026-05-05 03:37:48,915 - INFO - Fetching NASDAQ...
2026-05-05 03:38:36,397 - INFO - Fetching NYSE...
2026-05-05 03:39:07,241 - INFO - Fetching AMEX...
2026-05-05 03:39:12,012 - INFO - Total Common Stock Tickers: 6510
2026-05-05 03:39:12,370 - INFO - Loaded 6520 existing records.
2026-05-05 03:39:13,086 - INFO - Scanning Universe: 6510 stocks.
2026-05-05 03:39:13,349 - INFO - [1/6510] Scan: CMII...
2026-05-05 03:39:17,885 - INFO - [5/6510] Scan: WMB...
2026-05-05 03:39:23,463 - INFO - [10/6510] Scan: PEW...
2026-05-05 03:39:29,499 - INFO - [15/6510] Scan: CNF...
2026-05-05 03:39:34,054 - ERROR - HTTP Error 404: {"quoteSummary":{"result":null,"error":{"code":"Not Found","description":"Quote not found for symbol: JACS-U"}}}
2026-05-05 03:39:35,342 - ERROR - HTTP Error 404: {"quoteSummary":{"result":null,"error":{"code":"Not Found","description":"Quote not found for symbol: JACS-U"}}}
2026-05-05 03:39:35,637 - INFO - [20/6510] Scan: BWXT...
2026-05-05 03:39:41,484 - INFO - [25/6510] Scan: NAGE...
2026-05-05 03:39:47,510 - INFO - [30/6510] Scan: BHC...
2026-05-05 03:39:50,049 - ERROR - HTTP Error 404: {"quoteSummary":{"result":null,"error":{"code":"Not Found","description":"Quote not found for symbol: LEGO-U"}}}
2026-05-05 03:39:53,070 - INFO - [35/6510] Scan: EMAT...
2026-05-05 03:39:55,863 - ERROR - HTTP Error 404: {"quoteSummary":{"result":null,"error":{"code":"Not Found","description":"Quote not found for symbol: JENA-U"}}}
2026-05-05 03:39:57,139 - ERROR - HTTP Error 404: {"quoteSummary":{"result":null,"error":{"code":"Not Found","description":"Quote not found for symbol: JENA-U"}}}
2026-05-05 03:39:59,314 - INFO - [40/6510] Scan: HIMS...
2026-05-05 03:40:05,309 - INFO - [45/6510] Scan: BTTC...
2026-05-05 03:40:10,839 - INFO - [50/6510] Scan: FTRE...
2026-05-05 03:40:16,513 - INFO - [55/6510] Scan: THG...
2026-05-05 03:40:22,566 - INFO - [60/6510] Scan: UHS...
2026-05-05 03:40:28,258 - INFO - [65/6510] Scan: GYRO...
2026-05-05 03:40:33,791 - INFO - [70/6510] Scan: KLRS...
2026-05-05 03:40:39,710 - INFO - [75/6510] Scan: BTOG...
2026-05-05 03:40:45,657 - INFO - [80/6510] Scan: GLQ...
2026-05-05 03:40:51,625 - INFO - [85/6510] Scan: KLTR...
2026-05-05 03:40:57,321 - INFO - [90/6510] Scan: MFIC...
2026-05-05 03:41:03,027 - INFO - [95/6510] Scan: LILAK...
2026-05-05 03:41:09,102 - INFO - [100/6510] Scan: GENB...
2026-05-05 03:41:15,628 - INFO - [105/6510] Scan: IRS...
2026-05-05 03:41:21,987 - INFO - [110/6510] Scan: MC...
2026-05-05 03:41:28,196 - INFO - [115/6510] Scan: ON...
2026-05-05 03:41:33,846 - INFO - [120/6510] Scan: CMU...
2026-05-05 03:41:37,496 - ERROR - HTTP Error 404: {"quoteSummary":{"result":null,"error":{"code":"Not Found","description":"Quote not found for symbol: MTAL-U"}}}
2026-05-05 03:41:38,678 - ERROR - HTTP Error 404: {"quoteSummary":{"result":null,"error":{"code":"Not Found","description":"Quote not found for symbol: MTAL-U"}}}
2026-05-05 03:41:39,745 - INFO - [125/6510] Scan: ACTU...
2026-05-05 03:41:45,189 - INFO - [130/6510] Scan: NODK...
2026-05-05 03:41:50,907 - INFO - [135/6510] Scan: LULU...
2026-05-05 03:41:56,673 - INFO - [140/6510] Scan: UTF...
2026-05-05 03:42:02,254 - INFO - [145/6510] Scan: VATE...
2026-05-05 03:42:07,659 - INFO - [150/6510] Scan: KNDI...
2026-05-05 03:42:14,066 - INFO - [155/6510] Scan: PGNY...
2026-05-05 03:42:19,819 - INFO - [160/6510] Scan: SQFT...
2026-05-05 03:42:25,666 - INFO - [165/6510] Scan: NGS...
2026-05-05 03:42:30,911 - INFO - [170/6510] Scan: REZI...
2026-05-05 03:42:36,256 - INFO - [175/6510] Scan: MKTX...
2026-05-05 03:42:41,932 - INFO - [180/6510] Scan: ARCT...
2026-05-05 03:42:48,574 - INFO - [185/6510] Scan: CHRW...
2026-05-05 03:42:54,413 - INFO - [190/6510] Scan: AEMD...
2026-05-05 03:43:00,228 - INFO - [195/6510] Scan: LMT...
2026-05-05 03:43:06,098 - INFO - [200/6510] Scan: FISI...
2026-05-05 03:43:11,885 - INFO - [205/6510] Scan: ADTX...
2026-05-05 03:43:17,034 - INFO - [210/6510] Scan: CHCT...
2026-05-05 03:43:22,771 - INFO - [215/6510] Scan: SLG...
2026-05-05 03:43:28,562 - INFO - [220/6510] Scan: AYI...
2026-05-05 03:43:34,139 - INFO - [225/6510] Scan: TNDM...
2026-05-05 03:43:39,643 - INFO - [230/6510] Scan: SNAL...
2026-05-05 03:43:44,630 - ERROR - HTTP Error 404: {"quoteSummary":{"result":null,"error":{"code":"Not Found","description":"No fundamentals data found for symbol: SCOP"}}}
2026-05-05 03:43:46,878 - INFO - [235/6510] Scan: GIS...
2026-05-05 03:43:52,286 - INFO - [240/6510] Scan: SNWV...
2026-05-05 03:43:58,134 - INFO - [245/6510] Scan: INBS...
2026-05-05 03:44:04,107 - INFO - [250/6510] Scan: NXT...
2026-05-05 03:44:09,648 - INFO - [255/6510] Scan: PTNM...
2026-05-05 03:44:15,406 - INFO - [260/6510] Scan: PCYO...
2026-05-05 03:44:21,497 - INFO - [265/6510] Scan: KRAQU...
2026-05-05 03:44:27,004 - INFO - [270/6510] Scan: BEEP...
2026-05-05 03:44:32,671 - INFO - [275/6510] Scan: FTLF...
2026-05-05 03:44:38,556 - INFO - [280/6510] Scan: TCBIO...
2026-05-05 03:44:44,259 - INFO - [285/6510] Scan: WIW...
2026-05-05 03:44:49,773 - INFO - [290/6510] Scan: FNV...
2026-05-05 03:44:55,098 - INFO - [295/6510] Scan: OKTA...
2026-05-05 03:45:00,825 - INFO - [300/6510] Scan: CMI...
2026-05-05 03:45:06,562 - INFO - [305/6510] Scan: HBIO...
2026-05-05 03:45:11,900 - INFO - [310/6510] Scan: WAB...
2026-05-05 03:45:17,596 - INFO - [315/6510] Scan: MGYR...
2026-05-05 03:45:22,845 - INFO - [320/6510] Scan: CCIXU...
2026-05-05 03:45:28,062 - INFO - [325/6510] Scan: DJT...
2026-05-05 03:45:33,816 - INFO - [330/6510] Scan: SMP...
2026-05-05 03:45:39,406 - INFO - [335/6510] Scan: OPFI...
2026-05-05 03:45:45,436 - INFO - [340/6510] Scan: ENTA...
2026-05-05 03:45:51,078 - INFO - [345/6510] Scan: FVNNU...
2026-05-05 03:45:57,065 - INFO - [350/6510] Scan: SLI...
2026-05-05 03:46:02,969 - INFO - [355/6510] Scan: GOODN...
2026-05-05 03:46:06,878 - ERROR - HTTP Error 404: {"quoteSummary":{"result":null,"error":{"code":"Not Found","description":"No fundamentals data found for symbol: SWZ"}}}
2026-05-05 03:46:09,200 - INFO - [360/6510] Scan: ITUB...
2026-05-05 03:46:14,740 - INFO - [365/6510] Scan: DMAAU...
2026-05-05 03:46:20,201 - INFO - [370/6510] Scan: FTAI...
2026-05-05 03:46:25,631 - INFO - [375/6510] Scan: MEVO...
2026-05-05 03:46:30,985 - INFO - [380/6510] Scan: BBCP...
2026-05-05 03:46:37,149 - INFO - [385/6510] Scan: OLB...
2026-05-05 03:46:42,532 - INFO - [390/6510] Scan: BHFAM...
2026-05-05 03:46:48,265 - INFO - [395/6510] Scan: SLND...
2026-05-05 03:46:53,760 - INFO - [400/6510] Scan: RBC...
2026-05-05 03:46:59,433 - INFO - [405/6510] Scan: MNOV...
2026-05-05 03:47:05,358 - INFO - [410/6510] Scan: SPKLU...
2026-05-05 03:47:08,884 - ERROR - HTTP Error 404: {"quoteSummary":{"result":null,"error":{"code":"Not Found","description":"Quote not found for symbol: ZYXI"}}}
2026-05-05 03:47:10,025 - ERROR - HTTP Error 404: {"quoteSummary":{"result":null,"error":{"code":"Not Found","description":"Quote not found for symbol: ZYXI"}}}
2026-05-05 03:47:12,102 - INFO - [415/6510] Scan: NNN...
2026-05-05 03:47:17,807 - INFO - [420/6510] Scan: PBFS...
2026-05-05 03:47:23,498 - INFO - [425/6510] Scan: EOD...
2026-05-05 03:47:29,230 - INFO - [430/6510] Scan: BAH...
2026-05-05 03:47:35,098 - INFO - [435/6510] Scan: FBGL...
2026-05-05 03:47:40,920 - INFO - [440/6510] Scan: ASPI...
2026-05-05 03:47:46,672 - INFO - [445/6510] Scan: TSLA...
2026-05-05 03:47:51,974 - INFO - [450/6510] Scan: ARBK...
2026-05-05 03:47:57,501 - INFO - [455/6510] Scan: DE...
2026-05-05 03:48:02,760 - INFO - [460/6510] Scan: MAIA...
2026-05-05 03:48:08,259 - INFO - [465/6510] Scan: AURA...
2026-05-05 03:48:14,105 - INFO - [470/6510] Scan: ADAMZ...
2026-05-05 03:48:20,421 - INFO - [475/6510] Scan: RNP...
2026-05-05 03:48:26,026 - INFO - [480/6510] Scan: NBY...
2026-05-05 03:48:31,934 - INFO - [485/6510] Scan: BIO-B...
2026-05-05 03:48:37,600 - INFO - [490/6510] Scan: ACGLO...
2026-05-05 03:48:43,161 - INFO - [495/6510] Scan: NIQ...
2026-05-05 03:48:47,632 - ERROR - HTTP Error 404: {"quoteSummary":{"result":null,"error":{"code":"Not Found","description":"No fundamentals data found for symbol: BITW"}}}
2026-05-05 03:48:48,822 - INFO - [500/6510] Scan: SNOA...
2026-05-05 03:48:54,749 - INFO - [505/6510] Scan: FSBW...
2026-05-05 03:49:00,414 - INFO - [510/6510] Scan: OXLC...
2026-05-05 03:49:06,075 - INFO - [515/6510] Scan: MGPI...
2026-05-05 03:49:11,537 - INFO - [520/6510] Scan: OSPN...
2026-05-05 03:49:17,442 - INFO - [525/6510] Scan: SPXX...
2026-05-05 03:49:22,421 - INFO - [530/6510] Scan: ARI...
2026-05-05 03:49:28,081 - INFO - [535/6510] Scan: AEIS...
2026-05-05 03:49:33,575 - INFO - [540/6510] Scan: BST...
2026-05-05 03:49:39,294 - INFO - [545/6510] Scan: SQM...
2026-05-05 03:49:44,922 - INFO - [550/6510] Scan: ET...
2026-05-05 03:49:50,651 - INFO - [555/6510] Scan: LGN...
2026-05-05 03:49:56,055 - INFO - [560/6510] Scan: NAMI...
2026-05-05 03:50:01,717 - INFO - [565/6510] Scan: MSLE...
2026-05-05 03:50:07,307 - INFO - [570/6510] Scan: KC...
2026-05-05 03:50:12,568 - INFO - [575/6510] Scan: H...
2026-05-05 03:50:18,183 - INFO - [580/6510] Scan: FERA...
2026-05-05 03:50:23,825 - INFO - [585/6510] Scan: CBZ...
2026-05-05 03:50:29,547 - INFO - [590/6510] Scan: VIVO...
2026-05-05 03:50:35,300 - INFO - [595/6510] Scan: VRAX...
2026-05-05 03:50:40,966 - INFO - [600/6510] Scan: HPI...
2026-05-05 03:50:46,591 - INFO - [605/6510] Scan: TTWO...
2026-05-05 03:50:52,738 - INFO - [610/6510] Scan: ITRI...
2026-05-05 03:50:58,322 - INFO - [615/6510] Scan: UROY...
2026-05-05 03:51:04,057 - INFO - [620/6510] Scan: WLDS...
2026-05-05 03:51:09,607 - INFO - [625/6510] Scan: BSAAU...
2026-05-05 03:51:15,021 - INFO - [630/6510] Scan: CELC...
2026-05-05 03:51:17,579 - ERROR - HTTP Error 404: {"quoteSummary":{"result":null,"error":{"code":"Not Found","description":"Quote not found for symbol: MZYX-U"}}}
2026-05-05 03:51:18,883 - ERROR - HTTP Error 404: {"quoteSummary":{"result":null,"error":{"code":"Not Found","description":"Quote not found for symbol: MZYX-U"}}}
2026-05-05 03:51:20,977 - INFO - [635/6510] Scan: SLP...
2026-05-05 03:51:26,239 - INFO - [640/6510] Scan: GTERR...
2026-05-05 03:51:31,826 - INFO - [645/6510] Scan: BTT...
2026-05-05 03:51:37,111 - INFO - [650/6510] Scan: ICCC...
2026-05-05 03:51:42,748 - INFO - [655/6510] Scan: EVGO...
2026-05-05 03:51:48,871 - INFO - [660/6510] Scan: CHPGU...
2026-05-05 03:51:54,275 - INFO - [665/6510] Scan: SCLX...
2026-05-05 03:52:00,115 - INFO - [670/6510] Scan: NTNX...
2026-05-05 03:52:05,801 - INFO - [675/6510] Scan: MBWM...
2026-05-05 03:52:12,000 - INFO - [680/6510] Scan: DYAI...
2026-05-05 03:52:17,563 - INFO - [685/6510] Scan: MTCH...
2026-05-05 03:52:22,792 - INFO - [690/6510] Scan: NTRA...
2026-05-05 03:52:28,668 - INFO - [695/6510] Scan: QRED-U...
2026-05-05 03:52:29,076 - ERROR - HTTP Error 404: {"quoteSummary":{"result":null,"error":{"code":"Not Found","description":"Quote not found for symbol: QRED-U"}}}
2026-05-05 03:52:30,231 - ERROR - HTTP Error 404: {"quoteSummary":{"result":null,"error":{"code":"Not Found","description":"Quote not found for symbol: QRED-U"}}}
2026-05-05 03:52:32,964 - INFO - FOUND GEM: CCLD
2026-05-05 03:52:35,325 - INFO - [700/6510] Scan: LFS...
2026-05-05 03:52:40,529 - INFO - [705/6510] Scan: AAT...
2026-05-05 03:52:46,425 - INFO - [710/6510] Scan: MS...
2026-05-05 03:52:51,280 - INFO - [715/6510] Scan: NPAC...
2026-05-05 03:52:56,859 - INFO - [720/6510] Scan: KODK...
2026-05-05 03:53:02,386 - INFO - [725/6510] Scan: PAYX...
2026-05-05 03:53:07,864 - INFO - [730/6510] Scan: ASC...
2026-05-05 03:53:13,387 - INFO - [735/6510] Scan: BYAH...
2026-05-05 03:53:19,093 - INFO - [740/6510] Scan: ABT...
2026-05-05 03:53:24,623 - INFO - [745/6510] Scan: XYF...
2026-05-05 03:53:28,277 - INFO - FOUND GEM: LUXE
2026-05-05 03:53:30,611 - INFO - [750/6510] Scan: ONCY...
2026-05-05 03:53:36,577 - INFO - [755/6510] Scan: ALNT...
2026-05-05 03:53:40,433 - ERROR - HTTP Error 404: {"quoteSummary":{"result":null,"error":{"code":"Not Found","description":"Quote not found for symbol: QLEP-U"}}}
2026-05-05 03:53:41,679 - ERROR - HTTP Error 404: {"quoteSummary":{"result":null,"error":{"code":"Not Found","description":"Quote not found for symbol: QLEP-U"}}}
2026-05-05 03:53:42,895 - INFO - [760/6510] Scan: HZO...
2026-05-05 03:53:48,697 - INFO - [765/6510] Scan: RSVR...
2026-05-05 03:53:53,825 - INFO - [770/6510] Scan: QNCX...
2026-05-05 03:53:59,317 - INFO - [775/6510] Scan: XELB...
2026-05-05 03:54:04,531 - INFO - [780/6510] Scan: RVLV...
2026-05-05 03:54:09,939 - INFO - [785/6510] Scan: CNQ...
2026-05-05 03:54:15,623 - INFO - [790/6510] Scan: DPZ...
2026-05-05 03:54:21,246 - INFO - [795/6510] Scan: SFBC...
2026-05-05 03:54:26,730 - INFO - [800/6510] Scan: RELX...
2026-05-05 03:54:32,384 - INFO - [805/6510] Scan: SMMT...
2026-05-05 03:54:37,933 - INFO - [810/6510] Scan: ETG...
2026-05-05 03:54:43,332 - INFO - [815/6510] Scan: JLHL...
2026-05-05 03:54:48,601 - INFO - [820/6510] Scan: TZOO...
2026-05-05 03:54:53,553 - ERROR - HTTP Error 404: {"quoteSummary":{"result":null,"error":{"code":"Not Found","description":"Quote not found for symbol: VERB"}}}
2026-05-05 03:54:54,890 - ERROR - HTTP Error 404: {"quoteSummary":{"result":null,"error":{"code":"Not Found","description":"Quote not found for symbol: VERB"}}}
2026-05-05 03:54:55,166 - INFO - [825/6510] Scan: BBCQ...
2026-05-05 03:55:00,691 - INFO - [830/6510] Scan: CRESY...
2026-05-05 03:55:06,572 - INFO - [835/6510] Scan: TPH...
2026-05-05 03:55:12,198 - INFO - [840/6510] Scan: PBA...
2026-05-05 03:55:17,422 - INFO - [845/6510] Scan: CMPS...
2026-05-05 03:55:22,819 - INFO - [850/6510] Scan: SPIR...
2026-05-05 03:55:28,882 - INFO - [855/6510] Scan: CLNE...
2026-05-05 03:55:34,517 - INFO - [860/6510] Scan: CMPR...
2026-05-05 03:55:40,211 - INFO - [865/6510] Scan: VHI...
2026-05-05 03:55:45,976 - INFO - [870/6510] Scan: LGND...
2026-05-05 03:55:51,933 - INFO - [875/6510] Scan: SAIA...
2026-05-05 03:55:58,081 - INFO - [880/6510] Scan: QETA...
2026-05-05 03:56:04,200 - INFO - [885/6510] Scan: HVMCU...
2026-05-05 03:56:09,754 - INFO - [890/6510] Scan: JVA...
2026-05-05 03:56:15,666 - INFO - [895/6510] Scan: NHC...
2026-05-05 03:56:21,617 - INFO - [900/6510] Scan: FSHPR...
2026-05-05 03:56:27,007 - INFO - [905/6510] Scan: FINV...
2026-05-05 03:56:32,808 - INFO - [910/6510] Scan: STRF...
2026-05-05 03:56:38,444 - INFO - [915/6510] Scan: MTN...
2026-05-05 03:56:44,664 - INFO - [920/6510] Scan: WDS...
2026-05-05 03:56:50,201 - INFO - [925/6510] Scan: MD...
2026-05-05 03:56:55,593 - INFO - [930/6510] Scan: KRMN...
2026-05-05 03:57:01,411 - INFO - [935/6510] Scan: OPTX...
2026-05-05 03:57:07,076 - INFO - [940/6510] Scan: NNE...
2026-05-05 03:57:12,797 - INFO - [945/6510] Scan: UTMD...
2026-05-05 03:57:18,458 - INFO - [950/6510] Scan: DERM...
2026-05-05 03:57:24,278 - INFO - [955/6510] Scan: THCH...
2026-05-05 03:57:29,899 - INFO - [960/6510] Scan: FBRX...
2026-05-05 03:57:35,425 - INFO - [965/6510] Scan: UPB...
2026-05-05 03:57:41,200 - INFO - [970/6510] Scan: FIGR...
2026-05-05 03:57:46,462 - INFO - [975/6510] Scan: ICG...
2026-05-05 03:57:52,003 - INFO - [980/6510] Scan: TRIP...
2026-05-05 03:57:56,287 - INFO - [985/6510] Scan: CXT...
2026-05-05 03:58:01,438 - INFO - [990/6510] Scan: PMM...
2026-05-05 03:58:06,876 - INFO - [995/6510] Scan: DSY...
2026-05-05 03:58:12,433 - INFO - [1000/6510] Scan: OGEN...
2026-05-05 03:58:18,572 - INFO - [1005/6510] Scan: VIVS...
2026-05-05 03:58:24,223 - INFO - [1010/6510] Scan: HSTM...
2026-05-05 03:58:29,711 - INFO - [1015/6510] Scan: MHD...
2026-05-05 03:58:35,501 - INFO - [1020/6510] Scan: SOHU...
2026-05-05 03:58:41,489 - INFO - [1025/6510] Scan: BKYI...
2026-05-05 03:58:47,057 - INFO - [1030/6510] Scan: BTO...
2026-05-05 03:58:53,146 - INFO - [1035/6510] Scan: AGI...
2026-05-05 03:58:58,668 - INFO - [1040/6510] Scan: SYBT...
2026-05-05 03:59:04,485 - INFO - FOUND GEM: CMCL
2026-05-05 03:59:04,784 - INFO - [1045/6510] Scan: NEWP...
2026-05-05 03:59:10,125 - INFO - [1050/6510] Scan: CCIF...
2026-05-05 03:59:15,547 - INFO - [1055/6510] Scan: KELYA...
2026-05-05 03:59:21,201 - INFO - [1060/6510] Scan: TOPS...
2026-05-05 03:59:26,885 - INFO - [1065/6510] Scan: RMM...
2026-05-05 03:59:32,561 - INFO - [1070/6510] Scan: PMEC...
2026-05-05 03:59:38,166 - INFO - [1075/6510] Scan: TDWDR...
2026-05-05 03:59:43,765 - INFO - [1080/6510] Scan: RMTI...
2026-05-05 03:59:49,492 - INFO - [1085/6510] Scan: KARO...
2026-05-05 03:59:54,975 - INFO - [1090/6510] Scan: CGCTU...
2026-05-05 03:59:57,743 - ERROR - HTTP Error 404: {"quoteSummary":{"result":null,"error":{"code":"Not Found","description":"Quote not found for symbol: KCAC-U"}}}
2026-05-05 03:59:58,837 - ERROR - HTTP Error 404: {"quoteSummary":{"result":null,"error":{"code":"Not Found","description":"Quote not found for symbol: KCAC-U"}}}
2026-05-05 04:00:01,063 - INFO - [1095/6510] Scan: NWG...
2026-05-05 04:00:06,612 - INFO - [1100/6510] Scan: DLX...
2026-05-05 04:00:12,441 - INFO - [1105/6510] Scan: PNNT...
2026-05-05 04:00:18,992 - INFO - [1110/6510] Scan: POET...
2026-05-05 04:00:24,665 - INFO - [1115/6510] Scan: WOOF...
2026-05-05 04:00:30,561 - INFO - [1120/6510] Scan: AIRS...
2026-05-05 04:00:36,119 - INFO - [1125/6510] Scan: PS...
2026-05-05 04:00:40,463 - ERROR - HTTP Error 404: {"quoteSummary":{"result":null,"error":{"code":"Not Found","description":"Quote not found for symbol: EVAC-U"}}}
2026-05-05 04:00:41,580 - ERROR - HTTP Error 404: {"quoteSummary":{"result":null,"error":{"code":"Not Found","description":"Quote not found for symbol: EVAC-U"}}}
2026-05-05 04:00:42,935 - INFO - [1130/6510] Scan: AKTX...
2026-05-05 04:00:48,455 - INFO - [1135/6510] Scan: STRR...
2026-05-05 04:00:53,835 - INFO - [1140/6510] Scan: CRM...
2026-05-05 04:00:59,164 - INFO - [1145/6510] Scan: LONA...
2026-05-05 04:01:04,838 - INFO - [1150/6510] Scan: HUBS...
2026-05-05 04:01:10,427 - INFO - [1155/6510] Scan: AZI...
2026-05-05 04:01:16,026 - INFO - [1160/6510] Scan: VLO...
2026-05-05 04:01:21,617 - INFO - [1165/6510] Scan: FUN...
2026-05-05 04:01:27,473 - INFO - [1170/6510] Scan: DDL...
2026-05-05 04:01:32,989 - INFO - [1175/6510] Scan: FORR...
2026-05-05 04:01:39,112 - INFO - [1180/6510] Scan: VKI...
2026-05-05 04:01:44,859 - INFO - [1185/6510] Scan: ARCLU...
2026-05-05 04:01:50,131 - INFO - [1190/6510] Scan: PROK...
2026-05-05 04:01:55,822 - INFO - [1195/6510] Scan: SYNX...
2026-05-05 04:02:01,769 - INFO - [1200/6510] Scan: FDBC...
2026-05-05 04:02:07,225 - INFO - [1205/6510] Scan: SANA...
2026-05-05 04:02:12,828 - INFO - [1210/6510] Scan: HEI...
2026-05-05 04:02:19,029 - INFO - [1215/6510] Scan: QMMM...
2026-05-05 04:02:24,457 - INFO - [1220/6510] Scan: PRGO...
2026-05-05 04:02:30,410 - INFO - [1225/6510] Scan: PRM...
2026-05-05 04:02:35,955 - INFO - [1230/6510] Scan: ACHC...
2026-05-05 04:02:40,841 - INFO - [1235/6510] Scan: CETY...
2026-05-05 04:02:46,191 - INFO - [1240/6510] Scan: IMVT...
2026-05-05 04:02:51,761 - INFO - [1245/6510] Scan: DK...
2026-05-05 04:02:56,561 - INFO - [1250/6510] Scan: TAYD...
2026-05-05 04:03:01,966 - INFO - [1255/6510] Scan: OTIS...
2026-05-05 04:03:07,757 - INFO - [1260/6510] Scan: STNG...
2026-05-05 04:03:13,387 - INFO - [1265/6510] Scan: SVACU...
2026-05-05 04:03:19,115 - INFO - [1270/6510] Scan: GGZ...
2026-05-05 04:03:24,575 - INFO - [1275/6510] Scan: HURC...
2026-05-05 04:03:29,966 - INFO - [1280/6510] Scan: MMS...
2026-05-05 04:03:35,953 - INFO - [1285/6510] Scan: NVT...
2026-05-05 04:03:41,499 - INFO - [1290/6510] Scan: WSBCO...
2026-05-05 04:03:46,823 - INFO - [1295/6510] Scan: HLX...
2026-05-05 04:03:52,268 - INFO - [1300/6510] Scan: NVS...
2026-05-05 04:03:57,079 - INFO - [1305/6510] Scan: PGZ...
2026-05-05 04:03:59,621 - ERROR - HTTP Error 404: {"quoteSummary":{"result":null,"error":{"code":"Not Found","description":"Quote not found for symbol: PRO"}}}
2026-05-05 04:04:00,720 - ERROR - HTTP Error 404: {"quoteSummary":{"result":null,"error":{"code":"Not Found","description":"Quote not found for symbol: PRO"}}}
2026-05-05 04:04:03,090 - INFO - [1310/6510] Scan: KO...
2026-05-05 04:04:08,798 - INFO - [1315/6510] Scan: ORKA...
2026-05-05 04:04:14,276 - INFO - [1320/6510] Scan: SBEV...
2026-05-05 04:04:19,822 - INFO - [1325/6510] Scan: UPWK...
2026-05-05 04:04:25,475 - INFO - [1330/6510] Scan: LPX...
2026-05-05 04:04:30,690 - INFO - [1335/6510] Scan: PACH...
2026-05-05 04:04:36,388 - INFO - [1340/6510] Scan: ABBV...
2026-05-05 04:04:42,314 - INFO - [1345/6510] Scan: HYNE...
2026-05-05 04:04:48,035 - INFO - [1350/6510] Scan: BOTJ...
2026-05-05 04:04:53,829 - INFO - [1355/6510] Scan: AHMA...
2026-05-05 04:04:59,407 - INFO - [1360/6510] Scan: TEO...
2026-05-05 04:05:04,843 - INFO - [1365/6510] Scan: NSRX...
2026-05-05 04:05:10,408 - INFO - [1370/6510] Scan: RDVT...
2026-05-05 04:05:16,189 - INFO - [1375/6510] Scan: MRDN...
2026-05-05 04:05:21,749 - INFO - [1380/6510] Scan: MNDY...
2026-05-05 04:05:26,793 - INFO - [1385/6510] Scan: INVA...
2026-05-05 04:05:32,688 - INFO - [1390/6510] Scan: CHNR...
2026-05-05 04:05:38,303 - INFO - [1395/6510] Scan: AWF...
2026-05-05 04:05:44,049 - INFO - [1400/6510] Scan: TCBS...
2026-05-05 04:05:49,783 - INFO - [1405/6510] Scan: NMFC...
2026-05-05 04:05:54,588 - ERROR - HTTP Error 404: {"quoteSummary":{"result":null,"error":{"code":"Not Found","description":"Quote not found for symbol: BHLB"}}}
2026-05-05 04:05:55,726 - ERROR - HTTP Error 404: {"quoteSummary":{"result":null,"error":{"code":"Not Found","description":"Quote not found for symbol: BHLB"}}}
2026-05-05 04:05:55,993 - INFO - [1410/6510] Scan: BCTX...
2026-05-05 04:06:01,314 - INFO - [1415/6510] Scan: ENB...
2026-05-05 04:06:07,087 - INFO - [1420/6510] Scan: NOMA...
2026-05-05 04:06:12,604 - INFO - [1425/6510] Scan: CIG-C...
2026-05-05 04:06:18,093 - INFO - [1430/6510] Scan: FRMEP...
2026-05-05 04:06:23,947 - INFO - [1435/6510] Scan: COAG...
2026-05-05 04:06:29,526 - INFO - [1440/6510] Scan: ALRS...
2026-05-05 04:06:34,944 - INFO - [1445/6510] Scan: BHVN...
2026-05-05 04:06:40,144 - INFO - [1450/6510] Scan: YJ...
2026-05-05 04:06:45,631 - INFO - [1455/6510] Scan: SSSS...
2026-05-05 04:06:51,092 - INFO - [1460/6510] Scan: OPRA...
2026-05-05 04:06:56,762 - INFO - [1465/6510] Scan: CPT...
2026-05-05 04:07:02,306 - INFO - [1470/6510] Scan: WULF...
2026-05-05 04:07:07,943 - INFO - [1475/6510] Scan: ENGS...
2026-05-05 04:07:13,251 - INFO - [1480/6510] Scan: PAYC...
2026-05-05 04:07:18,734 - INFO - [1485/6510] Scan: NMM...
2026-05-05 04:07:24,207 - INFO - [1490/6510] Scan: RCKY...
2026-05-05 04:07:29,890 - INFO - [1495/6510] Scan: BPYPM...
2026-05-05 04:07:35,710 - INFO - [1500/6510] Scan: SII...
2026-05-05 04:07:38,381 - ERROR - HTTP Error 404: {"quoteSummary":{"result":null,"error":{"code":"Not Found","description":"Quote not found for symbol: YCY-U"}}}
2026-05-05 04:07:39,486 - ERROR - HTTP Error 404: {"quoteSummary":{"result":null,"error":{"code":"Not Found","description":"Quote not found for symbol: YCY-U"}}}
2026-05-05 04:07:41,626 - INFO - [1505/6510] Scan: OPTT...
2026-05-05 04:07:47,394 - INFO - [1510/6510] Scan: FLEX...
2026-05-05 04:07:53,014 - INFO - [1515/6510] Scan: LBRDK...
2026-05-05 04:07:58,634 - INFO - [1520/6510] Scan: CPHI...
2026-05-05 04:08:04,430 - INFO - [1525/6510] Scan: GPUS...
2026-05-05 04:08:10,483 - INFO - [1530/6510] Scan: BLDR...
2026-05-05 04:08:16,309 - INFO - [1535/6510] Scan: IBOC...
2026-05-05 04:08:21,728 - INFO - [1540/6510] Scan: DOO...
2026-05-05 04:08:26,760 - INFO - [1545/6510] Scan: WHLRL...
2026-05-05 04:08:32,159 - INFO - [1550/6510] Scan: ODC...
2026-05-05 04:08:37,720 - INFO - [1555/6510] Scan: VRE...
2026-05-05 04:08:43,530 - INFO - [1560/6510] Scan: BXP...
2026-05-05 04:08:49,395 - INFO - [1565/6510] Scan: AMC...
2026-05-05 04:08:54,835 - INFO - [1570/6510] Scan: ILLR...
2026-05-05 04:09:00,173 - INFO - [1575/6510] Scan: SUIG...
2026-05-05 04:09:05,571 - INFO - [1580/6510] Scan: HIVE...
2026-05-05 04:09:11,559 - INFO - [1585/6510] Scan: SIEB...
2026-05-05 04:09:17,272 - INFO - [1590/6510] Scan: RNG...
2026-05-05 04:09:22,836 - INFO - [1595/6510] Scan: MTAL...
2026-05-05 04:09:28,280 - INFO - [1600/6510] Scan: VNCE...
2026-05-05 04:09:34,100 - INFO - [1605/6510] Scan: DUK...
2026-05-05 04:09:39,969 - INFO - [1610/6510] Scan: PRG...
2026-05-05 04:09:45,622 - INFO - [1615/6510] Scan: FCCO...
2026-05-05 04:09:51,032 - INFO - [1620/6510] Scan: AFGC...
2026-05-05 04:09:56,208 - INFO - [1625/6510] Scan: ALP...
2026-05-05 04:10:01,633 - INFO - [1630/6510] Scan: MNY...
2026-05-05 04:10:06,921 - INFO - [1635/6510] Scan: ASB...
2026-05-05 04:10:12,585 - INFO - [1640/6510] Scan: SLS...
2026-05-05 04:10:17,928 - INFO - [1645/6510] Scan: CRMD...
2026-05-05 04:10:21,718 - ERROR - HTTP Error 404: {"quoteSummary":{"result":null,"error":{"code":"Not Found","description":"Quote not found for symbol: BCSS-U"}}}
2026-05-05 04:10:22,794 - ERROR - HTTP Error 404: {"quoteSummary":{"result":null,"error":{"code":"Not Found","description":"Quote not found for symbol: BCSS-U"}}}
2026-05-05 04:10:23,840 - INFO - [1650/6510] Scan: BGY...
2026-05-05 04:10:29,436 - INFO - [1655/6510] Scan: TISI...
2026-05-05 04:10:35,031 - INFO - [1660/6510] Scan: TME...
2026-05-05 04:10:40,931 - INFO - [1665/6510] Scan: AGRZ...
2026-05-05 04:10:46,224 - INFO - [1670/6510] Scan: ADAC...
2026-05-05 04:10:49,846 - INFO - FOUND GEM: KG
2026-05-05 04:10:52,562 - INFO - [1675/6510] Scan: KBH...
2026-05-05 04:10:58,607 - INFO - [1680/6510] Scan: FTDR...
2026-05-05 04:11:04,139 - INFO - [1685/6510] Scan: NWBI...
2026-05-05 04:11:09,802 - INFO - [1690/6510] Scan: EGBN...
2026-05-05 04:11:15,433 - INFO - [1695/6510] Scan: DNTH...
2026-05-05 04:11:20,869 - INFO - [1700/6510] Scan: GHRS...
2026-05-05 04:11:22,646 - ERROR - HTTP Error 404: {"quoteSummary":{"result":null,"error":{"code":"Not Found","description":"Quote not found for symbol: EQV-U"}}}
2026-05-05 04:11:23,719 - ERROR - HTTP Error 404: {"quoteSummary":{"result":null,"error":{"code":"Not Found","description":"Quote not found for symbol: EQV-U"}}}
2026-05-05 04:11:25,268 - ERROR - HTTP Error 404: {"quoteSummary":{"result":null,"error":{"code":"Not Found","description":"Quote not found for symbol: SBXD-U"}}}
2026-05-05 04:11:26,602 - ERROR - HTTP Error 404: {"quoteSummary":{"result":null,"error":{"code":"Not Found","description":"Quote not found for symbol: SBXD-U"}}}
2026-05-05 04:11:27,823 - INFO - [1705/6510] Scan: NOMD...
2026-05-05 04:11:33,504 - INFO - [1710/6510] Scan: PJT...
2026-05-05 04:11:39,235 - INFO - [1715/6510] Scan: SMSI...
2026-05-05 04:11:45,168 - INFO - [1720/6510] Scan: ADAML...
2026-05-05 04:11:50,935 - INFO - [1725/6510] Scan: EXP...
2026-05-05 04:11:56,981 - INFO - [1730/6510] Scan: WDFC...
2026-05-05 04:12:02,333 - INFO - [1735/6510] Scan: FGMCR...
2026-05-05 04:12:07,876 - INFO - [1740/6510] Scan: BCH...
2026-05-05 04:12:13,256 - INFO - [1745/6510] Scan: FUND...
2026-05-05 04:12:18,616 - INFO - [1750/6510] Scan: LAC...
2026-05-05 04:12:24,147 - INFO - [1755/6510] Scan: SPT...
2026-05-05 04:12:29,814 - INFO - [1760/6510] Scan: CCII...
2026-05-05 04:12:35,314 - INFO - [1765/6510] Scan: PK...
2026-05-05 04:12:40,852 - INFO - [1770/6510] Scan: TRDA...
2026-05-05 04:12:46,414 - INFO - [1775/6510] Scan: ELF...
2026-05-05 04:12:52,061 - INFO - [1780/6510] Scan: PHG...
2026-05-05 04:12:57,655 - INFO - [1785/6510] Scan: FSLR...
2026-05-05 04:13:02,922 - INFO - [1790/6510] Scan: TPCS...
2026-05-05 04:13:08,087 - INFO - [1795/6510] Scan: TNXP...
2026-05-05 04:13:13,260 - INFO - [1800/6510] Scan: PL...
2026-05-05 04:13:18,318 - INFO - [1805/6510] Scan: TNET...
2026-05-05 04:13:23,709 - INFO - [1810/6510] Scan: WWD...
2026-05-05 04:13:29,195 - INFO - [1815/6510] Scan: PAYS...
2026-05-05 04:13:30,355 - INFO - FOUND GEM: PAYS
2026-05-05 04:13:35,009 - INFO - [1820/6510] Scan: NVRI...
2026-05-05 04:13:40,349 - INFO - [1825/6510] Scan: PMTV...
2026-05-05 04:13:45,499 - INFO - [1830/6510] Scan: FLOC...
2026-05-05 04:13:50,892 - INFO - [1835/6510] Scan: RMR...
2026-05-05 04:13:56,644 - INFO - [1840/6510] Scan: APAM...
2026-05-05 04:14:02,517 - INFO - [1845/6510] Scan: SCD...
2026-05-05 04:14:08,233 - INFO - [1850/6510] Scan: KNX...
2026-05-05 04:14:13,811 - INFO - [1855/6510] Scan: PAI...
2026-05-05 04:14:19,226 - INFO - [1860/6510] Scan: BRBS...
2026-05-05 04:14:24,942 - INFO - [1865/6510] Scan: ZSTK...
2026-05-05 04:14:30,314 - INFO - [1870/6510] Scan: JFIN...
2026-05-05 04:14:36,143 - INFO - [1875/6510] Scan: VMAR...
2026-05-05 04:14:41,816 - INFO - [1880/6510] Scan: IACOU...
2026-05-05 04:14:47,141 - INFO - [1885/6510] Scan: GRAL...
2026-05-05 04:14:48,910 - ERROR - HTTP Error 404: {"quoteSummary":{"result":null,"error":{"code":"Not Found","description":"Quote not found for symbol: GNFT"}}}
2026-05-05 04:14:49,985 - ERROR - HTTP Error 404: {"quoteSummary":{"result":null,"error":{"code":"Not Found","description":"Quote not found for symbol: GNFT"}}}
2026-05-05 04:14:52,305 - ERROR - HTTP Error 404: {"quoteSummary":{"result":null,"error":{"code":"Not Found","description":"Quote not found for symbol: KUKE"}}}
2026-05-05 04:14:53,556 - ERROR - HTTP Error 404: {"quoteSummary":{"result":null,"error":{"code":"Not Found","description":"Quote not found for symbol: KUKE"}}}
2026-05-05 04:14:53,818 - INFO - [1890/6510] Scan: PAII...
2026-05-05 04:14:59,199 - INFO - [1895/6510] Scan: TITN...
2026-05-05 04:15:04,759 - INFO - [1900/6510] Scan: IBRX...
2026-05-05 04:15:10,268 - INFO - [1905/6510] Scan: SSD...
2026-05-05 04:15:16,305 - INFO - [1910/6510] Scan: SRV...
2026-05-05 04:15:21,795 - INFO - [1915/6510] Scan: SPRO...
2026-05-05 04:15:23,018 - INFO - FOUND GEM: SPRO
2026-05-05 04:15:27,446 - INFO - [1920/6510] Scan: XPL...
2026-05-05 04:15:33,140 - INFO - [1925/6510] Scan: ENLT...
2026-05-05 04:15:37,628 - INFO - FOUND GEM: VITL
2026-05-05 04:15:38,912 - INFO - [1930/6510] Scan: GBLI...
2026-05-05 04:15:40,806 - ERROR - HTTP Error 404: {"quoteSummary":{"result":null,"error":{"code":"Not Found","description":"Quote not found for symbol: ADAP"}}}
2026-05-05 04:15:41,849 - ERROR - HTTP Error 404: {"quoteSummary":{"result":null,"error":{"code":"Not Found","description":"Quote not found for symbol: ADAP"}}}
2026-05-05 04:15:44,796 - INFO - [1935/6510] Scan: EVTC...
2026-05-05 04:15:50,449 - INFO - [1940/6510] Scan: GAME...
2026-05-05 04:15:55,962 - INFO - [1945/6510] Scan: YSS...
2026-05-05 04:16:01,212 - INFO - [1950/6510] Scan: SAFX...
2026-05-05 04:16:06,956 - INFO - [1955/6510] Scan: ASTI...
2026-05-05 04:16:12,379 - INFO - [1960/6510] Scan: RFL...
2026-05-05 04:16:17,802 - INFO - [1965/6510] Scan: ARAI...
2026-05-05 04:16:22,998 - INFO - [1970/6510] Scan: ZM...
2026-05-05 04:16:28,700 - INFO - [1975/6510] Scan: JCSE...
2026-05-05 04:16:34,072 - INFO - [1980/6510] Scan: CDW...
2026-05-05 04:16:39,808 - INFO - [1985/6510] Scan: FSSL...
2026-05-05 04:16:41,070 - ERROR - HTTP Error 404: {"quoteSummary":{"result":null,"error":{"code":"Not Found","description":"No fundamentals data found for symbol: FSSL"}}}
2026-05-05 04:16:45,709 - INFO - [1990/6510] Scan: HWC...
2026-05-05 04:16:51,129 - INFO - [1995/6510] Scan: HSDT...
2026-05-05 04:16:56,613 - INFO - [2000/6510] Scan: NFG...
2026-05-05 04:17:01,574 - INFO - [2005/6510] Scan: SOS...
2026-05-05 04:17:07,063 - INFO - [2010/6510] Scan: WRLD...
2026-05-05 04:17:13,179 - INFO - [2015/6510] Scan: SVC...
2026-05-05 04:17:17,594 - ERROR - HTTP Error 404: {"quoteSummary":{"result":null,"error":{"code":"Not Found","description":"No fundamentals data found for symbol: OBTC"}}}
2026-05-05 04:17:18,714 - INFO - [2020/6510] Scan: JFR...
2026-05-05 04:17:23,707 - INFO - [2025/6510] Scan: RDAC...
2026-05-05 04:17:29,214 - INFO - [2030/6510] Scan: METCB...
2026-05-05 04:17:34,610 - INFO - [2035/6510] Scan: PR...
2026-05-05 04:17:40,406 - INFO - [2040/6510] Scan: SKIN...
2026-05-05 04:17:46,054 - INFO - [2045/6510] Scan: SPME...
2026-05-05 04:17:51,818 - INFO - [2050/6510] Scan: TCX...
2026-05-05 04:17:57,316 - INFO - [2055/6510] Scan: USAC...
2026-05-05 04:18:02,931 - INFO - [2060/6510] Scan: FMS...
2026-05-05 04:18:08,569 - INFO - [2065/6510] Scan: BKHA...
2026-05-05 04:18:14,061 - INFO - [2070/6510] Scan: LVS...
2026-05-05 04:18:19,721 - INFO - [2075/6510] Scan: NEOV...
2026-05-05 04:18:25,176 - INFO - [2080/6510] Scan: KYNB...
2026-05-05 04:18:30,815 - INFO - [2085/6510] Scan: NYC...
2026-05-05 04:18:36,740 - INFO - [2090/6510] Scan: ESTA...
2026-05-05 04:18:42,295 - INFO - [2095/6510] Scan: AGFY...
2026-05-05 04:18:43,594 - ERROR - HTTP Error 404: {"quoteSummary":{"result":null,"error":{"code":"Not Found","description":"Quote not found for symbol: AGFY"}}}
2026-05-05 04:18:48,448 - INFO - [2100/6510] Scan: PLUS...
2026-05-05 04:18:53,824 - INFO - [2105/6510] Scan: MARA...
2026-05-05 04:18:59,577 - INFO - [2110/6510] Scan: TRAD...
2026-05-05 04:19:05,048 - INFO - [2115/6510] Scan: RAC-U...
2026-05-05 04:19:05,514 - ERROR - HTTP Error 404: {"quoteSummary":{"result":null,"error":{"code":"Not Found","description":"Quote not found for symbol: RAC-U"}}}
2026-05-05 04:19:06,647 - ERROR - HTTP Error 404: {"quoteSummary":{"result":null,"error":{"code":"Not Found","description":"Quote not found for symbol: RAC-U"}}}
2026-05-05 04:19:11,562 - INFO - [2120/6510] Scan: FOSL...
2026-05-05 04:19:17,003 - INFO - [2125/6510] Scan: CCJ...
2026-05-05 04:19:22,598 - INFO - [2130/6510] Scan: CPS...
2026-05-05 04:19:28,518 - INFO - [2135/6510] Scan: BOW...
2026-05-05 04:19:33,984 - INFO - [2140/6510] Scan: BDL...
2026-05-05 04:19:39,494 - INFO - [2145/6510] Scan: TGTX...
2026-05-05 04:19:45,045 - INFO - [2150/6510] Scan: QUIK...
2026-05-05 04:19:50,943 - INFO - [2155/6510] Scan: RVYL...
2026-05-05 04:19:56,615 - INFO - [2160/6510] Scan: INN...
2026-05-05 04:20:02,155 - INFO - [2165/6510] Scan: HTB...
2026-05-05 04:20:07,686 - INFO - [2170/6510] Scan: KOD...
2026-05-05 04:20:13,085 - INFO - [2175/6510] Scan: HTLD...
2026-05-05 04:20:18,830 - INFO - [2180/6510] Scan: UAA...
2026-05-05 04:20:24,427 - INFO - [2185/6510] Scan: ZTEK...
2026-05-05 04:20:29,860 - INFO - [2190/6510] Scan: MOH...
2026-05-05 04:20:35,945 - INFO - [2195/6510] Scan: HTGC...
2026-05-05 04:20:41,776 - INFO - [2200/6510] Scan: MOS...
2026-05-05 04:20:43,590 - ERROR - HTTP Error 404: {"quoteSummary":{"result":null,"error":{"code":"Not Found","description":"Quote not found for symbol: CLBR-U"}}}
2026-05-05 04:20:44,749 - ERROR - HTTP Error 404: {"quoteSummary":{"result":null,"error":{"code":"Not Found","description":"Quote not found for symbol: CLBR-U"}}}
2026-05-05 04:20:48,014 - INFO - [2205/6510] Scan: BCV...
2026-05-05 04:20:53,587 - INFO - [2210/6510] Scan: HEPS...
2026-05-05 04:20:59,083 - INFO - [2215/6510] Scan: HLXC...
2026-05-05 04:21:04,710 - INFO - [2220/6510] Scan: LUMN...
2026-05-05 04:21:10,495 - INFO - [2225/6510] Scan: HITI...
2026-05-05 04:21:16,487 - INFO - [2230/6510] Scan: VC...
2026-05-05 04:21:21,966 - INFO - [2235/6510] Scan: HBAN...
2026-05-05 04:21:27,698 - INFO - [2240/6510] Scan: TEAD...
2026-05-05 04:21:33,251 - INFO - [2245/6510] Scan: IPGP...
2026-05-05 04:21:39,270 - INFO - [2250/6510] Scan: VGI...
2026-05-05 04:21:44,784 - INFO - [2255/6510] Scan: IEAG...
2026-05-05 04:21:50,036 - INFO - [2260/6510] Scan: PSTL...
2026-05-05 04:21:55,346 - INFO - [2265/6510] Scan: SOHOB...
2026-05-05 04:22:00,768 - INFO - [2270/6510] Scan: PBT...
2026-05-05 04:22:06,189 - INFO - [2275/6510] Scan: LABT...
2026-05-05 04:22:11,603 - INFO - [2280/6510] Scan: SOLS...
2026-05-05 04:22:16,970 - INFO - [2285/6510] Scan: GEG...
2026-05-05 04:22:22,549 - INFO - [2290/6510] Scan: BCSS...
2026-05-05 04:22:28,219 - INFO - [2295/6510] Scan: NWE...
2026-05-05 04:22:33,839 - INFO - [2300/6510] Scan: EU...
2026-05-05 04:22:39,474 - INFO - [2305/6510] Scan: GHG...
2026-05-05 04:22:44,639 - INFO - [2310/6510] Scan: SMRT...
2026-05-05 04:22:50,009 - INFO - [2315/6510] Scan: ERO...
2026-05-05 04:22:55,173 - INFO - [2320/6510] Scan: LCNB...
2026-05-05 04:22:59,818 - ERROR - HTTP Error 404: {"quoteSummary":{"result":null,"error":{"code":"Not Found","description":"Quote not found for symbol: TRAD-U"}}}
2026-05-05 04:23:00,870 - ERROR - HTTP Error 404: {"quoteSummary":{"result":null,"error":{"code":"Not Found","description":"Quote not found for symbol: TRAD-U"}}}
2026-05-05 04:23:01,120 - INFO - [2325/6510] Scan: IPEXU...
2026-05-05 04:23:06,894 - INFO - [2330/6510] Scan: BIOX...
2026-05-05 04:23:12,195 - INFO - [2335/6510] Scan: PMVP...
2026-05-05 04:23:17,506 - INFO - [2340/6510] Scan: DRDB...
2026-05-05 04:23:22,762 - INFO - [2345/6510] Scan: IAF...
2026-05-05 04:23:28,300 - INFO - [2350/6510] Scan: CFG...
2026-05-05 04:23:34,128 - INFO - [2355/6510] Scan: GGAL...
2026-05-05 04:23:39,585 - INFO - [2360/6510] Scan: FPH...
2026-05-05 04:23:45,052 - INFO - [2365/6510] Scan: SAR...
2026-05-05 04:23:48,664 - ERROR - HTTP Error 404: {"quoteSummary":{"result":null,"error":{"code":"Not Found","description":"Quote not found for symbol: COPL-U"}}}
2026-05-05 04:23:49,955 - ERROR - HTTP Error 404: {"quoteSummary":{"result":null,"error":{"code":"Not Found","description":"Quote not found for symbol: COPL-U"}}}
2026-05-05 04:23:51,075 - INFO - [2370/6510] Scan: COHU...
2026-05-05 04:23:56,714 - INFO - [2375/6510] Scan: BCIC...
2026-05-05 04:24:02,323 - INFO - [2380/6510] Scan: VLYPN...
2026-05-05 04:24:08,193 - INFO - [2385/6510] Scan: IBM...
2026-05-05 04:24:12,807 - INFO - [2390/6510] Scan: MMI...
2026-05-05 04:24:18,620 - INFO - [2395/6510] Scan: FCF...
2026-05-05 04:24:24,612 - INFO - [2400/6510] Scan: BIT...
2026-05-05 04:24:30,462 - INFO - [2405/6510] Scan: EGHAR...
2026-05-05 04:24:36,374 - INFO - [2410/6510] Scan: NEGG...
2026-05-05 04:24:41,955 - INFO - [2415/6510] Scan: FPS...
2026-05-05 04:24:47,345 - INFO - [2420/6510] Scan: TWN...
2026-05-05 04:24:52,247 - INFO - [2425/6510] Scan: IMPP...
2026-05-05 04:24:58,362 - INFO - [2430/6510] Scan: UMC...
2026-05-05 04:25:04,209 - INFO - [2435/6510] Scan: PSNL...
2026-05-05 04:25:09,999 - INFO - [2440/6510] Scan: BKU...
2026-05-05 04:25:15,622 - INFO - [2445/6510] Scan: CHR...
2026-05-05 04:25:21,480 - INFO - [2450/6510] Scan: CHAR...
2026-05-05 04:25:27,042 - INFO - [2455/6510] Scan: BMEA...
2026-05-05 04:25:32,722 - INFO - [2460/6510] Scan: LEE...
2026-05-05 04:25:38,392 - INFO - [2465/6510] Scan: PI...
2026-05-05 04:25:41,019 - ERROR - HTTP Error 404: {"quoteSummary":{"result":null,"error":{"code":"Not Found","description":"Quote not found for symbol: OPT"}}}
2026-05-05 04:25:42,325 - ERROR - HTTP Error 404: {"quoteSummary":{"result":null,"error":{"code":"Not Found","description":"Quote not found for symbol: OPT"}}}
2026-05-05 04:25:43,629 - INFO - [2470/6510] Scan: TROX...
2026-05-05 04:25:49,315 - INFO - [2475/6510] Scan: IRD...
2026-05-05 04:25:54,897 - INFO - [2480/6510] Scan: ACAD...
2026-05-05 04:26:00,395 - INFO - [2485/6510] Scan: RKT...
2026-05-05 04:26:05,782 - INFO - [2490/6510] Scan: ODYS...
2026-05-05 04:26:11,399 - INFO - [2495/6510] Scan: DRI...
2026-05-05 04:26:16,833 - INFO - [2500/6510] Scan: IACO...
2026-05-05 04:26:22,850 - INFO - [2505/6510] Scan: ORGO...
2026-05-05 04:26:28,457 - INFO - [2510/6510] Scan: EQT...
2026-05-05 04:26:34,266 - INFO - [2515/6510] Scan: VZLA...
2026-05-05 04:26:39,468 - INFO - [2520/6510] Scan: SYY...
2026-05-05 04:26:44,903 - INFO - [2525/6510] Scan: FBIN...
2026-05-05 04:26:50,414 - INFO - [2530/6510] Scan: FLO...
2026-05-05 04:26:55,070 - INFO - [2535/6510] Scan: ESQ...
2026-05-05 04:26:57,621 - INFO - FOUND GEM: PBYI
2026-05-05 04:27:00,998 - INFO - [2540/6510] Scan: COTY...
2026-05-05 04:27:06,779 - INFO - [2545/6510] Scan: ARCO...
2026-05-05 04:27:12,426 - INFO - [2550/6510] Scan: FERAR...
2026-05-05 04:27:17,976 - INFO - [2555/6510] Scan: ALTO...
2026-05-05 04:27:23,593 - INFO - [2560/6510] Scan: VALU...
2026-05-05 04:27:29,110 - INFO - [2565/6510] Scan: FUTU...
2026-05-05 04:27:34,670 - INFO - [2570/6510] Scan: BYRN...
2026-05-05 04:27:39,870 - INFO - [2575/6510] Scan: LB...
2026-05-05 04:27:45,271 - INFO - [2580/6510] Scan: TER...
2026-05-05 04:27:51,179 - INFO - [2585/6510] Scan: AUTL...
2026-05-05 04:27:56,768 - INFO - [2590/6510] Scan: LW...
2026-05-05 04:28:02,476 - INFO - [2595/6510] Scan: OYSE...
2026-05-05 04:28:05,373 - ERROR - HTTP Error 404: {"quoteSummary":{"result":null,"error":{"code":"Not Found","description":"Quote not found for symbol: MHI"}}}
2026-05-05 04:28:06,528 - ERROR - HTTP Error 404: {"quoteSummary":{"result":null,"error":{"code":"Not Found","description":"Quote not found for symbol: MHI"}}}
2026-05-05 04:28:08,809 - INFO - [2600/6510] Scan: SVIVU...
2026-05-05 04:28:14,350 - INFO - [2605/6510] Scan: LGIH...
2026-05-05 04:28:19,723 - INFO - [2610/6510] Scan: KSS...
2026-05-05 04:28:24,854 - INFO - [2615/6510] Scan: ASA...
2026-05-05 04:28:30,086 - INFO - [2620/6510] Scan: ALTI...
2026-05-05 04:28:35,409 - INFO - [2625/6510] Scan: PRME...
2026-05-05 04:28:40,716 - INFO - [2630/6510] Scan: OIS...
2026-05-05 04:28:46,333 - INFO - [2635/6510] Scan: BLIN...
2026-05-05 04:28:52,207 - INFO - [2640/6510] Scan: LIF...
2026-05-05 04:28:57,803 - INFO - [2645/6510] Scan: PTC...
2026-05-05 04:29:03,260 - INFO - [2650/6510] Scan: QQQX...
2026-05-05 04:29:08,965 - INFO - [2655/6510] Scan: TDC...
2026-05-05 04:29:14,169 - INFO - [2660/6510] Scan: DHAI...
2026-05-05 04:29:20,066 - INFO - [2665/6510] Scan: EVH...
2026-05-05 04:29:25,632 - INFO - [2670/6510] Scan: SEI...
2026-05-05 04:29:31,335 - INFO - [2675/6510] Scan: AFBI...
2026-05-05 04:29:37,208 - INFO - [2680/6510] Scan: CRTO...
2026-05-05 04:29:42,778 - INFO - [2685/6510] Scan: DEFT...
2026-05-05 04:29:48,577 - INFO - [2690/6510] Scan: ASRT...
2026-05-05 04:29:53,965 - INFO - [2695/6510] Scan: FPI...
2026-05-05 04:29:59,531 - INFO - [2700/6510] Scan: STGW...
2026-05-05 04:30:04,786 - INFO - [2705/6510] Scan: FINS...
2026-05-05 04:30:10,300 - INFO - [2710/6510] Scan: OTGAU...
2026-05-05 04:30:15,703 - INFO - [2715/6510] Scan: VOC...
2026-05-05 04:30:20,512 - INFO - [2720/6510] Scan: HAO...
2026-05-05 04:30:26,476 - INFO - [2725/6510] Scan: FRST...
2026-05-05 04:30:32,045 - INFO - [2730/6510] Scan: MKLYU...
2026-05-05 04:30:37,860 - INFO - [2735/6510] Scan: ILPT...
2026-05-05 04:30:43,314 - INFO - [2740/6510] Scan: MTX...
2026-05-05 04:30:48,709 - INFO - [2745/6510] Scan: BW...
2026-05-05 04:30:55,349 - INFO - [2750/6510] Scan: SPEGR...
2026-05-05 04:31:00,634 - INFO - [2755/6510] Scan: CYCN...
2026-05-05 04:31:05,898 - INFO - [2760/6510] Scan: FITBM...
2026-05-05 04:31:11,622 - INFO - [2765/6510] Scan: CSCO...
2026-05-05 04:31:16,989 - INFO - [2770/6510] Scan: UWMC...
2026-05-05 04:31:22,961 - INFO - [2775/6510] Scan: SQFTP...
2026-05-05 04:31:28,400 - INFO - [2780/6510] Scan: SKK...
2026-05-05 04:31:33,837 - INFO - [2785/6510] Scan: HCTI...
2026-05-05 04:31:39,375 - INFO - [2790/6510] Scan: SBC...
2026-05-05 04:31:44,662 - INFO - [2795/6510] Scan: GLAD...
2026-05-05 04:31:50,167 - INFO - [2800/6510] Scan: CB...
2026-05-05 04:31:55,790 - INFO - [2805/6510] Scan: OWLT...
2026-05-05 04:32:01,556 - INFO - [2810/6510] Scan: DECK...
2026-05-05 04:32:07,640 - INFO - [2815/6510] Scan: TWST...
2026-05-05 04:32:13,332 - INFO - [2820/6510] Scan: GJR...
2026-05-05 04:32:18,787 - INFO - [2825/6510] Scan: ACI...
2026-05-05 04:32:24,144 - INFO - [2830/6510] Scan: KDK...
2026-05-05 04:32:29,608 - INFO - [2835/6510] Scan: DARE...
2026-05-05 04:32:35,245 - INFO - [2840/6510] Scan: PSUS...
2026-05-05 04:32:40,447 - INFO - [2845/6510] Scan: AVO...
2026-05-05 04:32:46,331 - INFO - [2850/6510] Scan: VICI...
2026-05-05 04:32:51,700 - INFO - [2855/6510] Scan: EMF...
2026-05-05 04:32:57,011 - INFO - [2860/6510] Scan: MODD...
2026-05-05 04:33:02,769 - INFO - [2865/6510] Scan: APYX...
2026-05-05 04:33:08,098 - INFO - [2870/6510] Scan: MITP...
2026-05-05 04:33:13,231 - INFO - [2875/6510] Scan: SEER...
2026-05-05 04:33:18,800 - INFO - [2880/6510] Scan: HNRG...
2026-05-05 04:33:24,410 - INFO - [2885/6510] Scan: VBIO...
2026-05-05 04:33:30,165 - INFO - [2890/6510] Scan: CHKP...
2026-05-05 04:33:34,197 - ERROR - HTTP Error 404: {"quoteSummary":{"result":null,"error":{"code":"Not Found","description":"Quote not found for symbol: RNBW"}}}
2026-05-05 04:33:35,540 - ERROR - HTTP Error 404: {"quoteSummary":{"result":null,"error":{"code":"Not Found","description":"Quote not found for symbol: RNBW"}}}
2026-05-05 04:33:36,787 - INFO - [2895/6510] Scan: MCS...
2026-05-05 04:33:41,967 - INFO - [2900/6510] Scan: JOB...
2026-05-05 04:33:47,928 - INFO - [2905/6510] Scan: TRVI...
2026-05-05 04:33:53,283 - INFO - [2910/6510] Scan: BRBI...
2026-05-05 04:33:58,473 - INFO - [2915/6510] Scan: VNOM...
2026-05-05 04:34:00,158 - ERROR - HTTP Error 404: {"quoteSummary":{"result":null,"error":{"code":"Not Found","description":"Quote not found for symbol: WPAC-U"}}}
2026-05-05 04:34:01,229 - ERROR - HTTP Error 404: {"quoteSummary":{"result":null,"error":{"code":"Not Found","description":"Quote not found for symbol: WPAC-U"}}}
2026-05-05 04:34:04,064 - INFO - [2920/6510] Scan: CLRB...
2026-05-05 04:34:09,589 - INFO - [2925/6510] Scan: OSCR...
2026-05-05 04:34:14,836 - INFO - [2930/6510] Scan: ZWS...
2026-05-05 04:34:20,149 - INFO - [2935/6510] Scan: HESM...
2026-05-05 04:34:26,082 - INFO - [2940/6510] Scan: MYND...
2026-05-05 04:34:31,407 - INFO - [2945/6510] Scan: GVA...
2026-05-05 04:34:36,811 - INFO - [2950/6510] Scan: RLMD...
2026-05-05 04:34:42,181 - INFO - [2955/6510] Scan: WFG...
2026-05-05 04:34:47,703 - INFO - [2960/6510] Scan: DTCX...
2026-05-05 04:34:53,226 - INFO - [2965/6510] Scan: SNX...
2026-05-05 04:34:58,347 - INFO - [2970/6510] Scan: PTA...
2026-05-05 04:35:03,728 - INFO - [2975/6510] Scan: MIRM...
2026-05-05 04:35:09,407 - INFO - [2980/6510] Scan: TRP...
2026-05-05 04:35:12,318 - ERROR - HTTP Error 404: {"quoteSummary":{"result":null,"error":{"code":"Not Found","description":"Quote not found for symbol: PHD"}}}
2026-05-05 04:35:13,470 - ERROR - HTTP Error 404: {"quoteSummary":{"result":null,"error":{"code":"Not Found","description":"Quote not found for symbol: PHD"}}}
2026-05-05 04:35:15,699 - INFO - [2985/6510] Scan: NBHC...
2026-05-05 04:35:21,151 - INFO - [2990/6510] Scan: RVTY...
2026-05-05 04:35:26,581 - INFO - [2995/6510] Scan: UNP...
2026-05-05 04:35:32,095 - INFO - [3000/6510] Scan: EEFT...
2026-05-05 04:35:37,415 - INFO - [3005/6510] Scan: DMAA...
2026-05-05 04:35:43,251 - INFO - [3010/6510] Scan: ASND...
2026-05-05 04:35:46,711 - INFO - FOUND GEM: GOAI
2026-05-05 04:35:48,933 - INFO - [3015/6510] Scan: CMG...
2026-05-05 04:35:54,224 - INFO - [3020/6510] Scan: LANV...
2026-05-05 04:35:59,577 - INFO - [3025/6510] Scan: WF...
2026-05-05 04:36:05,254 - INFO - [3030/6510] Scan: SOL...
2026-05-05 04:36:05,846 - ERROR - HTTP Error 404: {"quoteSummary":{"result":null,"error":{"code":"Not Found","description":"Quote not found for symbol: SOL"}}}
2026-05-05 04:36:06,902 - ERROR - HTTP Error 404: {"quoteSummary":{"result":null,"error":{"code":"Not Found","description":"Quote not found for symbol: SOL"}}}
2026-05-05 04:36:12,122 - INFO - [3035/6510] Scan: HWBK...
2026-05-05 04:36:18,018 - INFO - [3040/6510] Scan: DBRG...
2026-05-05 04:36:23,912 - INFO - [3045/6510] Scan: FBRT...
2026-05-05 04:36:29,496 - INFO - [3050/6510] Scan: PVH...
2026-05-05 04:36:35,136 - INFO - [3055/6510] Scan: IMMR...
2026-05-05 04:36:40,874 - INFO - [3060/6510] Scan: DOCS...
2026-05-05 04:36:46,345 - INFO - [3065/6510] Scan: CRSR...
2026-05-05 04:36:52,241 - INFO - [3070/6510] Scan: UMAC...
2026-05-05 04:36:57,943 - INFO - [3075/6510] Scan: VGZ...
2026-05-05 04:37:03,094 - INFO - [3080/6510] Scan: OSIS...
2026-05-05 04:37:08,636 - INFO - [3085/6510] Scan: ESAB...
2026-05-05 04:37:14,262 - INFO - [3090/6510] Scan: GETY...
2026-05-05 04:37:20,337 - INFO - [3095/6510] Scan: IDT...
2026-05-05 04:37:25,968 - INFO - [3100/6510] Scan: RITR...
2026-05-05 04:37:31,185 - INFO - [3105/6510] Scan: BPYPP...
2026-05-05 04:37:36,871 - INFO - [3110/6510] Scan: NXE...
2026-05-05 04:37:42,515 - INFO - [3115/6510] Scan: SM...
2026-05-05 04:37:48,276 - INFO - [3120/6510] Scan: RZB...
2026-05-05 04:37:53,796 - INFO - [3125/6510] Scan: COSM...
2026-05-05 04:37:59,498 - INFO - [3130/6510] Scan: CLLS...
2026-05-05 04:38:04,670 - INFO - [3135/6510] Scan: ECBK...
2026-05-05 04:38:10,304 - INFO - [3140/6510] Scan: WLTH...
2026-05-05 04:38:15,656 - INFO - [3145/6510] Scan: NPACU...
2026-05-05 04:38:20,853 - INFO - [3150/6510] Scan: BKNG...
2026-05-05 04:38:26,283 - INFO - [3155/6510] Scan: HYI...
2026-05-05 04:38:31,528 - INFO - [3160/6510] Scan: AERO...
2026-05-05 04:38:36,782 - INFO - [3165/6510] Scan: BLNE...
2026-05-05 04:38:42,621 - INFO - [3170/6510] Scan: HCM...
2026-05-05 04:38:48,009 - INFO - [3175/6510] Scan: ELPC...
2026-05-05 04:38:53,342 - INFO - [3180/6510] Scan: CPZ...
2026-05-05 04:38:58,939 - INFO - [3185/6510] Scan: TRT...
2026-05-05 04:39:05,060 - INFO - [3190/6510] Scan: KRSP-U...
2026-05-05 04:39:05,463 - ERROR - HTTP Error 404: {"quoteSummary":{"result":null,"error":{"code":"Not Found","description":"Quote not found for symbol: KRSP-U"}}}
2026-05-05 04:39:06,609 - ERROR - HTTP Error 404: {"quoteSummary":{"result":null,"error":{"code":"Not Found","description":"Quote not found for symbol: KRSP-U"}}}
2026-05-05 04:39:11,308 - INFO - [3195/6510] Scan: CTAAR...
2026-05-05 04:39:17,088 - INFO - [3200/6510] Scan: FGII...
2026-05-05 04:39:22,690 - INFO - [3205/6510] Scan: PRTS...
2026-05-05 04:39:28,295 - INFO - [3210/6510] Scan: ATCH...
2026-05-05 04:39:33,798 - INFO - [3215/6510] Scan: EIKN...
2026-05-05 04:39:39,118 - INFO - [3220/6510] Scan: ELWS...
2026-05-05 04:39:39,683 - ERROR - HTTP Error 404: {"quoteSummary":{"result":null,"error":{"code":"Not Found","description":"Quote not found for symbol: ELWS"}}}
2026-05-05 04:39:40,787 - ERROR - HTTP Error 404: {"quoteSummary":{"result":null,"error":{"code":"Not Found","description":"Quote not found for symbol: ELWS"}}}
2026-05-05 04:39:45,339 - INFO - [3225/6510] Scan: ECAT...
2026-05-05 04:39:50,897 - INFO - [3230/6510] Scan: TTC...
2026-05-05 04:39:56,557 - INFO - [3235/6510] Scan: ARTNA...
2026-05-05 04:40:02,596 - INFO - [3240/6510] Scan: LMRI...
2026-05-05 04:40:08,350 - INFO - [3245/6510] Scan: NXTT...
2026-05-05 04:40:13,626 - INFO - [3250/6510] Scan: RBLX...
2026-05-05 04:40:19,093 - INFO - [3255/6510] Scan: GLXG...
2026-05-05 04:40:24,729 - INFO - [3260/6510] Scan: FCHL...
2026-05-05 04:40:29,871 - INFO - [3265/6510] Scan: ELE...
2026-05-05 04:40:35,388 - INFO - [3270/6510] Scan: BDCI...
2026-05-05 04:40:40,697 - INFO - [3275/6510] Scan: COHR...
2026-05-05 04:40:46,604 - INFO - [3280/6510] Scan: XWEL...
2026-05-05 04:40:51,972 - INFO - [3285/6510] Scan: GIXXR...
2026-05-05 04:40:57,394 - INFO - [3290/6510] Scan: OXLCN...
2026-05-05 04:41:03,012 - INFO - [3295/6510] Scan: AFCG...
2026-05-05 04:41:08,149 - INFO - [3300/6510] Scan: GANX...
2026-05-05 04:41:13,670 - INFO - [3305/6510] Scan: PROF...
2026-05-05 04:41:18,325 - ERROR - HTTP Error 404: {"quoteSummary":{"result":null,"error":{"code":"Not Found","description":"Quote not found for symbol: NWAX-U"}}}
2026-05-05 04:41:19,428 - ERROR - HTTP Error 404: {"quoteSummary":{"result":null,"error":{"code":"Not Found","description":"Quote not found for symbol: NWAX-U"}}}
2026-05-05 04:41:19,696 - INFO - [3310/6510] Scan: SAFE...
2026-05-05 04:41:25,314 - INFO - [3315/6510] Scan: SOUL-U...
2026-05-05 04:41:25,728 - ERROR - HTTP Error 404: {"quoteSummary":{"result":null,"error":{"code":"Not Found","description":"Quote not found for symbol: SOUL-U"}}}
2026-05-05 04:41:26,766 - ERROR - HTTP Error 404: {"quoteSummary":{"result":null,"error":{"code":"Not Found","description":"Quote not found for symbol: SOUL-U"}}}
2026-05-05 04:41:31,570 - INFO - [3320/6510] Scan: GLOB...
2026-05-05 04:41:37,597 - INFO - [3325/6510] Scan: MBC...
2026-05-05 04:41:41,540 - ERROR - HTTP Error 404: {"quoteSummary":{"result":null,"error":{"code":"Not Found","description":"Quote not found for symbol: VACI-U"}}}
2026-05-05 04:41:42,653 - ERROR - HTTP Error 404: {"quoteSummary":{"result":null,"error":{"code":"Not Found","description":"Quote not found for symbol: VACI-U"}}}
2026-05-05 04:41:43,807 - INFO - [3330/6510] Scan: NTIP...
2026-05-05 04:41:49,438 - INFO - [3335/6510] Scan: LIMN...
2026-05-05 04:41:55,379 - INFO - [3340/6510] Scan: DTK...
2026-05-05 04:42:00,752 - INFO - [3345/6510] Scan: WSM...
2026-05-05 04:42:06,390 - INFO - [3350/6510] Scan: SPCE...
2026-05-05 04:42:12,051 - INFO - [3355/6510] Scan: MGNX...
2026-05-05 04:42:17,823 - INFO - [3360/6510] Scan: TCI...
2026-05-05 04:42:23,301 - INFO - [3365/6510] Scan: BUDA...
2026-05-05 04:42:28,828 - INFO - [3370/6510] Scan: NBH...
2026-05-05 04:42:34,093 - INFO - [3375/6510] Scan: OTF...
2026-05-05 04:42:39,726 - INFO - [3380/6510] Scan: ENR...
2026-05-05 04:42:45,629 - INFO - [3385/6510] Scan: RDHL...
2026-05-05 04:42:51,350 - INFO - [3390/6510] Scan: CNTX...
2026-05-05 04:42:56,863 - INFO - [3395/6510] Scan: NEOG...
2026-05-05 04:43:02,345 - INFO - [3400/6510] Scan: MAC...
2026-05-05 04:43:07,755 - INFO - [3405/6510] Scan: BH...
2026-05-05 04:43:13,726 - INFO - [3410/6510] Scan: CMMB...
2026-05-05 04:43:19,097 - INFO - [3415/6510] Scan: FCFS...
2026-05-05 04:43:24,562 - INFO - [3420/6510] Scan: ALGS...
2026-05-05 04:43:30,227 - INFO - [3425/6510] Scan: AGMH...
2026-05-05 04:43:35,890 - INFO - [3430/6510] Scan: ACLS...
2026-05-05 04:43:41,854 - INFO - [3435/6510] Scan: BLIV...
2026-05-05 04:43:47,235 - INFO - [3440/6510] Scan: EVCM...
2026-05-05 04:43:53,356 - INFO - [3445/6510] Scan: ACON...
2026-05-05 04:43:58,927 - INFO - [3450/6510] Scan: MPU...
2026-05-05 04:44:04,614 - INFO - [3455/6510] Scan: HFBL...
2026-05-05 04:44:09,728 - INFO - [3460/6510] Scan: CRWS...
2026-05-05 04:44:14,915 - INFO - [3465/6510] Scan: SUNS...
2026-05-05 04:44:20,656 - INFO - [3470/6510] Scan: SDEV...
2026-05-05 04:44:26,573 - INFO - [3475/6510] Scan: KTF...
2026-05-05 04:44:32,140 - INFO - [3480/6510] Scan: ALOV...
2026-05-05 04:44:38,005 - INFO - [3485/6510] Scan: POLA...
2026-05-05 04:44:43,626 - INFO - [3490/6510] Scan: BTGO...
2026-05-05 04:44:49,055 - INFO - [3495/6510] Scan: RNGTU...
2026-05-05 04:44:54,932 - INFO - [3500/6510] Scan: MPWR...
2026-05-05 04:45:00,518 - INFO - [3505/6510] Scan: CEVA...
2026-05-05 04:45:05,760 - INFO - [3510/6510] Scan: HD...
2026-05-05 04:45:11,164 - INFO - [3515/6510] Scan: AISP...
2026-05-05 04:45:16,656 - INFO - [3520/6510] Scan: ONBPO...
2026-05-05 04:45:22,908 - INFO - [3525/6510] Scan: CNMD...
2026-05-05 04:45:28,488 - INFO - [3530/6510] Scan: WTFC...
2026-05-05 04:45:34,049 - INFO - [3535/6510] Scan: WTO...
2026-05-05 04:45:39,832 - INFO - [3540/6510] Scan: GPK...
2026-05-05 04:45:45,357 - INFO - [3545/6510] Scan: MO...
2026-05-05 04:45:50,936 - INFO - [3550/6510] Scan: NZF...
2026-05-05 04:45:56,810 - INFO - [3555/6510] Scan: ASTS...
2026-05-05 04:46:02,779 - INFO - [3560/6510] Scan: CNA...
2026-05-05 04:46:08,354 - INFO - [3565/6510] Scan: BRSP...
2026-05-05 04:46:12,877 - INFO - [3570/6510] Scan: LNN...
2026-05-05 04:46:18,449 - INFO - [3575/6510] Scan: BGLC...
2026-05-05 04:46:24,371 - INFO - [3580/6510] Scan: ALFUU...
2026-05-05 04:46:29,952 - INFO - [3585/6510] Scan: XCH...
2026-05-05 04:46:35,710 - INFO - [3590/6510] Scan: OCC...
2026-05-05 04:46:41,225 - INFO - [3595/6510] Scan: MUJ...
2026-05-05 04:46:46,842 - INFO - [3600/6510] Scan: IVDA...
2026-05-05 04:46:52,075 - INFO - [3605/6510] Scan: ASIC...
2026-05-05 04:46:57,542 - INFO - [3610/6510] Scan: JACK...
2026-05-05 04:47:03,301 - INFO - [3615/6510] Scan: SPG...
2026-05-05 04:47:08,796 - INFO - [3620/6510] Scan: CDT...
2026-05-05 04:47:13,886 - INFO - [3625/6510] Scan: FTEK...
2026-05-05 04:47:19,772 - INFO - [3630/6510] Scan: HBCP...
2026-05-05 04:47:25,281 - INFO - [3635/6510] Scan: KPET-U...
2026-05-05 04:47:25,678 - ERROR - HTTP Error 404: {"quoteSummary":{"result":null,"error":{"code":"Not Found","description":"Quote not found for symbol: KPET-U"}}}
2026-05-05 04:47:26,769 - ERROR - HTTP Error 404: {"quoteSummary":{"result":null,"error":{"code":"Not Found","description":"Quote not found for symbol: KPET-U"}}}
2026-05-05 04:47:31,265 - INFO - [3640/6510] Scan: GROW...
2026-05-05 04:47:37,055 - INFO - [3645/6510] Scan: FCNCN...
2026-05-05 04:47:42,850 - INFO - [3650/6510] Scan: GEOS...
2026-05-05 04:47:48,407 - INFO - [3655/6510] Scan: EXLS...
2026-05-05 04:47:54,415 - INFO - [3660/6510] Scan: SCM...
2026-05-05 04:47:59,653 - INFO - [3665/6510] Scan: ESHAR...
2026-05-05 04:48:05,397 - INFO - [3670/6510] Scan: ABCL...
2026-05-05 04:48:11,052 - INFO - [3675/6510] Scan: NWFL...
2026-05-05 04:48:16,884 - INFO - [3680/6510] Scan: BHFAL...
2026-05-05 04:48:22,187 - INFO - [3685/6510] Scan: DGII...
2026-05-05 04:48:27,654 - INFO - [3690/6510] Scan: APLM...
2026-05-05 04:48:33,108 - INFO - [3695/6510] Scan: VLGEA...
2026-05-05 04:48:38,562 - INFO - [3700/6510] Scan: EWCZ...
2026-05-05 04:48:43,525 - INFO - [3705/6510] Scan: LIVN...
2026-05-05 04:48:49,045 - INFO - [3710/6510] Scan: LEGO...
2026-05-05 04:48:54,543 - INFO - [3715/6510] Scan: FLR...
2026-05-05 04:49:00,059 - INFO - [3720/6510] Scan: SHLS...
2026-05-05 04:49:05,520 - INFO - [3725/6510] Scan: OFAL...
2026-05-05 04:49:11,090 - INFO - [3730/6510] Scan: ABTC...
2026-05-05 04:49:16,484 - INFO - [3735/6510] Scan: NMPAU...
2026-05-05 04:49:21,381 - INFO - [3740/6510] Scan: KRUS...
2026-05-05 04:49:27,205 - INFO - [3745/6510] Scan: PII...
2026-05-05 04:49:32,710 - INFO - [3750/6510] Scan: TOYO...
2026-05-05 04:49:38,083 - INFO - [3755/6510] Scan: PAII-U...
2026-05-05 04:49:38,532 - ERROR - HTTP Error 404: {"quoteSummary":{"result":null,"error":{"code":"Not Found","description":"Quote not found for symbol: PAII-U"}}}
2026-05-05 04:49:39,673 - ERROR - HTTP Error 404: {"quoteSummary":{"result":null,"error":{"code":"Not Found","description":"Quote not found for symbol: PAII-U"}}}
2026-05-05 04:49:44,195 - INFO - [3760/6510] Scan: CTMX...
2026-05-05 04:49:50,019 - INFO - [3765/6510] Scan: AMRZ...
2026-05-05 04:49:55,918 - INFO - [3770/6510] Scan: MATW...
2026-05-05 04:50:01,416 - INFO - [3775/6510] Scan: AACG...
2026-05-05 04:50:07,264 - INFO - [3780/6510] Scan: PETZ...
2026-05-05 04:50:13,053 - INFO - [3785/6510] Scan: LAR...
2026-05-05 04:50:18,667 - INFO - [3790/6510] Scan: CSQ...
2026-05-05 04:50:24,127 - INFO - [3795/6510] Scan: UFPT...
2026-05-05 04:50:29,978 - INFO - [3800/6510] Scan: KOYN...
2026-05-05 04:50:31,615 - ERROR - HTTP Error 404: {"quoteSummary":{"result":null,"error":{"code":"Not Found","description":"Quote not found for symbol: LAZR"}}}
2026-05-05 04:50:32,750 - ERROR - HTTP Error 404: {"quoteSummary":{"result":null,"error":{"code":"Not Found","description":"Quote not found for symbol: LAZR"}}}
2026-05-05 04:50:35,809 - INFO - [3805/6510] Scan: CODX...
2026-05-05 04:50:41,283 - INFO - [3810/6510] Scan: OXY...
2026-05-05 04:50:46,595 - INFO - [3815/6510] Scan: GRVY...
2026-05-05 04:50:52,655 - INFO - [3820/6510] Scan: COYA...
2026-05-05 04:50:57,843 - INFO - [3825/6510] Scan: CHRD...
2026-05-05 04:51:03,645 - INFO - [3830/6510] Scan: CION...
2026-05-05 04:51:08,968 - INFO - [3835/6510] Scan: LHSW...
2026-05-05 04:51:14,300 - INFO - [3840/6510] Scan: CEE...
2026-05-05 04:51:19,601 - INFO - [3845/6510] Scan: POLE...
2026-05-05 04:51:25,155 - INFO - [3850/6510] Scan: RMSG...
2026-05-05 04:51:30,896 - INFO - [3855/6510] Scan: FBK...
2026-05-05 04:51:36,596 - INFO - [3860/6510] Scan: SSEAR...
2026-05-05 04:51:42,195 - INFO - [3865/6510] Scan: DEI...
2026-05-05 04:51:47,743 - INFO - [3870/6510] Scan: CNEY...
2026-05-05 04:51:53,326 - INFO - [3875/6510] Scan: WLYB...
2026-05-05 04:51:59,085 - INFO - [3880/6510] Scan: YETI...
2026-05-05 04:52:04,786 - INFO - [3885/6510] Scan: ABVX...
2026-05-05 04:52:10,496 - INFO - [3890/6510] Scan: LINE...
2026-05-05 04:52:16,310 - INFO - [3895/6510] Scan: DBGI...
2026-05-05 04:52:22,059 - INFO - [3900/6510] Scan: XENE...
2026-05-05 04:52:27,385 - INFO - [3905/6510] Scan: KEX...
2026-05-05 04:52:32,472 - INFO - [3910/6510] Scan: MMTX...
2026-05-05 04:52:37,429 - INFO - [3915/6510] Scan: MIY...
2026-05-05 04:52:42,733 - INFO - [3920/6510] Scan: ENSC...
2026-05-05 04:52:48,023 - INFO - [3925/6510] Scan: MKLY...
2026-05-05 04:52:53,162 - INFO - [3930/6510] Scan: GLED...
2026-05-05 04:52:58,390 - INFO - [3935/6510] Scan: URI...
2026-05-05 04:53:03,689 - INFO - [3940/6510] Scan: GUT...
2026-05-05 04:53:09,191 - INFO - [3945/6510] Scan: ADMA...
2026-05-05 04:53:14,549 - INFO - [3950/6510] Scan: EWBC...
2026-05-05 04:53:19,669 - INFO - [3955/6510] Scan: FEIM...
2026-05-05 04:53:24,883 - INFO - [3960/6510] Scan: SMBC...
2026-05-05 04:53:29,632 - INFO - [3965/6510] Scan: SHAK...
2026-05-05 04:53:35,261 - INFO - [3970/6510] Scan: EBR-B...
2026-05-05 04:53:35,681 - ERROR - HTTP Error 404: {"quoteSummary":{"result":null,"error":{"code":"Not Found","description":"Quote not found for symbol: EBR-B"}}}
2026-05-05 04:53:37,003 - ERROR - HTTP Error 404: {"quoteSummary":{"result":null,"error":{"code":"Not Found","description":"Quote not found for symbol: EBR-B"}}}
2026-05-05 04:53:41,518 - INFO - [3975/6510] Scan: OLN...
2026-05-05 04:53:46,922 - INFO - [3980/6510] Scan: RYN...
2026-05-05 04:53:52,267 - INFO - [3985/6510] Scan: ARBB...
2026-05-05 04:53:58,232 - INFO - [3990/6510] Scan: OCCIM...
2026-05-05 04:54:03,036 - INFO - [3995/6510] Scan: DDI...
2026-05-05 04:54:06,769 - ERROR - HTTP Error 404: {"quoteSummary":{"result":null,"error":{"code":"Not Found","description":"Quote not found for symbol: ENX"}}}
2026-05-05 04:54:07,929 - ERROR - HTTP Error 404: {"quoteSummary":{"result":null,"error":{"code":"Not Found","description":"Quote not found for symbol: ENX"}}}
2026-05-05 04:54:09,117 - INFO - [4000/6510] Scan: FICO...
2026-05-05 04:54:14,684 - INFO - [4005/6510] Scan: CRC...
2026-05-05 04:54:20,019 - INFO - [4010/6510] Scan: MDIA...
2026-05-05 04:54:25,799 - INFO - [4015/6510] Scan: HSAI...
2026-05-05 04:54:31,731 - INFO - [4020/6510] Scan: COF...
2026-05-05 04:54:37,257 - INFO - [4025/6510] Scan: WSBC...
2026-05-05 04:54:42,658 - INFO - [4030/6510] Scan: TPL...
2026-05-05 04:54:48,019 - INFO - [4035/6510] Scan: CTOR...
2026-05-05 04:54:53,106 - INFO - [4040/6510] Scan: OMH...
2026-05-05 04:54:58,365 - INFO - [4045/6510] Scan: IDR...
2026-05-05 04:55:03,835 - INFO - [4050/6510] Scan: LPLA...
2026-05-05 04:55:09,512 - INFO - [4055/6510] Scan: KPRX...
2026-05-05 04:55:15,330 - INFO - [4060/6510] Scan: PCAP...
2026-05-05 04:55:20,863 - INFO - [4065/6510] Scan: PSKY...
2026-05-05 04:55:25,975 - INFO - [4070/6510] Scan: NGL...
2026-05-05 04:55:31,193 - INFO - [4075/6510] Scan: NBRG...
2026-05-05 04:55:36,610 - INFO - [4080/6510] Scan: CRD-B...
2026-05-05 04:55:42,419 - INFO - [4085/6510] Scan: GREEL...
2026-05-05 04:55:48,025 - INFO - [4090/6510] Scan: KINS...
2026-05-05 04:55:53,712 - ERROR - HTTP Error 404: {"quoteSummary":{"result":null,"error":{"code":"Not Found","description":"No fundamentals data found for symbol: GRAF-U"}}}
2026-05-05 04:55:53,969 - INFO - [4095/6510] Scan: FCEL...
2026-05-05 04:55:59,377 - INFO - [4100/6510] Scan: XBP...
2026-05-05 04:56:05,257 - INFO - [4105/6510] Scan: VCYT...
2026-05-05 04:56:11,269 - INFO - [4110/6510] Scan: COFS...
2026-05-05 04:56:16,947 - INFO - [4115/6510] Scan: HCHL...
2026-05-05 04:56:22,164 - INFO - [4120/6510] Scan: AMTB...
2026-05-05 04:56:27,662 - INFO - [4125/6510] Scan: AEFC...
2026-05-05 04:56:33,192 - INFO - [4130/6510] Scan: CBFV...
2026-05-05 04:56:38,806 - INFO - [4135/6510] Scan: CCD...
2026-05-05 04:56:44,069 - INFO - [4140/6510] Scan: ALCYU...
2026-05-05 04:56:49,420 - INFO - [4145/6510] Scan: ITHAU...
2026-05-05 04:56:54,651 - INFO - [4150/6510] Scan: MMT...
2026-05-05 04:56:59,730 - INFO - [4155/6510] Scan: OMEX...
2026-05-05 04:57:04,030 - INFO - [4160/6510] Scan: NNY...
2026-05-05 04:57:09,536 - INFO - [4165/6510] Scan: PCAR...
2026-05-05 04:57:15,238 - INFO - [4170/6510] Scan: SINT...
2026-05-05 04:57:20,969 - INFO - [4175/6510] Scan: CCXI...
2026-05-05 04:57:26,498 - INFO - [4180/6510] Scan: CVCO...
2026-05-05 04:57:31,832 - INFO - [4185/6510] Scan: ADM...
2026-05-05 04:57:37,834 - INFO - [4190/6510] Scan: LSBK...
2026-05-05 04:57:43,330 - INFO - [4195/6510] Scan: QSEA...
2026-05-05 04:57:48,599 - INFO - [4200/6510] Scan: LARK...
2026-05-05 04:57:53,784 - INFO - [4205/6510] Scan: FANG...
2026-05-05 04:57:59,775 - INFO - [4210/6510] Scan: CDNS...
2026-05-05 04:58:04,912 - INFO - [4215/6510] Scan: EC...
2026-05-05 04:58:10,611 - INFO - [4220/6510] Scan: CRT...
2026-05-05 04:58:16,202 - INFO - [4225/6510] Scan: PLAB...
2026-05-05 04:58:21,566 - INFO - [4230/6510] Scan: ROMA...
2026-05-05 04:58:27,036 - INFO - [4235/6510] Scan: LGCY...
2026-05-05 04:58:28,348 - INFO - FOUND GEM: LGCY
2026-05-05 04:58:32,927 - INFO - [4240/6510] Scan: III...
2026-05-05 04:58:39,398 - INFO - [4245/6510] Scan: AIIA-U...
2026-05-05 04:58:40,244 - ERROR - HTTP Error 404: {"quoteSummary":{"result":null,"error":{"code":"Not Found","description":"Quote not found for symbol: AIIA-U"}}}
2026-05-05 04:58:41,288 - ERROR - HTTP Error 404: {"quoteSummary":{"result":null,"error":{"code":"Not Found","description":"Quote not found for symbol: AIIA-U"}}}
2026-05-05 04:58:45,491 - INFO - [4250/6510] Scan: TVA...
2026-05-05 04:58:51,122 - INFO - [4255/6510] Scan: MSA...
2026-05-05 04:58:56,982 - INFO - [4260/6510] Scan: STNE...
2026-05-05 04:59:02,950 - INFO - [4265/6510] Scan: DRH...
2026-05-05 04:59:08,426 - INFO - [4270/6510] Scan: PONOU...
2026-05-05 04:59:13,725 - INFO - [4275/6510] Scan: BIYA...
2026-05-05 04:59:18,957 - INFO - [4280/6510] Scan: SDHC...
2026-05-05 04:59:24,181 - INFO - [4285/6510] Scan: UONEK...
2026-05-05 04:59:29,900 - INFO - [4290/6510] Scan: MITT...
2026-05-05 04:59:35,437 - INFO - [4295/6510] Scan: CRK...
2026-05-05 04:59:40,821 - INFO - [4300/6510] Scan: GOSS...
2026-05-05 04:59:46,548 - INFO - [4305/6510] Scan: TRX...
2026-05-05 04:59:48,320 - ERROR - HTTP Error 404: {"quoteSummary":{"result":null,"error":{"code":"Not Found","description":"Quote not found for symbol: BWIV-U"}}}
2026-05-05 04:59:49,381 - ERROR - HTTP Error 404: {"quoteSummary":{"result":null,"error":{"code":"Not Found","description":"Quote not found for symbol: BWIV-U"}}}
2026-05-05 04:59:52,372 - INFO - [4310/6510] Scan: YHGJ...
2026-05-05 04:59:57,453 - INFO - [4315/6510] Scan: ALEC...
2026-05-05 05:00:02,877 - INFO - [4320/6510] Scan: SPOT...
2026-05-05 05:00:08,634 - INFO - [4325/6510] Scan: KTWOR...
2026-05-05 05:00:13,630 - INFO - [4330/6510] Scan: TV...
2026-05-05 05:00:19,126 - INFO - [4335/6510] Scan: RANI...
2026-05-05 05:00:20,993 - ERROR - HTTP Error 404: {"quoteSummary":{"result":null,"error":{"code":"Not Found","description":"Quote not found for symbol: FCRS-U"}}}
2026-05-05 05:00:22,524 - ERROR - HTTP Error 404: {"quoteSummary":{"result":null,"error":{"code":"Not Found","description":"Quote not found for symbol: FCRS-U"}}}
2026-05-05 05:00:25,877 - INFO - [4340/6510] Scan: CWT...
2026-05-05 05:00:31,444 - INFO - [4345/6510] Scan: PLNT...
2026-05-05 05:00:36,603 - INFO - [4350/6510] Scan: XOMA...
2026-05-05 05:00:41,967 - INFO - [4355/6510] Scan: RAPP...
2026-05-05 05:00:47,813 - INFO - [4360/6510] Scan: NXXT...
2026-05-05 05:00:53,343 - INFO - [4365/6510] Scan: IDE...
2026-05-05 05:00:59,337 - INFO - [4370/6510] Scan: CLYM...
2026-05-05 05:01:05,009 - INFO - [4375/6510] Scan: NMZ...
2026-05-05 05:01:10,710 - INFO - [4380/6510] Scan: WKC...
2026-05-05 05:01:16,620 - INFO - [4385/6510] Scan: FG...
2026-05-05 05:01:21,677 - INFO - [4390/6510] Scan: FFAI...
2026-05-05 05:01:26,731 - INFO - [4395/6510] Scan: CLSK...
2026-05-05 05:01:32,262 - INFO - [4400/6510] Scan: GTN...
2026-05-05 05:01:38,172 - INFO - [4405/6510] Scan: MUX...
2026-05-05 05:01:44,061 - INFO - [4410/6510] Scan: ALAB...
2026-05-05 05:01:49,377 - INFO - [4415/6510] Scan: CTVA...
2026-05-05 05:01:54,918 - INFO - [4420/6510] Scan: BUI...
2026-05-05 05:02:00,198 - INFO - [4425/6510] Scan: ENLV...
2026-05-05 05:02:05,794 - INFO - [4430/6510] Scan: RILYL...
2026-05-05 05:02:11,578 - INFO - [4435/6510] Scan: HUDI...
2026-05-05 05:02:17,617 - INFO - [4440/6510] Scan: TWAV...
2026-05-05 05:02:23,065 - INFO - [4445/6510] Scan: ALISR...
2026-05-05 05:02:28,596 - INFO - [4450/6510] Scan: SUPN...
2026-05-05 05:02:33,942 - INFO - [4455/6510] Scan: LSPD...
2026-05-05 05:02:39,801 - INFO - [4460/6510] Scan: BBCQU...
2026-05-05 05:02:45,206 - INFO - [4465/6510] Scan: AIHS...
2026-05-05 05:02:50,661 - INFO - [4470/6510] Scan: KKR...
2026-05-05 05:02:56,336 - INFO - [4475/6510] Scan: WTW...
2026-05-05 05:03:00,841 - ERROR - HTTP Error 404: {"quoteSummary":{"result":null,"error":{"code":"Not Found","description":"Quote not found for symbol: CHN"}}}
2026-05-05 05:03:01,882 - ERROR - HTTP Error 404: {"quoteSummary":{"result":null,"error":{"code":"Not Found","description":"Quote not found for symbol: CHN"}}}
2026-05-05 05:03:02,151 - INFO - [4480/6510] Scan: ACAA...
2026-05-05 05:03:07,877 - INFO - [4485/6510] Scan: COLAU...
2026-05-05 05:03:14,120 - INFO - [4490/6510] Scan: RY...
2026-05-05 05:03:19,682 - INFO - [4495/6510] Scan: MFM...
2026-05-05 05:03:24,851 - INFO - [4500/6510] Scan: EDAP...
2026-05-05 05:03:30,305 - INFO - [4505/6510] Scan: NEE...
2026-05-05 05:03:35,402 - INFO - [4510/6510] Scan: CTRA...
2026-05-05 05:03:40,579 - INFO - [4515/6510] Scan: NXTS...
2026-05-05 05:03:46,217 - INFO - [4520/6510] Scan: CTSH...
2026-05-05 05:03:51,487 - INFO - [4525/6510] Scan: ASYS...
2026-05-05 05:03:54,619 - ERROR - HTTP Error 404: {"quoteSummary":{"result":null,"error":{"code":"Not Found","description":"Quote not found for symbol: UAC-U"}}}
2026-05-05 05:03:57,618 - INFO - [4530/6510] Scan: SLAI...
2026-05-05 05:04:03,033 - INFO - [4535/6510] Scan: DMRA...
2026-05-05 05:04:08,238 - INFO - [4540/6510] Scan: ALX...
2026-05-05 05:04:13,630 - INFO - [4545/6510] Scan: ERIC...
2026-05-05 05:04:17,594 - ERROR - HTTP Error 404: {"quoteSummary":{"result":null,"error":{"code":"Not Found","description":"Quote not found for symbol: BEBE-U"}}}
2026-05-05 05:04:18,714 - ERROR - HTTP Error 404: {"quoteSummary":{"result":null,"error":{"code":"Not Found","description":"Quote not found for symbol: BEBE-U"}}}
2026-05-05 05:04:20,375 - INFO - [4550/6510] Scan: SNSE...
2026-05-05 05:04:25,915 - INFO - [4555/6510] Scan: FFIV...
2026-05-05 05:04:31,453 - INFO - [4560/6510] Scan: PHK...
2026-05-05 05:04:37,059 - INFO - [4565/6510] Scan: AMPL...
2026-05-05 05:04:42,871 - INFO - [4570/6510] Scan: UI...
2026-05-05 05:04:47,494 - ERROR - HTTP Error 404: {"quoteSummary":{"result":null,"error":{"code":"Not Found","description":"Quote not found for symbol: IRAB-U"}}}
2026-05-05 05:04:49,078 - ERROR - HTTP Error 404: {"quoteSummary":{"result":null,"error":{"code":"Not Found","description":"Quote not found for symbol: IRAB-U"}}}
2026-05-05 05:04:49,331 - INFO - [4575/6510] Scan: PODD...
2026-05-05 05:04:55,089 - INFO - [4580/6510] Scan: GJS...
2026-05-05 05:05:00,459 - INFO - [4585/6510] Scan: VHUB...
2026-05-05 05:05:06,228 - INFO - [4590/6510] Scan: HHS...
2026-05-05 05:05:11,996 - INFO - [4595/6510] Scan: ORA...
2026-05-05 05:05:17,310 - INFO - [4600/6510] Scan: SAGT...
2026-05-05 05:05:23,042 - INFO - [4605/6510] Scan: HBNC...
2026-05-05 05:05:28,675 - INFO - [4610/6510] Scan: CHARU...
2026-05-05 05:05:34,279 - INFO - [4615/6510] Scan: RECT...
2026-05-05 05:05:39,820 - INFO - [4620/6510] Scan: WLAC...
2026-05-05 05:05:45,191 - INFO - [4625/6510] Scan: HYPR...
2026-05-05 05:05:51,686 - ERROR - HTTP Error 404: {"quoteSummary":{"result":null,"error":{"code":"Not Found","description":"Quote not found for symbol: ADN"}}}
2026-05-05 05:05:51,960 - INFO - [4630/6510] Scan: IHD...
2026-05-05 05:05:57,642 - INFO - [4635/6510] Scan: TRAK...
2026-05-05 05:06:03,271 - INFO - [4640/6510] Scan: XHLD...
2026-05-05 05:06:08,766 - INFO - [4645/6510] Scan: SXC...
2026-05-05 05:06:14,075 - INFO - [4650/6510] Scan: BRID...
2026-05-05 05:06:19,644 - INFO - [4655/6510] Scan: BZAI...
2026-05-05 05:06:25,194 - INFO - [4660/6510] Scan: CLRS...
2026-05-05 05:06:25,601 - ERROR - HTTP Error 404: {"quoteSummary":{"result":null,"error":{"code":"Not Found","description":"Quote not found for symbol: CLRS"}}}
2026-05-05 05:06:26,766 - ERROR - HTTP Error 404: {"quoteSummary":{"result":null,"error":{"code":"Not Found","description":"Quote not found for symbol: CLRS"}}}
2026-05-05 05:06:31,208 - INFO - [4665/6510] Scan: CRWD...
2026-05-05 05:06:36,535 - INFO - [4670/6510] Scan: BLKB...
2026-05-05 05:06:41,891 - INFO - [4675/6510] Scan: RAAQ...
2026-05-05 05:06:47,411 - INFO - [4680/6510] Scan: YMAT...
2026-05-05 05:06:52,839 - INFO - [4685/6510] Scan: WPAC...
2026-05-05 05:06:58,381 - INFO - [4690/6510] Scan: TKO...
2026-05-05 05:07:04,239 - INFO - [4695/6510] Scan: NOEM...
2026-05-05 05:07:09,764 - INFO - [4700/6510] Scan: MCY...
2026-05-05 05:07:15,301 - INFO - [4705/6510] Scan: ECVT...
2026-05-05 05:07:20,649 - INFO - [4710/6510] Scan: DPRO...
2026-05-05 05:07:26,161 - INFO - [4715/6510] Scan: SMA...
2026-05-05 05:07:31,803 - INFO - [4720/6510] Scan: YOU...
2026-05-05 05:07:37,625 - INFO - [4725/6510] Scan: BMGL...
2026-05-05 05:07:42,851 - INFO - [4730/6510] Scan: KTWO...
2026-05-05 05:07:48,577 - INFO - [4735/6510] Scan: EYPT...
2026-05-05 05:07:54,010 - INFO - [4740/6510] Scan: UFCS...
2026-05-05 05:07:59,451 - INFO - [4745/6510] Scan: INTS...
2026-05-05 05:08:05,175 - INFO - [4750/6510] Scan: CIIT...
2026-05-05 05:08:10,759 - INFO - [4755/6510] Scan: AGX...
2026-05-05 05:08:16,307 - INFO - [4760/6510] Scan: ACLX...
2026-05-05 05:08:21,068 - INFO - [4765/6510] Scan: RYET...
2026-05-05 05:08:26,652 - INFO - [4770/6510] Scan: L...
2026-05-05 05:08:31,745 - INFO - [4775/6510] Scan: AIRE...
2026-05-05 05:08:36,927 - INFO - [4780/6510] Scan: CCSI...
2026-05-05 05:08:42,549 - INFO - [4785/6510] Scan: SIRI...
2026-05-05 05:08:47,963 - INFO - [4790/6510] Scan: TILE...
2026-05-05 05:08:53,145 - INFO - [4795/6510] Scan: JMG...
2026-05-05 05:08:58,258 - INFO - [4800/6510] Scan: ZIP...
2026-05-05 05:09:03,707 - INFO - [4805/6510] Scan: LEA...
2026-05-05 05:09:08,665 - INFO - [4810/6510] Scan: FURY...
2026-05-05 05:09:13,802 - INFO - [4815/6510] Scan: AN...
2026-05-05 05:09:19,013 - INFO - [4820/6510] Scan: ACDC...
2026-05-05 05:09:24,208 - INFO - [4825/6510] Scan: AEBI...
2026-05-05 05:09:29,471 - INFO - [4830/6510] Scan: CMDB...
2026-05-05 05:09:34,966 - INFO - [4835/6510] Scan: WNW...
2026-05-05 05:09:40,175 - INFO - [4840/6510] Scan: IMCC...
2026-05-05 05:09:45,823 - INFO - [4845/6510] Scan: NKSH...
2026-05-05 05:09:51,607 - INFO - [4850/6510] Scan: GLDG...
2026-05-05 05:09:56,280 - INFO - [4855/6510] Scan: WAFDP...
2026-05-05 05:10:01,802 - INFO - [4860/6510] Scan: OR...
2026-05-05 05:10:07,803 - INFO - [4865/6510] Scan: BEAT...
2026-05-05 05:10:13,239 - INFO - [4870/6510] Scan: NEXT...
2026-05-05 05:10:19,271 - INFO - [4875/6510] Scan: GDC...
2026-05-05 05:10:24,860 - INFO - [4880/6510] Scan: RAYA...
2026-05-05 05:10:30,198 - INFO - [4885/6510] Scan: TTEK...
2026-05-05 05:10:35,905 - INFO - [4890/6510] Scan: CNDT...
2026-05-05 05:10:41,746 - INFO - [4895/6510] Scan: WLY...
2026-05-05 05:10:47,905 - INFO - [4900/6510] Scan: FAMI...
2026-05-05 05:10:50,650 - ERROR - HTTP Error 404: {"quoteSummary":{"result":null,"error":{"code":"Not Found","description":"Quote not found for symbol: PLUN-U"}}}
2026-05-05 05:10:51,938 - ERROR - HTTP Error 404: {"quoteSummary":{"result":null,"error":{"code":"Not Found","description":"Quote not found for symbol: PLUN-U"}}}
2026-05-05 05:10:54,129 - INFO - [4905/6510] Scan: TRUP...
2026-05-05 05:10:59,264 - INFO - [4910/6510] Scan: DD...
2026-05-05 05:11:04,770 - INFO - [4915/6510] Scan: D...
2026-05-05 05:11:10,325 - INFO - [4920/6510] Scan: AFGE...
2026-05-05 05:11:15,758 - INFO - [4925/6510] Scan: CBNK...
2026-05-05 05:11:21,329 - INFO - [4930/6510] Scan: GTLB...
2026-05-05 05:11:26,683 - INFO - [4935/6510] Scan: AFL...
2026-05-05 05:11:32,596 - INFO - [4940/6510] Scan: CERT...
2026-05-05 05:11:36,172 - ERROR - HTTP Error 404: {"quoteSummary":{"result":null,"error":{"code":"Not Found","description":"Quote not found for symbol: BTA"}}}
2026-05-05 05:11:37,274 - ERROR - HTTP Error 404: {"quoteSummary":{"result":null,"error":{"code":"Not Found","description":"Quote not found for symbol: BTA"}}}
2026-05-05 05:11:38,532 - INFO - [4945/6510] Scan: HTT...
2026-05-05 05:11:44,173 - INFO - [4950/6510] Scan: BGMS...
2026-05-05 05:11:49,344 - INFO - [4955/6510] Scan: BBGI...
2026-05-05 05:11:54,891 - INFO - [4960/6510] Scan: RUSHB...
2026-05-05 05:12:00,422 - INFO - [4965/6510] Scan: VMET...
2026-05-05 05:12:06,386 - INFO - [4970/6510] Scan: ECO...
2026-05-05 05:12:11,940 - INFO - [4975/6510] Scan: DSGX...
2026-05-05 05:12:17,786 - INFO - [4980/6510] Scan: MG...
2026-05-05 05:12:23,332 - INFO - [4985/6510] Scan: ALPS...
2026-05-05 05:12:28,957 - INFO - [4990/6510] Scan: DOUG...
2026-05-05 05:12:34,538 - INFO - [4995/6510] Scan: DNMX...
2026-05-05 05:12:40,098 - INFO - [5000/6510] Scan: DXCM...
2026-05-05 05:12:45,790 - INFO - [5005/6510] Scan: DIS...
2026-05-05 05:12:51,128 - INFO - [5010/6510] Scan: GURE...
2026-05-05 05:12:56,717 - INFO - [5015/6510] Scan: ZTR...
2026-05-05 05:13:01,976 - INFO - [5020/6510] Scan: GLW...
2026-05-05 05:13:07,529 - INFO - [5025/6510] Scan: ANDE...
2026-05-05 05:13:15,865 - INFO - [5030/6510] Scan: AOUT...
2026-05-05 05:13:21,353 - INFO - [5035/6510] Scan: SEB...
2026-05-05 05:13:26,676 - INFO - [5040/6510] Scan: GEV...
2026-05-05 05:13:32,045 - INFO - [5045/6510] Scan: NBP...
2026-05-05 05:13:37,865 - INFO - [5050/6510] Scan: PHVS...
2026-05-05 05:13:43,545 - INFO - [5055/6510] Scan: BRLS...
2026-05-05 05:13:49,109 - INFO - [5060/6510] Scan: NTRS...
2026-05-05 05:13:54,481 - INFO - [5065/6510] Scan: AMR...
2026-05-05 05:14:00,164 - INFO - [5070/6510] Scan: OOMA...
2026-05-05 05:14:05,437 - INFO - [5075/6510] Scan: KELYB...
2026-05-05 05:14:10,874 - INFO - [5080/6510] Scan: IONS...
2026-05-05 05:14:16,266 - INFO - [5085/6510] Scan: FJET...
2026-05-05 05:14:22,080 - INFO - [5090/6510] Scan: ERAS...
2026-05-05 05:14:27,902 - INFO - [5095/6510] Scan: HEQ...
2026-05-05 05:14:33,572 - INFO - [5100/6510] Scan: MITN...
2026-05-05 05:14:38,794 - INFO - [5105/6510] Scan: QFIN...
2026-05-05 05:14:44,008 - INFO - [5110/6510] Scan: ULTA...
2026-05-05 05:14:49,714 - INFO - [5115/6510] Scan: ALB...
2026-05-05 05:14:55,113 - INFO - [5120/6510] Scan: CPF...
2026-05-05 05:15:00,712 - INFO - [5125/6510] Scan: COLAR...
2026-05-05 05:15:05,569 - INFO - [5130/6510] Scan: ASX...
2026-05-05 05:15:11,201 - INFO - [5135/6510] Scan: GAIN...
2026-05-05 05:15:17,238 - INFO - [5140/6510] Scan: CLS...
2026-05-05 05:15:22,739 - INFO - [5145/6510] Scan: CAAS...
2026-05-05 05:15:28,278 - INFO - [5150/6510] Scan: GP...
2026-05-05 05:15:34,092 - INFO - [5155/6510] Scan: GTIM...
2026-05-05 05:15:39,655 - INFO - [5160/6510] Scan: CLRO...
2026-05-05 05:15:45,605 - INFO - [5165/6510] Scan: RPAY...
2026-05-05 05:15:51,822 - INFO - [5170/6510] Scan: TD...
2026-05-05 05:15:57,462 - INFO - [5175/6510] Scan: GRAN...
2026-05-05 05:16:02,889 - INFO - [5180/6510] Scan: BYND...
2026-05-05 05:16:08,775 - INFO - [5185/6510] Scan: ACU...
2026-05-05 05:16:14,437 - INFO - [5190/6510] Scan: TNON...
2026-05-05 05:16:19,532 - INFO - [5195/6510] Scan: MAV...
2026-05-05 05:16:19,949 - ERROR - HTTP Error 404: {"quoteSummary":{"result":null,"error":{"code":"Not Found","description":"Quote not found for symbol: MAV"}}}
2026-05-05 05:16:21,183 - ERROR - HTTP Error 404: {"quoteSummary":{"result":null,"error":{"code":"Not Found","description":"Quote not found for symbol: MAV"}}}
2026-05-05 05:16:25,245 - INFO - [5200/6510] Scan: SAAQ...
2026-05-05 05:16:30,441 - INFO - [5205/6510] Scan: ALOY...
2026-05-05 05:16:35,674 - INFO - [5210/6510] Scan: MRNA...
2026-05-05 05:16:41,051 - INFO - [5215/6510] Scan: WHG...
2026-05-05 05:16:45,774 - ERROR - HTTP Error 404: {"quoteSummary":{"result":null,"error":{"code":"Not Found","description":"Quote not found for symbol: WENC-U"}}}
2026-05-05 05:16:46,855 - ERROR - HTTP Error 404: {"quoteSummary":{"result":null,"error":{"code":"Not Found","description":"Quote not found for symbol: WENC-U"}}}
2026-05-05 05:16:47,109 - INFO - [5220/6510] Scan: TCMD...
2026-05-05 05:16:52,978 - INFO - [5225/6510] Scan: PAHC...
2026-05-05 05:16:58,612 - INFO - [5230/6510] Scan: ANF...
2026-05-05 05:17:03,924 - INFO - [5235/6510] Scan: CTS...
2026-05-05 05:17:10,111 - INFO - [5240/6510] Scan: HR...
2026-05-05 05:17:15,530 - INFO - [5245/6510] Scan: SRL...
2026-05-05 05:17:17,194 - ERROR - HTTP Error 404: {"quoteSummary":{"result":null,"error":{"code":"Not Found","description":"Quote not found for symbol: ALUB-U"}}}
2026-05-05 05:17:18,205 - ERROR - HTTP Error 404: {"quoteSummary":{"result":null,"error":{"code":"Not Found","description":"Quote not found for symbol: ALUB-U"}}}
2026-05-05 05:17:21,098 - INFO - [5250/6510] Scan: RRX...
2026-05-05 05:17:26,318 - INFO - [5255/6510] Scan: MNTS...
2026-05-05 05:17:31,743 - INFO - [5260/6510] Scan: FIX...
2026-05-05 05:17:36,802 - INFO - [5265/6510] Scan: OPRT...
2026-05-05 05:17:42,431 - INFO - [5270/6510] Scan: IPX...
2026-05-05 05:17:47,915 - INFO - [5275/6510] Scan: DRTS...
2026-05-05 05:17:53,812 - INFO - [5280/6510] Scan: ITIC...
2026-05-05 05:17:58,988 - INFO - [5285/6510] Scan: IEP...
2026-05-05 05:18:04,271 - INFO - [5290/6510] Scan: CFFN...
2026-05-05 05:18:09,480 - INFO - [5295/6510] Scan: EZRA...
2026-05-05 05:18:14,923 - INFO - [5300/6510] Scan: CI...
2026-05-05 05:18:20,514 - INFO - [5305/6510] Scan: GPGI...
2026-05-05 05:18:26,173 - INFO - [5310/6510] Scan: TAL...
2026-05-05 05:18:32,107 - INFO - [5315/6510] Scan: AJG...
2026-05-05 05:18:37,442 - INFO - [5320/6510] Scan: BWB...
2026-05-05 05:18:43,147 - INFO - [5325/6510] Scan: ROL...
2026-05-05 05:18:48,738 - INFO - [5330/6510] Scan: CNM...
2026-05-05 05:18:52,656 - ERROR - HTTP Error 404: {"quoteSummary":{"result":null,"error":{"code":"Not Found","description":"Quote not found for symbol: BIII-U"}}}
2026-05-05 05:18:53,761 - ERROR - HTTP Error 404: {"quoteSummary":{"result":null,"error":{"code":"Not Found","description":"Quote not found for symbol: BIII-U"}}}
2026-05-05 05:18:54,988 - INFO - [5335/6510] Scan: AIDX...
2026-05-05 05:18:56,783 - ERROR - HTTP Error 404: {"quoteSummary":{"result":null,"error":{"code":"Not Found","description":"Quote not found for symbol: KCA-U"}}}
2026-05-05 05:18:57,862 - ERROR - HTTP Error 404: {"quoteSummary":{"result":null,"error":{"code":"Not Found","description":"Quote not found for symbol: KCA-U"}}}
2026-05-05 05:19:00,806 - INFO - [5340/6510] Scan: AORT...
2026-05-05 05:19:06,268 - INFO - [5345/6510] Scan: TRC...
2026-05-05 05:19:11,605 - INFO - [5350/6510] Scan: BMRC...
2026-05-05 05:19:17,119 - INFO - [5355/6510] Scan: CAI...
2026-05-05 05:19:22,442 - INFO - [5360/6510] Scan: ATPC...
2026-05-05 05:19:28,195 - INFO - [5365/6510] Scan: XNET...
2026-05-05 05:19:33,693 - INFO - [5370/6510] Scan: DSX...
2026-05-05 05:19:39,089 - INFO - [5375/6510] Scan: AFGB...
2026-05-05 05:19:44,412 - INFO - [5380/6510] Scan: ADGM...
2026-05-05 05:19:49,520 - INFO - [5385/6510] Scan: PLMR...
2026-05-05 05:19:55,125 - INFO - [5390/6510] Scan: BRCC...
2026-05-05 05:20:00,734 - INFO - [5395/6510] Scan: MTVA...
2026-05-05 05:20:06,163 - INFO - [5400/6510] Scan: NHS...
2026-05-05 05:20:11,517 - INFO - [5405/6510] Scan: ASTE...
2026-05-05 05:20:17,283 - INFO - [5410/6510] Scan: TBPH...
2026-05-05 05:20:22,988 - INFO - [5415/6510] Scan: KRG...
2026-05-05 05:20:28,255 - INFO - [5420/6510] Scan: NTAP...
2026-05-05 05:20:33,647 - INFO - [5425/6510] Scan: NTZ...
2026-05-05 05:20:39,349 - INFO - [5430/6510] Scan: ASPCR...
2026-05-05 05:20:44,817 - INFO - [5435/6510] Scan: OFRM...
2026-05-05 05:20:47,587 - ERROR - HTTP Error 404: {"quoteSummary":{"result":null,"error":{"code":"Not Found","description":"Quote not found for symbol: JPI"}}}
2026-05-05 05:20:48,749 - ERROR - HTTP Error 404: {"quoteSummary":{"result":null,"error":{"code":"Not Found","description":"Quote not found for symbol: JPI"}}}
2026-05-05 05:20:50,964 - INFO - [5440/6510] Scan: FDX...
2026-05-05 05:20:56,724 - INFO - [5445/6510] Scan: AEHR...
2026-05-05 05:21:02,540 - INFO - [5450/6510] Scan: NRIM...
2026-05-05 05:21:08,364 - INFO - [5455/6510] Scan: PKOH...
2026-05-05 05:21:14,149 - INFO - [5460/6510] Scan: ALAR...
2026-05-05 05:21:20,124 - INFO - [5465/6510] Scan: IMRN...
2026-05-05 05:21:25,554 - INFO - [5470/6510] Scan: FEMY...
2026-05-05 05:21:28,208 - ERROR - HTTP Error 404: {"quoteSummary":{"result":null,"error":{"code":"Not Found","description":"No fundamentals data found for symbol: LEGT-U"}}}
2026-05-05 05:21:31,287 - INFO - [5475/6510] Scan: QVCGP...
2026-05-05 05:21:36,985 - INFO - [5480/6510] Scan: BCC...
2026-05-05 05:21:42,874 - INFO - [5485/6510] Scan: STRK...
2026-05-05 05:21:48,713 - INFO - [5490/6510] Scan: EJH...
2026-05-05 05:21:54,016 - INFO - [5495/6510] Scan: IACQU...
2026-05-05 05:21:59,455 - INFO - [5500/6510] Scan: DRIO...
2026-05-05 05:22:05,124 - INFO - [5505/6510] Scan: NTWOU...
2026-05-05 05:22:10,500 - INFO - [5510/6510] Scan: ETOR...
2026-05-05 05:22:16,234 - INFO - [5515/6510] Scan: IRWD...
2026-05-05 05:22:21,774 - INFO - [5520/6510] Scan: BNL...
2026-05-05 05:22:24,651 - ERROR - HTTP Error 404: {"quoteSummary":{"result":null,"error":{"code":"Not Found","description":"Quote not found for symbol: SAC-U"}}}
2026-05-05 05:22:25,827 - ERROR - HTTP Error 404: {"quoteSummary":{"result":null,"error":{"code":"Not Found","description":"Quote not found for symbol: SAC-U"}}}
2026-05-05 05:22:27,985 - INFO - [5525/6510] Scan: OTLY...
2026-05-05 05:22:33,496 - INFO - [5530/6510] Scan: SHO...
2026-05-05 05:22:39,124 - INFO - [5535/6510] Scan: ADVB...
2026-05-05 05:22:44,918 - INFO - [5540/6510] Scan: AMBA...
2026-05-05 05:22:50,519 - INFO - [5545/6510] Scan: TVRD...
2026-05-05 05:22:56,096 - INFO - [5550/6510] Scan: OGN...
2026-05-05 05:23:01,919 - INFO - [5555/6510] Scan: HKIT...
2026-05-05 05:23:07,458 - INFO - [5560/6510] Scan: OCCIN...
2026-05-05 05:23:12,704 - INFO - [5565/6510] Scan: RFAM...
2026-05-05 05:23:18,118 - INFO - [5570/6510] Scan: TVE...
2026-05-05 05:23:23,152 - INFO - [5575/6510] Scan: M...
2026-05-05 05:23:28,341 - INFO - [5580/6510] Scan: APTV...
2026-05-05 05:23:34,018 - INFO - [5585/6510] Scan: BATRK...
2026-05-05 05:23:39,662 - INFO - [5590/6510] Scan: VANI...
2026-05-05 05:23:44,859 - INFO - [5595/6510] Scan: SHFS...
2026-05-05 05:23:50,817 - INFO - [5600/6510] Scan: PLMKU...
2026-05-05 05:23:56,357 - INFO - [5605/6510] Scan: NMIH...
2026-05-05 05:24:02,119 - INFO - [5610/6510] Scan: AMS...
2026-05-05 05:24:07,642 - INFO - [5615/6510] Scan: DTIL...
2026-05-05 05:24:12,928 - INFO - [5620/6510] Scan: AIB...
2026-05-05 05:24:18,446 - INFO - [5625/6510] Scan: SMJF...
2026-05-05 05:24:23,704 - INFO - [5630/6510] Scan: CAVA...
2026-05-05 05:24:29,565 - INFO - [5635/6510] Scan: BNGO...
2026-05-05 05:24:35,166 - INFO - [5640/6510] Scan: JHI...
2026-05-05 05:24:40,750 - INFO - [5645/6510] Scan: ASUR...
2026-05-05 05:24:46,375 - INFO - [5650/6510] Scan: PSA...
2026-05-05 05:24:51,971 - INFO - [5655/6510] Scan: TTI...
2026-05-05 05:24:57,364 - INFO - [5660/6510] Scan: CTLP...
2026-05-05 05:25:02,859 - INFO - [5665/6510] Scan: UNH...
2026-05-05 05:25:08,299 - INFO - [5670/6510] Scan: KRP...
2026-05-05 05:25:13,556 - INFO - [5675/6510] Scan: HXL...
2026-05-05 05:25:19,050 - INFO - [5680/6510] Scan: ACIC...
2026-05-05 05:25:24,878 - INFO - [5685/6510] Scan: APD...
2026-05-05 05:25:30,534 - INFO - [5690/6510] Scan: OPY...
2026-05-05 05:25:35,757 - INFO - [5695/6510] Scan: XCBEU...
2026-05-05 05:25:41,029 - INFO - [5700/6510] Scan: FBIO...
2026-05-05 05:25:46,473 - INFO - [5705/6510] Scan: DXPE...
2026-05-05 05:25:52,061 - INFO - [5710/6510] Scan: RVMD...
2026-05-05 05:25:57,494 - INFO - [5715/6510] Scan: MDV...
2026-05-05 05:26:03,484 - INFO - [5720/6510] Scan: BBSI...
2026-05-05 05:26:06,421 - ERROR - HTTP Error 404: {"quoteSummary":{"result":null,"error":{"code":"Not Found","description":"Quote not found for symbol: SBXE-U"}}}
2026-05-05 05:26:07,712 - ERROR - HTTP Error 404: {"quoteSummary":{"result":null,"error":{"code":"Not Found","description":"Quote not found for symbol: SBXE-U"}}}
2026-05-05 05:26:09,888 - INFO - [5725/6510] Scan: SIGIP...
2026-05-05 05:26:15,496 - INFO - [5730/6510] Scan: TPST...
2026-05-05 05:26:21,330 - INFO - [5735/6510] Scan: CRDO...
2026-05-05 05:26:27,268 - INFO - [5740/6510] Scan: NCEL...
2026-05-05 05:26:32,219 - INFO - [5745/6510] Scan: STHO...
2026-05-05 05:26:37,696 - INFO - [5750/6510] Scan: NPCE...
2026-05-05 05:26:43,440 - INFO - [5755/6510] Scan: DRMA...
2026-05-05 05:26:49,026 - INFO - [5760/6510] Scan: IPEX...
2026-05-05 05:26:54,931 - INFO - [5765/6510] Scan: KMT...
2026-05-05 05:27:01,009 - INFO - [5770/6510] Scan: RHLD...
2026-05-05 05:27:06,632 - INFO - [5775/6510] Scan: JBTM...
2026-05-05 05:27:08,825 - ERROR - HTTP Error 404: {"quoteSummary":{"result":null,"error":{"code":"Not Found","description":"Quote not found for symbol: XFLH-U"}}}
2026-05-05 05:27:09,986 - ERROR - HTTP Error 404: {"quoteSummary":{"result":null,"error":{"code":"Not Found","description":"Quote not found for symbol: XFLH-U"}}}
2026-05-05 05:27:13,005 - INFO - [5780/6510] Scan: NTCL...
2026-05-05 05:27:19,263 - INFO - [5785/6510] Scan: DYNCU...
2026-05-05 05:27:20,469 - ERROR - HTTP Error 404: {"quoteSummary":{"result":null,"error":{"code":"Not Found","description":"No fundamentals data found for symbol: DYNCU"}}}
2026-05-05 05:27:25,105 - INFO - [5790/6510] Scan: IREN...
2026-05-05 05:27:27,897 - ERROR - HTTP Error 404: {"quoteSummary":{"result":null,"error":{"code":"Not Found","description":"Quote not found for symbol: FGXCU"}}}
2026-05-05 05:27:29,205 - ERROR - HTTP Error 404: {"quoteSummary":{"result":null,"error":{"code":"Not Found","description":"Quote not found for symbol: FGXCU"}}}
2026-05-05 05:27:31,398 - INFO - [5795/6510] Scan: PONY...
2026-05-05 05:27:36,725 - INFO - [5800/6510] Scan: INTZ...
2026-05-05 05:27:42,128 - INFO - [5805/6510] Scan: SST...
2026-05-05 05:27:48,446 - INFO - [5810/6510] Scan: IEAGR...
2026-05-05 05:27:53,845 - INFO - [5815/6510] Scan: HRZN...
2026-05-05 05:27:58,897 - INFO - [5820/6510] Scan: VRNS...
2026-05-05 05:28:04,067 - INFO - [5825/6510] Scan: ALIT...
2026-05-05 05:28:09,488 - INFO - [5830/6510] Scan: AHRT...
2026-05-05 05:28:15,138 - INFO - [5835/6510] Scan: CVV...
2026-05-05 05:28:20,495 - INFO - [5840/6510] Scan: LYEL...
2026-05-05 05:28:25,925 - INFO - [5845/6510] Scan: NEWTG...
2026-05-05 05:28:31,034 - INFO - [5850/6510] Scan: AGCO...
2026-05-05 05:28:36,810 - INFO - [5855/6510] Scan: ONC...
2026-05-05 05:28:42,506 - INFO - [5860/6510] Scan: BRW...
2026-05-05 05:28:48,027 - INFO - [5865/6510] Scan: TRNO...
2026-05-05 05:28:52,996 - INFO - [5870/6510] Scan: MTH...
2026-05-05 05:28:58,325 - INFO - [5875/6510] Scan: AACO...
2026-05-05 05:29:03,661 - INFO - [5880/6510] Scan: AGRO...
2026-05-05 05:29:08,325 - INFO - [5885/6510] Scan: CXAI...
2026-05-05 05:29:14,108 - INFO - [5890/6510] Scan: FGNX...
2026-05-05 05:29:19,688 - INFO - [5895/6510] Scan: OSRH...
2026-05-05 05:29:25,429 - INFO - [5900/6510] Scan: BDRX...
2026-05-05 05:29:31,250 - INFO - [5905/6510] Scan: TDWDU...
2026-05-05 05:29:36,701 - INFO - [5910/6510] Scan: TVGN...
2026-05-05 05:29:41,372 - INFO - [5915/6510] Scan: VVOS...
2026-05-05 05:29:45,012 - ERROR - HTTP Error 404: {"quoteSummary":{"result":null,"error":{"code":"Not Found","description":"Quote not found for symbol: PHT"}}}
2026-05-05 05:29:46,047 - ERROR - HTTP Error 404: {"quoteSummary":{"result":null,"error":{"code":"Not Found","description":"Quote not found for symbol: PHT"}}}
2026-05-05 05:29:47,211 - INFO - [5920/6510] Scan: SPGI...
2026-05-05 05:29:52,434 - INFO - [5925/6510] Scan: MVF...
2026-05-05 05:29:52,827 - ERROR - HTTP Error 404: {"quoteSummary":{"result":null,"error":{"code":"Not Found","description":"Quote not found for symbol: MVF"}}}
2026-05-05 05:29:53,908 - ERROR - HTTP Error 404: {"quoteSummary":{"result":null,"error":{"code":"Not Found","description":"Quote not found for symbol: MVF"}}}
2026-05-05 05:29:58,467 - INFO - [5930/6510] Scan: MRVL...
2026-05-05 05:30:03,711 - INFO - [5935/6510] Scan: MSGY...
2026-05-05 05:30:08,049 - INFO - FOUND GEM: FIEE
2026-05-05 05:30:09,336 - INFO - [5940/6510] Scan: DAL...
2026-05-05 05:30:14,845 - INFO - [5945/6510] Scan: BWMN...
2026-05-05 05:30:20,022 - INFO - [5950/6510] Scan: KR...
2026-05-05 05:30:26,021 - INFO - [5955/6510] Scan: NBBK...
2026-05-05 05:30:31,974 - INFO - [5960/6510] Scan: VELO...
2026-05-05 05:30:38,016 - INFO - [5965/6510] Scan: MIO...
2026-05-05 05:30:38,413 - ERROR - HTTP Error 404: {"quoteSummary":{"result":null,"error":{"code":"Not Found","description":"Quote not found for symbol: MIO"}}}
2026-05-05 05:30:39,506 - ERROR - HTTP Error 404: {"quoteSummary":{"result":null,"error":{"code":"Not Found","description":"Quote not found for symbol: MIO"}}}
2026-05-05 05:30:43,984 - INFO - [5970/6510] Scan: DNN...
2026-05-05 05:30:49,578 - INFO - [5975/6510] Scan: PICS...
2026-05-05 05:30:55,553 - INFO - [5980/6510] Scan: BDN...
2026-05-05 05:31:01,160 - INFO - [5985/6510] Scan: VEEE...
2026-05-05 05:31:06,467 - INFO - [5990/6510] Scan: EVV...
2026-05-05 05:31:12,010 - INFO - [5995/6510] Scan: NEXM...
2026-05-05 05:31:17,568 - INFO - [6000/6510] Scan: CR...
2026-05-05 05:31:23,069 - INFO - [6005/6510] Scan: BPYPO...
2026-05-05 05:31:28,766 - INFO - [6010/6510] Scan: SRE...
2026-05-05 05:31:34,550 - INFO - [6015/6510] Scan: WEC...
2026-05-05 05:31:40,475 - INFO - [6020/6510] Scan: WSFS...
2026-05-05 05:31:46,111 - INFO - [6025/6510] Scan: AEAQU...
2026-05-05 05:31:51,820 - INFO - [6030/6510] Scan: MTNE-U...
2026-05-05 05:31:52,214 - ERROR - HTTP Error 404: {"quoteSummary":{"result":null,"error":{"code":"Not Found","description":"Quote not found for symbol: MTNE-U"}}}
2026-05-05 05:31:53,526 - ERROR - HTTP Error 404: {"quoteSummary":{"result":null,"error":{"code":"Not Found","description":"Quote not found for symbol: MTNE-U"}}}
2026-05-05 05:31:58,136 - INFO - [6035/6510] Scan: RBKB...
2026-05-05 05:32:03,662 - INFO - [6040/6510] Scan: MU...
2026-05-05 05:32:09,410 - INFO - [6045/6510] Scan: EGHAU...
2026-05-05 05:32:14,918 - INFO - [6050/6510] Scan: SLRC...
2026-05-05 05:32:20,334 - INFO - [6055/6510] Scan: CEG...
2026-05-05 05:32:25,854 - INFO - [6060/6510] Scan: SHEL...
2026-05-05 05:32:31,194 - INFO - [6065/6510] Scan: INTR...
2026-05-05 05:32:36,434 - INFO - [6070/6510] Scan: ZVRA...
2026-05-05 05:32:41,677 - INFO - [6075/6510] Scan: NDRA...
2026-05-05 05:32:47,168 - INFO - [6080/6510] Scan: ETB...
2026-05-05 05:32:52,755 - INFO - [6085/6510] Scan: HFWA...
2026-05-05 05:32:58,198 - INFO - [6090/6510] Scan: ROCK...
2026-05-05 05:33:03,802 - INFO - [6095/6510] Scan: BEKE...
2026-05-05 05:33:09,202 - INFO - [6100/6510] Scan: WRAP...
2026-05-05 05:33:14,567 - INFO - [6105/6510] Scan: FRO...
2026-05-05 05:33:20,346 - INFO - [6110/6510] Scan: PBHC...
2026-05-05 05:33:26,026 - INFO - [6115/6510] Scan: TLN...
2026-05-05 05:33:31,508 - INFO - [6120/6510] Scan: NSYS...
2026-05-05 05:33:36,505 - INFO - [6125/6510] Scan: RCT...
2026-05-05 05:33:41,461 - INFO - [6130/6510] Scan: PLXS...
2026-05-05 05:33:46,647 - INFO - [6135/6510] Scan: DNP...
2026-05-05 05:33:51,622 - INFO - [6140/6510] Scan: MXCT...
2026-05-05 05:33:57,178 - INFO - [6145/6510] Scan: UAL...
2026-05-05 05:34:02,549 - INFO - [6150/6510] Scan: CLIR...
2026-05-05 05:34:07,959 - INFO - [6155/6510] Scan: ACET...
2026-05-05 05:34:13,683 - INFO - [6160/6510] Scan: OXBR...
2026-05-05 05:34:19,312 - INFO - [6165/6510] Scan: STVN...
2026-05-05 05:34:24,964 - INFO - [6170/6510] Scan: GENC...
2026-05-05 05:34:30,942 - INFO - [6175/6510] Scan: VKQ...
2026-05-05 05:34:36,388 - INFO - [6180/6510] Scan: LNTH...
2026-05-05 05:34:41,609 - INFO - [6185/6510] Scan: FTRK...
2026-05-05 05:34:46,543 - INFO - [6190/6510] Scan: EQNR...
2026-05-05 05:34:52,629 - INFO - [6195/6510] Scan: AFB...
2026-05-05 05:34:58,033 - INFO - [6200/6510] Scan: BLZR...
2026-05-05 05:35:03,167 - INFO - [6205/6510] Scan: FGMC...
2026-05-05 05:35:05,834 - ERROR - HTTP Error 404: {"quoteSummary":{"result":null,"error":{"code":"Not Found","description":"Quote not found for symbol: AMBI"}}}
2026-05-05 05:35:06,918 - ERROR - HTTP Error 404: {"quoteSummary":{"result":null,"error":{"code":"Not Found","description":"Quote not found for symbol: AMBI"}}}
2026-05-05 05:35:09,013 - INFO - [6210/6510] Scan: VSNT...
2026-05-05 05:35:14,692 - INFO - [6215/6510] Scan: TDTH...
2026-05-05 05:35:20,289 - INFO - [6220/6510] Scan: IRIX...
2026-05-05 05:35:24,960 - ERROR - HTTP Error 404: {"quoteSummary":{"result":null,"error":{"code":"Not Found","description":"Quote not found for symbol: GLED-U"}}}
2026-05-05 05:35:25,974 - ERROR - HTTP Error 404: {"quoteSummary":{"result":null,"error":{"code":"Not Found","description":"Quote not found for symbol: GLED-U"}}}
2026-05-05 05:35:26,223 - INFO - [6225/6510] Scan: CWBC...
2026-05-05 05:35:31,647 - INFO - [6230/6510] Scan: ASAN...
2026-05-05 05:35:37,214 - INFO - [6235/6510] Scan: AVPT...
2026-05-05 05:35:42,930 - INFO - [6240/6510] Scan: CSBR...
2026-05-05 05:35:48,316 - INFO - [6245/6510] Scan: TSI...
2026-05-05 05:35:53,798 - INFO - [6250/6510] Scan: IPCXU...
2026-05-05 05:35:59,449 - INFO - [6255/6510] Scan: INOD...
2026-05-05 05:36:04,735 - INFO - [6260/6510] Scan: STT...
2026-05-05 05:36:10,475 - INFO - [6265/6510] Scan: INM...
2026-05-05 05:36:15,946 - INFO - [6270/6510] Scan: INAB...
2026-05-05 05:36:21,370 - INFO - [6275/6510] Scan: CLMB...
2026-05-05 05:36:26,865 - INFO - [6280/6510] Scan: LEU...
2026-05-05 05:36:32,669 - INFO - [6285/6510] Scan: DHC...
2026-05-05 05:36:37,339 - INFO - [6290/6510] Scan: HLLY...
2026-05-05 05:36:40,068 - ERROR - HTTP Error 404: {"quoteSummary":{"result":null,"error":{"code":"Not Found","description":"Quote not found for symbol: CHEK"}}}
2026-05-05 05:36:41,353 - ERROR - HTTP Error 404: {"quoteSummary":{"result":null,"error":{"code":"Not Found","description":"Quote not found for symbol: CHEK"}}}
2026-05-05 05:36:43,572 - INFO - [6295/6510] Scan: AXIA...
2026-05-05 05:36:49,247 - INFO - [6300/6510] Scan: VOD...
2026-05-05 05:36:54,996 - INFO - [6305/6510] Scan: MEGL...
2026-05-05 05:37:00,579 - INFO - [6310/6510] Scan: GNL...
2026-05-05 05:37:06,346 - INFO - [6315/6510] Scan: CENN...
2026-05-05 05:37:12,013 - INFO - [6320/6510] Scan: VERU...
2026-05-05 05:37:17,364 - INFO - [6325/6510] Scan: CART...
2026-05-05 05:37:23,055 - INFO - [6330/6510] Scan: ATLO...
2026-05-05 05:37:29,037 - INFO - [6335/6510] Scan: EDIT...
2026-05-05 05:37:34,801 - INFO - [6340/6510] Scan: WSTNU...
2026-05-05 05:37:40,278 - INFO - [6345/6510] Scan: GCTS...
2026-05-05 05:37:45,758 - INFO - [6350/6510] Scan: QVCGA...
2026-05-05 05:37:51,181 - INFO - [6355/6510] Scan: VSCO...
2026-05-05 05:37:56,746 - INFO - [6360/6510] Scan: VIST...
2026-05-05 05:38:02,555 - INFO - [6365/6510] Scan: FMACU...
2026-05-05 05:38:07,838 - INFO - [6370/6510] Scan: RWTN...
2026-05-05 05:38:12,256 - INFO - [6375/6510] Scan: KLAC...
2026-05-05 05:38:17,764 - INFO - [6380/6510] Scan: TRN...
2026-05-05 05:38:23,218 - INFO - [6385/6510] Scan: RLTY...
2026-05-05 05:38:28,795 - INFO - [6390/6510] Scan: CRGY...
2026-05-05 05:38:34,773 - INFO - [6395/6510] Scan: HUN...
2026-05-05 05:38:40,654 - INFO - [6400/6510] Scan: SMTK...
2026-05-05 05:38:46,128 - INFO - [6405/6510] Scan: LXU...
2026-05-05 05:38:51,466 - INFO - [6410/6510] Scan: TLYS...
2026-05-05 05:38:56,816 - INFO - [6415/6510] Scan: CLOV...
2026-05-05 05:39:02,063 - INFO - [6420/6510] Scan: ROP...
2026-05-05 05:39:07,786 - INFO - [6425/6510] Scan: FF...
2026-05-05 05:39:13,180 - INFO - [6430/6510] Scan: MTB...
2026-05-05 05:39:18,597 - INFO - [6435/6510] Scan: SPSC...
2026-05-05 05:39:24,100 - INFO - [6440/6510] Scan: STRO...
2026-05-05 05:39:30,089 - INFO - [6445/6510] Scan: BEAGR...
2026-05-05 05:39:35,605 - INFO - [6450/6510] Scan: PSFE...
2026-05-05 05:39:41,362 - INFO - [6455/6510] Scan: NCNO...
2026-05-05 05:39:46,640 - INFO - [6460/6510] Scan: HTZ...
2026-05-05 05:39:51,768 - INFO - [6465/6510] Scan: ANSCU...
2026-05-05 05:39:57,518 - INFO - [6470/6510] Scan: AWK...
2026-05-05 05:40:03,034 - INFO - [6475/6510] Scan: AVEX...
2026-05-05 05:40:08,759 - INFO - [6480/6510] Scan: GXO...
2026-05-05 05:40:14,615 - INFO - [6485/6510] Scan: ATIIU...
2026-05-05 05:40:20,295 - INFO - [6490/6510] Scan: ARAY...
2026-05-05 05:40:26,419 - INFO - [6495/6510] Scan: EFXT...
2026-05-05 05:40:31,843 - INFO - [6500/6510] Scan: PAXS...
2026-05-05 05:40:37,136 - INFO - [6505/6510] Scan: PMT...
2026-05-05 05:40:42,612 - INFO - [6510/6510] Scan: CCK...
2026-05-05 05:40:44,312 - INFO - Scan Complete. Processed 6510. Passed 11. Skipped 21.
2026-05-05 05:40:45,275 - INFO - Saved to public/data/stocks.csv
2026-05-05 05:40:45,535 - INFO - Saved to public/data/stocks.json
