2026-09-04 15:28:06,492 - INFO - [6605/6632] Scan: VINP...
2026-09-04 15:28:06,701 - WARNING - fx_normalize: VINP statement currency BRL != quote USD but VINP is NOT in the proven table — NOT converting; flagged for review.
2026-09-04 15:28:07,729 - WARNING - fx_normalize: GOTU statement currency CNY != quote USD but GOTU is NOT in the proven table — NOT converting; flagged for review.
2026-09-04 15:28:07,943 - INFO - [6610/6632] Scan: DBX...
2026-09-04 15:28:08,656 - INFO - [6615/6632] Scan: GAP...
2026-09-04 15:28:09,516 - WARNING - fx_normalize: ABVX statement currency EUR != quote USD but ABVX is NOT in the proven table — NOT converting; flagged for review.
2026-09-04 15:28:09,728 - INFO - [6620/6632] Scan: SERV...
2026-09-04 15:28:10,433 - INFO - [6625/6632] Scan: KGC...
2026-09-04 15:28:11,189 - WARNING - fx_normalize: INCR statement currency ILS != quote USD but INCR is NOT in the proven table — NOT converting; flagged for review.
2026-09-04 15:28:11,399 - INFO - [6630/6632] Scan: GOODN...
2026-09-04 15:28:12,097 - INFO - Scan Complete. Processed 6632. Passed 3. Skipped 0.
2026-09-04 15:28:12,303 - INFO - Listing: 6632 listed | stamped 6632 | carried 282 | seeded 0 | not in listing 282
2026-09-04 15:28:13,808 - INFO - Saved to public/data/stocks.csv
2026-09-04 15:28:14,037 - INFO - Saved to public/data/stocks.json
2026-09-05 15:28:24,441 - INFO - --- FETCHING TICKER LISTS VIA FINANCE DATA READER ---
2026-09-05 15:28:26,028 - INFO - Fetching NASDAQ...
2026-09-05 15:29:04,635 - INFO - Fetching NYSE...
2026-09-05 15:29:32,293 - INFO - Fetching AMEX...
2026-09-05 15:29:37,666 - INFO - Total Common Stock Tickers: 6622
2026-09-05 15:29:38,613 - INFO - Loaded 6914 existing records.
2026-09-05 15:29:39,455 - INFO - SEC fundamentals history loaded: 5605 tickers.
2026-09-05 15:29:40,444 - INFO - defeatbeta dataset age: 33.6h.
2026-09-05 15:29:40,712 - INFO - downloading 6 defeatbeta tables.
2026-09-05 15:29:54,804 - INFO -   downloaded stock_prices.parquet (443 MB)
2026-09-05 15:29:58,067 - INFO -   downloaded stock_statement.parquet (110 MB)
2026-09-05 15:29:59,212 - INFO -   downloaded stock_profile.parquet (2 MB)
2026-09-05 15:30:00,444 - INFO -   downloaded stock_tailing_eps.parquet (2 MB)
2026-09-05 15:30:01,682 - INFO -   downloaded stock_shares_outstanding.parquet (5 MB)
2026-09-05 15:30:02,555 - INFO -   downloaded stock_earning_calendar.parquet (0 MB)
2026-09-05 15:30:16,654 - INFO - defeatbeta loaded: 6557 priced symbols, max price date 2026-09-03.
2026-09-05 15:30:17,476 - INFO - Scanning Universe: 6622 stocks.
2026-09-05 15:30:17,750 - INFO - [1/6622] Scan: HTFL...
2026-09-05 15:30:18,892 - INFO - [5/6622] Scan: VVX...
2026-09-05 15:30:20,219 - WARNING - fx_normalize: ARBK statement currency GBP != quote USD but ARBK is NOT in the proven table — NOT converting; flagged for review.
2026-09-05 15:30:20,493 - INFO - [10/6622] Scan: STRRP...
2026-09-05 15:30:22,095 - INFO - [15/6622] Scan: GOSS...
2026-09-05 15:30:23,816 - INFO - [20/6622] Scan: REGCP...
2026-09-05 15:30:25,572 - WARNING - fx_normalize: OCS statement currency CHF != quote USD but OCS is NOT in the proven table — NOT converting; flagged for review.
2026-09-05 15:30:26,509 - INFO - [25/6622] Scan: NAD...
2026-09-05 15:30:27,553 - INFO - [30/6622] Scan: RWTS...
2026-09-05 15:30:29,405 - INFO - [35/6622] Scan: BATRK...
2026-09-05 15:30:31,042 - INFO - [40/6622] Scan: ETJ...
2026-09-05 15:30:31,713 - INFO - [45/6622] Scan: YORW...
2026-09-05 15:30:32,891 - INFO - [50/6622] Scan: NRIM...
2026-09-05 15:30:33,565 - INFO - [55/6622] Scan: CLX...
2026-09-05 15:30:34,733 - INFO - [60/6622] Scan: KVUE...
2026-09-05 15:30:36,182 - ERROR - HTTP Error 404: {"quoteSummary":{"result":null,"error":{"code":"Not Found","description":"Quote not found for symbol: JMG"}}}
2026-09-05 15:30:37,571 - ERROR - HTTP Error 404: {"quoteSummary":{"result":null,"error":{"code":"Not Found","description":"Quote not found for symbol: JMG"}}}
2026-09-05 15:30:38,476 - ERROR - $JMG: possibly delisted; no price data found  (period=2y) (Yahoo error = "No data found, symbol may be delisted")
2026-09-05 15:30:38,738 - INFO - [65/6622] Scan: DAWN...
2026-09-05 15:30:39,250 - ERROR - HTTP Error 404: {"quoteSummary":{"result":null,"error":{"code":"Not Found","description":"Quote not found for symbol: DAWN"}}}
2026-09-05 15:30:40,085 - WARNING - fx_normalize: JFU statement currency CNY != quote USD but JFU is NOT in the proven table — NOT converting; flagged for review.
2026-09-05 15:30:40,356 - INFO - [70/6622] Scan: PLBL...
2026-09-05 15:30:41,033 - INFO - [75/6622] Scan: GILT...
2026-09-05 15:30:41,702 - INFO - [80/6622] Scan: ANDE...
2026-09-05 15:30:42,861 - WARNING - fx_normalize: BDRX statement currency GBP != quote USD but BDRX is NOT in the proven table — NOT converting; flagged for review.
2026-09-05 15:30:43,130 - INFO - [85/6622] Scan: VRXA...
2026-09-05 15:30:44,217 - WARNING - fx_normalize: CIG statement currency BRL != quote USD but CIG is NOT in the proven table — NOT converting; flagged for review.
2026-09-05 15:30:44,482 - INFO - [90/6622] Scan: CELH...
2026-09-05 15:30:45,157 - INFO - [95/6622] Scan: AMST...
2026-09-05 15:30:46,145 - ERROR - HTTP Error 404: {"quoteSummary":{"result":null,"error":{"code":"Not Found","description":"Quote not found for symbol: SKLZ"}}}
2026-09-05 15:30:46,568 - WARNING - fx_normalize: CCM statement currency CNY != quote USD but CCM is NOT in the proven table — NOT converting; flagged for review.
2026-09-05 15:30:46,830 - INFO - [100/6622] Scan: VALU...
2026-09-05 15:30:48,100 - INFO - [105/6622] Scan: NEOG...
2026-09-05 15:30:48,761 - WARNING - fx_normalize: NGEN statement currency CAD != quote USD but NGEN is NOT in the proven table — NOT converting; flagged for review.
2026-09-05 15:30:49,034 - INFO - [110/6622] Scan: RYET...
2026-09-05 15:30:50,306 - INFO - [115/6622] Scan: BIII...
2026-09-05 15:30:51,006 - INFO - [120/6622] Scan: TCBI...
2026-09-05 15:30:52,777 - INFO - [125/6622] Scan: SSEAR...
2026-09-05 15:30:53,442 - INFO - [130/6622] Scan: VLYPP...
2026-09-05 15:30:54,647 - INFO - [135/6622] Scan: SPPP...
2026-09-05 15:30:55,757 - INFO - [140/6622] Scan: MFIC...
2026-09-05 15:30:56,903 - INFO - [145/6622] Scan: MFM...
2026-09-05 15:30:57,578 - INFO - [150/6622] Scan: TVGN...
2026-09-05 15:30:58,994 - INFO - [155/6622] Scan: CVSA...
2026-09-05 15:31:01,400 - INFO - [160/6622] Scan: HAWK...
2026-09-05 15:31:02,585 - INFO - [165/6622] Scan: IHG...
2026-09-05 15:31:04,258 - INFO - [170/6622] Scan: UUUU...
2026-09-05 15:31:04,928 - INFO - [175/6622] Scan: MDXG...
2026-09-05 15:31:06,621 - INFO - [180/6622] Scan: AMC...
2026-09-05 15:31:07,302 - WARNING - fx_normalize: HERE statement currency CNY != quote USD but HERE is NOT in the proven table — NOT converting; flagged for review.
2026-09-05 15:31:08,079 - INFO - [185/6622] Scan: NB...
2026-09-05 15:31:08,749 - INFO - [190/6622] Scan: KPET...
2026-09-05 15:31:09,416 - INFO - [195/6622] Scan: OIMAU...
2026-09-05 15:31:10,091 - INFO - [200/6622] Scan: TYRA...
2026-09-05 15:31:11,306 - INFO - [205/6622] Scan: VERB...
2026-09-05 15:31:11,924 - ERROR - HTTP Error 404: {"quoteSummary":{"result":null,"error":{"code":"Not Found","description":"Quote not found for symbol: VERB"}}}
2026-09-05 15:31:12,753 - WARNING - fx_normalize: DDL statement currency CNY != quote USD but DDL is NOT in the proven table — NOT converting; flagged for review.
2026-09-05 15:31:13,027 - INFO - [210/6622] Scan: NAMI...
2026-09-05 15:31:13,758 - WARNING - fx_normalize: NAMI statement currency CNY != quote USD but NAMI is NOT in the proven table — NOT converting; flagged for review.
2026-09-05 15:31:14,663 - ERROR - HTTP Error 404: {"quoteSummary":{"result":null,"error":{"code":"Not Found","description":"Quote not found for symbol: CLBR-U"}}}
2026-09-05 15:31:15,099 - INFO - [215/6622] Scan: NDLS...
2026-09-05 15:31:16,297 - INFO - [220/6622] Scan: ETB...
2026-09-05 15:31:17,467 - INFO - [225/6622] Scan: ATTO...
2026-09-05 15:31:18,586 - INFO - [230/6622] Scan: CCOI...
2026-09-05 15:31:19,259 - INFO - [235/6622] Scan: CHECU...
2026-09-05 15:31:20,438 - INFO - [240/6622] Scan: AKAM...
2026-09-05 15:31:21,130 - INFO - [245/6622] Scan: BANL...
2026-09-05 15:31:22,459 - ERROR - HTTP Error 404: {"quoteSummary":{"result":null,"error":{"code":"Not Found","description":"Quote not found for symbol: PRA"}}}
2026-09-05 15:31:22,888 - INFO - [250/6622] Scan: FSBC...
2026-09-05 15:31:23,559 - INFO - [255/6622] Scan: TRSG...
2026-09-05 15:31:24,734 - INFO - [260/6622] Scan: GERN...
2026-09-05 15:31:26,391 - INFO - [265/6622] Scan: HIHO...
2026-09-05 15:31:27,071 - INFO - [270/6622] Scan: ABXL...
2026-09-05 15:31:27,749 - INFO - [275/6622] Scan: HYFM...
2026-09-05 15:31:28,908 - INFO - [280/6622] Scan: SLDE...
2026-09-05 15:31:30,305 - INFO - [285/6622] Scan: BBUC...
2026-09-05 15:31:32,007 - INFO - [290/6622] Scan: SPNT...
2026-09-05 15:31:33,315 - INFO - [295/6622] Scan: VIA...
2026-09-05 15:31:34,231 - ERROR - HTTP Error 404: {"quoteSummary":{"result":null,"error":{"code":"Not Found","description":"Quote not found for symbol: GLED-U"}}}
2026-09-05 15:31:35,735 - ERROR - HTTP Error 404: {"quoteSummary":{"result":null,"error":{"code":"Not Found","description":"Quote not found for symbol: GLED-U"}}}
2026-09-05 15:31:36,534 - ERROR - $GLED-U: possibly delisted; no price data found  (period=2y) (Yahoo error = "No data found, symbol may be delisted")
2026-09-05 15:31:36,799 - WARNING - fx_normalize: SUPV statement currency ARS != quote USD but SUPV is NOT in the proven table — NOT converting; flagged for review.
2026-09-05 15:31:37,074 - INFO - [300/6622] Scan: IMMR...
2026-09-05 15:31:38,848 - INFO - [305/6622] Scan: RVP...
2026-09-05 15:31:39,514 - INFO - [310/6622] Scan: RETO...
2026-09-05 15:31:40,664 - WARNING - fx_normalize: LUXE statement currency EUR != quote USD but LUXE is NOT in the proven table — NOT converting; flagged for review.
2026-09-05 15:31:40,947 - INFO - [315/6622] Scan: ULH...
2026-09-05 15:31:41,617 - WARNING - fx_normalize: AKO-A statement currency CLP != quote USD but AKO-A is NOT in the proven table — NOT converting; flagged for review.
2026-09-05 15:31:41,888 - INFO - [320/6622] Scan: BSL...
2026-09-05 15:31:42,998 - INFO - [325/6622] Scan: ESE...
2026-09-05 15:31:44,148 - INFO - [330/6622] Scan: PCOR...
2026-09-05 15:31:44,815 - WARNING - fx_normalize: AGBK statement currency BRL != quote USD but AGBK is NOT in the proven table — NOT converting; flagged for review.
2026-09-05 15:31:45,092 - INFO - [335/6622] Scan: EDUC...
2026-09-05 15:31:45,771 - WARNING - fx_normalize: VBNK statement currency CAD != quote USD but VBNK is NOT in the proven table — NOT converting; flagged for review.
2026-09-05 15:31:46,041 - INFO - [340/6622] Scan: DHI...
2026-09-05 15:31:47,333 - WARNING - fx_normalize: GHG statement currency CNY != quote USD but GHG is NOT in the proven table — NOT converting; flagged for review.
2026-09-05 15:31:47,593 - INFO - [345/6622] Scan: FLD...
2026-09-05 15:31:48,267 - INFO - [350/6622] Scan: FFA...
2026-09-05 15:31:49,397 - INFO - [355/6622] Scan: MMED...
2026-09-05 15:31:50,069 - WARNING - fx_normalize: SNY statement currency EUR != quote USD but SNY is NOT in the proven table — NOT converting; flagged for review.
2026-09-05 15:31:50,335 - INFO - [360/6622] Scan: NKLR...
2026-09-05 15:31:52,147 - INFO - [365/6622] Scan: ORBS...
2026-09-05 15:31:53,742 - INFO - [370/6622] Scan: JEF...
2026-09-05 15:31:54,399 - WARNING - fx_normalize: VINP statement currency BRL != quote USD but VINP is NOT in the proven table — NOT converting; flagged for review.
2026-09-05 15:31:54,671 - INFO - [375/6622] Scan: AIFC...
2026-09-05 15:31:55,980 - INFO - [380/6622] Scan: MBINN...
2026-09-05 15:31:56,660 - WARNING - fx_normalize: YTRA statement currency INR != quote USD but YTRA is NOT in the proven table — NOT converting; flagged for review.
2026-09-05 15:31:56,923 - INFO - [385/6622] Scan: ADUS...
2026-09-05 15:31:57,595 - WARNING - fx_normalize: NUR statement currency CAD != quote USD but NUR is NOT in the proven table — NOT converting; flagged for review.
2026-09-05 15:31:57,858 - INFO - [390/6622] Scan: MGN...
2026-09-05 15:31:58,119 - WARNING - fx_normalize: MGN statement currency MYR != quote USD but MGN is NOT in the proven table — NOT converting; flagged for review.
2026-09-05 15:31:58,797 - INFO - [395/6622] Scan: ZCSH...
2026-09-05 15:31:59,465 - WARNING - fx_normalize: NOMD statement currency EUR != quote USD but NOMD is NOT in the proven table — NOT converting; flagged for review.
2026-09-05 15:31:59,733 - INFO - [400/6622] Scan: DOMO...
2026-09-05 15:32:01,394 - INFO - [405/6622] Scan: AGNCM...
2026-09-05 15:32:02,073 - INFO - [410/6622] Scan: ECCC...
2026-09-05 15:32:03,339 - INFO - [415/6622] Scan: RPT...
2026-09-05 15:32:04,011 - INFO - [420/6622] Scan: FCBC...
2026-09-05 15:32:05,149 - WARNING - fx_normalize: QFIN statement currency CNY != quote USD but QFIN is NOT in the proven table — NOT converting; flagged for review.
2026-09-05 15:32:05,420 - INFO - [425/6622] Scan: CIFR...
2026-09-05 15:32:08,154 - INFO - [430/6622] Scan: EGO...
2026-09-05 15:32:08,849 - INFO - [435/6622] Scan: SPG...
2026-09-05 15:32:09,515 - WARNING - fx_normalize: SRL statement currency CAD != quote USD but SRL is NOT in the proven table — NOT converting; flagged for review.
2026-09-05 15:32:09,782 - WARNING - fx_normalize: VIPS statement currency CNY != quote USD but VIPS is NOT in the proven table — NOT converting; flagged for review.
2026-09-05 15:32:10,044 - INFO - [440/6622] Scan: VECA...
2026-09-05 15:32:10,711 - WARNING - fx_normalize: POAS statement currency SGD != quote USD but POAS is NOT in the proven table — NOT converting; flagged for review.
2026-09-05 15:32:10,974 - INFO - [445/6622] Scan: IPSC...
2026-09-05 15:32:11,630 - WARNING - fx_normalize: VALE statement currency BRL != quote USD but VALE is NOT in the proven table — NOT converting; flagged for review.
2026-09-05 15:32:12,363 - INFO - [450/6622] Scan: PESI...
2026-09-05 15:32:13,564 - WARNING - fx_normalize: PHG statement currency EUR != quote USD but PHG is NOT in the proven table — NOT converting; flagged for review.
2026-09-05 15:32:14,269 - INFO - [455/6622] Scan: CART...
2026-09-05 15:32:14,965 - INFO - [460/6622] Scan: ARMK...
2026-09-05 15:32:16,175 - INFO - [465/6622] Scan: SNAP...
2026-09-05 15:32:16,841 - WARNING - fx_normalize: NVA statement currency AUD != quote USD but NVA is NOT in the proven table — NOT converting; flagged for review.
2026-09-05 15:32:17,103 - WARNING - fx_normalize: GCDT statement currency HKD != quote USD but GCDT is NOT in the proven table — NOT converting; flagged for review.
2026-09-05 15:32:17,365 - INFO - [470/6622] Scan: CRT...
2026-09-05 15:32:18,041 - INFO - [475/6622] Scan: CRDL...
2026-09-05 15:32:18,302 - WARNING - fx_normalize: CRDL statement currency CAD != quote USD but CRDL is NOT in the proven table — NOT converting; flagged for review.
2026-09-05 15:32:18,976 - INFO - [480/6622] Scan: SILC...
2026-09-05 15:32:20,737 - INFO - [485/6622] Scan: ATOM...
2026-09-05 15:32:21,406 - WARNING - fx_normalize: HSAI statement currency CNY != quote USD but HSAI is NOT in the proven table — NOT converting; flagged for review.
2026-09-05 15:32:22,191 - INFO - [490/6622] Scan: AVNT...
2026-09-05 15:32:22,870 - INFO - [495/6622] Scan: CTXR...
2026-09-05 15:32:24,053 - WARNING - fx_normalize: SEED statement currency CNY != quote USD but SEED is NOT in the proven table — NOT converting; flagged for review.
2026-09-05 15:32:24,326 - INFO - [500/6622] Scan: ELDN...
2026-09-05 15:32:25,956 - INFO - [505/6622] Scan: MMS...
2026-09-05 15:32:27,078 - INFO - [510/6622] Scan: LCID...
2026-09-05 15:32:28,267 - INFO - [515/6622] Scan: SILO...
2026-09-05 15:32:28,951 - INFO - [520/6622] Scan: FEAM...
2026-09-05 15:32:29,680 - INFO - [525/6622] Scan: TMUSI...
2026-09-05 15:32:30,357 - INFO - [530/6622] Scan: DWTX...
2026-09-05 15:32:31,021 - WARNING - fx_normalize: BIDU statement currency CNY != quote USD but BIDU is NOT in the proven table — NOT converting; flagged for review.
2026-09-05 15:32:31,295 - INFO - [535/6622] Scan: MQ...
2026-09-05 15:32:31,973 - WARNING - fx_normalize: PHVS statement currency EUR != quote USD but PHVS is NOT in the proven table — NOT converting; flagged for review.
2026-09-05 15:32:32,715 - INFO - [540/6622] Scan: PFX...
2026-09-05 15:32:33,864 - INFO - [545/6622] Scan: SEV...
2026-09-05 15:32:34,687 - WARNING - fx_normalize: ING statement currency EUR != quote USD but ING is NOT in the proven table — NOT converting; flagged for review.
2026-09-05 15:32:34,965 - INFO - [550/6622] Scan: FEBO...
2026-09-05 15:32:35,753 - WARNING - fx_normalize: FEBO statement currency HKD != quote USD but FEBO is NOT in the proven table — NOT converting; flagged for review.
2026-09-05 15:32:36,434 - INFO - [555/6622] Scan: ARDT...
2026-09-05 15:32:37,565 - WARNING - fx_normalize: INCR statement currency ILS != quote USD but INCR is NOT in the proven table — NOT converting; flagged for review.
2026-09-05 15:32:38,071 - ERROR - HTTP Error 404: {"quoteSummary":{"result":null,"error":{"code":"Not Found","description":"Quote not found for symbol: VACH"}}}
2026-09-05 15:32:39,360 - ERROR - HTTP Error 404: {"quoteSummary":{"result":null,"error":{"code":"Not Found","description":"Quote not found for symbol: VACH"}}}
2026-09-05 15:32:40,325 - ERROR - $VACH: possibly delisted; no price data found  (period=2y) (Yahoo error = "No data found, symbol may be delisted")
2026-09-05 15:32:41,106 - INFO - [560/6622] Scan: BOT...
2026-09-05 15:32:41,802 - INFO - [565/6622] Scan: BDMD...
2026-09-05 15:32:43,071 - INFO - [570/6622] Scan: SLSR...
2026-09-05 15:32:43,756 - INFO - [575/6622] Scan: NOM...
2026-09-05 15:32:44,926 - ERROR - HTTP Error 404: {"quoteSummary":{"result":null,"error":{"code":"Not Found","description":"Quote not found for symbol: ALUB-U"}}}
2026-09-05 15:32:45,353 - INFO - [580/6622] Scan: APAC...
2026-09-05 15:32:46,934 - INFO - [585/6622] Scan: VAC...
2026-09-05 15:32:48,115 - INFO - [590/6622] Scan: GVA...
2026-09-05 15:32:49,358 - WARNING - fx_normalize: MUFG statement currency JPY != quote USD but MUFG is NOT in the proven table — NOT converting; flagged for review.
2026-09-05 15:32:49,628 - INFO - [595/6622] Scan: SNOA...
2026-09-05 15:32:50,306 - INFO - [600/6622] Scan: AEHR...
2026-09-05 15:32:51,487 - INFO - [605/6622] Scan: PTEN...
2026-09-05 15:32:52,163 - INFO - [610/6622] Scan: AAMI...
2026-09-05 15:32:52,846 - INFO - [615/6622] Scan: AA...
2026-09-05 15:32:54,106 - INFO - [620/6622] Scan: XYL...
2026-09-05 15:32:55,257 - INFO - [625/6622] Scan: ASRV...
2026-09-05 15:32:56,736 - WARNING - fx_normalize: SBS statement currency BRL != quote USD but SBS is NOT in the proven table — NOT converting; flagged for review.
2026-09-05 15:32:57,011 - INFO - [630/6622] Scan: OSCR...
2026-09-05 15:32:57,691 - WARNING - fx_normalize: BEKE statement currency CNY != quote USD but BEKE is NOT in the proven table — NOT converting; flagged for review.
2026-09-05 15:32:57,971 - INFO - [635/6622] Scan: BHAV...
2026-09-05 15:32:59,281 - INFO - [640/6622] Scan: EC...
2026-09-05 15:32:59,545 - WARNING - fx_normalize: EC statement currency COP != quote USD but EC is NOT in the proven table — NOT converting; flagged for review.
2026-09-05 15:33:01,242 - INFO - [645/6622] Scan: SUI...
2026-09-05 15:33:02,460 - INFO - [650/6622] Scan: CITR...
2026-09-05 15:33:03,607 - WARNING - fx_normalize: HOLO statement currency CNY != quote USD but HOLO is NOT in the proven table — NOT converting; flagged for review.
2026-09-05 15:33:03,888 - INFO - [655/6622] Scan: OYSEU...
2026-09-05 15:33:05,047 - INFO - [660/6622] Scan: SWVL...
2026-09-05 15:33:05,724 - INFO - [665/6622] Scan: GMM...
2026-09-05 15:33:06,914 - INFO - [670/6622] Scan: PMTW...
2026-09-05 15:33:09,291 - INFO - [675/6622] Scan: FFAI...
2026-09-05 15:33:11,564 - INFO - [680/6622] Scan: CCII...
2026-09-05 15:33:12,737 - WARNING - fx_normalize: KRKR statement currency CNY != quote USD but KRKR is NOT in the proven table — NOT converting; flagged for review.
2026-09-05 15:33:13,053 - WARNING - fx_normalize: AAPG statement currency CNY != quote USD but AAPG is NOT in the proven table — NOT converting; flagged for review.
2026-09-05 15:33:13,316 - INFO - [685/6622] Scan: AAT...
2026-09-05 15:33:13,994 - INFO - [690/6622] Scan: PERI...
2026-09-05 15:33:15,134 - WARNING - fx_normalize: WF statement currency KRW != quote USD but WF is NOT in the proven table — NOT converting; flagged for review.
2026-09-05 15:33:15,410 - INFO - [695/6622] Scan: SYBT...
2026-09-05 15:33:16,080 - WARNING - fx_normalize: ZBAO statement currency CNY != quote USD but ZBAO is NOT in the proven table — NOT converting; flagged for review.
2026-09-05 15:33:16,345 - INFO - [700/6622] Scan: SFNC...
2026-09-05 15:33:17,008 - WARNING - fx_normalize: QH statement currency CNY != quote USD but QH is NOT in the proven table — NOT converting; flagged for review.
2026-09-05 15:33:17,278 - INFO - [705/6622] Scan: GOAI...
2026-09-05 15:33:18,442 - INFO - [710/6622] Scan: AYA...
2026-09-05 15:33:20,598 - WARNING - fx_normalize: AXIA statement currency BRL != quote USD but AXIA is NOT in the proven table — NOT converting; flagged for review.
2026-09-05 15:33:21,388 - WARNING - fx_normalize: TAC statement currency CAD != quote USD but TAC is NOT in the proven table — NOT converting; flagged for review.
2026-09-05 15:33:21,656 - INFO - [715/6622] Scan: AGNCZ...
2026-09-05 15:33:22,823 - INFO - [720/6622] Scan: JBGS...
2026-09-05 15:33:24,620 - INFO - [725/6622] Scan: INAB...
2026-09-05 15:33:25,293 - INFO - [730/6622] Scan: CPSH...
2026-09-05 15:33:25,962 - WARNING - fx_normalize: GGAL statement currency ARS != quote USD but GGAL is NOT in the proven table — NOT converting; flagged for review.
2026-09-05 15:33:26,678 - INFO - [735/6622] Scan: EXLS...
2026-09-05 15:33:28,079 - ERROR - HTTP Error 404: {"quoteSummary":{"result":null,"error":{"code":"Not Found","description":"Quote not found for symbol: JACS-U"}}}
2026-09-05 15:33:28,499 - INFO - [740/6622] Scan: E...
2026-09-05 15:33:28,760 - WARNING - fx_normalize: E statement currency EUR != quote USD but E is NOT in the proven table — NOT converting; flagged for review.
2026-09-05 15:33:29,446 - INFO - [745/6622] Scan: PLNT...
2026-09-05 15:33:31,203 - INFO - [750/6622] Scan: CPBI...
2026-09-05 15:33:31,890 - WARNING - fx_normalize: ASX statement currency TWD != quote USD but ASX is NOT in the proven table — NOT converting; flagged for review.
2026-09-05 15:33:32,646 - INFO - [755/6622] Scan: LYNX...
2026-09-05 15:33:33,804 - INFO - [760/6622] Scan: GTERR...
2026-09-05 15:33:35,010 - INFO - [765/6622] Scan: XOS...
2026-09-05 15:33:35,673 - WARNING - fx_normalize: GLDG statement currency CAD != quote USD but GLDG is NOT in the proven table — NOT converting; flagged for review.
2026-09-05 15:33:36,474 - INFO - [770/6622] Scan: WALD...
2026-09-05 15:33:37,747 - INFO - [775/6622] Scan: BRNS...
2026-09-05 15:33:38,457 - INFO - [780/6622] Scan: TONT-U...
2026-09-05 15:33:39,363 - WARNING - fx_normalize: RACE statement currency EUR != quote USD but RACE is NOT in the proven table — NOT converting; flagged for review.
2026-09-05 15:33:39,633 - INFO - [785/6622] Scan: TLIH...
2026-09-05 15:33:39,894 - WARNING - fx_normalize: TLIH statement currency SGD != quote USD but TLIH is NOT in the proven table — NOT converting; flagged for review.
2026-09-05 15:33:41,077 - INFO - [790/6622] Scan: DGXX...
2026-09-05 15:33:41,759 - INFO - [795/6622] Scan: YXT...
2026-09-05 15:33:42,056 - WARNING - fx_normalize: YXT statement currency CNY != quote USD but YXT is NOT in the proven table — NOT converting; flagged for review.
2026-09-05 15:33:43,388 - INFO - [800/6622] Scan: ASPCR...
2026-09-05 15:33:44,063 - WARNING - fx_normalize: OGG statement currency CAD != quote USD but OGG is NOT in the proven table — NOT converting; flagged for review.
2026-09-05 15:33:44,330 - INFO - [805/6622] Scan: SLNG...
2026-09-05 15:33:45,553 - WARNING - fx_normalize: RAY statement currency HKD != quote USD but RAY is NOT in the proven table — NOT converting; flagged for review.
2026-09-05 15:33:46,260 - INFO - [810/6622] Scan: VHI...
2026-09-05 15:33:47,797 - INFO - [815/6622] Scan: RILYT...
2026-09-05 15:33:49,004 - INFO - [820/6622] Scan: SZZLR...
2026-09-05 15:33:49,924 - INFO - [825/6622] Scan: FNWD...
2026-09-05 15:33:51,116 - INFO - [830/6622] Scan: ZDAI...
2026-09-05 15:33:51,794 - WARNING - fx_normalize: CIB statement currency COP != quote USD but CIB is NOT in the proven table — NOT converting; flagged for review.
2026-09-05 15:33:52,063 - INFO - [835/6622] Scan: BNTX...
2026-09-05 15:33:52,325 - WARNING - fx_normalize: BNTX statement currency EUR != quote USD but BNTX is NOT in the proven table — NOT converting; flagged for review.
2026-09-05 15:33:52,997 - INFO - [840/6622] Scan: XTIA...
2026-09-05 15:33:53,688 - INFO - [845/6622] Scan: KWM...
2026-09-05 15:33:53,948 - WARNING - fx_normalize: KWM statement currency KRW != quote USD but KWM is NOT in the proven table — NOT converting; flagged for review.
2026-09-05 15:33:54,621 - WARNING - fx_normalize: AKO-B statement currency CLP != quote USD but AKO-B is NOT in the proven table — NOT converting; flagged for review.
2026-09-05 15:33:54,883 - INFO - [850/6622] Scan: AIAI...
2026-09-05 15:33:55,567 - INFO - [855/6622] Scan: SGI...
2026-09-05 15:33:56,246 - INFO - [860/6622] Scan: KAVL...
2026-09-05 15:33:56,922 - INFO - [865/6622] Scan: URGN...
2026-09-05 15:33:58,165 - INFO - [870/6622] Scan: GPGI...
2026-09-05 15:33:58,846 - INFO - [875/6622] Scan: JSPR...
2026-09-05 15:33:59,526 - WARNING - fx_normalize: ATGL statement currency HKD != quote USD but ATGL is NOT in the proven table — NOT converting; flagged for review.
2026-09-05 15:33:59,785 - INFO - [880/6622] Scan: AMCR...
2026-09-05 15:34:00,465 - INFO - [885/6622] Scan: PFL...
2026-09-05 15:34:01,142 - INFO - [890/6622] Scan: ARL...
2026-09-05 15:34:01,814 - INFO - [895/6622] Scan: MSM...
2026-09-05 15:34:02,494 - INFO - [900/6622] Scan: LFMD...
2026-09-05 15:34:04,651 - INFO - [905/6622] Scan: MNTS...
2026-09-05 15:34:05,746 - INFO - [910/6622] Scan: ELPW...
2026-09-05 15:34:07,485 - INFO - [915/6622] Scan: HVT...
2026-09-05 15:34:08,171 - INFO - [920/6622] Scan: AGYS...
2026-09-05 15:34:09,371 - WARNING - fx_normalize: ASND statement currency EUR != quote USD but ASND is NOT in the proven table — NOT converting; flagged for review.
2026-09-05 15:34:09,646 - INFO - [925/6622] Scan: GENVR...
2026-09-05 15:34:11,049 - INFO - [930/6622] Scan: KUST...
2026-09-05 15:34:11,728 - INFO - [935/6622] Scan: CVR...
2026-09-05 15:34:12,926 - INFO - [940/6622] Scan: WAB...
2026-09-05 15:34:14,202 - INFO - [945/6622] Scan: LARK...
2026-09-05 15:34:15,382 - INFO - [950/6622] Scan: RCKY...
2026-09-05 15:34:16,046 - WARNING - fx_normalize: ASTL statement currency CAD != quote USD but ASTL is NOT in the proven table — NOT converting; flagged for review.
2026-09-05 15:34:16,791 - INFO - [955/6622] Scan: HROW...
2026-09-05 15:34:18,425 - INFO - [960/6622] Scan: FJDIU...
2026-09-05 15:34:19,089 - WARNING - fx_normalize: KB statement currency KRW != quote USD but KB is NOT in the proven table — NOT converting; flagged for review.
2026-09-05 15:34:19,369 - INFO - [965/6622] Scan: PMTS...
2026-09-05 15:34:20,566 - WARNING - fx_normalize: TD statement currency CAD != quote USD but TD is NOT in the proven table — NOT converting; flagged for review.
2026-09-05 15:34:20,840 - INFO - [970/6622] Scan: SLMT...
2026-09-05 15:34:21,102 - WARNING - fx_normalize: SLMT statement currency EUR != quote USD but SLMT is NOT in the proven table — NOT converting; flagged for review.
2026-09-05 15:34:21,776 - WARNING - fx_normalize: RADX statement currency AUD != quote USD but RADX is NOT in the proven table — NOT converting; flagged for review.
2026-09-05 15:34:22,045 - INFO - [975/6622] Scan: XXI...
2026-09-05 15:34:22,726 - INFO - [980/6622] Scan: RDW...
2026-09-05 15:34:23,881 - INFO - [985/6622] Scan: ETOR...
2026-09-05 15:34:24,559 - INFO - [990/6622] Scan: MCHB...
2026-09-05 15:34:25,663 - WARNING - fx_normalize: ZTO statement currency CNY != quote USD but ZTO is NOT in the proven table — NOT converting; flagged for review.
2026-09-05 15:34:25,942 - INFO - [995/6622] Scan: ZENA...
2026-09-05 15:34:26,202 - WARNING - fx_normalize: ZENA statement currency CAD != quote USD but ZENA is NOT in the proven table — NOT converting; flagged for review.
2026-09-05 15:34:27,370 - INFO - [1000/6622] Scan: RILYZ...
2026-09-05 15:34:28,061 - INFO - [1005/6622] Scan: PONO...
2026-09-05 15:34:29,268 - INFO - [1010/6622] Scan: FRHC...
2026-09-05 15:34:29,955 - INFO - [1015/6622] Scan: STZ...
2026-09-05 15:34:31,722 - INFO - [1020/6622] Scan: XNET...
2026-09-05 15:34:32,419 - INFO - [1025/6622] Scan: TKC...
2026-09-05 15:34:33,217 - WARNING - fx_normalize: TKC statement currency TRY != quote USD but TKC is NOT in the proven table — NOT converting; flagged for review.
2026-09-05 15:34:33,899 - INFO - [1030/6622] Scan: GIXXU...
2026-09-05 15:34:34,585 - INFO - [1035/6622] Scan: FLYW...
2026-09-05 15:34:35,810 - INFO - [1040/6622] Scan: GIGM...
2026-09-05 15:34:37,872 - INFO - [1045/6622] Scan: KNDI...
2026-09-05 15:34:38,565 - INFO - [1050/6622] Scan: WPAC-U...
2026-09-05 15:34:39,060 - ERROR - HTTP Error 404: {"quoteSummary":{"result":null,"error":{"code":"Not Found","description":"Quote not found for symbol: WPAC-U"}}}
2026-09-05 15:34:40,131 - ERROR - HTTP Error 404: {"quoteSummary":{"result":null,"error":{"code":"Not Found","description":"Quote not found for symbol: VII-U"}}}
2026-09-05 15:34:40,586 - INFO - [1055/6622] Scan: PHT...
2026-09-05 15:34:41,091 - ERROR - HTTP Error 404: {"quoteSummary":{"result":null,"error":{"code":"Not Found","description":"Quote not found for symbol: PHT"}}}
2026-09-05 15:34:42,463 - INFO - [1060/6622] Scan: LYFT...
2026-09-05 15:34:43,549 - INFO - [1065/6622] Scan: NHPAP...
2026-09-05 15:34:44,228 - WARNING - fx_normalize: HYFT statement currency CAD != quote USD but HYFT is NOT in the proven table — NOT converting; flagged for review.
2026-09-05 15:34:44,961 - INFO - [1070/6622] Scan: WATT...
2026-09-05 15:34:45,635 - WARNING - fx_normalize: TREO statement currency CAD != quote USD but TREO is NOT in the proven table — NOT converting; flagged for review.
2026-09-05 15:34:45,923 - INFO - [1075/6622] Scan: LVWR...
2026-09-05 15:34:46,592 - WARNING - fx_normalize: AGMB statement currency EUR != quote USD but AGMB is NOT in the proven table — NOT converting; flagged for review.
2026-09-05 15:34:46,859 - WARNING - fx_normalize: BTI statement currency GBP != quote USD but BTI is NOT in the proven table — NOT converting; flagged for review.
2026-09-05 15:34:47,125 - INFO - [1080/6622] Scan: GOOS...
2026-09-05 15:34:47,390 - WARNING - fx_normalize: GOOS statement currency CAD != quote USD but GOOS is NOT in the proven table — NOT converting; flagged for review.
2026-09-05 15:34:48,067 - INFO - [1085/6622] Scan: AUC...
2026-09-05 15:34:48,971 - ERROR - HTTP Error 404: {"quoteSummary":{"result":null,"error":{"code":"Not Found","description":"Quote not found for symbol: BCSS-U"}}}
2026-09-05 15:34:49,400 - WARNING - fx_normalize: PRQR statement currency EUR != quote USD but PRQR is NOT in the proven table — NOT converting; flagged for review.
2026-09-05 15:34:49,666 - INFO - [1090/6622] Scan: SMBK...
2026-09-05 15:34:50,352 - INFO - [1095/6622] Scan: AGRZ...
2026-09-05 15:34:50,616 - WARNING - fx_normalize: AGRZ statement currency MYR != quote USD but AGRZ is NOT in the proven table — NOT converting; flagged for review.
2026-09-05 15:34:51,732 - INFO - [1100/6622] Scan: ACAD...
2026-09-05 15:34:52,416 - WARNING - fx_normalize: CRE statement currency HKD != quote USD but CRE is NOT in the proven table — NOT converting; flagged for review.
2026-09-05 15:34:52,690 - INFO - [1105/6622] Scan: PDM...
2026-09-05 15:34:53,378 - INFO - [1110/6622] Scan: LWAY...
2026-09-05 15:34:54,061 - INFO - [1115/6622] Scan: NCDL...
2026-09-05 15:34:55,247 - INFO - [1120/6622] Scan: NE...
2026-09-05 15:34:57,389 - INFO - [1125/6622] Scan: EQNR...
2026-09-05 15:34:58,586 - INFO - [1130/6622] Scan: SVRE...
2026-09-05 15:34:58,848 - WARNING - fx_normalize: SVRE statement currency ILS != quote USD but SVRE is NOT in the proven table — NOT converting; flagged for review.
2026-09-05 15:34:59,944 - INFO - [1135/6622] Scan: TK...
2026-09-05 15:35:01,188 - INFO - [1140/6622] Scan: ATEX...
2026-09-05 15:35:02,410 - WARNING - fx_normalize: BCH statement currency CLP != quote USD but BCH is NOT in the proven table — NOT converting; flagged for review.
2026-09-05 15:35:02,692 - INFO - [1145/6622] Scan: WCT...
2026-09-05 15:35:03,365 - WARNING - fx_normalize: BBD statement currency BRL != quote USD but BBD is NOT in the proven table — NOT converting; flagged for review.
2026-09-05 15:35:03,632 - INFO - [1150/6622] Scan: IMMX...
2026-09-05 15:35:04,809 - WARNING - fx_normalize: KEP statement currency KRW != quote USD but KEP is NOT in the proven table — NOT converting; flagged for review.
2026-09-05 15:35:05,071 - INFO - [1155/6622] Scan: MTDR...
2026-09-05 15:35:06,189 - INFO - [1160/6622] Scan: KEN...
2026-09-05 15:35:07,340 - INFO - [1165/6622] Scan: DBVT...
2026-09-05 15:35:08,541 - INFO - [1170/6622] Scan: APH...
2026-09-05 15:35:09,946 - INFO - [1175/6622] Scan: LAUR...
2026-09-05 15:35:11,265 - INFO - [1180/6622] Scan: PPC...
2026-09-05 15:35:11,954 - INFO - [1185/6622] Scan: ERII...
2026-09-05 15:35:13,138 - INFO - [1190/6622] Scan: DHF...
2026-09-05 15:35:14,359 - INFO - [1195/6622] Scan: MRLN...
2026-09-05 15:35:15,056 - INFO - [1200/6622] Scan: XFLH...
2026-09-05 15:35:16,216 - INFO - [1205/6622] Scan: TWG...
2026-09-05 15:35:16,902 - INFO - [1210/6622] Scan: DTIL...
2026-09-05 15:35:17,588 - WARNING - fx_normalize: LANV statement currency EUR != quote USD but LANV is NOT in the proven table — NOT converting; flagged for review.
2026-09-05 15:35:17,847 - INFO - [1215/6622] Scan: ALDFU...
2026-09-05 15:35:19,040 - INFO - [1220/6622] Scan: GTN...
2026-09-05 15:35:20,634 - INFO - [1225/6622] Scan: FND...
2026-09-05 15:35:22,241 - INFO - [1230/6622] Scan: CDNL...
2026-09-05 15:35:24,184 - WARNING - fx_normalize: SU statement currency CAD != quote USD but SU is NOT in the proven table — NOT converting; flagged for review.
2026-09-05 15:35:24,449 - INFO - [1235/6622] Scan: FOIL...
2026-09-05 15:35:24,710 - WARNING - fx_normalize: FOIL statement currency CNY != quote USD but FOIL is NOT in the proven table — NOT converting; flagged for review.
2026-09-05 15:35:25,386 - INFO - [1240/6622] Scan: FITBP...
2026-09-05 15:35:25,891 - ERROR - HTTP Error 404: {"quoteSummary":{"result":null,"error":{"code":"Not Found","description":"Quote not found for symbol: FITBP"}}}
2026-09-05 15:35:26,743 - INFO - [1245/6622] Scan: CME...
2026-09-05 15:35:27,430 - WARNING - fx_normalize: FTS statement currency CAD != quote USD but FTS is NOT in the proven table — NOT converting; flagged for review.
2026-09-05 15:35:27,694 - INFO - [1250/6622] Scan: ITRI...
2026-09-05 15:35:29,391 - INFO - [1255/6622] Scan: MRT...
2026-09-05 15:35:30,094 - INFO - [1260/6622] Scan: LNW...
2026-09-05 15:35:30,595 - ERROR - HTTP Error 404: {"quoteSummary":{"result":null,"error":{"code":"Not Found","description":"Quote not found for symbol: LNW"}}}
2026-09-05 15:35:31,980 - ERROR - HTTP Error 404: {"quoteSummary":{"result":null,"error":{"code":"Not Found","description":"Quote not found for symbol: LNW"}}}
2026-09-05 15:35:32,847 - ERROR - $LNW: possibly delisted; no price data found  (period=2y) (Yahoo error = "No data found, symbol may be delisted")
2026-09-05 15:35:33,531 - INFO - [1265/6622] Scan: DMO...
2026-09-05 15:35:34,197 - WARNING - fx_normalize: NBTX statement currency EUR != quote USD but NBTX is NOT in the proven table — NOT converting; flagged for review.
2026-09-05 15:35:34,967 - INFO - [1270/6622] Scan: FBIZ...
2026-09-05 15:35:35,635 - WARNING - fx_normalize: STKE statement currency CAD != quote USD but STKE is NOT in the proven table — NOT converting; flagged for review.
2026-09-05 15:35:37,016 - INFO - [1275/6622] Scan: OTAI...
2026-09-05 15:35:37,719 - INFO - [1280/6622] Scan: BRZE...
2026-09-05 15:35:38,815 - WARNING - fx_normalize: CAE statement currency CAD != quote USD but CAE is NOT in the proven table — NOT converting; flagged for review.
2026-09-05 15:35:39,077 - INFO - [1285/6622] Scan: HTOO...
2026-09-05 15:35:39,828 - WARNING - fx_normalize: HTOO statement currency EUR != quote USD but HTOO is NOT in the proven table — NOT converting; flagged for review.
2026-09-05 15:35:41,222 - ERROR - HTTP Error 404: {"quoteSummary":{"result":null,"error":{"code":"Not Found","description":"Quote not found for symbol: XFLH-U"}}}
2026-09-05 15:35:43,144 - ERROR - $GTI: possibly delisted; no price data found  (period=2y) (Yahoo error = "No data found, symbol may be delisted")
2026-09-05 15:35:43,410 - INFO - [1290/6622] Scan: BBOT...
2026-09-05 15:35:44,575 - WARNING - fx_normalize: ISOU statement currency CAD != quote USD but ISOU is NOT in the proven table — NOT converting; flagged for review.
2026-09-05 15:35:44,845 - INFO - [1295/6622] Scan: ESTA...
2026-09-05 15:35:46,045 - INFO - [1300/6622] Scan: TRNO...
2026-09-05 15:35:47,007 - ERROR - HTTP Error 404: {"quoteSummary":{"result":null,"error":{"code":"Not Found","description":"Quote not found for symbol: NBY"}}}
2026-09-05 15:35:48,338 - ERROR - HTTP Error 404: {"quoteSummary":{"result":null,"error":{"code":"Not Found","description":"Quote not found for symbol: NBY"}}}
2026-09-05 15:35:49,183 - ERROR - $NBY: possibly delisted; no price data found  (period=2y) (Yahoo error = "No data found, symbol may be delisted")
2026-09-05 15:35:49,446 - INFO - [1305/6622] Scan: HRZN...
2026-09-05 15:35:50,139 - INFO - [1310/6622] Scan: GBCI...
2026-09-05 15:35:51,382 - INFO - [1315/6622] Scan: ACNB...
2026-09-05 15:35:52,078 - INFO - [1320/6622] Scan: CPNG...
2026-09-05 15:35:52,757 - WARNING - fx_normalize: MLGO statement currency CNY != quote USD but MLGO is NOT in the proven table — NOT converting; flagged for review.
2026-09-05 15:35:53,894 - INFO - [1325/6622] Scan: GT...
2026-09-05 15:35:54,574 - INFO - [1330/6622] Scan: SCNI...
2026-09-05 15:35:55,271 - INFO - [1335/6622] Scan: FET...
2026-09-05 15:35:55,957 - INFO - [1340/6622] Scan: RFAI...
2026-09-05 15:35:56,630 - WARNING - fx_normalize: DRD statement currency ZAR != quote USD but DRD is NOT in the proven table — NOT converting; flagged for review.
2026-09-05 15:35:56,909 - INFO - [1345/6622] Scan: AXP...
2026-09-05 15:35:58,158 - INFO - [1350/6622] Scan: POR...
2026-09-05 15:35:59,904 - INFO - [1355/6622] Scan: KRMN...
2026-09-05 15:36:00,601 - INFO - [1360/6622] Scan: TAOP...
2026-09-05 15:36:01,283 - WARNING - fx_normalize: VFS statement currency VND != quote USD but VFS is NOT in the proven table — NOT converting; flagged for review.
2026-09-05 15:36:01,556 - INFO - [1365/6622] Scan: NSYS...
2026-09-05 15:36:02,755 - INFO - [1370/6622] Scan: BKYI...
2026-09-05 15:36:03,969 - INFO - [1375/6622] Scan: PRKS...
2026-09-05 15:36:04,651 - INFO - [1380/6622] Scan: HIPO...
2026-09-05 15:36:05,813 - WARNING - fx_normalize: JG statement currency CNY != quote USD but JG is NOT in the proven table — NOT converting; flagged for review.
2026-09-05 15:36:06,095 - INFO - [1385/6622] Scan: SAFT...
2026-09-05 15:36:06,787 - INFO - [1390/6622] Scan: WLYB...
2026-09-05 15:36:07,468 - WARNING - fx_normalize: SA statement currency CAD != quote USD but SA is NOT in the proven table — NOT converting; flagged for review.
2026-09-05 15:36:07,744 - INFO - [1395/6622] Scan: RAVE...
2026-09-05 15:36:09,217 - ERROR - HTTP Error 404: {"quoteSummary":{"result":null,"error":{"code":"Not Found","description":"Quote not found for symbol: ESHA"}}}
2026-09-05 15:36:09,642 - INFO - [1400/6622] Scan: IART...
2026-09-05 15:36:10,323 - INFO - [1405/6622] Scan: HRB...
2026-09-05 15:36:11,487 - INFO - [1410/6622] Scan: SABR...
2026-09-05 15:36:12,178 - INFO - [1415/6622] Scan: ACGLO...
2026-09-05 15:36:13,752 - INFO - [1420/6622] Scan: NDAQ...
2026-09-05 15:36:14,700 - ERROR - HTTP Error 404: {"quoteSummary":{"result":null,"error":{"code":"Not Found","description":"Quote not found for symbol: ZYXI"}}}
2026-09-05 15:36:15,115 - INFO - [1425/6622] Scan: ALMS...
2026-09-05 15:36:16,296 - WARNING - fx_normalize: BSBR statement currency BRL != quote USD but BSBR is NOT in the proven table — NOT converting; flagged for review.
2026-09-05 15:36:16,560 - INFO - [1430/6622] Scan: TKO...
2026-09-05 15:36:17,722 - INFO - [1435/6622] Scan: CIMO...
2026-09-05 15:36:18,408 - INFO - [1440/6622] Scan: CUVL...
2026-09-05 15:36:18,669 - WARNING - fx_normalize: CUVL statement currency AUD != quote USD but CUVL is NOT in the proven table — NOT converting; flagged for review.
2026-09-05 15:36:19,351 - INFO - [1445/6622] Scan: SY...
2026-09-05 15:36:19,620 - WARNING - fx_normalize: SY statement currency CNY != quote USD but SY is NOT in the proven table — NOT converting; flagged for review.
2026-09-05 15:36:20,531 - ERROR - HTTP Error 404: {"quoteSummary":{"result":null,"error":{"code":"Not Found","description":"Quote not found for symbol: EQV-U"}}}
2026-09-05 15:36:21,469 - INFO - [1450/6622] Scan: LII...
2026-09-05 15:36:22,168 - INFO - [1455/6622] Scan: SOHON...
2026-09-05 15:36:23,163 - WARNING - fx_normalize: BBDO statement currency BRL != quote USD but BBDO is NOT in the proven table — NOT converting; flagged for review.
2026-09-05 15:36:23,430 - INFO - [1460/6622] Scan: ACIU...
2026-09-05 15:36:23,693 - WARNING - fx_normalize: ACIU statement currency CHF != quote USD but ACIU is NOT in the proven table — NOT converting; flagged for review.
2026-09-05 15:36:24,378 - INFO - [1465/6622] Scan: CHCO...
2026-09-05 15:36:25,082 - INFO - [1470/6622] Scan: NUAI...
2026-09-05 15:36:25,781 - WARNING - fx_normalize: JKS statement currency CNY != quote USD but JKS is NOT in the proven table — NOT converting; flagged for review.
2026-09-05 15:36:26,554 - WARNING - fx_normalize: ADUR statement currency CAD != quote USD but ADUR is NOT in the proven table — NOT converting; flagged for review.
2026-09-05 15:36:26,819 - INFO - [1475/6622] Scan: RCS...
2026-09-05 15:36:27,969 - INFO - [1480/6622] Scan: MOGU...
2026-09-05 15:36:28,231 - WARNING - fx_normalize: MOGU statement currency CNY != quote USD but MOGU is NOT in the proven table — NOT converting; flagged for review.
2026-09-05 15:36:28,907 - WARNING - fx_normalize: BMA statement currency ARS != quote USD but BMA is NOT in the proven table — NOT converting; flagged for review.
2026-09-05 15:36:29,189 - INFO - [1485/6622] Scan: RYAAY...
2026-09-05 15:36:29,452 - WARNING - fx_normalize: RYAAY statement currency EUR != quote USD but RYAAY is NOT in the proven table — NOT converting; flagged for review.
2026-09-05 15:36:30,139 - INFO - [1490/6622] Scan: FGNX...
2026-09-05 15:36:31,452 - INFO - [1495/6622] Scan: PENN...
2026-09-05 15:36:32,638 - INFO - [1500/6622] Scan: GDDY...
2026-09-05 15:36:33,337 - INFO - [1505/6622] Scan: VRCA...
2026-09-05 15:36:34,538 - INFO - [1510/6622] Scan: EXTR...
2026-09-05 15:36:35,749 - WARNING - fx_normalize: YI statement currency CNY != quote USD but YI is NOT in the proven table — NOT converting; flagged for review.
2026-09-05 15:36:36,019 - INFO - [1515/6622] Scan: SID...
2026-09-05 15:36:36,286 - WARNING - fx_normalize: SID statement currency BRL != quote USD but SID is NOT in the proven table — NOT converting; flagged for review.
2026-09-05 15:36:36,977 - INFO - [1520/6622] Scan: LZB...
2026-09-05 15:36:38,167 - INFO - [1525/6622] Scan: STAK...
2026-09-05 15:36:38,863 - INFO - [1530/6622] Scan: SRI...
2026-09-05 15:36:39,555 - INFO - [1535/6622] Scan: XTND...
2026-09-05 15:36:42,159 - INFO - [1540/6622] Scan: HDRN...
2026-09-05 15:36:42,856 - WARNING - fx_normalize: AFYA statement currency BRL != quote USD but AFYA is NOT in the proven table — NOT converting; flagged for review.
2026-09-05 15:36:43,133 - INFO - [1545/6622] Scan: SPSC...
2026-09-05 15:36:43,817 - INFO - [1550/6622] Scan: CMS...
2026-09-05 15:36:44,507 - INFO - [1555/6622] Scan: TPC...
2026-09-05 15:36:45,720 - INFO - [1560/6622] Scan: MAKO...
2026-09-05 15:36:46,407 - INFO - [1565/6622] Scan: AFL...
2026-09-05 15:36:47,201 - WARNING - fx_normalize: MMA statement currency AUD != quote USD but MMA is NOT in the proven table — NOT converting; flagged for review.
2026-09-05 15:36:47,997 - INFO - [1570/6622] Scan: CYAB...
2026-09-05 15:36:49,402 - INFO - [1575/6622] Scan: OSUR...
2026-09-05 15:36:50,092 - WARNING - fx_normalize: RCI statement currency CAD != quote USD but RCI is NOT in the proven table — NOT converting; flagged for review.
2026-09-05 15:36:50,365 - INFO - [1580/6622] Scan: IGACU...
2026-09-05 15:36:51,037 - WARNING - fx_normalize: UL statement currency EUR != quote USD but UL is NOT in the proven table — NOT converting; flagged for review.
2026-09-05 15:36:51,307 - INFO - [1585/6622] Scan: PRM...
2026-09-05 15:36:51,987 - INFO - [1590/6622] Scan: ORCL...
2026-09-05 15:36:52,671 - INFO - [1595/6622] Scan: NMM...
2026-09-05 15:36:53,917 - INFO - [1600/6622] Scan: PRDO...
2026-09-05 15:36:55,964 - WARNING - fx_normalize: RITR statement currency HKD != quote USD but RITR is NOT in the proven table — NOT converting; flagged for review.
2026-09-05 15:36:56,238 - INFO - [1605/6622] Scan: BRSL...
2026-09-05 15:36:57,348 - INFO - [1610/6622] Scan: IMA...
2026-09-05 15:36:58,552 - INFO - [1615/6622] Scan: SES...
2026-09-05 15:36:59,237 - INFO - [1620/6622] Scan: NHIV...
2026-09-05 15:36:59,915 - INFO - [1625/6622] Scan: DOLE...
2026-09-05 15:37:00,601 - INFO - [1630/6622] Scan: TIMB...
2026-09-05 15:37:01,395 - WARNING - fx_normalize: TIMB statement currency BRL != quote USD but TIMB is NOT in the proven table — NOT converting; flagged for review.
2026-09-05 15:37:02,598 - INFO - [1635/6622] Scan: YSG...
2026-09-05 15:37:02,860 - WARNING - fx_normalize: YSG statement currency CNY != quote USD but YSG is NOT in the proven table — NOT converting; flagged for review.
2026-09-05 15:37:03,995 - INFO - [1640/6622] Scan: BTQ...
2026-09-05 15:37:04,730 - WARNING - fx_normalize: BTQ statement currency CAD != quote USD but BTQ is NOT in the proven table — NOT converting; flagged for review.
2026-09-05 15:37:05,419 - INFO - [1645/6622] Scan: YHNAR...
2026-09-05 15:37:06,345 - WARNING - fx_normalize: TECK statement currency CAD != quote USD but TECK is NOT in the proven table — NOT converting; flagged for review.
2026-09-05 15:37:06,609 - INFO - [1650/6622] Scan: AIXI...
2026-09-05 15:37:07,302 - INFO - [1655/6622] Scan: YOUL...
2026-09-05 15:37:07,564 - WARNING - fx_normalize: YOUL statement currency CNY != quote USD but YOUL is NOT in the proven table — NOT converting; flagged for review.
2026-09-05 15:37:08,727 - WARNING - fx_normalize: DXF statement currency CNY != quote USD but DXF is NOT in the proven table — NOT converting; flagged for review.
2026-09-05 15:37:09,001 - INFO - [1660/6622] Scan: NFLX...
2026-09-05 15:37:09,683 - INFO - [1665/6622] Scan: YELP...
2026-09-05 15:37:10,371 - INFO - [1670/6622] Scan: TMQ...
2026-09-05 15:37:11,058 - INFO - [1675/6622] Scan: APD...
2026-09-05 15:37:11,736 - WARNING - fx_normalize: RY statement currency CAD != quote USD but RY is NOT in the proven table — NOT converting; flagged for review.
2026-09-05 15:37:12,015 - INFO - [1680/6622] Scan: AHT...
2026-09-05 15:37:12,691 - WARNING - fx_normalize: LND statement currency BRL != quote USD but LND is NOT in the proven table — NOT converting; flagged for review.
2026-09-05 15:37:12,963 - INFO - [1685/6622] Scan: DY...
2026-09-05 15:37:14,139 - INFO - [1690/6622] Scan: CEPS...
2026-09-05 15:37:14,821 - INFO - [1695/6622] Scan: NEXN...
2026-09-05 15:37:15,986 - INFO - [1700/6622] Scan: SYRE...
2026-09-05 15:37:16,668 - WARNING - fx_normalize: NTES statement currency CNY != quote USD but NTES is NOT in the proven table — NOT converting; flagged for review.
2026-09-05 15:37:16,930 - INFO - [1705/6622] Scan: BACC...
2026-09-05 15:37:17,627 - INFO - [1710/6622] Scan: GCV...
2026-09-05 15:37:18,312 - INFO - [1715/6622] Scan: BEN...
2026-09-05 15:37:20,316 - WARNING - fx_normalize: TRBG statement currency ILS != quote USD but TRBG is NOT in the proven table — NOT converting; flagged for review.
2026-09-05 15:37:20,585 - INFO - [1720/6622] Scan: IQST...
2026-09-05 15:37:22,039 - ERROR - HTTP Error 404: {"quoteSummary":{"result":null,"error":{"code":"Not Found","description":"Quote not found for symbol: AIIA-U"}}}
2026-09-05 15:37:23,504 - ERROR - HTTP Error 404: {"quoteSummary":{"result":null,"error":{"code":"Not Found","description":"Quote not found for symbol: AIIA-U"}}}
2026-09-05 15:37:24,417 - ERROR - $AIIA-U: possibly delisted; no price data found  (period=2y) (Yahoo error = "No data found, symbol may be delisted")
2026-09-05 15:37:24,679 - WARNING - fx_normalize: WSHP statement currency GBP != quote USD but WSHP is NOT in the proven table — NOT converting; flagged for review.
2026-09-05 15:37:24,941 - INFO - [1725/6622] Scan: CCK...
2026-09-05 15:37:26,079 - INFO - [1730/6622] Scan: ALL...
2026-09-05 15:37:27,353 - INFO - [1735/6622] Scan: HFWA...
2026-09-05 15:37:28,049 - INFO - [1740/6622] Scan: HAVAR...
2026-09-05 15:37:28,980 - INFO - [1745/6622] Scan: GRAN...
2026-09-05 15:37:29,684 - INFO - [1750/6622] Scan: ENOV...
2026-09-05 15:37:30,371 - INFO - [1755/6622] Scan: ACCL...
2026-09-05 15:37:31,045 - WARNING - fx_normalize: PMAX statement currency HKD != quote USD but PMAX is NOT in the proven table — NOT converting; flagged for review.
2026-09-05 15:37:31,309 - INFO - FOUND GEM: PAYS
2026-09-05 15:37:31,578 - INFO - [1760/6622] Scan: YUMC...
2026-09-05 15:37:32,264 - INFO - [1765/6622] Scan: CCO...
2026-09-05 15:37:33,235 - ERROR - HTTP Error 404: {"quoteSummary":{"result":null,"error":{"code":"Not Found","description":"Quote not found for symbol: KPET-U"}}}
2026-09-05 15:37:34,669 - ERROR - HTTP Error 404: {"quoteSummary":{"result":null,"error":{"code":"Not Found","description":"Quote not found for symbol: KPET-U"}}}
2026-09-05 15:37:35,490 - ERROR - $KPET-U: possibly delisted; no price data found  (period=2y) (Yahoo error = "No data found, symbol may be delisted")
2026-09-05 15:37:35,760 - INFO - [1770/6622] Scan: BLLN...
2026-09-05 15:37:36,975 - INFO - [1775/6622] Scan: WDAY...
2026-09-05 15:37:38,342 - ERROR - HTTP Error 404: {"quoteSummary":{"result":null,"error":{"code":"Not Found","description":"Quote not found for symbol: ADAP"}}}
2026-09-05 15:37:39,838 - ERROR - HTTP Error 404: {"quoteSummary":{"result":null,"error":{"code":"Not Found","description":"Quote not found for symbol: ADAP"}}}
2026-09-05 15:37:40,705 - ERROR - $ADAP: possibly delisted; no price data found  (period=2y) (Yahoo error = "No data found, symbol may be delisted")
2026-09-05 15:37:41,413 - INFO - [1780/6622] Scan: POLA...
2026-09-05 15:37:42,563 - INFO - [1785/6622] Scan: USAC...
2026-09-05 15:37:43,245 - WARNING - fx_normalize: RNW statement currency INR != quote USD but RNW is NOT in the proven table — NOT converting; flagged for review.
2026-09-05 15:37:44,016 - INFO - [1790/6622] Scan: EOD...
2026-09-05 15:37:45,177 - INFO - [1795/6622] Scan: PAA...
2026-09-05 15:37:46,341 - WARNING - fx_normalize: SSL statement currency ZAR != quote USD but SSL is NOT in the proven table — NOT converting; flagged for review.
2026-09-05 15:37:46,601 - INFO - [1800/6622] Scan: RCBC...
2026-09-05 15:37:48,131 - INFO - [1805/6622] Scan: LGCY...
2026-09-05 15:37:49,362 - INFO - [1810/6622] Scan: USAU...
2026-09-05 15:37:50,615 - INFO - [1815/6622] Scan: SIMA...
2026-09-05 15:37:51,302 - INFO - [1820/6622] Scan: ALB...
2026-09-05 15:37:51,991 - INFO - [1825/6622] Scan: BTBT...
2026-09-05 15:37:53,587 - INFO - [1830/6622] Scan: MSI...
2026-09-05 15:37:54,830 - WARNING - fx_normalize: MFG statement currency JPY != quote USD but MFG is NOT in the proven table — NOT converting; flagged for review.
2026-09-05 15:37:55,614 - INFO - [1835/6622] Scan: ACA...
2026-09-05 15:37:57,314 - INFO - [1840/6622] Scan: LOCO...
2026-09-05 15:37:58,003 - INFO - [1845/6622] Scan: FCF...
2026-09-05 15:37:58,679 - WARNING - fx_normalize: ERIC statement currency SEK != quote USD but ERIC is NOT in the proven table — NOT converting; flagged for review.
2026-09-05 15:37:58,948 - INFO - [1850/6622] Scan: AROW...
2026-09-05 15:37:59,643 - INFO - [1855/6622] Scan: RITM...
2026-09-05 15:38:00,328 - WARNING - fx_normalize: STG statement currency CNY != quote USD but STG is NOT in the proven table — NOT converting; flagged for review.
2026-09-05 15:38:01,163 - INFO - [1860/6622] Scan: AIO...
2026-09-05 15:38:02,357 - INFO - [1865/6622] Scan: LKSPU...
2026-09-05 15:38:03,051 - INFO - [1870/6622] Scan: CMDB...
2026-09-05 15:38:03,737 - WARNING - fx_normalize: TV statement currency MXN != quote USD but TV is NOT in the proven table — NOT converting; flagged for review.
2026-09-05 15:38:04,008 - INFO - [1875/6622] Scan: IMUX...
2026-09-05 15:38:05,156 - INFO - [1880/6622] Scan: WGS...
2026-09-05 15:38:06,867 - INFO - [1885/6622] Scan: FDUS...
2026-09-05 15:38:08,044 - INFO - [1890/6622] Scan: MBNKO...
2026-09-05 15:38:08,730 - INFO - [1895/6622] Scan: ALVO...
2026-09-05 15:38:09,642 - ERROR - HTTP Error 404: {"quoteSummary":{"result":null,"error":{"code":"Not Found","description":"Quote not found for symbol: SBXE-U"}}}
2026-09-05 15:38:10,080 - INFO - [1900/6622] Scan: FBP...
2026-09-05 15:38:11,395 - INFO - [1905/6622] Scan: UVE...
2026-09-05 15:38:12,086 - INFO - [1910/6622] Scan: META...
2026-09-05 15:38:13,388 - INFO - [1915/6622] Scan: FINV...
2026-09-05 15:38:13,651 - WARNING - fx_normalize: FINV statement currency CNY != quote USD but FINV is NOT in the proven table — NOT converting; flagged for review.
2026-09-05 15:38:14,327 - WARNING - fx_normalize: ZH statement currency CNY != quote USD but ZH is NOT in the proven table — NOT converting; flagged for review.
2026-09-05 15:38:14,597 - INFO - [1920/6622] Scan: NMG...
2026-09-05 15:38:14,862 - WARNING - fx_normalize: NMG statement currency CAD != quote USD but NMG is NOT in the proven table — NOT converting; flagged for review.
2026-09-05 15:38:15,555 - WARNING - fx_normalize: NEXM statement currency CAD != quote USD but NEXM is NOT in the proven table — NOT converting; flagged for review.
2026-09-05 15:38:15,816 - INFO - [1925/6622] Scan: FTRE...
2026-09-05 15:38:17,282 - INFO - [1930/6622] Scan: BRCC...
2026-09-05 15:38:19,070 - INFO - [1935/6622] Scan: ELMD...
2026-09-05 15:38:20,265 - INFO - [1940/6622] Scan: SM...
2026-09-05 15:38:20,962 - INFO - [1945/6622] Scan: ILAG...
2026-09-05 15:38:21,897 - INFO - [1950/6622] Scan: GMAB...
2026-09-05 15:38:22,585 - WARNING - fx_normalize: BNS statement currency CAD != quote USD but BNS is NOT in the proven table — NOT converting; flagged for review.
2026-09-05 15:38:22,868 - INFO - [1955/6622] Scan: PLMR...
2026-09-05 15:38:23,558 - WARNING - fx_normalize: HDB statement currency INR != quote USD but HDB is NOT in the proven table — NOT converting; flagged for review.
2026-09-05 15:38:23,819 - INFO - [1960/6622] Scan: YSWY...
2026-09-05 15:38:24,983 - INFO - [1965/6622] Scan: RGR...
2026-09-05 15:38:25,676 - INFO - [1970/6622] Scan: KCAC-U...
2026-09-05 15:38:26,241 - ERROR - HTTP Error 404: {"quoteSummary":{"result":null,"error":{"code":"Not Found","description":"Quote not found for symbol: KCAC-U"}}}
2026-09-05 15:38:27,077 - WARNING - fx_normalize: JFIN statement currency CNY != quote USD but JFIN is NOT in the proven table — NOT converting; flagged for review.
2026-09-05 15:38:27,342 - INFO - [1975/6622] Scan: DAAQ...
2026-09-05 15:38:28,560 - INFO - [1980/6622] Scan: MATX...
2026-09-05 15:38:29,257 - WARNING - fx_normalize: GRFS statement currency EUR != quote USD but GRFS is NOT in the proven table — NOT converting; flagged for review.
2026-09-05 15:38:30,431 - INFO - [1985/6622] Scan: RELY...
2026-09-05 15:38:31,128 - INFO - [1990/6622] Scan: TDF...
2026-09-05 15:38:32,332 - INFO - [1995/6622] Scan: WEC...
2026-09-05 15:38:33,026 - WARNING - fx_normalize: SPOT statement currency EUR != quote USD but SPOT is NOT in the proven table — NOT converting; flagged for review.
2026-09-05 15:38:33,287 - INFO - [2000/6622] Scan: CROX...
2026-09-05 15:38:33,982 - INFO - [2005/6622] Scan: SVA...
2026-09-05 15:38:35,402 - INFO - [2010/6622] Scan: KEQU...
2026-09-05 15:38:36,643 - INFO - [2015/6622] Scan: AZZ...
2026-09-05 15:38:38,798 - INFO - [2020/6622] Scan: FBGL...
2026-09-05 15:38:39,060 - WARNING - fx_normalize: FBGL statement currency SGD != quote USD but FBGL is NOT in the proven table — NOT converting; flagged for review.
2026-09-05 15:38:39,761 - INFO - [2025/6622] Scan: OXLC...
2026-09-05 15:38:40,458 - INFO - [2030/6622] Scan: JELD...
2026-09-05 15:38:41,149 - INFO - [2035/6622] Scan: DG...
2026-09-05 15:38:42,329 - WARNING - fx_normalize: TM statement currency JPY != quote USD but TM is NOT in the proven table — NOT converting; flagged for review.
2026-09-05 15:38:42,586 - INFO - [2040/6622] Scan: CPOP...
2026-09-05 15:38:43,283 - INFO - [2045/6622] Scan: HIX...
2026-09-05 15:38:45,020 - INFO - [2050/6622] Scan: KMT...
2026-09-05 15:38:46,734 - INFO - [2055/6622] Scan: PAX...
2026-09-05 15:38:48,877 - INFO - [2060/6622] Scan: ENVX...
2026-09-05 15:38:50,038 - INFO - [2065/6622] Scan: ANY...
2026-09-05 15:38:50,739 - WARNING - fx_normalize: WBX statement currency EUR != quote USD but WBX is NOT in the proven table — NOT converting; flagged for review.
2026-09-05 15:38:51,003 - INFO - [2070/6622] Scan: SFD...
2026-09-05 15:38:52,198 - WARNING - fx_normalize: BNR statement currency CNY != quote USD but BNR is NOT in the proven table — NOT converting; flagged for review.
2026-09-05 15:38:52,457 - INFO - [2075/6622] Scan: BWAY...
2026-09-05 15:38:53,660 - INFO - [2080/6622] Scan: SPAI...
2026-09-05 15:38:54,842 - INFO - [2085/6622] Scan: PLUN...
2026-09-05 15:38:55,534 - INFO - [2090/6622] Scan: EVF...
2026-09-05 15:38:56,233 - INFO - [2095/6622] Scan: LFTO...
2026-09-05 15:38:56,910 - WARNING - fx_normalize: PDS statement currency CAD != quote USD but PDS is NOT in the proven table — NOT converting; flagged for review.
2026-09-05 15:38:57,171 - WARNING - fx_normalize: RPGL statement currency SGD != quote USD but RPGL is NOT in the proven table — NOT converting; flagged for review.
2026-09-05 15:38:57,439 - INFO - [2100/6622] Scan: PWRL...
2026-09-05 15:38:58,594 - WARNING - fx_normalize: LI statement currency CNY != quote USD but LI is NOT in the proven table — NOT converting; flagged for review.
2026-09-05 15:38:58,861 - WARNING - fx_normalize: XYF statement currency CNY != quote USD but XYF is NOT in the proven table — NOT converting; flagged for review.
2026-09-05 15:38:59,124 - WARNING - fx_normalize: SMFG statement currency JPY != quote USD but SMFG is NOT in the proven table — NOT converting; flagged for review.
2026-09-05 15:38:59,385 - INFO - [2105/6622] Scan: OHACU...
2026-09-05 15:39:01,059 - INFO - [2110/6622] Scan: DPRO...
2026-09-05 15:39:01,332 - WARNING - fx_normalize: DPRO statement currency CAD != quote USD but DPRO is NOT in the proven table — NOT converting; flagged for review.
2026-09-05 15:39:02,490 - WARNING - fx_normalize: SKE statement currency CAD != quote USD but SKE is NOT in the proven table — NOT converting; flagged for review.
2026-09-05 15:39:02,752 - INFO - [2115/6622] Scan: PLMKU...
2026-09-05 15:39:03,427 - WARNING - fx_normalize: XPEV statement currency CNY != quote USD but XPEV is NOT in the proven table — NOT converting; flagged for review.
2026-09-05 15:39:03,698 - INFO - [2120/6622] Scan: PATH...
2026-09-05 15:39:04,385 - INFO - [2125/6622] Scan: IBIO...
2026-09-05 15:39:05,064 - WARNING - fx_normalize: ABEV statement currency BRL != quote USD but ABEV is NOT in the proven table — NOT converting; flagged for review.
2026-09-05 15:39:05,333 - INFO - [2130/6622] Scan: NAMM...
2026-09-05 15:39:06,008 - WARNING - fx_normalize: PHOS statement currency CAD != quote USD but PHOS is NOT in the proven table — NOT converting; flagged for review.
2026-09-05 15:39:06,880 - INFO - [2135/6622] Scan: TNON...
2026-09-05 15:39:08,187 - INFO - [2140/6622] Scan: GOOG...
2026-09-05 15:39:08,861 - WARNING - fx_normalize: CCEP statement currency EUR != quote USD but CCEP is NOT in the proven table — NOT converting; flagged for review.
2026-09-05 15:39:09,540 - WARNING - fx_normalize: IMO statement currency CAD != quote USD but IMO is NOT in the proven table — NOT converting; flagged for review.
2026-09-05 15:39:09,801 - INFO - [2145/6622] Scan: GSBD...
2026-09-05 15:39:10,488 - INFO - [2150/6622] Scan: TNMG...
2026-09-05 15:39:11,703 - WARNING - fx_normalize: JCSE statement currency SGD != quote USD but JCSE is NOT in the proven table — NOT converting; flagged for review.
2026-09-05 15:39:11,969 - INFO - [2155/6622] Scan: SHAZ...
2026-09-05 15:39:13,168 - INFO - [2160/6622] Scan: WOOF...
2026-09-05 15:39:14,389 - INFO - [2165/6622] Scan: GRAL...
2026-09-05 15:39:15,540 - INFO - [2170/6622] Scan: ALUB...
2026-09-05 15:39:17,449 - INFO - [2175/6622] Scan: BA...
2026-09-05 15:39:18,597 - WARNING - fx_normalize: CNCK statement currency JPY != quote USD but CNCK is NOT in the proven table — NOT converting; flagged for review.
2026-09-05 15:39:18,866 - INFO - [2180/6622] Scan: HIFS...
2026-09-05 15:39:19,791 - INFO - [2185/6622] Scan: CAR...
2026-09-05 15:39:20,478 - INFO - [2190/6622] Scan: PN...
2026-09-05 15:39:21,171 - INFO - [2195/6622] Scan: UEIC...
2026-09-05 15:39:21,859 - INFO - [2200/6622] Scan: ESNT...
2026-09-05 15:39:22,541 - WARNING - fx_normalize: CUPR statement currency SGD != quote USD but CUPR is NOT in the proven table — NOT converting; flagged for review.
2026-09-05 15:39:22,814 - INFO - [2205/6622] Scan: CPAY...
2026-09-05 15:39:23,500 - INFO - [2210/6622] Scan: DMRC...
2026-09-05 15:39:24,178 - WARNING - fx_normalize: ELBM statement currency CAD != quote USD but ELBM is NOT in the proven table — NOT converting; flagged for review.
2026-09-05 15:39:24,447 - INFO - [2215/6622] Scan: SCOR...
2026-09-05 15:39:25,127 - WARNING - fx_normalize: BRAG statement currency EUR != quote USD but BRAG is NOT in the proven table — NOT converting; flagged for review.
2026-09-05 15:39:25,394 - INFO - [2220/6622] Scan: ARKR...
2026-09-05 15:39:26,629 - INFO - [2225/6622] Scan: GLQ...
2026-09-05 15:39:27,313 - INFO - [2230/6622] Scan: PTOR...
2026-09-05 15:39:27,998 - INFO - [2235/6622] Scan: IBACR...
2026-09-05 15:39:29,204 - WARNING - fx_normalize: PDC statement currency JPY != quote USD but PDC is NOT in the proven table — NOT converting; flagged for review.
2026-09-05 15:39:29,493 - INFO - [2240/6622] Scan: SWIM...
2026-09-05 15:39:30,183 - WARNING - fx_normalize: EVO statement currency EUR != quote USD but EVO is NOT in the proven table — NOT converting; flagged for review.
2026-09-05 15:39:30,446 - INFO - [2245/6622] Scan: BOSC...
2026-09-05 15:39:31,715 - INFO - [2250/6622] Scan: FMAC...
2026-09-05 15:39:32,399 - WARNING - fx_normalize: JDZG statement currency CNY != quote USD but JDZG is NOT in the proven table — NOT converting; flagged for review.
2026-09-05 15:39:32,668 - INFO - [2255/6622] Scan: SHO...
2026-09-05 15:39:33,361 - INFO - [2260/6622] Scan: COFS...
2026-09-05 15:39:34,567 - INFO - [2265/6622] Scan: COST...
2026-09-05 15:39:35,254 - INFO - [2270/6622] Scan: LEA...
2026-09-05 15:39:36,197 - ERROR - HTTP Error 404: {"quoteSummary":{"result":null,"error":{"code":"Not Found","description":"Quote not found for symbol: PAII-U"}}}
2026-09-05 15:39:37,087 - INFO - [2275/6622] Scan: KINS...
2026-09-05 15:39:37,773 - INFO - [2280/6622] Scan: THG...
2026-09-05 15:39:39,400 - INFO - [2285/6622] Scan: METCB...
2026-09-05 15:39:40,640 - INFO - [2290/6622] Scan: HRI...
2026-09-05 15:39:41,798 - WARNING - fx_normalize: YJ statement currency CNY != quote USD but YJ is NOT in the proven table — NOT converting; flagged for review.
2026-09-05 15:39:42,067 - INFO - [2295/6622] Scan: ELAN...
2026-09-05 15:39:42,747 - WARNING - fx_normalize: HTT statement currency CNY != quote USD but HTT is NOT in the proven table — NOT converting; flagged for review.
2026-09-05 15:39:43,017 - INFO - [2300/6622] Scan: MGIH...
2026-09-05 15:39:43,941 - ERROR - HTTP Error 404: {"quoteSummary":{"result":null,"error":{"code":"Not Found","description":"Quote not found for symbol: MZYX-U"}}}
2026-09-05 15:39:44,865 - INFO - [2305/6622] Scan: TEL...
2026-09-05 15:39:45,562 - WARNING - fx_normalize: SNDL statement currency CAD != quote USD but SNDL is NOT in the proven table — NOT converting; flagged for review.
2026-09-05 15:39:45,826 - INFO - [2310/6622] Scan: THCH...
2026-09-05 15:39:46,090 - WARNING - fx_normalize: THCH statement currency CNY != quote USD but THCH is NOT in the proven table — NOT converting; flagged for review.
2026-09-05 15:39:46,779 - INFO - [2315/6622] Scan: OMAB...
2026-09-05 15:39:47,041 - WARNING - fx_normalize: OMAB statement currency MXN != quote USD but OMAB is NOT in the proven table — NOT converting; flagged for review.
2026-09-05 15:39:48,193 - INFO - [2320/6622] Scan: ASUR...
2026-09-05 15:39:49,778 - INFO - [2325/6622] Scan: SORA...
2026-09-05 15:39:50,712 - INFO - [2330/6622] Scan: CTGG...
2026-09-05 15:39:52,418 - INFO - [2335/6622] Scan: GTBP...
2026-09-05 15:39:53,112 - INFO - [2340/6622] Scan: RYAM...
2026-09-05 15:39:54,274 - INFO - [2345/6622] Scan: CRNC...
2026-09-05 15:39:54,961 - WARNING - fx_normalize: PHI statement currency PHP != quote USD but PHI is NOT in the proven table — NOT converting; flagged for review.
2026-09-05 15:39:55,226 - INFO - [2350/6622] Scan: IRS...
2026-09-05 15:39:56,026 - WARNING - fx_normalize: IRS statement currency ARS != quote USD but IRS is NOT in the proven table — NOT converting; flagged for review.
2026-09-05 15:39:56,726 - WARNING - fx_normalize: YQ statement currency CNY != quote USD but YQ is NOT in the proven table — NOT converting; flagged for review.
2026-09-05 15:39:56,993 - INFO - [2355/6622] Scan: AMG...
2026-09-05 15:39:58,162 - WARNING - fx_normalize: MAAS statement currency CNY != quote USD but MAAS is NOT in the proven table — NOT converting; flagged for review.
2026-09-05 15:39:58,428 - WARNING - fx_normalize: UXIN statement currency CNY != quote USD but UXIN is NOT in the proven table — NOT converting; flagged for review.
2026-09-05 15:39:58,697 - INFO - [2360/6622] Scan: AACOU...
2026-09-05 15:39:59,801 - INFO - [2365/6622] Scan: BIRD...
2026-09-05 15:40:00,499 - INFO - [2370/6622] Scan: AGNCO...
2026-09-05 15:40:01,188 - INFO - [2375/6622] Scan: MTNB...
2026-09-05 15:40:02,855 - WARNING - fx_normalize: BZUN statement currency CNY != quote USD but BZUN is NOT in the proven table — NOT converting; flagged for review.
2026-09-05 15:40:03,124 - INFO - [2380/6622] Scan: RREV...
2026-09-05 15:40:03,804 - WARNING - fx_normalize: STFS statement currency CNY != quote USD but STFS is NOT in the proven table — NOT converting; flagged for review.
2026-09-05 15:40:04,070 - WARNING - fx_normalize: GLXG statement currency HKD != quote USD but GLXG is NOT in the proven table — NOT converting; flagged for review.
2026-09-05 15:40:04,338 - INFO - [2385/6622] Scan: HBM...
2026-09-05 15:40:05,512 - INFO - [2390/6622] Scan: TY...
2026-09-05 15:40:06,676 - INFO - [2395/6622] Scan: SOR...
2026-09-05 15:40:07,365 - WARNING - fx_normalize: ZYBT statement currency CNY != quote USD but ZYBT is NOT in the proven table — NOT converting; flagged for review.
2026-09-05 15:40:07,640 - INFO - [2400/6622] Scan: FCNCP...
2026-09-05 15:40:08,352 - INFO - [2405/6622] Scan: IMDX...
2026-09-05 15:40:09,045 - INFO - [2410/6622] Scan: ROK...
2026-09-05 15:40:10,449 - ERROR - HTTP Error 404: {"quoteSummary":{"result":null,"error":{"code":"Not Found","description":"Quote not found for symbol: WENC-U"}}}
2026-09-05 15:40:10,864 - WARNING - fx_normalize: SFHG statement currency HKD != quote USD but SFHG is NOT in the proven table — NOT converting; flagged for review.
2026-09-05 15:40:11,126 - INFO - [2415/6622] Scan: SJT...
2026-09-05 15:40:12,350 - WARNING - fx_normalize: GSK statement currency GBP != quote USD but GSK is NOT in the proven table — NOT converting; flagged for review.
2026-09-05 15:40:12,624 - INFO - [2420/6622] Scan: OLOX...
2026-09-05 15:40:13,792 - INFO - [2425/6622] Scan: OZKAP...
2026-09-05 15:40:14,995 - INFO - [2430/6622] Scan: HST...
2026-09-05 15:40:16,159 - INFO - [2435/6622] Scan: NAVI...
2026-09-05 15:40:17,759 - INFO - [2440/6622] Scan: FISI...
2026-09-05 15:40:18,467 - INFO - [2445/6622] Scan: NMAX...
2026-09-05 15:40:19,163 - INFO - [2450/6622] Scan: PHR...
2026-09-05 15:40:20,775 - INFO - [2455/6622] Scan: SSMR...
2026-09-05 15:40:22,422 - INFO - [2460/6622] Scan: HWBK...
2026-09-05 15:40:23,119 - INFO - [2465/6622] Scan: RCG...
2026-09-05 15:40:23,823 - INFO - [2470/6622] Scan: BOBS...
2026-09-05 15:40:24,982 - INFO - [2475/6622] Scan: LPCN...
2026-09-05 15:40:26,221 - INFO - [2480/6622] Scan: TVA...
2026-09-05 15:40:27,150 - ERROR - HTTP Error 404: {"quoteSummary":{"result":null,"error":{"code":"Not Found","description":"Quote not found for symbol: QVCGP"}}}
2026-09-05 15:40:28,571 - INFO - [2485/6622] Scan: SSII...
2026-09-05 15:40:29,732 - INFO - [2490/6622] Scan: PTLE...
2026-09-05 15:40:30,422 - INFO - [2495/6622] Scan: DMC...
2026-09-05 15:40:31,112 - INFO - [2500/6622] Scan: LGI...
2026-09-05 15:40:32,311 - INFO - [2505/6622] Scan: LSBK...
2026-09-05 15:40:33,002 - INFO - [2510/6622] Scan: CDNS...
2026-09-05 15:40:33,685 - WARNING - fx_normalize: MFI statement currency HKD != quote USD but MFI is NOT in the proven table — NOT converting; flagged for review.
2026-09-05 15:40:34,925 - INFO - [2515/6622] Scan: SZZLU...
2026-09-05 15:40:36,172 - WARNING - fx_normalize: IBN statement currency INR != quote USD but IBN is NOT in the proven table — NOT converting; flagged for review.
2026-09-05 15:40:36,437 - INFO - [2520/6622] Scan: TVACU...
2026-09-05 15:40:37,853 - ERROR - HTTP Error 404: {"quoteSummary":{"result":null,"error":{"code":"Not Found","description":"Quote not found for symbol: CHEK"}}}
2026-09-05 15:40:38,734 - INFO - [2525/6622] Scan: EQT...
2026-09-05 15:40:39,437 - INFO - [2530/6622] Scan: ADSE...
2026-09-05 15:40:39,703 - WARNING - fx_normalize: ADSE statement currency EUR != quote USD but ADSE is NOT in the proven table — NOT converting; flagged for review.
2026-09-05 15:40:40,381 - WARNING - fx_normalize: TLK statement currency IDR != quote USD but TLK is NOT in the proven table — NOT converting; flagged for review.
2026-09-05 15:40:40,882 - ERROR - HTTP Error 404: {"quoteSummary":{"result":null,"error":{"code":"Not Found","description":"Quote not found for symbol: MCR"}}}
2026-09-05 15:40:41,302 - INFO - [2535/6622] Scan: IHS...
2026-09-05 15:40:42,239 - ERROR - HTTP Error 404: {"quoteSummary":{"result":null,"error":{"code":"Not Found","description":"Quote not found for symbol: SOL"}}}
2026-09-05 15:40:43,145 - INFO - [2540/6622] Scan: AVTX...
2026-09-05 15:40:44,332 - INFO - [2545/6622] Scan: RIOT...
2026-09-05 15:40:45,537 - INFO - [2550/6622] Scan: HMY...
2026-09-05 15:40:45,796 - WARNING - fx_normalize: HMY statement currency ZAR != quote USD but HMY is NOT in the proven table — NOT converting; flagged for review.
2026-09-05 15:40:46,914 - WARNING - fx_normalize: MB statement currency HKD != quote USD but MB is NOT in the proven table — NOT converting; flagged for review.
2026-09-05 15:40:47,181 - INFO - [2555/6622] Scan: CAPR...
2026-09-05 15:40:48,344 - INFO - [2560/6622] Scan: LIVN...
2026-09-05 15:40:49,561 - INFO - [2565/6622] Scan: FTW...
2026-09-05 15:40:49,834 - INFO - FOUND GEM: FTW
2026-09-05 15:40:50,526 - INFO - [2570/6622] Scan: AFGD...
2026-09-05 15:40:51,644 - WARNING - fx_normalize: ORIO statement currency CAD != quote USD but ORIO is NOT in the proven table — NOT converting; flagged for review.
2026-09-05 15:40:51,905 - INFO - [2575/6622] Scan: CACC...
2026-09-05 15:40:53,097 - INFO - [2580/6622] Scan: MOBX...
2026-09-05 15:40:54,827 - INFO - [2585/6622] Scan: SBC...
2026-09-05 15:40:56,042 - INFO - [2590/6622] Scan: GIS...
2026-09-05 15:40:56,737 - INFO - [2595/6622] Scan: WGO...
2026-09-05 15:40:57,441 - INFO - [2600/6622] Scan: AVAH...
2026-09-05 15:40:58,640 - WARNING - fx_normalize: HUYA statement currency CNY != quote USD but HUYA is NOT in the proven table — NOT converting; flagged for review.
2026-09-05 15:40:59,871 - INFO - [2605/6622] Scan: CCG...
2026-09-05 15:41:00,142 - WARNING - fx_normalize: CCG statement currency CNY != quote USD but CCG is NOT in the proven table — NOT converting; flagged for review.
2026-09-05 15:41:00,836 - INFO - [2610/6622] Scan: OCCIM...
2026-09-05 15:41:01,531 - INFO - [2615/6622] Scan: DPU...
2026-09-05 15:41:02,677 - INFO - [2620/6622] Scan: TORO...
2026-09-05 15:41:03,363 - INFO - FOUND GEM: ZJK
2026-09-05 15:41:03,631 - INFO - [2625/6622] Scan: TJGC...
2026-09-05 15:41:03,891 - WARNING - fx_normalize: TJGC statement currency HKD != quote USD but TJGC is NOT in the proven table — NOT converting; flagged for review.
2026-09-05 15:41:05,150 - INFO - [2630/6622] Scan: BCO...
2026-09-05 15:41:05,849 - INFO - [2635/6622] Scan: GNTA...
2026-09-05 15:41:06,110 - WARNING - fx_normalize: GNTA statement currency EUR != quote USD but GNTA is NOT in the proven table — NOT converting; flagged for review.
2026-09-05 15:41:07,515 - ERROR - HTTP Error 404: {"quoteSummary":{"result":null,"error":{"code":"Not Found","description":"Quote not found for symbol: ENX"}}}
2026-09-05 15:41:08,190 - INFO - [2640/6622] Scan: LWAC...
2026-09-05 15:41:08,872 - WARNING - fx_normalize: TC statement currency CNY != quote USD but TC is NOT in the proven table — NOT converting; flagged for review.
2026-09-05 15:41:09,149 - INFO - [2645/6622] Scan: AIMD...
2026-09-05 15:41:09,851 - INFO - [2650/6622] Scan: ABEO...
2026-09-05 15:41:11,063 - INFO - [2655/6622] Scan: OWLS...
2026-09-05 15:41:11,758 - WARNING - fx_normalize: NVNI statement currency BRL != quote USD but NVNI is NOT in the proven table — NOT converting; flagged for review.
2026-09-05 15:41:12,033 - WARNING - fx_normalize: IQMX statement currency EUR != quote USD but IQMX is NOT in the proven table — NOT converting; flagged for review.
2026-09-05 15:41:12,293 - INFO - [2660/6622] Scan: FOCL...
2026-09-05 15:41:12,982 - WARNING - fx_normalize: ENGS statement currency GBP != quote USD but ENGS is NOT in the proven table — NOT converting; flagged for review.
2026-09-05 15:41:13,244 - INFO - [2665/6622] Scan: RBA...
2026-09-05 15:41:15,505 - INFO - [2670/6622] Scan: BITW...
2026-09-05 15:41:16,800 - INFO - [2675/6622] Scan: CPRT...
2026-09-05 15:41:17,544 - WARNING - fx_normalize: SLGB statement currency CNY != quote USD but SLGB is NOT in the proven table — NOT converting; flagged for review.
2026-09-05 15:41:17,813 - INFO - [2680/6622] Scan: BLIV...
2026-09-05 15:41:18,077 - WARNING - fx_normalize: BLIV statement currency SGD != quote USD but BLIV is NOT in the proven table — NOT converting; flagged for review.
2026-09-05 15:41:18,799 - INFO - [2685/6622] Scan: OPTT...
2026-09-05 15:41:19,553 - WARNING - fx_normalize: BIRK statement currency EUR != quote USD but BIRK is NOT in the proven table — NOT converting; flagged for review.
2026-09-05 15:41:19,833 - INFO - [2690/6622] Scan: DTE...
2026-09-05 15:41:20,600 - WARNING - fx_normalize: LYG statement currency GBP != quote USD but LYG is NOT in the proven table — NOT converting; flagged for review.
2026-09-05 15:41:20,892 - INFO - [2695/6622] Scan: PNNT...
2026-09-05 15:41:21,636 - WARNING - fx_normalize: KZIA statement currency AUD != quote USD but KZIA is NOT in the proven table — NOT converting; flagged for review.
2026-09-05 15:41:22,437 - INFO - [2700/6622] Scan: BTT...
2026-09-05 15:41:23,184 - INFO - [2705/6622] Scan: DKL...
2026-09-05 15:41:24,846 - INFO - [2710/6622] Scan: STAA...
2026-09-05 15:41:26,159 - INFO - [2715/6622] Scan: BHAVR...
2026-09-05 15:41:26,854 - WARNING - fx_normalize: WYHG statement currency KRW != quote USD but WYHG is NOT in the proven table — NOT converting; flagged for review.
2026-09-05 15:41:27,685 - INFO - [2720/6622] Scan: PRK...
2026-09-05 15:41:29,317 - INFO - [2725/6622] Scan: RAMP...
2026-09-05 15:41:30,013 - INFO - [2730/6622] Scan: CRVL...
2026-09-05 15:41:30,710 - INFO - [2735/6622] Scan: MBLY...
2026-09-05 15:41:31,896 - INFO - [2740/6622] Scan: ADXN...
2026-09-05 15:41:32,157 - WARNING - fx_normalize: ADXN statement currency CHF != quote USD but ADXN is NOT in the proven table — NOT converting; flagged for review.
2026-09-05 15:41:33,406 - INFO - [2745/6622] Scan: RSG...
2026-09-05 15:41:34,109 - INFO - [2750/6622] Scan: SYPR...
2026-09-05 15:41:34,801 - WARNING - fx_normalize: ICG statement currency CNY != quote USD but ICG is NOT in the proven table — NOT converting; flagged for review.
2026-09-05 15:41:35,573 - INFO - [2755/6622] Scan: CEPU...
2026-09-05 15:41:35,836 - WARNING - fx_normalize: CEPU statement currency ARS != quote USD but CEPU is NOT in the proven table — NOT converting; flagged for review.
2026-09-05 15:41:37,628 - INFO - [2760/6622] Scan: SRTA...
2026-09-05 15:41:38,331 - WARNING - fx_normalize: RDY statement currency INR != quote USD but RDY is NOT in the proven table — NOT converting; flagged for review.
2026-09-05 15:41:38,600 - INFO - [2765/6622] Scan: NNNN...
2026-09-05 15:41:39,294 - INFO - [2770/6622] Scan: COHR...
2026-09-05 15:41:40,228 - ERROR - HTTP Error 404: {"quoteSummary":{"result":null,"error":{"code":"Not Found","description":"Quote not found for symbol: CLRS"}}}
2026-09-05 15:41:40,658 - INFO - [2775/6622] Scan: AMH...
2026-09-05 15:41:41,923 - INFO - [2780/6622] Scan: APGE...
2026-09-05 15:41:42,604 - WARNING - fx_normalize: NXE statement currency CAD != quote USD but NXE is NOT in the proven table — NOT converting; flagged for review.
2026-09-05 15:41:42,867 - WARNING - fx_normalize: ITUB statement currency BRL != quote USD but ITUB is NOT in the proven table — NOT converting; flagged for review.
2026-09-05 15:41:43,142 - INFO - [2785/6622] Scan: ONTO...
2026-09-05 15:41:44,368 - INFO - [2790/6622] Scan: THEO...
2026-09-05 15:41:45,065 - INFO - [2795/6622] Scan: ORN...
2026-09-05 15:41:45,760 - INFO - [2800/6622] Scan: QXL...
2026-09-05 15:41:47,391 - INFO - [2805/6622] Scan: FTHAU...
2026-09-05 15:41:48,560 - WARNING - fx_normalize: GFL statement currency CAD != quote USD but GFL is NOT in the proven table — NOT converting; flagged for review.
2026-09-05 15:41:48,832 - INFO - [2810/6622] Scan: FLNA...
2026-09-05 15:41:49,531 - INFO - [2815/6622] Scan: BLIN...
2026-09-05 15:41:51,257 - WARNING - fx_normalize: FEDU statement currency CNY != quote USD but FEDU is NOT in the proven table — NOT converting; flagged for review.
2026-09-05 15:41:51,516 - INFO - [2820/6622] Scan: GGB...
2026-09-05 15:41:51,781 - WARNING - fx_normalize: GGB statement currency BRL != quote USD but GGB is NOT in the proven table — NOT converting; flagged for review.
2026-09-05 15:41:52,474 - WARNING - fx_normalize: SIM statement currency MXN != quote USD but SIM is NOT in the proven table — NOT converting; flagged for review.
2026-09-05 15:41:52,735 - INFO - [2825/6622] Scan: UVSP...
2026-09-05 15:41:53,419 - WARNING - fx_normalize: LAWR statement currency JPY != quote USD but LAWR is NOT in the proven table — NOT converting; flagged for review.
2026-09-05 15:41:54,145 - INFO - [2830/6622] Scan: RIBB...
2026-09-05 15:41:54,871 - INFO - [2835/6622] Scan: OC...
2026-09-05 15:41:55,568 - INFO - [2840/6622] Scan: WHG...
2026-09-05 15:41:56,246 - WARNING - fx_normalize: PCLA statement currency JPY != quote USD but PCLA is NOT in the proven table — NOT converting; flagged for review.
2026-09-05 15:41:57,006 - INFO - [2845/6622] Scan: AFCG...
2026-09-05 15:41:57,710 - INFO - [2850/6622] Scan: SAMG...
2026-09-05 15:41:58,907 - INFO - [2855/6622] Scan: YB...
2026-09-05 15:41:59,169 - WARNING - fx_normalize: YB statement currency CNY != quote USD but YB is NOT in the proven table — NOT converting; flagged for review.
2026-09-05 15:41:59,867 - INFO - [2860/6622] Scan: ZD...
2026-09-05 15:42:00,573 - INFO - [2865/6622] Scan: AGNCL...
2026-09-05 15:42:01,758 - INFO - [2870/6622] Scan: FISN...
2026-09-05 15:42:02,461 - WARNING - fx_normalize: YMT statement currency CNY != quote USD but YMT is NOT in the proven table — NOT converting; flagged for review.
2026-09-05 15:42:02,729 - INFO - [2875/6622] Scan: GEMI...
2026-09-05 15:42:03,660 - ERROR - HTTP Error 404: {"quoteSummary":{"result":null,"error":{"code":"Not Found","description":"Quote not found for symbol: FITBM"}}}
2026-09-05 15:42:04,101 - INFO - [2880/6622] Scan: COSO...
2026-09-05 15:42:04,778 - WARNING - fx_normalize: NTZ statement currency EUR != quote USD but NTZ is NOT in the proven table — NOT converting; flagged for review.
2026-09-05 15:42:05,490 - INFO - [2885/6622] Scan: KEEL...
2026-09-05 15:42:07,790 - INFO - [2890/6622] Scan: AUID...
2026-09-05 15:42:09,418 - INFO - [2895/6622] Scan: TRI...
2026-09-05 15:42:11,412 - ERROR - HTTP Error 404: {"quoteSummary":{"result":null,"error":{"code":"Not Found","description":"Quote not found for symbol: AMBI"}}}
2026-09-05 15:42:11,837 - INFO - [2900/6622] Scan: GIXXR...
2026-09-05 15:42:12,965 - WARNING - fx_normalize: ACB statement currency CAD != quote USD but ACB is NOT in the proven table — NOT converting; flagged for review.
2026-09-05 15:42:13,239 - INFO - [2905/6622] Scan: LIN...
2026-09-05 15:42:14,177 - ERROR - HTTP Error 404: {"quoteSummary":{"result":null,"error":{"code":"Not Found","description":"Quote not found for symbol: BWIV-U"}}}
2026-09-05 15:42:14,623 - INFO - [2910/6622] Scan: WLAC...
2026-09-05 15:42:15,119 - ERROR - HTTP Error 404: {"quoteSummary":{"result":null,"error":{"code":"Not Found","description":"Quote not found for symbol: WLAC"}}}
2026-09-05 15:42:16,437 - WARNING - fx_normalize: DOYU statement currency CNY != quote USD but DOYU is NOT in the proven table — NOT converting; flagged for review.
2026-09-05 15:42:16,727 - INFO - [2915/6622] Scan: RDVT...
2026-09-05 15:42:17,669 - ERROR - HTTP Error 404: {"quoteSummary":{"result":null,"error":{"code":"Not Found","description":"Quote not found for symbol: CTLP"}}}
2026-09-05 15:42:18,108 - INFO - [2920/6622] Scan: VIK...
2026-09-05 15:42:19,344 - INFO - [2925/6622] Scan: BGX...
2026-09-05 15:42:20,499 - INFO - [2930/6622] Scan: AAC...
2026-09-05 15:42:22,801 - INFO - [2935/6622] Scan: CRESY...
2026-09-05 15:42:23,077 - WARNING - fx_normalize: CRESY statement currency ARS != quote USD but CRESY is NOT in the proven table — NOT converting; flagged for review.
2026-09-05 15:42:24,010 - ERROR - HTTP Error 404: {"quoteSummary":{"result":null,"error":{"code":"Not Found","description":"Quote not found for symbol: SBXD-U"}}}
2026-09-05 15:42:24,436 - INFO - [2940/6622] Scan: PPBT...
2026-09-05 15:42:26,389 - ERROR - HTTP Error 404: {"quoteSummary":{"result":null,"error":{"code":"Not Found","description":"Quote not found for symbol: KUKE"}}}
2026-09-05 15:42:26,809 - INFO - [2945/6622] Scan: HCA...
2026-09-05 15:42:27,489 - WARNING - fx_normalize: ATS statement currency CAD != quote USD but ATS is NOT in the proven table — NOT converting; flagged for review.
2026-09-05 15:42:27,759 - INFO - [2950/6622] Scan: CBT...
2026-09-05 15:42:28,455 - INFO - [2955/6622] Scan: IDYA...
2026-09-05 15:42:29,151 - WARNING - fx_normalize: PASW statement currency CNY != quote USD but PASW is NOT in the proven table — NOT converting; flagged for review.
2026-09-05 15:42:30,517 - INFO - [2960/6622] Scan: SXC...
2026-09-05 15:42:31,715 - WARNING - fx_normalize: LGPS statement currency JPY != quote USD but LGPS is NOT in the proven table — NOT converting; flagged for review.
2026-09-05 15:42:31,977 - INFO - [2965/6622] Scan: OCGN...
2026-09-05 15:42:32,667 - WARNING - fx_normalize: ZGN statement currency EUR != quote USD but ZGN is NOT in the proven table — NOT converting; flagged for review.
2026-09-05 15:42:32,932 - INFO - [2970/6622] Scan: TFIN...
2026-09-05 15:42:34,724 - INFO - [2975/6622] Scan: MCN...
2026-09-05 15:42:35,977 - INFO - [2980/6622] Scan: EDIT...
2026-09-05 15:42:36,682 - INFO - [2985/6622] Scan: MLCI...
2026-09-05 15:42:37,379 - INFO - [2990/6622] Scan: AIB...
2026-09-05 15:42:38,073 - INFO - [2995/6622] Scan: HONIV...
2026-09-05 15:42:38,593 - ERROR - HTTP Error 404: {"quoteSummary":{"result":null,"error":{"code":"Not Found","description":"Quote not found for symbol: HONIV"}}}
2026-09-05 15:42:39,444 - INFO - [3000/6622] Scan: CEPL...
2026-09-05 15:42:40,139 - INFO - [3005/6622] Scan: LCCCR...
2026-09-05 15:42:40,821 - WARNING - fx_normalize: WRN statement currency CAD != quote USD but WRN is NOT in the proven table — NOT converting; flagged for review.
2026-09-05 15:42:42,183 - INFO - [3010/6622] Scan: SOLV...
2026-09-05 15:42:42,884 - INFO - [3015/6622] Scan: BWIN...
2026-09-05 15:42:43,815 - ERROR - HTTP Error 404: {"quoteSummary":{"result":null,"error":{"code":"Not Found","description":"Quote not found for symbol: RNBW"}}}
2026-09-05 15:42:44,242 - INFO - [3020/6622] Scan: PSNL...
2026-09-05 15:42:44,940 - INFO - [3025/6622] Scan: SHMD...
2026-09-05 15:42:45,200 - WARNING - fx_normalize: SHMD statement currency EUR != quote USD but SHMD is NOT in the proven table — NOT converting; flagged for review.
2026-09-05 15:42:46,919 - INFO - [3030/6622] Scan: RCT...
2026-09-05 15:42:48,125 - WARNING - fx_normalize: RECT statement currency SGD != quote USD but RECT is NOT in the proven table — NOT converting; flagged for review.
2026-09-05 15:42:48,403 - INFO - [3035/6622] Scan: CPA...
2026-09-05 15:42:50,581 - INFO - [3040/6622] Scan: BSAA...
2026-09-05 15:42:51,827 - WARNING - fx_normalize: AMX statement currency MXN != quote USD but AMX is NOT in the proven table — NOT converting; flagged for review.
2026-09-05 15:42:52,627 - INFO - [3045/6622] Scan: ENVB...
2026-09-05 15:42:53,894 - INFO - [3050/6622] Scan: HUHU...
2026-09-05 15:42:55,074 - INFO - [3055/6622] Scan: AMPL...
2026-09-05 15:42:56,312 - INFO - [3060/6622] Scan: AGMH...
2026-09-05 15:42:56,999 - WARNING - fx_normalize: TGS statement currency ARS != quote USD but TGS is NOT in the proven table — NOT converting; flagged for review.
2026-09-05 15:42:57,267 - INFO - [3065/6622] Scan: AENT...
2026-09-05 15:42:58,455 - INFO - [3070/6622] Scan: PRFX...
2026-09-05 15:42:59,400 - INFO - [3075/6622] Scan: LILAK...
2026-09-05 15:43:00,570 - WARNING - fx_normalize: KSPI statement currency KZT != quote USD but KSPI is NOT in the proven table — NOT converting; flagged for review.
2026-09-05 15:43:00,844 - INFO - [3080/6622] Scan: AGX...
2026-09-05 15:43:01,546 - INFO - [3085/6622] Scan: SCM...
2026-09-05 15:43:02,256 - INFO - [3090/6622] Scan: ADX...
2026-09-05 15:43:03,310 - ERROR - HTTP Error 404: {"quoteSummary":{"result":null,"error":{"code":"Not Found","description":"Quote not found for symbol: LNKB"}}}
2026-09-05 15:43:03,736 - INFO - [3095/6622] Scan: IZEA...
2026-09-05 15:43:04,430 - INFO - [3100/6622] Scan: SPEG...
2026-09-05 15:43:05,129 - INFO - [3105/6622] Scan: FOXA...
2026-09-05 15:43:06,392 - INFO - [3110/6622] Scan: NNOX...
2026-09-05 15:43:07,596 - INFO - [3115/6622] Scan: EFSI...
2026-09-05 15:43:08,293 - INFO - [3120/6622] Scan: DIS...
2026-09-05 15:43:09,520 - WARNING - fx_normalize: ASR statement currency MXN != quote USD but ASR is NOT in the proven table — NOT converting; flagged for review.
2026-09-05 15:43:09,819 - INFO - [3125/6622] Scan: NOV...
2026-09-05 15:43:11,529 - INFO - [3130/6622] Scan: EIC...
2026-09-05 15:43:12,232 - INFO - [3135/6622] Scan: RELL...
2026-09-05 15:43:13,414 - WARNING - fx_normalize: BZ statement currency CNY != quote USD but BZ is NOT in the proven table — NOT converting; flagged for review.
2026-09-05 15:43:13,686 - INFO - [3140/6622] Scan: AFRI...
2026-09-05 15:43:14,814 - WARNING - fx_normalize: LZMH statement currency CNY != quote USD but LZMH is NOT in the proven table — NOT converting; flagged for review.
2026-09-05 15:43:15,093 - INFO - [3145/6622] Scan: PEN...
2026-09-05 15:43:16,668 - INFO - [3150/6622] Scan: FMACU...
2026-09-05 15:43:17,839 - INFO - [3155/6622] Scan: OMC...
2026-09-05 15:43:19,078 - INFO - [3160/6622] Scan: CMG...
2026-09-05 15:43:20,001 - ERROR - HTTP Error 404: {"quoteSummary":{"result":null,"error":{"code":"Not Found","description":"Quote not found for symbol: CWEN-A"}}}
2026-09-05 15:43:21,341 - ERROR - HTTP Error 404: {"quoteSummary":{"result":null,"error":{"code":"Not Found","description":"Quote not found for symbol: CWEN-A"}}}
2026-09-05 15:43:22,198 - ERROR - $CWEN-A: possibly delisted; no price data found  (period=2y) (Yahoo error = "No data found, symbol may be delisted")
2026-09-05 15:43:22,465 - INFO - [3165/6622] Scan: LINK...
2026-09-05 15:43:24,145 - INFO - [3170/6622] Scan: EDVA...
2026-09-05 15:43:24,848 - INFO - [3175/6622] Scan: MCGAU...
2026-09-05 15:43:26,205 - INFO - [3180/6622] Scan: TTEK...
2026-09-05 15:43:26,912 - INFO - [3185/6622] Scan: MRVL...
2026-09-05 15:43:27,989 - INFO - [3190/6622] Scan: EU...
2026-09-05 15:43:28,681 - WARNING - fx_normalize: BMO statement currency CAD != quote USD but BMO is NOT in the proven table — NOT converting; flagged for review.
2026-09-05 15:43:28,947 - INFO - [3195/6622] Scan: MTN...
2026-09-05 15:43:29,642 - WARNING - fx_normalize: SAGT statement currency MYR != quote USD but SAGT is NOT in the proven table — NOT converting; flagged for review.
2026-09-05 15:43:29,905 - INFO - [3200/6622] Scan: XFLT...
2026-09-05 15:43:31,544 - INFO - [3205/6622] Scan: NKSH...
2026-09-05 15:43:32,253 - INFO - [3210/6622] Scan: GLSI...
2026-09-05 15:43:33,343 - WARNING - fx_normalize: TGHL statement currency SGD != quote USD but TGHL is NOT in the proven table — NOT converting; flagged for review.
2026-09-05 15:43:33,611 - WARNING - fx_normalize: GFR statement currency CAD != quote USD but GFR is NOT in the proven table — NOT converting; flagged for review.
2026-09-05 15:43:34,113 - ERROR - HTTP Error 404: {"quoteSummary":{"result":null,"error":{"code":"Not Found","description":"Quote not found for symbol: BBU"}}}
2026-09-05 15:43:34,537 - INFO - [3215/6622] Scan: CAPNU...
2026-09-05 15:43:36,200 - INFO - [3220/6622] Scan: BKSY...
2026-09-05 15:43:37,867 - INFO - [3225/6622] Scan: ALXO...
2026-09-05 15:43:39,058 - INFO - [3230/6622] Scan: SECZ...
2026-09-05 15:43:39,753 - WARNING - fx_normalize: COOT statement currency AUD != quote USD but COOT is NOT in the proven table — NOT converting; flagged for review.
2026-09-05 15:43:40,463 - INFO - [3235/6622] Scan: RILYG...
2026-09-05 15:43:42,127 - WARNING - fx_normalize: BSAC statement currency CLP != quote USD but BSAC is NOT in the proven table — NOT converting; flagged for review.
2026-09-05 15:43:42,404 - INFO - [3240/6622] Scan: QVCG...
2026-09-05 15:43:43,097 - INFO - [3245/6622] Scan: RDIB...
2026-09-05 15:43:44,223 - WARNING - fx_normalize: DSC statement currency CNY != quote USD but DSC is NOT in the proven table — NOT converting; flagged for review.
2026-09-05 15:43:44,500 - INFO - [3250/6622] Scan: AXTA...
2026-09-05 15:43:45,188 - WARNING - fx_normalize: PKX statement currency KRW != quote USD but PKX is NOT in the proven table — NOT converting; flagged for review.
2026-09-05 15:43:45,459 - INFO - [3255/6622] Scan: KRP...
2026-09-05 15:43:47,032 - INFO - [3260/6622] Scan: PONY...
2026-09-05 15:43:48,196 - INFO - [3265/6622] Scan: BDTX...
2026-09-05 15:43:49,317 - INFO - [3270/6622] Scan: NBN...
2026-09-05 15:43:50,272 - WARNING - fx_normalize: VIOT statement currency CNY != quote USD but VIOT is NOT in the proven table — NOT converting; flagged for review.
2026-09-05 15:43:50,995 - WARNING - fx_normalize: GELS statement currency AUD != quote USD but GELS is NOT in the proven table — NOT converting; flagged for review.
2026-09-05 15:43:51,265 - INFO - [3275/6622] Scan: MCRP...
2026-09-05 15:43:51,525 - WARNING - fx_normalize: MCRP statement currency AED != quote USD but MCRP is NOT in the proven table — NOT converting; flagged for review.
2026-09-05 15:43:52,221 - INFO - [3280/6622] Scan: SWAG...
2026-09-05 15:43:53,151 - INFO - [3285/6622] Scan: TCGX...
2026-09-05 15:43:53,859 - INFO - [3290/6622] Scan: AXIL...
2026-09-05 15:43:54,980 - INFO - [3295/6622] Scan: LYB...
2026-09-05 15:43:55,693 - WARNING - fx_normalize: ALM statement currency CAD != quote USD but ALM is NOT in the proven table — NOT converting; flagged for review.
2026-09-05 15:43:55,956 - INFO - [3300/6622] Scan: JHX...
2026-09-05 15:43:56,651 - WARNING - fx_normalize: IMOS statement currency TWD != quote USD but IMOS is NOT in the proven table — NOT converting; flagged for review.
2026-09-05 15:43:56,924 - INFO - [3305/6622] Scan: IBTA...
2026-09-05 15:43:57,621 - INFO - [3310/6622] Scan: TRAK...
2026-09-05 15:43:58,821 - WARNING - fx_normalize: DFSC statement currency CAD != quote USD but DFSC is NOT in the proven table — NOT converting; flagged for review.
2026-09-05 15:43:59,583 - WARNING - fx_normalize: POM statement currency CNY != quote USD but POM is NOT in the proven table — NOT converting; flagged for review.
2026-09-05 15:43:59,852 - INFO - [3315/6622] Scan: TTWO...
2026-09-05 15:44:00,546 - INFO - [3320/6622] Scan: ACEL...
2026-09-05 15:44:01,248 - WARNING - fx_normalize: ASML statement currency EUR != quote USD but ASML is NOT in the proven table — NOT converting; flagged for review.
2026-09-05 15:44:01,517 - INFO - [3325/6622] Scan: FDSB...
2026-09-05 15:44:02,730 - INFO - [3330/6622] Scan: HPAI...
2026-09-05 15:44:03,425 - INFO - [3335/6622] Scan: UTHR...
2026-09-05 15:44:04,662 - INFO - [3340/6622] Scan: PB...
2026-09-05 15:44:05,362 - INFO - [3345/6622] Scan: SSAC...
2026-09-05 15:44:06,588 - INFO - [3350/6622] Scan: FLL...
2026-09-05 15:44:08,307 - INFO - [3355/6622] Scan: WXM...
2026-09-05 15:44:09,006 - WARNING - fx_normalize: FUTU statement currency HKD != quote USD but FUTU is NOT in the proven table — NOT converting; flagged for review.
2026-09-05 15:44:09,766 - INFO - [3360/6622] Scan: RNAZ...
2026-09-05 15:44:10,462 - INFO - [3365/6622] Scan: QVCGA...
2026-09-05 15:44:10,967 - ERROR - HTTP Error 404: {"quoteSummary":{"result":null,"error":{"code":"Not Found","description":"Quote not found for symbol: QVCGA"}}}
2026-09-05 15:44:11,825 - INFO - [3370/6622] Scan: AXSM...
2026-09-05 15:44:12,527 - WARNING - fx_normalize: NIU statement currency CNY != quote USD but NIU is NOT in the proven table — NOT converting; flagged for review.
2026-09-05 15:44:12,786 - INFO - [3375/6622] Scan: EXC...
2026-09-05 15:44:13,487 - WARNING - fx_normalize: CNF statement currency CNY != quote USD but CNF is NOT in the proven table — NOT converting; flagged for review.
2026-09-05 15:44:13,994 - ERROR - HTTP Error 404: {"quoteSummary":{"result":null,"error":{"code":"Not Found","description":"Quote not found for symbol: CTRA"}}}
2026-09-05 15:44:14,417 - INFO - [3380/6622] Scan: QMCO...
2026-09-05 15:44:15,124 - INFO - [3385/6622] Scan: ALIS...
2026-09-05 15:44:16,274 - INFO - [3390/6622] Scan: MSGE...
2026-09-05 15:44:16,973 - INFO - [3395/6622] Scan: ETS...
2026-09-05 15:44:18,248 - INFO - [3400/6622] Scan: CWST...
2026-09-05 15:44:18,948 - INFO - [3405/6622] Scan: AJG...
2026-09-05 15:44:20,779 - INFO - [3410/6622] Scan: BZAI...
2026-09-05 15:44:21,482 - INFO - [3415/6622] Scan: PBLS...
2026-09-05 15:44:23,065 - ERROR - HTTP Error 404: {"quoteSummary":{"result":null,"error":{"code":"Not Found","description":"Quote not found for symbol: EM"}}}
2026-09-05 15:44:24,466 - ERROR - HTTP Error 404: {"quoteSummary":{"result":null,"error":{"code":"Not Found","description":"Quote not found for symbol: EM"}}}
2026-09-05 15:44:25,407 - ERROR - $EM: possibly delisted; no price data found  (period=2y) (Yahoo error = "No data found, symbol may be delisted")
2026-09-05 15:44:25,667 - INFO - [3420/6622] Scan: FXAC...
2026-09-05 15:44:26,366 - INFO - [3425/6622] Scan: OBK...
2026-09-05 15:44:28,020 - INFO - [3430/6622] Scan: UNM...
2026-09-05 15:44:29,194 - INFO - [3435/6622] Scan: FATE...
2026-09-05 15:44:29,882 - WARNING - fx_normalize: CCU statement currency CLP != quote USD but CCU is NOT in the proven table — NOT converting; flagged for review.
2026-09-05 15:44:30,149 - INFO - [3440/6622] Scan: L...
2026-09-05 15:44:31,911 - INFO - [3445/6622] Scan: FMS...
2026-09-05 15:44:32,182 - WARNING - fx_normalize: FMS statement currency EUR != quote USD but FMS is NOT in the proven table — NOT converting; flagged for review.
2026-09-05 15:44:32,867 - WARNING - fx_normalize: WIMI statement currency CNY != quote USD but WIMI is NOT in the proven table — NOT converting; flagged for review.
2026-09-05 15:44:33,132 - WARNING - fx_normalize: LFS statement currency JPY != quote USD but LFS is NOT in the proven table — NOT converting; flagged for review.
2026-09-05 15:44:33,404 - INFO - [3450/6622] Scan: PIPR...
2026-09-05 15:44:35,027 - INFO - [3455/6622] Scan: HKD...
2026-09-05 15:44:36,517 - ERROR - HTTP Error 404: {"quoteSummary":{"result":null,"error":{"code":"Not Found","description":"Quote not found for symbol: BITF"}}}
2026-09-05 15:44:36,931 - INFO - [3460/6622] Scan: KLC...
2026-09-05 15:44:37,627 - WARNING - fx_normalize: GRVY statement currency KRW != quote USD but GRVY is NOT in the proven table — NOT converting; flagged for review.
2026-09-05 15:44:37,906 - INFO - [3465/6622] Scan: MIAX...
2026-09-05 15:44:38,861 - WARNING - fx_normalize: CP statement currency CAD != quote USD but CP is NOT in the proven table — NOT converting; flagged for review.
2026-09-05 15:44:39,133 - INFO - [3470/6622] Scan: CHRD...
2026-09-05 15:44:40,315 - INFO - [3475/6622] Scan: IPHXU...
2026-09-05 15:44:41,952 - INFO - [3480/6622] Scan: SLVM...
2026-09-05 15:44:42,661 - INFO - [3485/6622] Scan: CRACR...
2026-09-05 15:44:43,827 - WARNING - fx_normalize: SHG statement currency KRW != quote USD but SHG is NOT in the proven table — NOT converting; flagged for review.
2026-09-05 15:44:44,117 - WARNING - fx_normalize: NAAS statement currency CNY != quote USD but NAAS is NOT in the proven table — NOT converting; flagged for review.
2026-09-05 15:44:44,855 - INFO - [3490/6622] Scan: GAB...
2026-09-05 15:44:45,561 - INFO - [3495/6622] Scan: SDHIR...
2026-09-05 15:44:47,204 - INFO - [3500/6622] Scan: ALLT...
2026-09-05 15:44:47,903 - WARNING - fx_normalize: BTE statement currency CAD != quote USD but BTE is NOT in the proven table — NOT converting; flagged for review.
2026-09-05 15:44:48,712 - INFO - [3505/6622] Scan: FNV...
2026-09-05 15:44:49,900 - INFO - [3510/6622] Scan: GRX...
2026-09-05 15:44:50,633 - INFO - [3515/6622] Scan: KT...
2026-09-05 15:44:50,904 - WARNING - fx_normalize: KT statement currency KRW != quote USD but KT is NOT in the proven table — NOT converting; flagged for review.
2026-09-05 15:44:51,594 - WARNING - fx_normalize: BRBI statement currency BRL != quote USD but BRBI is NOT in the proven table — NOT converting; flagged for review.
2026-09-05 15:44:51,869 - INFO - [3520/6622] Scan: ALF...
2026-09-05 15:44:54,131 - INFO - [3525/6622] Scan: LPCVU...
2026-09-05 15:44:55,072 - ERROR - HTTP Error 404: {"quoteSummary":{"result":null,"error":{"code":"Not Found","description":"Quote not found for symbol: LIXT"}}}
2026-09-05 15:44:55,737 - INFO - [3530/6622] Scan: VZLA...
2026-09-05 15:44:56,431 - INFO - [3535/6622] Scan: ACU...
2026-09-05 15:44:57,600 - INFO - [3540/6622] Scan: OYSER...
2026-09-05 15:44:58,294 - INFO - [3545/6622] Scan: TPCS...
2026-09-05 15:44:59,440 - INFO - [3550/6622] Scan: MBC...
2026-09-05 15:45:00,138 - INFO - [3555/6622] Scan: VWAV...
2026-09-05 15:45:00,835 - WARNING - fx_normalize: MNSO statement currency CNY != quote USD but MNSO is NOT in the proven table — NOT converting; flagged for review.
2026-09-05 15:45:01,628 - INFO - [3560/6622] Scan: PEO...
2026-09-05 15:45:03,089 - INFO - [3565/6622] Scan: PETZ...
2026-09-05 15:45:03,790 - INFO - [3570/6622] Scan: AOMD...
2026-09-05 15:45:04,936 - INFO - [3575/6622] Scan: FHTX...
2026-09-05 15:45:06,187 - INFO - [3580/6622] Scan: ACRE...
2026-09-05 15:45:06,881 - WARNING - fx_normalize: MICC statement currency EUR != quote USD but MICC is NOT in the proven table — NOT converting; flagged for review.
2026-09-05 15:45:07,159 - INFO - [3585/6622] Scan: AZO...
2026-09-05 15:45:07,859 - INFO - [3590/6622] Scan: IIIN...
2026-09-05 15:45:08,555 - WARNING - fx_normalize: DOO statement currency CAD != quote USD but DOO is NOT in the proven table — NOT converting; flagged for review.
2026-09-05 15:45:08,827 - INFO - [3595/6622] Scan: GHM...
2026-09-05 15:45:11,034 - INFO - [3600/6622] Scan: CHY...
2026-09-05 15:45:11,719 - WARNING - fx_normalize: EDN statement currency ARS != quote USD but EDN is NOT in the proven table — NOT converting; flagged for review.
2026-09-05 15:45:11,984 - WARNING - fx_normalize: BBAR statement currency ARS != quote USD but BBAR is NOT in the proven table — NOT converting; flagged for review.
2026-09-05 15:45:12,280 - INFO - [3605/6622] Scan: LAFAU...
2026-09-05 15:45:13,440 - INFO - [3610/6622] Scan: LSAK...
2026-09-05 15:45:14,395 - ERROR - HTTP Error 404: {"quoteSummary":{"result":null,"error":{"code":"Not Found","description":"Quote not found for symbol: MAV"}}}
2026-09-05 15:45:14,830 - INFO - [3615/6622] Scan: CSBR...
2026-09-05 15:45:15,960 - INFO - [3620/6622] Scan: AARD...
2026-09-05 15:45:16,651 - INFO - [3625/6622] Scan: PCTTU...
2026-09-05 15:45:17,343 - WARNING - fx_normalize: BBVA statement currency EUR != quote USD but BBVA is NOT in the proven table — NOT converting; flagged for review.
2026-09-05 15:45:17,876 - INFO - [3630/6622] Scan: HIG...
2026-09-05 15:45:19,432 - WARNING - fx_normalize: UCAR statement currency CNY != quote USD but UCAR is NOT in the proven table — NOT converting; flagged for review.
2026-09-05 15:45:20,198 - INFO - [3635/6622] Scan: SCIIR...
2026-09-05 15:45:20,891 - INFO - [3640/6622] Scan: SKK...
2026-09-05 15:45:21,588 - WARNING - fx_normalize: TEO statement currency ARS != quote USD but TEO is NOT in the proven table — NOT converting; flagged for review.
2026-09-05 15:45:21,849 - INFO - [3645/6622] Scan: CYCU...
2026-09-05 15:45:22,539 - INFO - [3650/6622] Scan: IPXGU...
2026-09-05 15:45:23,467 - WARNING - fx_normalize: IX statement currency JPY != quote USD but IX is NOT in the proven table — NOT converting; flagged for review.
2026-09-05 15:45:23,734 - INFO - [3655/6622] Scan: SNDX...
2026-09-05 15:45:24,437 - INFO - [3660/6622] Scan: IPX...
2026-09-05 15:45:26,618 - INFO - [3665/6622] Scan: DDD...
2026-09-05 15:45:27,841 - INFO - [3670/6622] Scan: EEA...
2026-09-05 15:45:29,480 - INFO - [3675/6622] Scan: ADAM...
2026-09-05 15:45:30,417 - ERROR - HTTP Error 404: {"quoteSummary":{"result":null,"error":{"code":"Not Found","description":"Quote not found for symbol: SAC-U"}}}
2026-09-05 15:45:30,843 - WARNING - fx_normalize: AVAL statement currency COP != quote USD but AVAL is NOT in the proven table — NOT converting; flagged for review.
2026-09-05 15:45:31,110 - INFO - [3680/6622] Scan: MTNE-U...
2026-09-05 15:45:31,619 - ERROR - HTTP Error 404: {"quoteSummary":{"result":null,"error":{"code":"Not Found","description":"Quote not found for symbol: MTNE-U"}}}
2026-09-05 15:45:32,983 - WARNING - fx_normalize: MOMO statement currency CNY != quote USD but MOMO is NOT in the proven table — NOT converting; flagged for review.
2026-09-05 15:45:33,272 - INFO - [3685/6622] Scan: LAB...
2026-09-05 15:45:33,962 - INFO - [3690/6622] Scan: KOF...
2026-09-05 15:45:34,228 - WARNING - fx_normalize: KOF statement currency MXN != quote USD but KOF is NOT in the proven table — NOT converting; flagged for review.
2026-09-05 15:45:34,921 - INFO - [3695/6622] Scan: EIX...
2026-09-05 15:45:36,216 - INFO - [3700/6622] Scan: WLACU...
2026-09-05 15:45:36,729 - ERROR - HTTP Error 404: {"quoteSummary":{"result":null,"error":{"code":"Not Found","description":"Quote not found for symbol: WLACU"}}}
2026-09-05 15:45:37,847 - ERROR - HTTP Error 404: {"quoteSummary":{"result":null,"error":{"code":"Not Found","description":"Quote not found for symbol: COPL-U"}}}
2026-09-05 15:45:38,271 - WARNING - fx_normalize: ABVX statement currency EUR != quote USD but ABVX is NOT in the proven table — NOT converting; flagged for review.
2026-09-05 15:45:38,546 - INFO - [3705/6622] Scan: IBRX...
2026-09-05 15:45:39,797 - WARNING - fx_normalize: HITI statement currency CAD != quote USD but HITI is NOT in the proven table — NOT converting; flagged for review.
2026-09-05 15:45:40,065 - INFO - [3710/6622] Scan: ACLX...
2026-09-05 15:45:41,524 - INFO - [3715/6622] Scan: PDD...
2026-09-05 15:45:41,784 - WARNING - fx_normalize: PDD statement currency CNY != quote USD but PDD is NOT in the proven table — NOT converting; flagged for review.
2026-09-05 15:45:42,486 - INFO - [3720/6622] Scan: NOVT...
2026-09-05 15:45:43,184 - WARNING - fx_normalize: CNQ statement currency CAD != quote USD but CNQ is NOT in the proven table — NOT converting; flagged for review.
2026-09-05 15:45:43,446 - INFO - [3725/6622] Scan: FTAIM...
2026-09-05 15:45:44,652 - INFO - [3730/6622] Scan: VOYA...
2026-09-05 15:45:45,792 - INFO - [3735/6622] Scan: OPXS...
2026-09-05 15:45:46,992 - WARNING - fx_normalize: CMCM statement currency CNY != quote USD but CMCM is NOT in the proven table — NOT converting; flagged for review.
2026-09-05 15:45:47,261 - INFO - [3740/6622] Scan: FMY...
2026-09-05 15:45:48,463 - INFO - [3745/6622] Scan: ADAC...
2026-09-05 15:45:49,756 - INFO - [3750/6622] Scan: RXT...
2026-09-05 15:45:50,456 - INFO - [3755/6622] Scan: BRSP...
2026-09-05 15:45:51,154 - INFO - [3760/6622] Scan: STVN...
2026-09-05 15:45:51,415 - WARNING - fx_normalize: STVN statement currency EUR != quote USD but STVN is NOT in the proven table — NOT converting; flagged for review.
2026-09-05 15:45:52,576 - WARNING - fx_normalize: ATHM statement currency CNY != quote USD but ATHM is NOT in the proven table — NOT converting; flagged for review.
2026-09-05 15:45:52,843 - INFO - [3765/6622] Scan: HBIO...
2026-09-05 15:45:54,046 - INFO - [3770/6622] Scan: WAY...
2026-09-05 15:45:55,218 - WARNING - fx_normalize: TME statement currency CNY != quote USD but TME is NOT in the proven table — NOT converting; flagged for review.
2026-09-05 15:45:55,479 - INFO - [3775/6622] Scan: CBRE...
2026-09-05 15:45:56,186 - WARNING - fx_normalize: RERE statement currency CNY != quote USD but RERE is NOT in the proven table — NOT converting; flagged for review.
2026-09-05 15:45:56,455 - INFO - [3780/6622] Scan: EPSN...
2026-09-05 15:45:57,148 - INFO - [3785/6622] Scan: VOD...
2026-09-05 15:45:57,411 - WARNING - fx_normalize: VOD statement currency EUR != quote USD but VOD is NOT in the proven table — NOT converting; flagged for review.
2026-09-05 15:45:58,600 - INFO - [3790/6622] Scan: KRRO...
2026-09-05 15:46:00,324 - INFO - [3795/6622] Scan: ASA...
2026-09-05 15:46:01,597 - INFO - [3800/6622] Scan: SSEA...
2026-09-05 15:46:02,598 - ERROR - HTTP Error 404: {"quoteSummary":{"result":null,"error":{"code":"Not Found","description":"Quote not found for symbol: ELWS"}}}
2026-09-05 15:46:03,024 - INFO - [3805/6622] Scan: PDSB...
2026-09-05 15:46:04,283 - WARNING - fx_normalize: GLE statement currency HKD != quote USD but GLE is NOT in the proven table — NOT converting; flagged for review.
2026-09-05 15:46:04,545 - INFO - [3810/6622] Scan: CUE...
2026-09-05 15:46:05,241 - WARNING - fx_normalize: MDA statement currency CAD != quote USD but MDA is NOT in the proven table — NOT converting; flagged for review.
2026-09-05 15:46:05,993 - INFO - [3815/6622] Scan: LOCL...
2026-09-05 15:46:06,697 - INFO - [3820/6622] Scan: EGHT...
2026-09-05 15:46:07,856 - WARNING - fx_normalize: VCRE statement currency SEK != quote USD but VCRE is NOT in the proven table — NOT converting; flagged for review.
2026-09-05 15:46:08,130 - INFO - [3825/6622] Scan: ARTNA...
2026-09-05 15:46:09,064 - ERROR - HTTP Error 404: {"quoteSummary":{"result":null,"error":{"code":"Not Found","description":"Quote not found for symbol: KRSP-U"}}}
2026-09-05 15:46:09,489 - INFO - [3830/6622] Scan: CINT...
2026-09-05 15:46:10,785 - INFO - [3835/6622] Scan: PECER...
2026-09-05 15:46:11,473 - WARNING - fx_normalize: BMM statement currency CAD != quote USD but BMM is NOT in the proven table — NOT converting; flagged for review.
2026-09-05 15:46:11,743 - INFO - [3840/6622] Scan: RFAIU...
2026-09-05 15:46:12,445 - INFO - [3845/6622] Scan: BSM...
2026-09-05 15:46:13,132 - WARNING - fx_normalize: DRUG statement currency CAD != quote USD but DRUG is NOT in the proven table — NOT converting; flagged for review.
2026-09-05 15:46:13,838 - INFO - [3850/6622] Scan: SAGU-U...
2026-09-05 15:46:14,353 - ERROR - HTTP Error 404: {"quoteSummary":{"result":null,"error":{"code":"Not Found","description":"Quote not found for symbol: SAGU-U"}}}
2026-09-05 15:46:16,038 - ERROR - HTTP Error 404: {"quoteSummary":{"result":null,"error":{"code":"Not Found","description":"Quote not found for symbol: VECA-U"}}}
2026-09-05 15:46:16,463 - INFO - [3855/6622] Scan: GJS...
2026-09-05 15:46:17,152 - WARNING - fx_normalize: BAP statement currency PEN != quote USD but BAP is NOT in the proven table — NOT converting; flagged for review.
2026-09-05 15:46:17,423 - INFO - [3860/6622] Scan: OBIO...
2026-09-05 15:46:19,528 - INFO - [3865/6622] Scan: AFJK...
2026-09-05 15:46:21,665 - INFO - [3870/6622] Scan: CBFV...
2026-09-05 15:46:22,364 - INFO - [3875/6622] Scan: HOOD...
2026-09-05 15:46:23,515 - INFO - [3880/6622] Scan: QNBC...
2026-09-05 15:46:25,249 - INFO - [3885/6622] Scan: TBN...
2026-09-05 15:46:26,400 - WARNING - fx_normalize: RYDE statement currency SGD != quote USD but RYDE is NOT in the proven table — NOT converting; flagged for review.
2026-09-05 15:46:26,907 - INFO - [3890/6622] Scan: PFBC...
2026-09-05 15:46:28,158 - INFO - [3895/6622] Scan: NEA...
2026-09-05 15:46:28,864 - INFO - [3900/6622] Scan: EXEL...
2026-09-05 15:46:29,566 - INFO - [3905/6622] Scan: MYSE...
2026-09-05 15:46:30,767 - WARNING - fx_normalize: PICS statement currency BRL != quote USD but PICS is NOT in the proven table — NOT converting; flagged for review.
2026-09-05 15:46:31,034 - INFO - [3910/6622] Scan: INEO...
2026-09-05 15:46:31,736 - INFO - [3915/6622] Scan: KAZR...
2026-09-05 15:46:33,405 - INFO - [3920/6622] Scan: AGNC...
2026-09-05 15:46:34,114 - WARNING - fx_normalize: VET statement currency CAD != quote USD but VET is NOT in the proven table — NOT converting; flagged for review.
2026-09-05 15:46:34,891 - INFO - [3925/6622] Scan: CNTX...
2026-09-05 15:46:36,502 - INFO - [3930/6622] Scan: DAKT...
2026-09-05 15:46:37,208 - INFO - [3935/6622] Scan: MOLN...
2026-09-05 15:46:37,472 - WARNING - fx_normalize: MOLN statement currency CHF != quote USD but MOLN is NOT in the proven table — NOT converting; flagged for review.
2026-09-05 15:46:38,172 - WARNING - fx_normalize: IMCC statement currency CAD != quote USD but IMCC is NOT in the proven table — NOT converting; flagged for review.
2026-09-05 15:46:38,435 - WARNING - fx_normalize: TRP statement currency CAD != quote USD but TRP is NOT in the proven table — NOT converting; flagged for review.
2026-09-05 15:46:38,705 - INFO - [3940/6622] Scan: MGEE...
2026-09-05 15:46:40,170 - INFO - [3945/6622] Scan: HOPE...
2026-09-05 15:46:40,868 - WARNING - fx_normalize: DDC statement currency CNY != quote USD but DDC is NOT in the proven table — NOT converting; flagged for review.
2026-09-05 15:46:41,130 - INFO - [3950/6622] Scan: BRLS...
2026-09-05 15:46:41,835 - INFO - [3955/6622] Scan: DEFT...
2026-09-05 15:46:42,531 - INFO - [3960/6622] Scan: OFLX...
2026-09-05 15:46:43,231 - WARNING - fx_normalize: SIFY statement currency INR != quote USD but SIFY is NOT in the proven table — NOT converting; flagged for review.
2026-09-05 15:46:43,499 - WARNING - fx_normalize: INTR statement currency BRL != quote USD but INTR is NOT in the proven table — NOT converting; flagged for review.
2026-09-05 15:46:43,766 - INFO - [3965/6622] Scan: TLF...
2026-09-05 15:46:45,415 - WARNING - fx_normalize: KC statement currency CNY != quote USD but KC is NOT in the proven table — NOT converting; flagged for review.
2026-09-05 15:46:45,675 - INFO - [3970/6622] Scan: CUBA...
2026-09-05 15:46:46,199 - ERROR - HTTP Error 404: {"quoteSummary":{"result":null,"error":{"code":"Not Found","description":"Quote not found for symbol: CUBA"}}}
2026-09-05 15:46:47,041 - WARNING - fx_normalize: TDIC statement currency HKD != quote USD but TDIC is NOT in the proven table — NOT converting; flagged for review.
2026-09-05 15:46:47,792 - INFO - [3975/6622] Scan: PSTL...
2026-09-05 15:46:48,500 - INFO - [3980/6622] Scan: XCUR...
2026-09-05 15:46:50,441 - ERROR - HTTP Error 404: {"quoteSummary":{"result":null,"error":{"code":"Not Found","description":"Quote not found for symbol: CIF"}}}
2026-09-05 15:46:50,872 - INFO - [3985/6622] Scan: DLNG...
2026-09-05 15:46:52,045 - INFO - [3990/6622] Scan: BKV...
2026-09-05 15:46:52,997 - ERROR - HTTP Error 404: {"quoteSummary":{"result":null,"error":{"code":"Not Found","description":"Quote not found for symbol: CMU"}}}
2026-09-05 15:46:53,973 - INFO - [3995/6622] Scan: GILD...
2026-09-05 15:46:54,670 - INFO - [4000/6622] Scan: GPRO...
2026-09-05 15:46:55,834 - INFO - [4005/6622] Scan: MH...
2026-09-05 15:46:56,543 - INFO - [4010/6622] Scan: DXYZ...
2026-09-05 15:46:57,580 - ERROR - HTTP Error 404: {"quoteSummary":{"result":null,"error":{"code":"Not Found","description":"Quote not found for symbol: BHLB"}}}
2026-09-05 15:46:58,848 - ERROR - HTTP Error 404: {"quoteSummary":{"result":null,"error":{"code":"Not Found","description":"Quote not found for symbol: BHLB"}}}
2026-09-05 15:46:59,702 - ERROR - $BHLB: possibly delisted; no price data found  (period=2y) (Yahoo error = "No data found, symbol may be delisted")
2026-09-05 15:47:00,487 - INFO - [4015/6622] Scan: ACV...
2026-09-05 15:47:01,712 - INFO - [4020/6622] Scan: UHT...
2026-09-05 15:47:02,421 - INFO - [4025/6622] Scan: FLC...
2026-09-05 15:47:03,122 - INFO - [4030/6622] Scan: AEG...
2026-09-05 15:47:03,383 - WARNING - fx_normalize: AEG statement currency EUR != quote USD but AEG is NOT in the proven table — NOT converting; flagged for review.
2026-09-05 15:47:04,086 - INFO - [4035/6622] Scan: BAFN...
2026-09-05 15:47:05,310 - WARNING - fx_normalize: MAGH statement currency SGD != quote USD but MAGH is NOT in the proven table — NOT converting; flagged for review.
2026-09-05 15:47:05,589 - INFO - [4040/6622] Scan: OPRA...
2026-09-05 15:47:07,266 - INFO - [4045/6622] Scan: ATHE...
2026-09-05 15:47:07,533 - WARNING - fx_normalize: ATHE statement currency AUD != quote USD but ATHE is NOT in the proven table — NOT converting; flagged for review.
2026-09-05 15:47:08,242 - INFO - [4050/6622] Scan: TASK...
2026-09-05 15:47:08,940 - WARNING - fx_normalize: AEC statement currency CAD != quote USD but AEC is NOT in the proven table — NOT converting; flagged for review.
2026-09-05 15:47:09,211 - INFO - [4055/6622] Scan: PANW...
2026-09-05 15:47:09,916 - INFO - [4060/6622] Scan: IPFX...
2026-09-05 15:47:10,615 - INFO - [4065/6622] Scan: LNKS...
2026-09-05 15:47:11,314 - WARNING - fx_normalize: LNKS statement currency MYR != quote USD but LNKS is NOT in the proven table — NOT converting; flagged for review.
2026-09-05 15:47:12,768 - ERROR - HTTP Error 404: {"quoteSummary":{"result":null,"error":{"code":"Not Found","description":"Quote not found for symbol: SAMO-U"}}}
2026-09-05 15:47:14,082 - ERROR - HTTP Error 404: {"quoteSummary":{"result":null,"error":{"code":"Not Found","description":"Quote not found for symbol: SAMO-U"}}}
2026-09-05 15:47:14,895 - ERROR - $SAMO-U: possibly delisted; no price data found  (period=2y) (Yahoo error = "No data found, symbol may be delisted")
2026-09-05 15:47:15,155 - INFO - [4070/6622] Scan: BIOT...
2026-09-05 15:47:15,860 - INFO - [4075/6622] Scan: JOF...
2026-09-05 15:47:16,798 - ERROR - HTTP Error 404: {"quoteSummary":{"result":null,"error":{"code":"Not Found","description":"Quote not found for symbol: RAC-U"}}}
2026-09-05 15:47:17,734 - INFO - [4080/6622] Scan: FBDT...
2026-09-05 15:47:18,447 - INFO - [4085/6622] Scan: LANDP...
2026-09-05 15:47:19,148 - WARNING - fx_normalize: CYD statement currency CNY != quote USD but CYD is NOT in the proven table — NOT converting; flagged for review.
2026-09-05 15:47:19,415 - INFO - [4090/6622] Scan: LCNB...
2026-09-05 15:47:20,113 - WARNING - fx_normalize: JYD statement currency CNY != quote USD but JYD is NOT in the proven table — NOT converting; flagged for review.
2026-09-05 15:47:20,382 - INFO - [4095/6622] Scan: SEVN...
2026-09-05 15:47:22,027 - WARNING - fx_normalize: JEM statement currency HKD != quote USD but JEM is NOT in the proven table — NOT converting; flagged for review.
2026-09-05 15:47:22,295 - INFO - [4100/6622] Scan: CENX...
2026-09-05 15:47:23,603 - INFO - [4105/6622] Scan: YFOR...
2026-09-05 15:47:24,858 - INFO - [4110/6622] Scan: VG...
2026-09-05 15:47:25,560 - INFO - [4115/6622] Scan: ERIE...
2026-09-05 15:47:26,697 - INFO - [4120/6622] Scan: BGS...
2026-09-05 15:47:27,852 - INFO - [4125/6622] Scan: CHKP...
2026-09-05 15:47:29,075 - WARNING - fx_normalize: GIXI statement currency ILS != quote USD but GIXI is NOT in the proven table — NOT converting; flagged for review.
2026-09-05 15:47:29,874 - WARNING - fx_normalize: IQ statement currency CNY != quote USD but IQ is NOT in the proven table — NOT converting; flagged for review.
2026-09-05 15:47:30,145 - INFO - [4130/6622] Scan: GSHD...
2026-09-05 15:47:30,848 - INFO - [4135/6622] Scan: CNET...
2026-09-05 15:47:31,547 - INFO - [4140/6622] Scan: ABUS...
2026-09-05 15:47:33,079 - INFO - [4145/6622] Scan: ONCH...
2026-09-05 15:47:34,261 - INFO - [4150/6622] Scan: SPWH...
2026-09-05 15:47:35,431 - INFO - [4155/6622] Scan: IIF...
2026-09-05 15:47:36,126 - INFO - [4160/6622] Scan: LVLU...
2026-09-05 15:47:37,292 - INFO - [4165/6622] Scan: INACU...
2026-09-05 15:47:37,991 - INFO - [4170/6622] Scan: RCL...
2026-09-05 15:47:39,167 - INFO - [4175/6622] Scan: WW...
2026-09-05 15:47:39,875 - INFO - [4180/6622] Scan: RIGL...
2026-09-05 15:47:40,577 - INFO - [4185/6622] Scan: SIG...
2026-09-05 15:47:41,779 - INFO - [4190/6622] Scan: IDT...
2026-09-05 15:47:43,212 - ERROR - HTTP Error 404: {"quoteSummary":{"result":null,"error":{"code":"Not Found","description":"Quote not found for symbol: PNAQ-U"}}}
2026-09-05 15:47:43,622 - INFO - [4195/6622] Scan: LOPE...
2026-09-05 15:47:44,546 - ERROR - HTTP Error 404: {"quoteSummary":{"result":null,"error":{"code":"Not Found","description":"Quote not found for symbol: PLUN-U"}}}
2026-09-05 15:47:45,417 - INFO - [4200/6622] Scan: CMRC...
2026-09-05 15:47:46,128 - INFO - [4205/6622] Scan: GWAV...
2026-09-05 15:47:47,338 - INFO - [4210/6622] Scan: BWB...
2026-09-05 15:47:48,486 - WARNING - fx_normalize: EMA statement currency CAD != quote USD but EMA is NOT in the proven table — NOT converting; flagged for review.
2026-09-05 15:47:48,755 - INFO - [4215/6622] Scan: INIO...
2026-09-05 15:47:49,959 - WARNING - fx_normalize: MANU statement currency GBP != quote USD but MANU is NOT in the proven table — NOT converting; flagged for review.
2026-09-05 15:47:50,235 - INFO - [4220/6622] Scan: FROG...
2026-09-05 15:47:50,930 - INFO - [4225/6622] Scan: RRBI...
2026-09-05 15:47:51,630 - WARNING - fx_normalize: CIG-C statement currency BRL != quote USD but CIG-C is NOT in the proven table — NOT converting; flagged for review.
2026-09-05 15:47:51,894 - INFO - [4230/6622] Scan: DT...
2026-09-05 15:47:52,600 - INFO - [4235/6622] Scan: OST...
2026-09-05 15:47:53,746 - INFO - [4240/6622] Scan: IQV...
2026-09-05 15:47:54,451 - INFO - [4245/6622] Scan: DEC...
2026-09-05 15:47:55,666 - INFO - [4250/6622] Scan: UVV...
2026-09-05 15:47:56,857 - INFO - [4255/6622] Scan: CYPH...
2026-09-05 15:47:59,459 - INFO - [4260/6622] Scan: BVS...
2026-09-05 15:48:00,603 - INFO - [4265/6622] Scan: BME...
2026-09-05 15:48:01,301 - INFO - [4270/6622] Scan: RACC...
2026-09-05 15:48:02,545 - WARNING - fx_normalize: MINE statement currency CAD != quote USD but MINE is NOT in the proven table — NOT converting; flagged for review.
2026-09-05 15:48:02,812 - INFO - [4275/6622] Scan: BSTZ...
2026-09-05 15:48:04,008 - INFO - [4280/6622] Scan: NUWE...
2026-09-05 15:48:04,711 - WARNING - fx_normalize: CCJ statement currency CAD != quote USD but CCJ is NOT in the proven table — NOT converting; flagged for review.
2026-09-05 15:48:05,495 - WARNING - fx_normalize: WPP statement currency GBP != quote USD but WPP is NOT in the proven table — NOT converting; flagged for review.
2026-09-05 15:48:05,763 - INFO - [4285/6622] Scan: MRNA...
2026-09-05 15:48:06,451 - WARNING - fx_normalize: IPHA statement currency EUR != quote USD but IPHA is NOT in the proven table — NOT converting; flagged for review.
2026-09-05 15:48:06,717 - WARNING - fx_normalize: WETO statement currency CNY != quote USD but WETO is NOT in the proven table — NOT converting; flagged for review.
2026-09-05 15:48:06,985 - INFO - [4290/6622] Scan: LGIH...
2026-09-05 15:48:08,194 - WARNING - fx_normalize: PC statement currency SGD != quote USD but PC is NOT in the proven table — NOT converting; flagged for review.
2026-09-05 15:48:08,469 - INFO - [4295/6622] Scan: BCV...
2026-09-05 15:48:09,714 - INFO - [4300/6622] Scan: FLX...
2026-09-05 15:48:09,978 - WARNING - fx_normalize: FLX statement currency CNY != quote USD but FLX is NOT in the proven table — NOT converting; flagged for review.
2026-09-05 15:48:10,678 - INFO - [4305/6622] Scan: MDB...
2026-09-05 15:48:11,366 - WARNING - fx_normalize: KARO statement currency ZAR != quote USD but KARO is NOT in the proven table — NOT converting; flagged for review.
2026-09-05 15:48:11,635 - INFO - [4310/6622] Scan: SONM...
2026-09-05 15:48:12,861 - INFO - [4315/6622] Scan: MESO...
2026-09-05 15:48:14,082 - INFO - [4320/6622] Scan: MITK...
2026-09-05 15:48:14,786 - INFO - [4325/6622] Scan: SDHC...
2026-09-05 15:48:15,953 - INFO - [4330/6622] Scan: VSA...
2026-09-05 15:48:16,214 - WARNING - fx_normalize: VSA statement currency CNY != quote USD but VSA is NOT in the proven table — NOT converting; flagged for review.
2026-09-05 15:48:16,908 - WARNING - fx_normalize: TOUR statement currency CNY != quote USD but TOUR is NOT in the proven table — NOT converting; flagged for review.
2026-09-05 15:48:18,025 - INFO - [4335/6622] Scan: AGI...
2026-09-05 15:48:19,237 - WARNING - fx_normalize: CPAC statement currency PEN != quote USD but CPAC is NOT in the proven table — NOT converting; flagged for review.
2026-09-05 15:48:19,521 - INFO - [4340/6622] Scan: SGHC...
2026-09-05 15:48:20,870 - INFO - [4345/6622] Scan: RNG...
2026-09-05 15:48:21,579 - INFO - [4350/6622] Scan: YOU...
2026-09-05 15:48:22,793 - WARNING - fx_normalize: BCS statement currency GBP != quote USD but BCS is NOT in the proven table — NOT converting; flagged for review.
2026-09-05 15:48:23,058 - INFO - [4355/6622] Scan: UTG...
2026-09-05 15:48:23,759 - INFO - [4360/6622] Scan: SRFM...
2026-09-05 15:48:24,698 - ERROR - HTTP Error 404: {"quoteSummary":{"result":null,"error":{"code":"Not Found","description":"Quote not found for symbol: MAXN"}}}
2026-09-05 15:48:25,127 - INFO - [4365/6622] Scan: SMHI...
2026-09-05 15:48:25,837 - INFO - [4370/6622] Scan: NHI...
2026-09-05 15:48:26,764 - ERROR - HTTP Error 404: {"quoteSummary":{"result":null,"error":{"code":"Not Found","description":"Quote not found for symbol: SOUL-U"}}}
2026-09-05 15:48:27,183 - WARNING - fx_normalize: MTLS statement currency EUR != quote USD but MTLS is NOT in the proven table — NOT converting; flagged for review.
2026-09-05 15:48:27,703 - ERROR - HTTP Error 404: {"quoteSummary":{"result":null,"error":{"code":"Not Found","description":"Quote not found for symbol: FGXCU"}}}
2026-09-05 15:48:28,119 - INFO - [4375/6622] Scan: KNF...
2026-09-05 15:48:28,824 - INFO - [4380/6622] Scan: ETX...
2026-09-05 15:48:30,021 - INFO - [4385/6622] Scan: CURI...
2026-09-05 15:48:31,279 - INFO - [4390/6622] Scan: MOV...
2026-09-05 15:48:31,986 - INFO - [4395/6622] Scan: AXG...
2026-09-05 15:48:32,689 - INFO - [4400/6622] Scan: TKR...
2026-09-05 15:48:33,394 - WARNING - fx_normalize: HEPS statement currency TRY != quote USD but HEPS is NOT in the proven table — NOT converting; flagged for review.
2026-09-05 15:48:33,658 - INFO - [4405/6622] Scan: JONE...
2026-09-05 15:48:34,586 - ERROR - HTTP Error 404: {"quoteSummary":{"result":null,"error":{"code":"Not Found","description":"Quote not found for symbol: OPT"}}}
2026-09-05 15:48:35,003 - INFO - [4410/6622] Scan: LGL...
2026-09-05 15:48:36,200 - WARNING - fx_normalize: NGG statement currency GBP != quote USD but NGG is NOT in the proven table — NOT converting; flagged for review.
2026-09-05 15:48:36,475 - INFO - [4415/6622] Scan: CODA...
2026-09-05 15:48:37,719 - INFO - [4420/6622] Scan: EDHL...
2026-09-05 15:48:38,912 - INFO - [4425/6622] Scan: EVGO...
2026-09-05 15:48:40,068 - INFO - [4430/6622] Scan: ALLR...
2026-09-05 15:48:40,781 - INFO - [4435/6622] Scan: CPF...
2026-09-05 15:48:41,709 - ERROR - HTTP Error 404: {"quoteSummary":{"result":null,"error":{"code":"Not Found","description":"Quote not found for symbol: TRAD-U"}}}
2026-09-05 15:48:42,368 - ERROR - HTTP Error 404: {"quoteSummary":{"result":null,"error":{"code":"Not Found","description":"Quote not found for symbol: KCA-U"}}}
2026-09-05 15:48:43,333 - WARNING - fx_normalize: ENRD statement currency SEK != quote USD but ENRD is NOT in the proven table — NOT converting; flagged for review.
2026-09-05 15:48:43,595 - INFO - [4440/6622] Scan: ATRA...
2026-09-05 15:48:44,539 - ERROR - HTTP Error 404: {"quoteSummary":{"result":null,"error":{"code":"Not Found","description":"Quote not found for symbol: QRED-U"}}}
2026-09-05 15:48:45,835 - ERROR - HTTP Error 404: {"quoteSummary":{"result":null,"error":{"code":"Not Found","description":"Quote not found for symbol: QRED-U"}}}
2026-09-05 15:48:46,674 - ERROR - $QRED-U: possibly delisted; no price data found  (period=2y) (Yahoo error = "No data found, symbol may be delisted")
2026-09-05 15:48:46,941 - INFO - [4445/6622] Scan: KTTA...
2026-09-05 15:48:47,649 - WARNING - fx_normalize: SONY statement currency JPY != quote USD but SONY is NOT in the proven table — NOT converting; flagged for review.
2026-09-05 15:48:47,913 - INFO - [4450/6622] Scan: CGO...
2026-09-05 15:48:49,125 - WARNING - fx_normalize: LU statement currency CNY != quote USD but LU is NOT in the proven table — NOT converting; flagged for review.
2026-09-05 15:48:49,388 - INFO - [4455/6622] Scan: IMNN...
2026-09-05 15:48:50,313 - ERROR - HTTP Error 404: {"quoteSummary":{"result":null,"error":{"code":"Not Found","description":"Quote not found for symbol: JPI"}}}
2026-09-05 15:48:50,745 - INFO - [4460/6622] Scan: SIGI...
2026-09-05 15:48:51,987 - INFO - [4465/6622] Scan: CMPR...
2026-09-05 15:48:52,682 - WARNING - fx_normalize: EVTL statement currency GBP != quote USD but EVTL is NOT in the proven table — NOT converting; flagged for review.
2026-09-05 15:48:52,956 - INFO - [4470/6622] Scan: ASTH...
2026-09-05 15:48:53,877 - ERROR - HTTP Error 404: {"quoteSummary":{"result":null,"error":{"code":"Not Found","description":"Quote not found for symbol: BEBE-U"}}}
2026-09-05 15:48:54,816 - WARNING - fx_normalize: NOK statement currency EUR != quote USD but NOK is NOT in the proven table — NOT converting; flagged for review.
2026-09-05 15:48:55,315 - ERROR - HTTP Error 404: {"quoteSummary":{"result":null,"error":{"code":"Not Found","description":"Quote not found for symbol: FCRS-U"}}}
2026-09-05 15:48:56,512 - ERROR - HTTP Error 404: {"quoteSummary":{"result":null,"error":{"code":"Not Found","description":"Quote not found for symbol: FCRS-U"}}}
2026-09-05 15:48:57,419 - ERROR - $FCRS-U: possibly delisted; no price data found  (period=2y) (Yahoo error = "No data found, symbol may be delisted")
2026-09-05 15:48:57,691 - INFO - [4475/6622] Scan: SOHU...
2026-09-05 15:48:58,381 - INFO - [4480/6622] Scan: TRC...
2026-09-05 15:49:00,071 - INFO - [4485/6622] Scan: FAC...
2026-09-05 15:49:00,776 - INFO - [4490/6622] Scan: IMNM...
2026-09-05 15:49:01,945 - INFO - [4495/6622] Scan: SNPS...
2026-09-05 15:49:03,155 - INFO - [4500/6622] Scan: HY...
2026-09-05 15:49:05,384 - INFO - [4505/6622] Scan: LTRX...
2026-09-05 15:49:06,558 - INFO - [4510/6622] Scan: BCRX...
2026-09-05 15:49:08,293 - WARNING - fx_normalize: LRE statement currency JPY != quote USD but LRE is NOT in the proven table — NOT converting; flagged for review.
2026-09-05 15:49:08,567 - INFO - [4515/6622] Scan: PARA...
2026-09-05 15:49:09,274 - INFO - [4520/6622] Scan: VAI...
2026-09-05 15:49:09,974 - INFO - [4525/6622] Scan: CAPL...
2026-09-05 15:49:10,678 - INFO - [4530/6622] Scan: AMRX...
2026-09-05 15:49:11,383 - INFO - [4535/6622] Scan: GDOT...
2026-09-05 15:49:12,970 - INFO - [4540/6622] Scan: FAST...
2026-09-05 15:49:13,669 - INFO - [4545/6622] Scan: GPOR...
2026-09-05 15:49:14,961 - WARNING - fx_normalize: CVE statement currency CAD != quote USD but CVE is NOT in the proven table — NOT converting; flagged for review.
2026-09-05 15:49:15,229 - WARNING - fx_normalize: MWC statement currency JPY != quote USD but MWC is NOT in the proven table — NOT converting; flagged for review.
2026-09-05 15:49:15,502 - INFO - [4550/6622] Scan: VACI...
2026-09-05 15:49:16,421 - ERROR - HTTP Error 404: {"quoteSummary":{"result":null,"error":{"code":"Not Found","description":"Quote not found for symbol: VACI-U"}}}
2026-09-05 15:49:16,861 - INFO - [4555/6622] Scan: RCEL...
2026-09-05 15:49:18,004 - INFO - [4560/6622] Scan: CWBC...
2026-09-05 15:49:18,704 - INFO - [4565/6622] Scan: ELA...
2026-09-05 15:49:19,435 - WARNING - fx_normalize: ATAT some statement periods lack qualifying FX windows — those values are None, see FX.rates.
2026-09-05 15:49:19,710 - INFO - [4570/6622] Scan: SAFX...
2026-09-05 15:49:21,417 - INFO - [4575/6622] Scan: JTAI...
2026-09-05 15:49:22,560 - WARNING - fx_normalize: UK statement currency CNY != quote USD but UK is NOT in the proven table — NOT converting; flagged for review.
2026-09-05 15:49:23,288 - INFO - [4580/6622] Scan: STKS...
2026-09-05 15:49:23,980 - INFO - [4585/6622] Scan: EXR...
2026-09-05 15:49:24,682 - INFO - [4590/6622] Scan: LOOP...
2026-09-05 15:49:25,369 - WARNING - fx_normalize: OPTH statement currency CAD != quote USD but OPTH is NOT in the proven table — NOT converting; flagged for review.
2026-09-05 15:49:25,637 - INFO - [4595/6622] Scan: LSTR...
2026-09-05 15:49:26,329 - WARNING - fx_normalize: CHA statement currency CNY != quote USD but CHA is NOT in the proven table — NOT converting; flagged for review.
2026-09-05 15:49:26,592 - INFO - [4600/6622] Scan: QSR...
2026-09-05 15:49:27,796 - INFO - [4605/6622] Scan: PSHG...
2026-09-05 15:49:29,474 - INFO - [4610/6622] Scan: WD...
2026-09-05 15:49:30,177 - WARNING - fx_normalize: VIV statement currency BRL != quote USD but VIV is NOT in the proven table — NOT converting; flagged for review.
2026-09-05 15:49:30,452 - INFO - [4615/6622] Scan: ACT...
2026-09-05 15:49:31,153 - WARNING - fx_normalize: AIFU statement currency CNY != quote USD but AIFU is NOT in the proven table — NOT converting; flagged for review.
2026-09-05 15:49:31,417 - INFO - [4620/6622] Scan: J...
2026-09-05 15:49:33,353 - INFO - [4625/6622] Scan: WHLRD...
2026-09-05 15:49:34,536 - INFO - [4630/6622] Scan: XGN...
2026-09-05 15:49:35,244 - INFO - [4635/6622] Scan: VNCE...
2026-09-05 15:49:36,576 - ERROR - HTTP Error 404: {"quoteSummary":{"result":null,"error":{"code":"Not Found","description":"Quote not found for symbol: GNFT"}}}
2026-09-05 15:49:37,015 - INFO - [4640/6622] Scan: XTERU...
2026-09-05 15:49:37,709 - INFO - [4645/6622] Scan: VTSI...
2026-09-05 15:49:38,843 - INFO - [4650/6622] Scan: PDT...
2026-09-05 15:49:40,016 - INFO - [4655/6622] Scan: QUMS...
2026-09-05 15:49:41,602 - WARNING - fx_normalize: TSAT statement currency CAD != quote USD but TSAT is NOT in the proven table — NOT converting; flagged for review.
2026-09-05 15:49:41,878 - INFO - [4660/6622] Scan: SKHY...
2026-09-05 15:49:42,138 - WARNING - fx_normalize: SKHY statement currency KRW != quote USD but SKHY is NOT in the proven table — NOT converting; flagged for review.
2026-09-05 15:49:43,307 - WARNING - fx_normalize: GOTU statement currency CNY != quote USD but GOTU is NOT in the proven table — NOT converting; flagged for review.
2026-09-05 15:49:44,050 - INFO - [4665/6622] Scan: DUOT...
2026-09-05 15:49:44,744 - INFO - [4670/6622] Scan: LGN...
2026-09-05 15:49:45,924 - INFO - [4675/6622] Scan: BRUN...
2026-09-05 15:49:46,622 - INFO - [4680/6622] Scan: TR...
2026-09-05 15:49:47,557 - ERROR - HTTP Error 404: {"quoteSummary":{"result":null,"error":{"code":"Not Found","description":"Quote not found for symbol: LC"}}}
2026-09-05 15:49:47,979 - INFO - [4685/6622] Scan: CCHH...
2026-09-05 15:49:48,660 - WARNING - fx_normalize: SMJF statement currency SGD != quote USD but SMJF is NOT in the proven table — NOT converting; flagged for review.
2026-09-05 15:49:48,933 - INFO - [4690/6622] Scan: CMCT...
2026-09-05 15:49:49,634 - INFO - [4695/6622] Scan: CGEM...
2026-09-05 15:49:50,828 - WARNING - fx_normalize: OBE statement currency CAD != quote USD but OBE is NOT in the proven table — NOT converting; flagged for review.
2026-09-05 15:49:51,093 - INFO - [4700/6622] Scan: HSDT...
2026-09-05 15:49:51,805 - INFO - [4705/6622] Scan: OFS...
2026-09-05 15:49:52,726 - ERROR - HTTP Error 404: {"quoteSummary":{"result":null,"error":{"code":"Not Found","description":"Quote not found for symbol: MIO"}}}
2026-09-05 15:49:53,813 - ERROR - HTTP Error 404: {"quoteSummary":{"result":null,"error":{"code":"Not Found","description":"Quote not found for symbol: MIO"}}}
2026-09-05 15:49:54,691 - ERROR - $MIO: possibly delisted; no price data found  (period=2y) (Yahoo error = "No data found, symbol may be delisted")
2026-09-05 15:49:54,956 - INFO - [4710/6622] Scan: ADGM...
2026-09-05 15:49:55,641 - WARNING - fx_normalize: SLI statement currency CAD != quote USD but SLI is NOT in the proven table — NOT converting; flagged for review.
2026-09-05 15:49:55,912 - INFO - [4715/6622] Scan: SPWR...
2026-09-05 15:49:57,082 - INFO - [4720/6622] Scan: ENLT...
2026-09-05 15:49:57,774 - INFO - [4725/6622] Scan: CRNT...
2026-09-05 15:49:58,457 - INFO - [4730/6622] Scan: BKHAR...
2026-09-05 15:49:59,591 - INFO - [4735/6622] Scan: ACGC...
2026-09-05 15:50:00,748 - INFO - [4740/6622] Scan: DSWL...
2026-09-05 15:50:01,943 - INFO - [4745/6622] Scan: ESHAR...
2026-09-05 15:50:03,400 - INFO - [4750/6622] Scan: SSYS...
2026-09-05 15:50:04,562 - INFO - [4755/6622] Scan: ARBB...
2026-09-05 15:50:04,823 - WARNING - fx_normalize: ARBB statement currency MYR != quote USD but ARBB is NOT in the proven table — NOT converting; flagged for review.
2026-09-05 15:50:06,032 - WARNING - fx_normalize: SOGP statement currency CNY != quote USD but SOGP is NOT in the proven table — NOT converting; flagged for review.
2026-09-05 15:50:06,294 - INFO - [4760/6622] Scan: EDU...
2026-09-05 15:50:07,463 - INFO - [4765/6622] Scan: IACQ...
2026-09-05 15:50:08,649 - INFO - [4770/6622] Scan: FLYE...
2026-09-05 15:50:09,586 - ERROR - HTTP Error 404: {"quoteSummary":{"result":null,"error":{"code":"Not Found","description":"Quote not found for symbol: NWAX-U"}}}
2026-09-05 15:50:10,016 - INFO - [4775/6622] Scan: HCMAU...
2026-09-05 15:50:11,227 - INFO - [4780/6622] Scan: NATL...
2026-09-05 15:50:11,928 - WARNING - fx_normalize: LX statement currency CNY != quote USD but LX is NOT in the proven table — NOT converting; flagged for review.
2026-09-05 15:50:12,188 - INFO - [4785/6622] Scan: NEWP...
2026-09-05 15:50:12,899 - INFO - [4790/6622] Scan: EH...
2026-09-05 15:50:13,168 - WARNING - fx_normalize: EH statement currency CNY != quote USD but EH is NOT in the proven table — NOT converting; flagged for review.
2026-09-05 15:50:14,115 - ERROR - HTTP Error 404: {"quoteSummary":{"result":null,"error":{"code":"Not Found","description":"Quote not found for symbol: FTRA-U"}}}
2026-09-05 15:50:14,614 - INFO - [4795/6622] Scan: FMX...
2026-09-05 15:50:15,349 - INFO - [4800/6622] Scan: GTX...
2026-09-05 15:50:16,624 - WARNING - fx_normalize: FURY statement currency CAD != quote USD but FURY is NOT in the proven table — NOT converting; flagged for review.
2026-09-05 15:50:16,895 - INFO - [4805/6622] Scan: MRNO...
2026-09-05 15:50:17,158 - WARNING - fx_normalize: MRNO statement currency MXN != quote USD but MRNO is NOT in the proven table — NOT converting; flagged for review.
2026-09-05 15:50:18,359 - WARNING - fx_normalize: ELPC statement currency BRL != quote USD but ELPC is NOT in the proven table — NOT converting; flagged for review.
2026-09-05 15:50:18,624 - INFO - [4810/6622] Scan: ARBE...
2026-09-05 15:50:19,329 - INFO - [4815/6622] Scan: TAK...
2026-09-05 15:50:19,592 - WARNING - fx_normalize: TAK statement currency JPY != quote USD but TAK is NOT in the proven table — NOT converting; flagged for review.
2026-09-05 15:50:20,288 - INFO - [4820/6622] Scan: OXLCN...
2026-09-05 15:50:20,987 - WARNING - fx_normalize: SLF statement currency CAD != quote USD but SLF is NOT in the proven table — NOT converting; flagged for review.
2026-09-05 15:50:21,259 - INFO - [4825/6622] Scan: RMMZ...
2026-09-05 15:50:21,957 - INFO - [4830/6622] Scan: TCBK...
2026-09-05 15:50:22,924 - ERROR - HTTP Error 404: {"quoteSummary":{"result":null,"error":{"code":"Not Found","description":"Quote not found for symbol: YCY-U"}}}
2026-09-05 15:50:23,880 - INFO - [4835/6622] Scan: HELP...
2026-09-05 15:50:24,143 - WARNING - fx_normalize: HELP statement currency CAD != quote USD but HELP is NOT in the proven table — NOT converting; flagged for review.
2026-09-05 15:50:25,320 - INFO - [4840/6622] Scan: DKS...
2026-09-05 15:50:26,029 - INFO - [4845/6622] Scan: NXP...
2026-09-05 15:50:26,719 - WARNING - fx_normalize: INTJ statement currency HKD != quote USD but INTJ is NOT in the proven table — NOT converting; flagged for review.
2026-09-05 15:50:26,984 - WARNING - fx_normalize: HLN statement currency GBP != quote USD but HLN is NOT in the proven table — NOT converting; flagged for review.
2026-09-05 15:50:27,745 - INFO - [4850/6622] Scan: NMRK...
2026-09-05 15:50:28,435 - WARNING - fx_normalize: SBSW statement currency ZAR != quote USD but SBSW is NOT in the proven table — NOT converting; flagged for review.
2026-09-05 15:50:28,941 - ERROR - HTTP Error 404: {"quoteSummary":{"result":null,"error":{"code":"Not Found","description":"Quote not found for symbol: EVAC-U"}}}
2026-09-05 15:50:29,370 - INFO - [4855/6622] Scan: STC...
2026-09-05 15:50:30,560 - WARNING - fx_normalize: HOVR statement currency CAD != quote USD but HOVR is NOT in the proven table — NOT converting; flagged for review.
2026-09-05 15:50:30,840 - INFO - [4860/6622] Scan: PCRX...
2026-09-05 15:50:31,551 - INFO - [4865/6622] Scan: LXRX...
2026-09-05 15:50:33,283 - INFO - [4870/6622] Scan: HAVAU...
2026-09-05 15:50:33,985 - INFO - [4875/6622] Scan: SWMR...
2026-09-05 15:50:35,131 - INFO - [4880/6622] Scan: AGEN...
2026-09-05 15:50:36,322 - INFO - [4885/6622] Scan: SRZN...
2026-09-05 15:50:37,033 - INFO - [4890/6622] Scan: BMRC...
2026-09-05 15:50:37,735 - INFO - [4895/6622] Scan: GCGR...
2026-09-05 15:50:38,439 - INFO - [4900/6622] Scan: FIGS...
2026-09-05 15:50:39,153 - INFO - [4905/6622] Scan: KSS...
2026-09-05 15:50:40,650 - INFO - [4910/6622] Scan: AR...
2026-09-05 15:50:42,073 - ERROR - HTTP Error 404: {"quoteSummary":{"result":null,"error":{"code":"Not Found","description":"Quote not found for symbol: EWCZ"}}}
2026-09-05 15:50:42,510 - INFO - [4915/6622] Scan: KALA...
2026-09-05 15:50:43,202 - WARNING - fx_normalize: CDLR statement currency EUR != quote USD but CDLR is NOT in the proven table — NOT converting; flagged for review.
2026-09-05 15:50:43,472 - INFO - [4920/6622] Scan: SVRN...
2026-09-05 15:50:45,192 - INFO - [4925/6622] Scan: NCTY...
2026-09-05 15:50:45,927 - WARNING - fx_normalize: NCTY statement currency CNY != quote USD but NCTY is NOT in the proven table — NOT converting; flagged for review.
2026-09-05 15:50:47,101 - WARNING - fx_normalize: STNE statement currency BRL != quote USD but STNE is NOT in the proven table — NOT converting; flagged for review.
2026-09-05 15:50:47,379 - WARNING - fx_normalize: SUZ statement currency BRL != quote USD but SUZ is NOT in the proven table — NOT converting; flagged for review.
2026-09-05 15:50:47,644 - INFO - [4930/6622] Scan: CCEL...
2026-09-05 15:50:49,126 - ERROR - HTTP Error 404: {"quoteSummary":{"result":null,"error":{"code":"Not Found","description":"Quote not found for symbol: MHI"}}}
2026-09-05 15:50:49,549 - INFO - [4935/6622] Scan: HRTX...
2026-09-05 15:50:50,882 - INFO - [4940/6622] Scan: APOG...
2026-09-05 15:50:52,058 - WARNING - fx_normalize: NMR statement currency JPY != quote USD but NMR is NOT in the proven table — NOT converting; flagged for review.
2026-09-05 15:50:52,320 - INFO - [4945/6622] Scan: CRD-B...
2026-09-05 15:50:54,025 - INFO - [4950/6622] Scan: RILYP...
2026-09-05 15:50:54,727 - INFO - [4955/6622] Scan: FCBM...
2026-09-05 15:50:55,439 - INFO - [4960/6622] Scan: NG...
2026-09-05 15:50:56,368 - ERROR - HTTP Error 404: {"quoteSummary":{"result":null,"error":{"code":"Not Found","description":"Quote not found for symbol: FCO"}}}
2026-09-05 15:50:56,797 - WARNING - fx_normalize: PAYP statement currency JPY != quote USD but PAYP is NOT in the proven table — NOT converting; flagged for review.
2026-09-05 15:50:57,064 - INFO - [4965/6622] Scan: QNST...
2026-09-05 15:50:57,753 - WARNING - fx_normalize: TBBB statement currency MXN != quote USD but TBBB is NOT in the proven table — NOT converting; flagged for review.
2026-09-05 15:50:58,507 - INFO - [4970/6622] Scan: IDAI...
2026-09-05 15:50:59,729 - WARNING - fx_normalize: NA statement currency CNY != quote USD but NA is NOT in the proven table — NOT converting; flagged for review.
2026-09-05 15:50:59,989 - INFO - [4975/6622] Scan: ORI...
2026-09-05 15:51:00,685 - INFO - [4980/6622] Scan: ONBPO...
2026-09-05 15:51:01,384 - INFO - [4985/6622] Scan: XLAB...
2026-09-05 15:51:03,109 - INFO - [4990/6622] Scan: CRCL...
2026-09-05 15:51:04,444 - INFO - [4995/6622] Scan: ARQT...
2026-09-05 15:51:05,162 - INFO - [5000/6622] Scan: ADBT...
2026-09-05 15:51:05,872 - INFO - [5005/6622] Scan: CG...
2026-09-05 15:51:07,138 - INFO - [5010/6622] Scan: RIVN...
2026-09-05 15:51:07,861 - INFO - [5015/6622] Scan: EGHAU...
2026-09-05 15:51:09,511 - INFO - [5020/6622] Scan: ENGN...
2026-09-05 15:51:11,141 - INFO - [5025/6622] Scan: NTCT...
2026-09-05 15:51:12,284 - INFO - [5030/6622] Scan: GLIBK...
2026-09-05 15:51:13,500 - INFO - [5035/6622] Scan: HNVR...
2026-09-05 15:51:14,212 - WARNING - fx_normalize: FXHO statement currency CNY != quote USD but FXHO is NOT in the proven table — NOT converting; flagged for review.
2026-09-05 15:51:14,479 - INFO - [5040/6622] Scan: FRSH...
2026-09-05 15:51:15,641 - INFO - [5045/6622] Scan: VICR...
2026-09-05 15:51:16,345 - INFO - [5050/6622] Scan: PAXS...
2026-09-05 15:51:17,512 - INFO - [5055/6622] Scan: COMP...
2026-09-05 15:51:19,753 - INFO - [5060/6622] Scan: BH-A...
2026-09-05 15:51:21,384 - INFO - [5065/6622] Scan: R...
2026-09-05 15:51:22,508 - INFO - [5070/6622] Scan: SOCAU...
2026-09-05 15:51:23,210 - INFO - [5075/6622] Scan: BHF...
2026-09-05 15:51:24,166 - INFO - [5080/6622] Scan: MITP...
2026-09-05 15:51:25,532 - ERROR - HTTP Error 404: {"quoteSummary":{"result":null,"error":{"code":"Not Found","description":"Quote not found for symbol: CHN"}}}
2026-09-05 15:51:25,957 - INFO - [5085/6622] Scan: CORT...
2026-09-05 15:51:27,614 - INFO - [5090/6622] Scan: ENHA...
2026-09-05 15:51:28,309 - WARNING - fx_normalize: IMRN statement currency AUD != quote USD but IMRN is NOT in the proven table — NOT converting; flagged for review.
2026-09-05 15:51:28,584 - WARNING - fx_normalize: ELLO statement currency EUR != quote USD but ELLO is NOT in the proven table — NOT converting; flagged for review.
2026-09-05 15:51:28,853 - INFO - [5095/6622] Scan: PONOR...
2026-09-05 15:51:29,774 - ERROR - HTTP Error 404: {"quoteSummary":{"result":null,"error":{"code":"Not Found","description":"Quote not found for symbol: AAC-U"}}}
2026-09-05 15:51:30,851 - INFO - [5100/6622] Scan: CLVT...
2026-09-05 15:51:31,552 - INFO - [5105/6622] Scan: LAND...
2026-09-05 15:51:32,734 - INFO - [5110/6622] Scan: ASPI...
2026-09-05 15:51:33,947 - INFO - [5115/6622] Scan: BXBL...
2026-09-05 15:51:34,661 - INFO - [5120/6622] Scan: ONON...
2026-09-05 15:51:34,923 - WARNING - fx_normalize: ONON statement currency CHF != quote USD but ONON is NOT in the proven table — NOT converting; flagged for review.
2026-09-05 15:51:35,622 - INFO - [5125/6622] Scan: EFX...
2026-09-05 15:51:36,325 - INFO - [5130/6622] Scan: PCAR...
2026-09-05 15:51:37,507 - INFO - [5135/6622] Scan: HUBB...
2026-09-05 15:51:38,218 - WARNING - fx_normalize: TURB statement currency EUR != quote USD but TURB is NOT in the proven table — NOT converting; flagged for review.
2026-09-05 15:51:38,481 - INFO - [5140/6622] Scan: CAAS...
2026-09-05 15:51:40,055 - WARNING - fx_normalize: IFRX statement currency EUR != quote USD but IFRX is NOT in the proven table — NOT converting; flagged for review.
2026-09-05 15:51:40,326 - INFO - [5145/6622] Scan: GROY...
2026-09-05 15:51:41,276 - INFO - [5150/6622] Scan: PLUT...
2026-09-05 15:51:41,540 - WARNING - fx_normalize: PLUT statement currency HKD != quote USD but PLUT is NOT in the proven table — NOT converting; flagged for review.
2026-09-05 15:51:42,241 - INFO - [5155/6622] Scan: KELYA...
2026-09-05 15:51:43,534 - WARNING - fx_normalize: SPPL statement currency SGD != quote USD but SPPL is NOT in the proven table — NOT converting; flagged for review.
2026-09-05 15:51:43,798 - INFO - [5160/6622] Scan: NSAIU...
2026-09-05 15:51:44,485 - WARNING - fx_normalize: IFS statement currency PEN != quote USD but IFS is NOT in the proven table — NOT converting; flagged for review.
2026-09-05 15:51:45,298 - INFO - [5165/6622] Scan: CATO...
2026-09-05 15:51:46,472 - INFO - [5170/6622] Scan: PRSU...
2026-09-05 15:51:47,171 - INFO - [5175/6622] Scan: MLCO...
2026-09-05 15:51:47,872 - INFO - [5180/6622] Scan: RL...
2026-09-05 15:51:48,570 - INFO - [5185/6622] Scan: JHI...
2026-09-05 15:51:49,272 - WARNING - fx_normalize: BCE statement currency CAD != quote USD but BCE is NOT in the proven table — NOT converting; flagged for review.
2026-09-05 15:51:49,534 - INFO - [5190/6622] Scan: EVGN...
2026-09-05 15:51:50,220 - WARNING - fx_normalize: RELX statement currency GBP != quote USD but RELX is NOT in the proven table — NOT converting; flagged for review.
2026-09-05 15:51:50,497 - INFO - [5195/6622] Scan: DTSQU...
2026-09-05 15:51:51,196 - WARNING - fx_normalize: NCI statement currency HKD != quote USD but NCI is NOT in the proven table — NOT converting; flagged for review.
2026-09-05 15:51:51,468 - WARNING - fx_normalize: UGP statement currency BRL != quote USD but UGP is NOT in the proven table — NOT converting; flagged for review.
2026-09-05 15:51:51,729 - INFO - [5200/6622] Scan: CDRO...
2026-09-05 15:51:51,990 - WARNING - fx_normalize: CDRO statement currency EUR != quote USD but CDRO is NOT in the proven table — NOT converting; flagged for review.
2026-09-05 15:51:53,220 - INFO - [5205/6622] Scan: KURA...
2026-09-05 15:51:53,924 - WARNING - fx_normalize: SRAD statement currency EUR != quote USD but SRAD is NOT in the proven table — NOT converting; flagged for review.
2026-09-05 15:51:54,186 - INFO - [5210/6622] Scan: VHCPU...
2026-09-05 15:51:54,877 - INFO - [5215/6622] Scan: ITG...
2026-09-05 15:51:56,068 - WARNING - fx_normalize: STN statement currency CAD != quote USD but STN is NOT in the proven table — NOT converting; flagged for review.
2026-09-05 15:51:56,347 - INFO - [5220/6622] Scan: CURB...
2026-09-05 15:51:57,047 - INFO - [5225/6622] Scan: SUGP...
2026-09-05 15:51:57,783 - WARNING - fx_normalize: SUGP statement currency HKD != quote USD but SUGP is NOT in the proven table — NOT converting; flagged for review.
2026-09-05 15:51:58,755 - INFO - [5230/6622] Scan: NXTT...
2026-09-05 15:51:59,455 - INFO - [5235/6622] Scan: CRAI...
2026-09-05 15:52:00,158 - INFO - [5240/6622] Scan: MSLE...
2026-09-05 15:52:01,353 - INFO - [5245/6622] Scan: SABS...
2026-09-05 15:52:02,064 - INFO - [5250/6622] Scan: ELUT...
2026-09-05 15:52:02,757 - WARNING - fx_normalize: THH statement currency JPY != quote USD but THH is NOT in the proven table — NOT converting; flagged for review.
2026-09-05 15:52:03,534 - INFO - [5255/6622] Scan: SMTC...
2026-09-05 15:52:04,461 - ERROR - HTTP Error 404: {"quoteSummary":{"result":null,"error":{"code":"Not Found","description":"Quote not found for symbol: JENA-U"}}}
2026-09-05 15:52:05,834 - ERROR - HTTP Error 404: {"quoteSummary":{"result":null,"error":{"code":"Not Found","description":"Quote not found for symbol: JENA-U"}}}
2026-09-05 15:52:06,699 - ERROR - $JENA-U: possibly delisted; no price data found  (period=2y) (Yahoo error = "No data found, symbol may be delisted")
2026-09-05 15:52:08,019 - INFO - [5260/6622] Scan: WRD...
2026-09-05 15:52:08,283 - WARNING - fx_normalize: WRD statement currency CNY != quote USD but WRD is NOT in the proven table — NOT converting; flagged for review.
2026-09-05 15:52:09,482 - INFO - [5265/6622] Scan: IGI...
2026-09-05 15:52:10,412 - ERROR - HTTP Error 404: {"quoteSummary":{"result":null,"error":{"code":"Not Found","description":"Quote not found for symbol: MTAL-U"}}}
2026-09-05 15:52:11,242 - INFO - [5270/6622] Scan: PSIX...
2026-09-05 15:52:12,944 - WARNING - fx_normalize: LKFT statement currency EUR != quote USD but LKFT is NOT in the proven table — NOT converting; flagged for review.
2026-09-05 15:52:13,219 - INFO - [5275/6622] Scan: REX...
2026-09-05 15:52:14,359 - INFO - [5280/6622] Scan: FLUT...
2026-09-05 15:52:16,001 - INFO - [5285/6622] Scan: BXMT...
2026-09-05 15:52:16,701 - INFO - [5290/6622] Scan: PRE...
2026-09-05 15:52:17,401 - INFO - [5295/6622] Scan: VERI...
2026-09-05 15:52:18,110 - INFO - [5300/6622] Scan: GROW...
2026-09-05 15:52:19,339 - INFO - [5305/6622] Scan: RZLT...
2026-09-05 15:52:20,524 - INFO - [5310/6622] Scan: PAGS...
2026-09-05 15:52:20,789 - WARNING - fx_normalize: PAGS statement currency BRL != quote USD but PAGS is NOT in the proven table — NOT converting; flagged for review.
2026-09-05 15:52:22,494 - INFO - [5315/6622] Scan: BNT...
2026-09-05 15:52:24,121 - INFO - [5320/6622] Scan: HUMA...
2026-09-05 15:52:25,312 - INFO - [5325/6622] Scan: CLOV...
2026-09-05 15:52:26,559 - INFO - [5330/6622] Scan: LESL...
2026-09-05 15:52:27,260 - INFO - [5335/6622] Scan: AVTR...
2026-09-05 15:52:28,444 - INFO - [5340/6622] Scan: ROOT...
2026-09-05 15:52:29,649 - INFO - [5345/6622] Scan: LLYVK...
2026-09-05 15:52:31,456 - ERROR - HTTP Error 404: {"quoteSummary":{"result":null,"error":{"code":"Not Found","description":"Quote not found for symbol: FITBO"}}}
2026-09-05 15:52:31,874 - INFO - [5350/6622] Scan: CHT...
2026-09-05 15:52:32,135 - WARNING - fx_normalize: CHT statement currency TWD != quote USD but CHT is NOT in the proven table — NOT converting; flagged for review.
2026-09-05 15:52:32,833 - INFO - [5355/6622] Scan: CBL...
2026-09-05 15:52:34,019 - INFO - [5360/6622] Scan: GTES...
2026-09-05 15:52:34,718 - INFO - [5365/6622] Scan: CTO...
2026-09-05 15:52:35,432 - INFO - [5370/6622] Scan: NCNA...
2026-09-05 15:52:36,303 - WARNING - fx_normalize: NCNA statement currency GBP != quote USD but NCNA is NOT in the proven table — NOT converting; flagged for review.
2026-09-05 15:52:37,004 - WARNING - fx_normalize: JD statement currency CNY != quote USD but JD is NOT in the proven table — NOT converting; flagged for review.
2026-09-05 15:52:37,273 - INFO - [5375/6622] Scan: NAN...
2026-09-05 15:52:37,971 - WARNING - fx_normalize: NOAH statement currency CNY != quote USD but NOAH is NOT in the proven table — NOT converting; flagged for review.
2026-09-05 15:52:38,240 - INFO - [5380/6622] Scan: MEGL...
2026-09-05 15:52:38,499 - WARNING - fx_normalize: MEGL statement currency HKD != quote USD but MEGL is NOT in the proven table — NOT converting; flagged for review.
2026-09-05 15:52:39,794 - INFO - [5385/6622] Scan: FRT...
2026-09-05 15:52:40,974 - INFO - [5390/6622] Scan: PR...
2026-09-05 15:52:41,707 - INFO - [5395/6622] Scan: SOAR...
2026-09-05 15:52:42,860 - INFO - [5400/6622] Scan: DB...
2026-09-05 15:52:43,643 - WARNING - fx_normalize: DB statement currency EUR != quote USD but DB is NOT in the proven table — NOT converting; flagged for review.
2026-09-05 15:52:44,341 - INFO - [5405/6622] Scan: TAOX...
2026-09-05 15:52:45,044 - INFO - [5410/6622] Scan: NUS...
2026-09-05 15:52:46,844 - INFO - [5415/6622] Scan: CZR...
2026-09-05 15:52:48,072 - INFO - [5420/6622] Scan: BHST...
2026-09-05 15:52:48,774 - INFO - [5425/6622] Scan: ATPC...
2026-09-05 15:52:49,473 - WARNING - fx_normalize: PAC statement currency MXN != quote USD but PAC is NOT in the proven table — NOT converting; flagged for review.
2026-09-05 15:52:49,744 - INFO - [5430/6622] Scan: NAII...
2026-09-05 15:52:51,036 - INFO - [5435/6622] Scan: UTSI...
2026-09-05 15:52:52,234 - INFO - [5440/6622] Scan: SZZL...
2026-09-05 15:52:52,931 - INFO - [5445/6622] Scan: DCOM...
2026-09-05 15:52:53,660 - INFO - [5450/6622] Scan: NSC...
2026-09-05 15:52:54,818 - WARNING - fx_normalize: AZUL statement currency BRL != quote USD but AZUL is NOT in the proven table — NOT converting; flagged for review.
2026-09-05 15:52:55,086 - INFO - [5455/6622] Scan: PED...
2026-09-05 15:52:55,793 - INFO - [5460/6622] Scan: ACHR...
2026-09-05 15:52:57,264 - ERROR - HTTP Error 404: {"quoteSummary":{"result":null,"error":{"code":"Not Found","description":"Quote not found for symbol: QVCC"}}}
2026-09-05 15:52:57,711 - INFO - [5465/6622] Scan: ABLV...
2026-09-05 15:52:58,407 - WARNING - fx_normalize: CHOW statement currency HKD != quote USD but CHOW is NOT in the proven table — NOT converting; flagged for review.
2026-09-05 15:52:58,674 - WARNING - fx_normalize: PBR-A statement currency BRL != quote USD but PBR-A is NOT in the proven table — NOT converting; flagged for review.
2026-09-05 15:52:58,934 - INFO - [5470/6622] Scan: USFD...
2026-09-05 15:53:00,566 - WARNING - fx_normalize: PBA statement currency CAD != quote USD but PBA is NOT in the proven table — NOT converting; flagged for review.
2026-09-05 15:53:01,337 - INFO - [5475/6622] Scan: FUL...
2026-09-05 15:53:02,040 - INFO - [5480/6622] Scan: MCY...
2026-09-05 15:53:02,741 - INFO - [5485/6622] Scan: DXCM...
2026-09-05 15:53:03,690 - INFO - [5490/6622] Scan: LEN...
2026-09-05 15:53:04,392 - WARNING - fx_normalize: RCON statement currency CNY != quote USD but RCON is NOT in the proven table — NOT converting; flagged for review.
2026-09-05 15:53:05,175 - INFO - [5495/6622] Scan: BWG...
2026-09-05 15:53:06,330 - INFO - [5500/6622] Scan: CHNR...
2026-09-05 15:53:06,590 - WARNING - fx_normalize: CHNR statement currency CNY != quote USD but CHNR is NOT in the proven table — NOT converting; flagged for review.
2026-09-05 15:53:07,512 - ERROR - HTTP Error 404: {"quoteSummary":{"result":null,"error":{"code":"Not Found","description":"Quote not found for symbol: RCB"}}}
2026-09-05 15:53:08,482 - INFO - [5505/6622] Scan: QRHC...
2026-09-05 15:53:10,178 - INFO - [5510/6622] Scan: ARCL...
2026-09-05 15:53:10,875 - INFO - [5515/6622] Scan: FXNC...
2026-09-05 15:53:11,985 - INFO - [5520/6622] Scan: NICM...
2026-09-05 15:53:12,699 - WARNING - fx_normalize: NICM statement currency CAD != quote USD but NICM is NOT in the proven table — NOT converting; flagged for review.
2026-09-05 15:53:13,396 - WARNING - fx_normalize: IMMP statement currency AUD != quote USD but IMMP is NOT in the proven table — NOT converting; flagged for review.
2026-09-05 15:53:13,667 - INFO - [5525/6622] Scan: HTBK...
2026-09-05 15:53:14,178 - ERROR - HTTP Error 404: {"quoteSummary":{"result":null,"error":{"code":"Not Found","description":"Quote not found for symbol: HTBK"}}}
2026-09-05 15:53:15,038 - WARNING - fx_normalize: AACG statement currency CNY != quote USD but AACG is NOT in the proven table — NOT converting; flagged for review.
2026-09-05 15:53:15,308 - WARNING - fx_normalize: GIB statement currency CAD != quote USD but GIB is NOT in the proven table — NOT converting; flagged for review.
2026-09-05 15:53:15,571 - INFO - [5530/6622] Scan: SEGG...
2026-09-05 15:53:16,259 - WARNING - fx_normalize: FGL statement currency MYR != quote USD but FGL is NOT in the proven table — NOT converting; flagged for review.
2026-09-05 15:53:16,529 - INFO - [5535/6622] Scan: EVER...
2026-09-05 15:53:17,228 - WARNING - fx_normalize: BMGL statement currency SGD != quote USD but BMGL is NOT in the proven table — NOT converting; flagged for review.
2026-09-05 15:53:17,489 - INFO - [5540/6622] Scan: DTB...
2026-09-05 15:53:18,176 - WARNING - fx_normalize: HMC statement currency JPY != quote USD but HMC is NOT in the proven table — NOT converting; flagged for review.
2026-09-05 15:53:18,452 - INFO - [5545/6622] Scan: SURG...
2026-09-05 15:53:19,633 - INFO - [5550/6622] Scan: POLEU...
2026-09-05 15:53:20,352 - INFO - [5555/6622] Scan: GJP...
2026-09-05 15:53:22,230 - INFO - [5560/6622] Scan: MATH...
2026-09-05 15:53:22,930 - INFO - [5565/6622] Scan: UNCY...
2026-09-05 15:53:23,635 - INFO - [5570/6622] Scan: OSIS...
2026-09-05 15:53:25,299 - INFO - [5575/6622] Scan: GPAT...
2026-09-05 15:53:26,771 - INFO - [5580/6622] Scan: MDT...
2026-09-05 15:53:27,476 - INFO - [5585/6622] Scan: MTSI...
2026-09-05 15:53:28,183 - INFO - [5590/6622] Scan: RILYL...
2026-09-05 15:53:28,891 - INFO - [5595/6622] Scan: VST...
2026-09-05 15:53:30,922 - INFO - [5600/6622] Scan: BELFA...
2026-09-05 15:53:31,628 - INFO - [5605/6622] Scan: WING...
2026-09-05 15:53:32,834 - WARNING - fx_normalize: UMC statement currency TWD != quote USD but UMC is NOT in the proven table — NOT converting; flagged for review.
2026-09-05 15:53:33,095 - INFO - [5610/6622] Scan: SYF...
2026-09-05 15:53:34,299 - INFO - [5615/6622] Scan: GDEN...
2026-09-05 15:53:34,792 - ERROR - HTTP Error 404: {"quoteSummary":{"result":null,"error":{"code":"Not Found","description":"Quote not found for symbol: GDEN"}}}
2026-09-05 15:53:35,663 - INFO - [5620/6622] Scan: JACK...
2026-09-05 15:53:36,900 - WARNING - fx_normalize: NWG statement currency GBP != quote USD but NWG is NOT in the proven table — NOT converting; flagged for review.
2026-09-05 15:53:37,174 - INFO - [5625/6622] Scan: UUU...
2026-09-05 15:53:37,885 - INFO - [5630/6622] Scan: AAL...
2026-09-05 15:53:39,754 - ERROR - HTTP Error 404: {"quoteSummary":{"result":null,"error":{"code":"Not Found","description":"Quote not found for symbol: IRAB-U"}}}
2026-09-05 15:53:40,673 - INFO - [5635/6622] Scan: ASAN...
2026-09-05 15:53:41,380 - INFO - [5640/6622] Scan: CDIO...
2026-09-05 15:53:42,082 - INFO - [5645/6622] Scan: ETON...
2026-09-05 15:53:42,779 - WARNING - fx_normalize: YPF statement currency ARS != quote USD but YPF is NOT in the proven table — NOT converting; flagged for review.
2026-09-05 15:53:43,051 - INFO - [5650/6622] Scan: VELO...
2026-09-05 15:53:44,228 - INFO - [5655/6622] Scan: PRO...
2026-09-05 15:53:44,741 - ERROR - HTTP Error 404: {"quoteSummary":{"result":null,"error":{"code":"Not Found","description":"Quote not found for symbol: PRO"}}}
2026-09-05 15:53:45,633 - INFO - [5660/6622] Scan: DTK...
2026-09-05 15:53:46,319 - WARNING - fx_normalize: QNC statement currency CAD != quote USD but QNC is NOT in the proven table — NOT converting; flagged for review.
2026-09-05 15:53:47,584 - INFO - [5665/6622] Scan: PRMB...
2026-09-05 15:53:48,726 - WARNING - fx_normalize: GDS statement currency CNY != quote USD but GDS is NOT in the proven table — NOT converting; flagged for review.
2026-09-05 15:53:48,992 - INFO - [5670/6622] Scan: JONEU...
2026-09-05 15:53:49,690 - WARNING - fx_normalize: YMM statement currency CNY != quote USD but YMM is NOT in the proven table — NOT converting; flagged for review.
2026-09-05 15:53:49,957 - INFO - [5675/6622] Scan: VMO...
2026-09-05 15:53:51,209 - WARNING - fx_normalize: AUNA statement currency PEN != quote USD but AUNA is NOT in the proven table — NOT converting; flagged for review.
2026-09-05 15:53:51,471 - INFO - [5680/6622] Scan: BANX...
2026-09-05 15:53:52,169 - INFO - [5685/6622] Scan: PRTA...
2026-09-05 15:53:54,338 - INFO - [5690/6622] Scan: INTS...
2026-09-05 15:53:55,556 - INFO - [5695/6622] Scan: ESAB...
2026-09-05 15:53:57,766 - INFO - [5700/6622] Scan: LOB...
2026-09-05 15:53:58,934 - INFO - [5705/6622] Scan: LFST...
2026-09-05 15:53:59,638 - WARNING - fx_normalize: CNI statement currency CAD != quote USD but CNI is NOT in the proven table — NOT converting; flagged for review.
2026-09-05 15:53:59,909 - INFO - [5710/6622] Scan: KYTX...
2026-09-05 15:54:00,610 - INFO - [5715/6622] Scan: SDOT...
2026-09-05 15:54:01,751 - INFO - [5720/6622] Scan: EPD...
2026-09-05 15:54:03,420 - INFO - [5725/6622] Scan: NRXS...
2026-09-05 15:54:04,119 - WARNING - fx_normalize: VALN statement currency EUR != quote USD but VALN is NOT in the proven table — NOT converting; flagged for review.
2026-09-05 15:54:04,385 - INFO - [5730/6622] Scan: HPF...
2026-09-05 15:54:05,089 - INFO - [5735/6622] Scan: BHC...
2026-09-05 15:54:06,312 - INFO - [5740/6622] Scan: SSB...
2026-09-05 15:54:08,096 - WARNING - fx_normalize: SAN statement currency EUR != quote USD but SAN is NOT in the proven table — NOT converting; flagged for review.
2026-09-05 15:54:08,366 - INFO - [5745/6622] Scan: SBCF...
2026-09-05 15:54:09,326 - INFO - [5750/6622] Scan: PMO...
2026-09-05 15:54:10,028 - INFO - [5755/6622] Scan: BETA...
2026-09-05 15:54:11,204 - INFO - [5760/6622] Scan: PPIH...
2026-09-05 15:54:12,858 - INFO - [5765/6622] Scan: AMD...
2026-09-05 15:54:13,578 - INFO - [5770/6622] Scan: AHR...
2026-09-05 15:54:15,332 - INFO - [5775/6622] Scan: XZO...
2026-09-05 15:54:16,031 - WARNING - fx_normalize: DUO statement currency CNY != quote USD but DUO is NOT in the proven table — NOT converting; flagged for review.
2026-09-05 15:54:16,299 - INFO - [5780/6622] Scan: PFGC...
2026-09-05 15:54:17,984 - INFO - [5785/6622] Scan: KTOS...
2026-09-05 15:54:19,737 - INFO - [5790/6622] Scan: GJO...
2026-09-05 15:54:20,975 - INFO - [5795/6622] Scan: HVII...
2026-09-05 15:54:21,673 - WARNING - fx_normalize: TRVG statement currency EUR != quote USD but TRVG is NOT in the proven table — NOT converting; flagged for review.
2026-09-05 15:54:21,950 - INFO - [5800/6622] Scan: CM...
2026-09-05 15:54:22,213 - WARNING - fx_normalize: CM statement currency CAD != quote USD but CM is NOT in the proven table — NOT converting; flagged for review.
2026-09-05 15:54:22,913 - INFO - [5805/6622] Scan: CERT...
2026-09-05 15:54:24,203 - INFO - [5810/6622] Scan: TRLV...
2026-09-05 15:54:25,405 - INFO - [5815/6622] Scan: INTG...
2026-09-05 15:54:27,183 - INFO - [5820/6622] Scan: SHIP...
2026-09-05 15:54:27,894 - WARNING - fx_normalize: PBK statement currency CAD != quote USD but PBK is NOT in the proven table — NOT converting; flagged for review.
2026-09-05 15:54:28,686 - INFO - [5825/6622] Scan: INTC...
2026-09-05 15:54:29,394 - INFO - [5830/6622] Scan: SVV...
2026-09-05 15:54:30,579 - WARNING - fx_normalize: BAK statement currency BRL != quote USD but BAK is NOT in the proven table — NOT converting; flagged for review.
2026-09-05 15:54:30,841 - INFO - [5835/6622] Scan: RGA...
2026-09-05 15:54:32,083 - INFO - [5840/6622] Scan: AXIN...
2026-09-05 15:54:34,197 - INFO - [5845/6622] Scan: CRTO...
2026-09-05 15:54:35,448 - INFO - [5850/6622] Scan: GBR...
2026-09-05 15:54:36,583 - INFO - [5855/6622] Scan: STWD...
2026-09-05 15:54:37,297 - INFO - [5860/6622] Scan: NCNO...
2026-09-05 15:54:38,875 - INFO - [5865/6622] Scan: ATXG...
2026-09-05 15:54:39,590 - INFO - [5870/6622] Scan: APA...
2026-09-05 15:54:40,319 - WARNING - fx_normalize: JZ statement currency CNY != quote USD but JZ is NOT in the proven table — NOT converting; flagged for review.
2026-09-05 15:54:40,579 - INFO - [5875/6622] Scan: IMTX...
2026-09-05 15:54:40,840 - WARNING - fx_normalize: IMTX statement currency EUR != quote USD but IMTX is NOT in the proven table — NOT converting; flagged for review.
2026-09-05 15:54:41,974 - INFO - [5880/6622] Scan: MOS...
2026-09-05 15:54:42,690 - INFO - [5885/6622] Scan: IMRX...
2026-09-05 15:54:44,320 - WARNING - fx_normalize: MFC statement currency CAD != quote USD but MFC is NOT in the proven table — NOT converting; flagged for review.
2026-09-05 15:54:44,585 - INFO - [5890/6622] Scan: INDP...
2026-09-05 15:54:45,789 - INFO - [5895/6622] Scan: CENTA...
2026-09-05 15:54:46,513 - INFO - [5900/6622] Scan: RR...
2026-09-05 15:54:47,230 - INFO - [5905/6622] Scan: CGC...
2026-09-05 15:54:47,493 - WARNING - fx_normalize: CGC statement currency CAD != quote USD but CGC is NOT in the proven table — NOT converting; flagged for review.
2026-09-05 15:54:48,739 - WARNING - fx_normalize: DNN statement currency CAD != quote USD but DNN is NOT in the proven table — NOT converting; flagged for review.
2026-09-05 15:54:49,449 - INFO - [5910/6622] Scan: DIOD...
2026-09-05 15:54:50,603 - INFO - [5915/6622] Scan: EQPT...
2026-09-05 15:54:51,319 - INFO - [5920/6622] Scan: WST...
2026-09-05 15:54:52,850 - INFO - [5925/6622] Scan: CTMX...
2026-09-05 15:54:54,088 - INFO - [5930/6622] Scan: HNRG...
2026-09-05 15:54:55,102 - ERROR - HTTP Error 404: {"quoteSummary":{"result":null,"error":{"code":"Not Found","description":"Quote not found for symbol: DGAC-U"}}}
2026-09-05 15:54:55,523 - INFO - [5935/6622] Scan: FOFO...
2026-09-05 15:54:56,729 - INFO - [5940/6622] Scan: CRF...
2026-09-05 15:54:57,908 - INFO - [5945/6622] Scan: CRIS...
2026-09-05 15:54:59,101 - INFO - [5950/6622] Scan: DTM...
2026-09-05 15:55:00,293 - INFO - [5955/6622] Scan: KRMD...
2026-09-05 15:55:01,013 - WARNING - fx_normalize: PLSM statement currency ILS != quote USD but PLSM is NOT in the proven table — NOT converting; flagged for review.
2026-09-05 15:55:01,284 - INFO - [5960/6622] Scan: ATCH...
2026-09-05 15:55:01,994 - INFO - [5965/6622] Scan: GMEX...
2026-09-05 15:55:03,184 - INFO - [5970/6622] Scan: CVRX...
2026-09-05 15:55:03,893 - WARNING - fx_normalize: ZKH statement currency CNY != quote USD but ZKH is NOT in the proven table — NOT converting; flagged for review.
2026-09-05 15:55:04,159 - INFO - [5975/6622] Scan: ETSS-U...
2026-09-05 15:55:04,663 - ERROR - HTTP Error 404: {"quoteSummary":{"result":null,"error":{"code":"Not Found","description":"Quote not found for symbol: ETSS-U"}}}
2026-09-05 15:55:05,530 - INFO - [5980/6622] Scan: OFAL...
2026-09-05 15:55:06,239 - WARNING - fx_normalize: FNUC statement currency CAD != quote USD but FNUC is NOT in the proven table — NOT converting; flagged for review.
2026-09-05 15:55:06,936 - INFO - [5985/6622] Scan: SKY...
2026-09-05 15:55:08,190 - INFO - [5990/6622] Scan: AEO...
2026-09-05 15:55:08,904 - WARNING - fx_normalize: NIO statement currency CNY != quote USD but NIO is NOT in the proven table — NOT converting; flagged for review.
2026-09-05 15:55:09,171 - INFO - [5995/6622] Scan: PHD...
2026-09-05 15:55:09,666 - ERROR - HTTP Error 404: {"quoteSummary":{"result":null,"error":{"code":"Not Found","description":"Quote not found for symbol: PHD"}}}
2026-09-05 15:55:11,515 - INFO - [6000/6622] Scan: UGI...
2026-09-05 15:55:12,745 - INFO - [6005/6622] Scan: FMST...
2026-09-05 15:55:13,009 - WARNING - fx_normalize: FMST statement currency CAD != quote USD but FMST is NOT in the proven table — NOT converting; flagged for review.
2026-09-05 15:55:14,668 - ERROR - HTTP Error 404: {"quoteSummary":{"result":null,"error":{"code":"Not Found","description":"Quote not found for symbol: ANABV"}}}
2026-09-05 15:55:15,105 - INFO - [6010/6622] Scan: EVG...
2026-09-05 15:55:15,818 - INFO - [6015/6622] Scan: OXBR...
2026-09-05 15:55:16,532 - WARNING - fx_normalize: CSAN statement currency BRL != quote USD but CSAN is NOT in the proven table — NOT converting; flagged for review.
2026-09-05 15:55:16,792 - INFO - [6020/6622] Scan: IRAB...
2026-09-05 15:55:17,971 - INFO - [6025/6622] Scan: DCBO...
2026-09-05 15:55:18,693 - INFO - [6030/6622] Scan: ZONE...
2026-09-05 15:55:19,854 - INFO - [6035/6622] Scan: ODTX...
2026-09-05 15:55:21,599 - INFO - [6040/6622] Scan: NFGC...
2026-09-05 15:55:21,864 - WARNING - fx_normalize: NFGC statement currency CAD != quote USD but NFGC is NOT in the proven table — NOT converting; flagged for review.
2026-09-05 15:55:22,579 - WARNING - fx_normalize: HTHT statement currency CNY != quote USD but HTHT is NOT in the proven table — NOT converting; flagged for review.
2026-09-05 15:55:22,845 - INFO - [6045/6622] Scan: FCCO...
2026-09-05 15:55:23,556 - INFO - [6050/6622] Scan: WTI...
2026-09-05 15:55:24,780 - INFO - [6055/6622] Scan: CRDO...
2026-09-05 15:55:25,491 - INFO - [6060/6622] Scan: EQ...
2026-09-05 15:55:26,207 - INFO - [6065/6622] Scan: PSQL...
2026-09-05 15:55:27,399 - INFO - [6070/6622] Scan: RNST...
2026-09-05 15:55:28,103 - WARNING - fx_normalize: BILI statement currency CNY != quote USD but BILI is NOT in the proven table — NOT converting; flagged for review.
2026-09-05 15:55:28,380 - INFO - [6075/6622] Scan: S...
2026-09-05 15:55:29,559 - INFO - [6080/6622] Scan: UCL...
2026-09-05 15:55:30,258 - WARNING - fx_normalize: ORKT statement currency SGD != quote USD but ORKT is NOT in the proven table — NOT converting; flagged for review.
2026-09-05 15:55:31,037 - INFO - [6085/6622] Scan: USNA...
2026-09-05 15:55:31,759 - INFO - [6090/6622] Scan: DTI...
2026-09-05 15:55:32,963 - INFO - [6095/6622] Scan: WTG...
2026-09-05 15:55:33,677 - INFO - [6100/6622] Scan: BCHT...
2026-09-05 15:55:34,395 - INFO - [6105/6622] Scan: KEYY...
2026-09-05 15:55:35,773 - ERROR - HTTP Error 404: {"quoteSummary":{"result":null,"error":{"code":"Not Found","description":"Quote not found for symbol: SEMR"}}}
2026-09-05 15:55:36,196 - INFO - [6110/6622] Scan: PDPA...
2026-09-05 15:55:36,925 - INFO - [6115/6622] Scan: LXEH...
2026-09-05 15:55:37,190 - WARNING - fx_normalize: LXEH statement currency CNY != quote USD but LXEH is NOT in the proven table — NOT converting; flagged for review.
2026-09-05 15:55:37,892 - INFO - [6120/6622] Scan: LTGR...
2026-09-05 15:55:38,598 - INFO - [6125/6622] Scan: WTRG...
2026-09-05 15:55:39,307 - INFO - [6130/6622] Scan: TSN...
2026-09-05 15:55:40,022 - INFO - [6135/6622] Scan: ENSG...
2026-09-05 15:55:40,977 - INFO - [6140/6622] Scan: EVI...
2026-09-05 15:55:41,696 - INFO - [6145/6622] Scan: JL...
2026-09-05 15:55:42,422 - INFO - [6150/6622] Scan: GIFT...
2026-09-05 15:55:43,130 - WARNING - fx_normalize: DAO statement currency CNY != quote USD but DAO is NOT in the proven table — NOT converting; flagged for review.
2026-09-05 15:55:43,395 - INFO - [6155/6622] Scan: JOE...
2026-09-05 15:55:44,562 - INFO - [6160/6622] Scan: LOAN...
2026-09-05 15:55:45,271 - INFO - [6165/6622] Scan: AMAN...
2026-09-05 15:55:46,441 - INFO - [6170/6622] Scan: CRGO...
2026-09-05 15:55:47,158 - INFO - [6175/6622] Scan: PHIO...
2026-09-05 15:55:47,871 - WARNING - fx_normalize: XHG statement currency CNY != quote USD but XHG is NOT in the proven table — NOT converting; flagged for review.
2026-09-05 15:55:48,669 - INFO - [6180/6622] Scan: BLFS...
2026-09-05 15:55:49,388 - WARNING - fx_normalize: SKM statement currency KRW != quote USD but SKM is NOT in the proven table — NOT converting; flagged for review.
2026-09-05 15:55:49,655 - INFO - [6185/6622] Scan: TECH...
2026-09-05 15:55:50,369 - WARNING - fx_normalize: ROMA statement currency HKD != quote USD but ROMA is NOT in the proven table — NOT converting; flagged for review.
2026-09-05 15:55:50,629 - INFO - [6190/6622] Scan: SLP...
2026-09-05 15:55:51,341 - WARNING - fx_normalize: NVO statement currency DKK != quote USD but NVO is NOT in the proven table — NOT converting; flagged for review.
2026-09-05 15:55:51,604 - INFO - [6195/6622] Scan: GMRS...
2026-09-05 15:55:52,319 - INFO - [6200/6622] Scan: AIRG...
2026-09-05 15:55:53,040 - WARNING - fx_normalize: FCHL statement currency SGD != quote USD but FCHL is NOT in the proven table — NOT converting; flagged for review.
2026-09-05 15:55:53,852 - INFO - [6205/6622] Scan: ITRN...
2026-09-05 15:55:55,060 - INFO - [6210/6622] Scan: CTNT...
2026-09-05 15:55:55,767 - INFO - [6215/6622] Scan: FRMM...
2026-09-05 15:55:56,462 - WARNING - fx_normalize: LCFY statement currency AUD != quote USD but LCFY is NOT in the proven table — NOT converting; flagged for review.
2026-09-05 15:55:56,728 - INFO - [6220/6622] Scan: AAON...
2026-09-05 15:55:57,884 - WARNING - fx_normalize: PSO statement currency GBP != quote USD but PSO is NOT in the proven table — NOT converting; flagged for review.
2026-09-05 15:55:58,572 - INFO - [6225/6622] Scan: PRSO...
2026-09-05 15:55:59,279 - WARNING - fx_normalize: FENG statement currency CNY != quote USD but FENG is NOT in the proven table — NOT converting; flagged for review.
2026-09-05 15:55:59,552 - WARNING - fx_normalize: LPL statement currency KRW != quote USD but LPL is NOT in the proven table — NOT converting; flagged for review.
2026-09-05 15:55:59,811 - INFO - [6230/6622] Scan: BYSI...
2026-09-05 15:56:01,264 - ERROR - HTTP Error 404: {"quoteSummary":{"result":null,"error":{"code":"Not Found","description":"Quote not found for symbol: OCAC-U"}}}
2026-09-05 15:56:01,687 - INFO - [6235/6622] Scan: AWX...
2026-09-05 15:56:03,471 - INFO - [6240/6622] Scan: LXFR...
2026-09-05 15:56:04,185 - INFO - [6245/6622] Scan: SVM...
2026-09-05 15:56:05,346 - INFO - [6250/6622] Scan: REFI...
2026-09-05 15:56:06,541 - INFO - [6255/6622] Scan: SCL...
2026-09-05 15:56:07,766 - INFO - [6260/6622] Scan: NSAI...
2026-09-05 15:56:08,470 - INFO - [6265/6622] Scan: ARQ...
2026-09-05 15:56:09,656 - WARNING - fx_normalize: NAK statement currency CAD != quote USD but NAK is NOT in the proven table — NOT converting; flagged for review.
2026-09-05 15:56:09,936 - INFO - [6270/6622] Scan: PSX...
2026-09-05 15:56:10,631 - WARNING - fx_normalize: LOMA statement currency ARS != quote USD but LOMA is NOT in the proven table — NOT converting; flagged for review.
2026-09-05 15:56:11,181 - INFO - [6275/6622] Scan: TGE...
2026-09-05 15:56:12,814 - INFO - [6280/6622] Scan: CYH...
2026-09-05 15:56:14,032 - INFO - [6285/6622] Scan: CVNA...
2026-09-05 15:56:14,969 - ERROR - HTTP Error 404: {"quoteSummary":{"result":null,"error":{"code":"Not Found","description":"Quote not found for symbol: BIII-U"}}}
2026-09-05 15:56:15,405 - WARNING - fx_normalize: BQ statement currency CNY != quote USD but BQ is NOT in the proven table — NOT converting; flagged for review.
2026-09-05 15:56:15,673 - INFO - [6290/6622] Scan: BNC...
2026-09-05 15:56:16,379 - INFO - [6295/6622] Scan: PCG...
2026-09-05 15:56:17,669 - WARNING - fx_normalize: BMHL statement currency HKD != quote USD but BMHL is NOT in the proven table — NOT converting; flagged for review.
2026-09-05 15:56:17,937 - INFO - [6300/6622] Scan: AMAT...
2026-09-05 15:56:19,105 - WARNING - fx_normalize: TCOM statement currency CNY != quote USD but TCOM is NOT in the proven table — NOT converting; flagged for review.
2026-09-05 15:56:19,784 - INFO - [6305/6622] Scan: TRAW...
2026-09-05 15:56:21,589 - INFO - [6310/6622] Scan: TAVIR...
2026-09-05 15:56:22,638 - WARNING - fx_normalize: YRD statement currency CNY != quote USD but YRD is NOT in the proven table — NOT converting; flagged for review.
2026-09-05 15:56:23,379 - INFO - [6315/6622] Scan: PAPL...
2026-09-05 15:56:24,657 - WARNING - fx_normalize: WIT statement currency INR != quote USD but WIT is NOT in the proven table — NOT converting; flagged for review.
2026-09-05 15:56:24,922 - INFO - [6320/6622] Scan: TSCO...
2026-09-05 15:56:25,620 - WARNING - fx_normalize: WDH statement currency CNY != quote USD but WDH is NOT in the proven table — NOT converting; flagged for review.
2026-09-05 15:56:25,883 - INFO - [6325/6622] Scan: FE...
2026-09-05 15:56:27,139 - INFO - [6330/6622] Scan: BRX...
2026-09-05 15:56:29,459 - INFO - [6335/6622] Scan: UZF...
2026-09-05 15:56:30,637 - INFO - [6340/6622] Scan: BCX...
2026-09-05 15:56:31,817 - INFO - [6345/6622] Scan: ITP...
2026-09-05 15:56:32,511 - INFO - [6350/6622] Scan: FT...
2026-09-05 15:56:33,216 - WARNING - fx_normalize: DAVA statement currency GBP != quote USD but DAVA is NOT in the proven table — NOT converting; flagged for review.
2026-09-05 15:56:34,416 - INFO - [6355/6622] Scan: ANGI...
2026-09-05 15:56:35,842 - ERROR - HTTP Error 404: {"quoteSummary":{"result":null,"error":{"code":"Not Found","description":"Quote not found for symbol: MVF"}}}
2026-09-05 15:56:37,315 - ERROR - HTTP Error 404: {"quoteSummary":{"result":null,"error":{"code":"Not Found","description":"Quote not found for symbol: MVF"}}}
2026-09-05 15:56:38,077 - ERROR - $MVF: possibly delisted; no price data found  (period=2y) (Yahoo error = "No data found, symbol may be delisted")
2026-09-05 15:56:38,879 - WARNING - fx_normalize: PBR statement currency BRL != quote USD but PBR is NOT in the proven table — NOT converting; flagged for review.
2026-09-05 15:56:39,139 - INFO - [6360/6622] Scan: MT...
2026-09-05 15:56:40,328 - INFO - [6365/6622] Scan: ATNI...
2026-09-05 15:56:42,044 - INFO - [6370/6622] Scan: AMACU...
2026-09-05 15:56:43,227 - INFO - [6375/6622] Scan: CBRS...
2026-09-05 15:56:43,933 - WARNING - fx_normalize: IH statement currency CNY != quote USD but IH is NOT in the proven table — NOT converting; flagged for review.
2026-09-05 15:56:44,196 - WARNING - fx_normalize: VNET statement currency CNY != quote USD but VNET is NOT in the proven table — NOT converting; flagged for review.
2026-09-05 15:56:44,464 - INFO - [6380/6622] Scan: SHFS...
2026-09-05 15:56:45,664 - INFO - [6385/6622] Scan: EAD...
2026-09-05 15:56:46,873 - INFO - [6390/6622] Scan: BUI...
2026-09-05 15:56:48,661 - INFO - [6395/6622] Scan: RLX...
2026-09-05 15:56:48,933 - WARNING - fx_normalize: RLX statement currency CNY != quote USD but RLX is NOT in the proven table — NOT converting; flagged for review.
2026-09-05 15:56:49,631 - WARNING - fx_normalize: NOA statement currency CAD != quote USD but NOA is NOT in the proven table — NOT converting; flagged for review.
2026-09-05 15:56:49,900 - INFO - [6400/6622] Scan: KGEI...
2026-09-05 15:56:50,597 - WARNING - fx_normalize: TGB statement currency CAD != quote USD but TGB is NOT in the proven table — NOT converting; flagged for review.
2026-09-05 15:56:51,357 - INFO - [6405/6622] Scan: SPRU...
2026-09-05 15:56:52,055 - INFO - [6410/6622] Scan: CRAQ...
2026-09-05 15:56:53,242 - INFO - [6415/6622] Scan: ISBA...
2026-09-05 15:56:54,445 - INFO - [6420/6622] Scan: SHC...
2026-09-05 15:56:55,169 - WARNING - fx_normalize: OMH statement currency SGD != quote USD but OMH is NOT in the proven table — NOT converting; flagged for review.
2026-09-05 15:56:55,427 - INFO - [6425/6622] Scan: QSEA...
2026-09-05 15:56:56,721 - INFO - [6430/6622] Scan: OTAI-U...
2026-09-05 15:56:57,221 - ERROR - HTTP Error 404: {"quoteSummary":{"result":null,"error":{"code":"Not Found","description":"Quote not found for symbol: OTAI-U"}}}
2026-09-05 15:56:58,072 - WARNING - fx_normalize: FER statement currency EUR != quote USD but FER is NOT in the proven table — NOT converting; flagged for review.
2026-09-05 15:56:58,344 - INFO - [6435/6622] Scan: GSRFU...
2026-09-05 15:57:00,077 - INFO - [6440/6622] Scan: NYXH...
2026-09-05 15:57:00,816 - WARNING - fx_normalize: NYXH statement currency EUR != quote USD but NYXH is NOT in the proven table — NOT converting; flagged for review.
2026-09-05 15:57:01,521 - INFO - [6445/6622] Scan: SPHL...
2026-09-05 15:57:01,787 - WARNING - fx_normalize: SPHL statement currency SGD != quote USD but SPHL is NOT in the proven table — NOT converting; flagged for review.
2026-09-05 15:57:02,493 - INFO - [6450/6622] Scan: SMCI...
2026-09-05 15:57:03,199 - INFO - [6455/6622] Scan: ORKA...
2026-09-05 15:57:03,902 - INFO - [6460/6622] Scan: SBR...
2026-09-05 15:57:05,097 - INFO - [6465/6622] Scan: HTCR...
2026-09-05 15:57:05,807 - INFO - [6470/6622] Scan: AFJKU...
2026-09-05 15:57:06,514 - INFO - [6475/6622] Scan: LTRN...
2026-09-05 15:57:07,205 - WARNING - fx_normalize: HUIZ statement currency CNY != quote USD but HUIZ is NOT in the proven table — NOT converting; flagged for review.
2026-09-05 15:57:07,957 - WARNING - fx_normalize: BABA statement currency CNY != quote USD but BABA is NOT in the proven table — NOT converting; flagged for review.
2026-09-05 15:57:08,222 - INFO - [6480/6622] Scan: UPST...
2026-09-05 15:57:08,930 - INFO - [6485/6622] Scan: CCXI...
2026-09-05 15:57:09,877 - ERROR - HTTP Error 404: {"quoteSummary":{"result":null,"error":{"code":"Not Found","description":"Quote not found for symbol: QVCD"}}}
2026-09-05 15:57:10,888 - WARNING - fx_normalize: TU statement currency CAD != quote USD but TU is NOT in the proven table — NOT converting; flagged for review.
2026-09-05 15:57:11,166 - INFO - [6490/6622] Scan: HOS...
2026-09-05 15:57:12,108 - INFO - [6495/6622] Scan: TPB...
2026-09-05 15:57:13,296 - INFO - [6500/6622] Scan: XP...
2026-09-05 15:57:13,558 - WARNING - fx_normalize: XP statement currency BRL != quote USD but XP is NOT in the proven table — NOT converting; flagged for review.
2026-09-05 15:57:14,735 - INFO - [6505/6622] Scan: SENS...
2026-09-05 15:57:15,433 - INFO - [6510/6622] Scan: KTWO...
2026-09-05 15:57:16,360 - ERROR - HTTP Error 404: {"quoteSummary":{"result":null,"error":{"code":"Not Found","description":"Quote not found for symbol: EBR-B"}}}
2026-09-05 15:57:17,592 - ERROR - HTTP Error 404: {"quoteSummary":{"result":null,"error":{"code":"Not Found","description":"Quote not found for symbol: EBR-B"}}}
2026-09-05 15:57:18,496 - ERROR - $EBR-B: possibly delisted; no price data found  (period=2y) (Yahoo error = "No data found, symbol may be delisted")
2026-09-05 15:57:18,762 - INFO - [6515/6622] Scan: ATHR...
2026-09-05 15:57:19,970 - INFO - [6520/6622] Scan: PGR...
2026-09-05 15:57:21,704 - INFO - [6525/6622] Scan: OCCIO...
2026-09-05 15:57:22,213 - ERROR - HTTP Error 404: {"quoteSummary":{"result":null,"error":{"code":"Not Found","description":"Quote not found for symbol: OCCIO"}}}
2026-09-05 15:57:23,075 - WARNING - fx_normalize: LGCL statement currency CNY != quote USD but LGCL is NOT in the proven table — NOT converting; flagged for review.
2026-09-05 15:57:23,336 - INFO - [6530/6622] Scan: FOF...
2026-09-05 15:57:24,511 - INFO - [6535/6622] Scan: CLAR...
2026-09-05 15:57:25,211 - INFO - [6540/6622] Scan: EVRG...
2026-09-05 15:57:25,908 - INFO - [6545/6622] Scan: LAMR...
2026-09-05 15:57:26,607 - INFO - [6550/6622] Scan: EMR...
2026-09-05 15:57:27,992 - WARNING - fx_normalize: STLA statement currency EUR != quote USD but STLA is NOT in the proven table — NOT converting; flagged for review.
2026-09-05 15:57:28,267 - INFO - [6555/6622] Scan: CUZ...
2026-09-05 15:57:29,524 - INFO - [6560/6622] Scan: FGN...
2026-09-05 15:57:30,243 - INFO - [6565/6622] Scan: ROIV...
2026-09-05 15:57:31,475 - INFO - [6570/6622] Scan: IVA...
2026-09-05 15:57:31,738 - WARNING - fx_normalize: IVA statement currency EUR != quote USD but IVA is NOT in the proven table — NOT converting; flagged for review.
2026-09-05 15:57:32,440 - INFO - [6575/6622] Scan: WTM...
2026-09-05 15:57:33,650 - WARNING - fx_normalize: GDTC statement currency SGD != quote USD but GDTC is NOT in the proven table — NOT converting; flagged for review.
2026-09-05 15:57:34,494 - INFO - [6580/6622] Scan: PSQH...
2026-09-05 15:57:35,198 - INFO - [6585/6622] Scan: AXS...
2026-09-05 15:57:35,902 - WARNING - fx_normalize: ENB statement currency CAD != quote USD but ENB is NOT in the proven table — NOT converting; flagged for review.
2026-09-05 15:57:36,164 - INFO - [6590/6622] Scan: BFS...
2026-09-05 15:57:36,845 - WARNING - fx_normalize: MRM statement currency JPY != quote USD but MRM is NOT in the proven table — NOT converting; flagged for review.
2026-09-05 15:57:37,119 - INFO - [6595/6622] Scan: FTEK...
2026-09-05 15:57:39,230 - INFO - [6600/6622] Scan: HCM...
2026-09-05 15:57:40,036 - INFO - [6605/6622] Scan: PMN...
2026-09-05 15:57:41,247 - INFO - [6610/6622] Scan: OEC...
2026-09-05 15:57:41,946 - WARNING - fx_normalize: OGI statement currency CAD != quote USD but OGI is NOT in the proven table — NOT converting; flagged for review.
2026-09-05 15:57:43,216 - INFO - [6615/6622] Scan: NRDS...
2026-09-05 15:57:44,387 - INFO - [6620/6622] Scan: FSK...
2026-09-05 15:57:45,104 - WARNING - fx_normalize: SJ statement currency CNY != quote USD but SJ is NOT in the proven table — NOT converting; flagged for review.
2026-09-05 15:57:45,366 - INFO - Scan Complete. Processed 6622. Passed 3. Skipped 0.
2026-09-05 15:57:45,627 - INFO - Listing: 6622 listed | stamped 6622 | carried 292 | seeded 0 | not in listing 292
2026-09-05 15:57:47,147 - INFO - Saved to public/data/stocks.csv
2026-09-05 15:57:47,408 - INFO - Saved to public/data/stocks.json
