Symbol,Name,Price,Market Cap,Sector,Industry,Rev Growth,Gross Margin,ROIC,EPS TTM,Forward EPS,P/B,5Y Avg P/E,20M MA,Monthly Closes,Quarterly EPS,EPS YoY Growth,Revenue YoY Growth,Previous EPS TTM,Consecutive Growth
005930.KS,삼성전자,349000.0,2040351234192000.0,Korea Equity,Unknown,0.795360638787227,0.0,0.04344459085205544,,,,,,[],"[null, null, null, null]",,0.795360638787227,,0
000660.KS,SK하이닉스,2363000.0,1684115688495000.0,Korea Equity,Unknown,1.3648929471032745,0.0,0.04435741678096206,,,,,,[],"[null, null, null, null]",,1.3648929471032745,,0
005935.KS,삼성전자우,229000.0,183743005487000.0,Korea Equity,Unknown,0.795360638787227,0.0,0.46807923634402604,,,,,,[],"[null, null, null, null]",,0.795360638787227,,0
402340.KS,SK스퀘어,1256000.0,165739732816000.0,Korea Equity,Unknown,3.5709897791664456,0.0,0.0915619738095859,,,,,,[],"[null, null, null, null]",,3.5709897791664456,,0
005380.KS,현대차,750000.0,153568324500000.0,Korea Equity,Unknown,-0.048622084342065205,0.0,0.031235081351183348,,,,,,[],"[null, null, null, null]",,-0.048622084342065205,,0
373220.KS,LG에너지솔루션,455000.0,106470000000000.0,Korea Equity,Unknown,0.1778129155137097,0.0,0.00795243621108657,,,,,,[],"[null, null, null, null]",,0.1778129155137097,,0
032830.KS,삼성생명,410000.0,82000000000000.0,Korea Equity,Unknown,0.2284093746655727,0.0,0.006616673766187959,,,,,,[],"[null, null, null, null]",,0.2284093746655727,,0
028260.KS,삼성물산,455000.0,73786249355000.0,Korea Equity,Unknown,0.044272158529649476,0.0,0.03144801775799253,,,,,,[],"[null, null, null, null]",,0.044272158529649476,,0
329180.KS,HD현대중공업,684000.0,71793477900000.0,Korea Equity,Unknown,0.42661136697933494,0.0,0.027985136853964566,,,,,,[],"[null, null, null, null]",,0.42661136697933494,,0
012330.KS,현대모비스,761000.0,69047495663000.0,Korea Equity,Unknown,-0.023575256334634354,0.0,0.03649952765133026,,,,,,[],"[null, null, null, null]",,-0.023575256334634354,,0
034020.KS,두산에너빌리티,106900.0,68475986507400.0,Korea Equity,Unknown,-0.067388925366601,0.0,0.010811935685846678,,,,,,[],"[null, null, null, null]",,-0.067388925366601,,0
000270.KS,기아,169900.0,66331168360200.0,Korea Equity,Unknown,0.0051891678251151626,0.0,0.0750514380291576,,,,,,[],"[null, null, null, null]",,0.0051891678251151626,,0
207940.KS,삼성바이오로직스,1377000.0,63742639527000.0,Korea Equity,Unknown,-0.02542832777734708,0.0,0.03189790661660803,,,,,,[],"[null, null, null, null]",,-0.02542832777734708,,0
066570.KS,LG전자,380500.0,61977604759000.0,Korea Equity,Unknown,0.14430120906096425,0.0,0.032325900338643576,,,,,,[],"[null, null, null, null]",,0.14430120906096425,,0
012450.KS,한화에어로스페이스,1138000.0,58679150338000.0,Korea Equity,Unknown,-0.08873395658374267,0.0,0.03904398172049774,,,,,,[],"[null, null, null, null]",,-0.08873395658374267,,0
105560.KS,KB금융,152100.0,56710554205500.0,Korea Equity,Unknown,0.13669965724947777,0.0,0.010638144400491135,,,,,,[],"[null, null, null, null]",,0.13669965724947777,,0
006400.KS,삼성SDI,652000.0,52541765560000.0,Korea Equity,Unknown,0.12486632697993331,0.0,0.0,,,,,,[],"[null, null, null, null]",,0.12486632697993331,,0
034730.KS,SK,657000.0,47634275871000.0,Korea Equity,Unknown,0.21927211200318492,0.0,0.05067226497567581,,,,,,[],"[null, null, null, null]",,0.21927211200318492,,0
055550.KS,신한지주,92600.0,43952993828600.0,Korea Equity,Unknown,-0.017926284437825762,0.0,0.009530551757884686,,,,,,[],"[null, null, null, null]",,-0.017926284437825762,,0
035420.KS,NAVER,271500.0,42591230184000.0,Korea Equity,Unknown,0.11183149806181607,0.0,0.039683939140401255,,,,,,[],"[null, null, null, null]",,0.11183149806181607,,0
068270.KS,셀트리온,191700.0,42580852769700.0,Korea Equity,Unknown,0.19084763390535625,0.0,0.027959068968668132,,,,,,[],"[null, null, null, null]",,0.19084763390535625,,0
010120.KS,LS ELECTRIC,267000.0,40050000000000.0,Korea Equity,Unknown,0.15389773679798827,0.0,0.010778802908824553,,,,,,[],"[null, null, null, null]",,0.15389773679798827,,0
267260.KS,HD현대일렉트릭,1066000.0,38426245910000.0,Korea Equity,Unknown,0.1437872434341205,0.0,0.024815394560190652,,,,,,[],"[null, null, null, null]",,0.1437872434341205,,0
042660.KS,한화오션,124900.0,38271032910600.0,Korea Equity,Unknown,-0.025560851218845815,0.0,0.025847039273496672,,,,,,[],"[null, null, null, null]",,-0.025560851218845815,,0
000150.KS,두산,2203000.0,35675018505000.0,Korea Equity,Unknown,-0.05351264402214574,0.0,0.030984256478591127,,,,,,[],"[null, null, null, null]",,-0.05351264402214574,,0
298040.KS,효성중공업,3811000.0,35535852428000.0,Korea Equity,Unknown,-0.1095522192355602,0.0,0.01964396200261963,,,,,,[],"[null, null, null, null]",,-0.1095522192355602,,0
006800.KS,미래에셋증권,60900.0,34077622992000.0,Korea Equity,Unknown,0.46434590093513534,0.0,0.01174660803087755,,,,,,[],"[null, null, null, null]",,0.46434590093513534,,0
005490.KS,POSCO홀딩스,413000.0,32726750651000.0,Korea Equity,Unknown,0.01825628289548634,0.0,0.02623220960967001,,,,,,[],"[null, null, null, null]",,0.01825628289548634,,0
086790.KS,하나금융지주,113900.0,31250486497200.0,Korea Equity,Unknown,0.013396682444850226,0.0,0.008179352545755818,,,,,,[],"[null, null, null, null]",,0.013396682444850226,,0
010130.KS,고려아연,1375000.0,28700332375000.0,Korea Equity,Unknown,0.5872849898049877,0.0,0.044046513692775485,,,,,,[],"[null, null, null, null]",,0.5872849898049877,,0
009540.KS,HD한국조선해양,404500.0,28627725422000.0,Korea Equity,Unknown,0.09591567497711485,0.0,0.09146971886001991,,,,,,[],"[null, null, null, null]",,0.09591567497711485,,0
018260.KS,삼성에스디에스,362000.0,28010763600000.0,Korea Equity,Unknown,-0.045301822323462415,0.0,0.02446104370803561,,,,,,[],"[null, null, null, null]",,-0.045301822323462415,,0
042700.KS,한미반도체,293000.0,27926474600000.0,Korea Equity,Unknown,-0.7172222222222221,0.0,0.006784661741040793,,,,,,[],"[null, null, null, null]",,-0.7172222222222221,,0
307950.KS,현대오토에버,938000.0,25723695116000.0,Korea Equity,Unknown,-0.10210152576528164,0.0,0.00915678834065924,,,,,,[],"[null, null, null, null]",,-0.10210152576528164,,0
051910.KS,LG화학,363500.0,25660316680500.0,Korea Equity,Unknown,0.07261532532821847,0.0,0.018271115869975676,,,,,,[],"[null, null, null, null]",,0.07261532532821847,,0
003550.KS,LG,165800.0,25569938793000.0,Korea Equity,Unknown,0.0016131723869388665,0.0,0.038479821644117396,,,,,,[],"[null, null, null, null]",,0.0016131723869388665,,0
015760.KS,한국전력,38650.0,24811911576050.0,Korea Equity,Unknown,0.11154391096168129,0.0,0.05967630404601647,,,,,,[],"[null, null, null, null]",,0.11154391096168129,,0
010140.KS,삼성중공업,27550.0,24244000000000.0,Korea Equity,Unknown,0.08173686172195303,0.0,0.0274397211541379,,,,,,[],"[null, null, null, null]",,0.08173686172195303,,0
017670.KS,SK텔레콤,112200.0,24099443946600.0,Korea Equity,Unknown,0.012330598322116715,0.0,0.025551882580272724,,,,,,[],"[null, null, null, null]",,0.012330598322116715,,0
064350.KS,현대로템,213000.0,23247308409000.0,Korea Equity,Unknown,0.02814616252821671,0.0,0.035038467071711654,,,,,,[],"[null, null, null, null]",,0.02814616252821671,,0
316140.KS,우리금융지주,29400.0,21581843808000.0,Korea Equity,Unknown,0.08632547895108673,0.0,0.006588254802644613,,,,,,[],"[null, null, null, null]",,0.08632547895108673,,0
003670.KS,포스코퓨처엠,231000.0,20546576820000.0,Korea Equity,Unknown,0.14616432137993646,0.0,0.0034155088409824077,,,,,,[],"[null, null, null, null]",,0.14616432137993646,,0
096770.KS,SK이노베이션,116200.0,19643933965600.0,Korea Equity,Unknown,0.25408409559425277,0.0,0.047603938195772647,,,,,,[],"[null, null, null, null]",,0.25408409559425277,,0
272210.KS,한화시스템,102000.0,19269777678000.0,Korea Equity,Unknown,0.05063785472533194,0.0,0.0038450973852893642,,,,,,[],"[null, null, null, null]",,0.05063785472533194,,0
035720.KS,카카오,42700.0,18860189217800.0,Korea Equity,Unknown,-0.042498644184785286,0.0,0.029040119936072292,,,,,,[],"[null, null, null, null]",,-0.042498644184785286,,0
024110.KS,기업은행,20050.0,15988388673450.0,Korea Equity,Unknown,0.077606647726059,0.0,0.007349662859587134,,,,,,[],"[null, null, null, null]",,0.077606647726059,,0
278470.KS,에이피알,426500.0,15967373107500.0,Korea Equity,Unknown,0.8108025633201098,0.0,0.02822630437447366,,,,,,[],"[null, null, null, null]",,0.8108025633201098,,0
047810.KS,한국항공우주,163000.0,15888442441000.0,Korea Equity,Unknown,0.3192080164191718,0.0,0.011710294281399233,,,,,,[],"[null, null, null, null]",,0.3192080164191718,,0
000720.KS,현대건설,138900.0,15467315758500.0,Korea Equity,Unknown,-0.18643387257632077,0.0,0.020865376426499528,,,,,,[],"[null, null, null, null]",,-0.18643387257632077,,0
277810.KQ,레인보우로보틱스,789000.0,15306487962000.0,Korea Equity,Unknown,2.0952380952380953,0.0,0.00011099530015928151,,,,,,[],"[null, null, null, null]",,2.0952380952380953,,0
006260.KS,LS,466000.0,14539200000000.0,Korea Equity,Unknown,0.21007333469138317,0.0,0.04173972044604524,,,,,,[],"[null, null, null, null]",,0.21007333469138317,,0
064400.KS,LG씨엔에스,143700.0,13922510727600.0,Korea Equity,Unknown,-0.09943843309135734,0.0,0.035971135015035224,,,,,,[],"[null, null, null, null]",,-0.09943843309135734,,0
030200.KS,KT,53200.0,13407553642000.0,Korea Equity,Unknown,-0.08736687625382036,0.0,0.06326954229897379,,,,,,[],"[null, null, null, null]",,-0.08736687625382036,,0
0126Z0.KS,삼성에피스홀딩스,482500.0,12006071142500.0,Korea Equity,Unknown,0.0,0.0,0.00643733127438188,,,,,,[],"[null, null, null, null]",,0.0,,0
010950.KS,S-Oil,104700.0,11787418322400.0,Korea Equity,Unknown,0.11110144747468473,0.0,0.060179572316468005,,,,,,[],"[null, null, null, null]",,0.11110144747468473,,0
259960.KS,크래프톤,249500.0,11511179753500.0,Korea Equity,Unknown,1.0716012084592146,0.0,0.08299378196342327,,,,,,[],"[null, null, null, null]",,1.0716012084592146,,0
005940.KS,NH투자증권,31200.0,11117944312800.0,Korea Equity,Unknown,0.6176998802713849,0.0,0.017442504313908685,,,,,,[],"[null, null, null, null]",,0.6176998802713849,,0
016360.KS,삼성증권,124500.0,11117850000000.0,Korea Equity,Unknown,0.5597039437668339,0.0,0.01718345651477631,,,,,,[],"[null, null, null, null]",,0.5597039437668339,,0
047050.KS,포스코인터내셔널,61600.0,10836843740800.0,Korea Equity,Unknown,0.032698517945506565,0.0,0.057861561715515014,,,,,,[],"[null, null, null, null]",,0.032698517945506565,,0
323410.KS,카카오뱅크,22150.0,10568217679550.0,Korea Equity,Unknown,-0.03262809074687739,0.0,0.00808378403207461,,,,,,[],"[null, null, null, null]",,-0.03262809074687739,,0
005387.KS,현대차2우B,295500.0,10331841315000.0,Korea Equity,Unknown,-0.048622084342065205,0.0,0.2543668543433785,,,,,,[],"[null, null, null, null]",,-0.048622084342065205,,0
007660.KS,이수페타시스,139400.0,10233245128600.0,Korea Equity,Unknown,0.4096934548467274,0.0,0.020783620871823557,,,,,,[],"[null, null, null, null]",,0.4096934548467274,,0
047040.KS,대우건설,24250.0,9964510221500.0,Korea Equity,Unknown,-0.14160031672018653,0.0,0.01977708782815697,,,,,,[],"[null, null, null, null]",,-0.14160031672018653,,0
028050.KS,삼성E&A,50300.0,9858800000000.0,Korea Equity,Unknown,0.04104683195592287,0.0,0.051640827401114996,,,,,,[],"[null, null, null, null]",,0.04104683195592287,,0
003490.KS,대한항공,25800.0,9500093053800.0,Korea Equity,Unknown,0.07203696845766178,0.0,0.024054443582115535,,,,,,[],"[null, null, null, null]",,0.07203696845766178,,0
001440.KS,대한전선,47600.0,9329247569600.0,Korea Equity,Unknown,0.18223483195111306,0.0,0.014345277427440302,,,,,,[],"[null, null, null, null]",,0.18223483195111306,,0
352820.KS,하이브,216000.0,9310085784000.0,Korea Equity,Unknown,-0.010345804988662131,0.0,0.006093031857285959,,,,,,[],"[null, null, null, null]",,-0.010345804988662131,,0
000880.KS,한화,128900.0,9088470759100.0,Korea Equity,Unknown,0.11481015684277265,0.0,0.07733775639013105,,,,,,[],"[null, null, null, null]",,0.11481015684277265,,0
454910.KS,두산로보틱스,138400.0,8971085232000.0,Korea Equity,Unknown,2.4,0.0,0.0,,,,,,[],"[null, null, null, null]",,2.4,,0
353200.KS,대덕전자,177800.0,8786329265000.0,Korea Equity,Unknown,0.4082960553070354,0.0,0.011765874348279502,,,,,,[],"[null, null, null, null]",,0.4082960553070354,,0
950160.KQ,코오롱티슈진,93700.0,7939767885000.0,Korea Equity,Unknown,-0.3076923076923077,0.0,0.0,,,,,,[],"[null, null, null, null]",,-0.3076923076923077,,0
034220.KS,LG디스플레이,15800.0,7900000000000.0,Korea Equity,Unknown,-0.009486307499552532,0.0,0.030933090434094132,,,,,,[],"[null, null, null, null]",,-0.009486307499552532,,0
000990.KS,DB하이텍,181400.0,7891732263200.0,Korea Equity,Unknown,0.11025489033787789,0.0,0.033654463148771414,,,,,,[],"[null, null, null, null]",,0.11025489033787789,,0
000250.KQ,삼천당제약,326500.0,7658864608000.0,Korea Equity,Unknown,0.140597539543058,0.0,0.0018216609074368122,,,,,,[],"[null, null, null, null]",,0.140597539543058,,0
062040.KS,산일전기,247500.0,7577422875000.0,Korea Equity,Unknown,0.17147310989867498,0.0,0.02549565858784366,,,,,,[],"[null, null, null, null]",,0.17147310989867498,,0
028300.KQ,HLB,55500.0,7392501376500.0,Korea Equity,Unknown,0.1910828025477707,0.0,0.0,,,,,,[],"[null, null, null, null]",,0.1910828025477707,,0
009830.KS,한화솔루션,40600.0,6978836961600.0,Korea Equity,Unknown,0.2453084399961505,0.0,0.007716674858801562,,,,,,[],"[null, null, null, null]",,0.2453084399961505,,0
326030.KS,SK바이오팜,89100.0,6977710575000.0,Korea Equity,Unknown,0.2926829268292683,0.0,0.03639641496466045,,,,,,[],"[null, null, null, null]",,0.2926829268292683,,0
032640.KS,LG유플러스,16420.0,6969103359440.0,Korea Equity,Unknown,-0.010586827593382581,0.0,0.05233181057165661,,,,,,[],"[null, null, null, null]",,-0.010586827593382581,,0
267270.KS,HD건설기계,145000.0,6948675065000.0,Korea Equity,Unknown,1.3818332127725534,0.0,0.028324461075632783,,,,,,[],"[null, null, null, null]",,1.3818332127725534,,0
128940.KS,한미약품,539000.0,6905124149000.0,Korea Equity,Unknown,0.08746194298367009,0.0,0.033349090848559505,,,,,,[],"[null, null, null, null]",,0.08746194298367009,,0
078930.KS,GS,73200.0,6799950234000.0,Korea Equity,Unknown,0.15229033344560458,0.0,0.17249743833692116,,,,,,[],"[null, null, null, null]",,0.15229033344560458,,0
000100.KS,유한양행,83400.0,6642609923400.0,Korea Equity,Unknown,-0.09015544041450778,0.0,0.01401836325301071,,,,,,[],"[null, null, null, null]",,-0.09015544041450778,,0
010060.KS,OCI홀딩스,351000.0,6553251432000.0,Korea Equity,Unknown,0.14970368461736666,0.0,0.004118825267123197,,,,,,[],"[null, null, null, null]",,0.14970368461736666,,0
090430.KS,아모레퍼시픽,111300.0,6510244076700.0,Korea Equity,Unknown,0.13014925373134328,0.0,0.04429595790890902,,,,,,[],"[null, null, null, null]",,0.13014925373134328,,0
377300.KS,카카오페이,47400.0,6411147435000.0,Korea Equity,Unknown,0.26017624842635334,0.0,0.00757381568814724,,,,,,[],"[null, null, null, null]",,0.26017624842635334,,0
021240.KS,코웨이,90000.0,6369068340000.0,Korea Equity,Unknown,0.05623957423147192,0.0,0.08779729009568099,,,,,,[],"[null, null, null, null]",,0.05623957423147192,,0
036570.KS,NC,295500.0,6366258501000.0,Korea Equity,Unknown,0.45763598326359833,0.0,0.01750325093015869,,,,,,[],"[null, null, null, null]",,0.45763598326359833,,0
241560.KS,두산밥캣,66000.0,6326500290000.0,Korea Equity,Unknown,0.004559474319431407,0.0,0.05911942331811238,,,,,,[],"[null, null, null, null]",,0.004559474319431407,,0
066970.KS,엘앤에프,155000.0,6270600485000.0,Korea Equity,Unknown,0.42203422418765624,0.0,0.024589623777129102,,,,,,[],"[null, null, null, null]",,0.42203422418765624,,0
298380.KQ,에이비엘바이오,111900.0,6264997109700.0,Korea Equity,Unknown,-0.8269484808454426,0.0,0.006381230205863163,,,,,,[],"[null, null, null, null]",,-0.8269484808454426,,0
000500.KS,가온전선,368000.0,6087866320000.0,Korea Equity,Unknown,0.18700450800559615,0.0,0.011967827555181896,,,,,,[],"[null, null, null, null]",,0.18700450800559615,,0
011790.KS,SKC,156500.0,5926388637000.0,Korea Equity,Unknown,0.0627006205863471,0.0,0.0,,,,,,[],"[null, null, null, null]",,0.0627006205863471,,0
108490.KQ,로보티즈,402500.0,5899453770000.0,Korea Equity,Unknown,0.4936708860759494,0.0,0.00042308720728766945,,,,,,[],"[null, null, null, null]",,0.4936708860759494,,0
022100.KS,포스코DX,38700.0,5883744012300.0,Korea Equity,Unknown,-0.1150604617075852,0.0,0.006932310763490929,,,,,,[],"[null, null, null, null]",,-0.1150604617075852,,0
336260.KS,두산퓨얼셀,89600.0,5868237849600.0,Korea Equity,Unknown,0.12684824902723735,0.0,0.0,,,,,,[],"[null, null, null, null]",,0.12684824902723735,,0
440110.KQ,파두,111100.0,5565757479700.0,Korea Equity,Unknown,1.510548523206751,0.0,0.001356797890426903,,,,,,[],"[null, null, null, null]",,1.510548523206751,,0
018880.KS,한온시스템,5220.0,5357090521440.0,Korea Equity,Unknown,-0.03848576026870058,0.0,0.029147905547853757,,,,,,[],"[null, null, null, null]",,-0.03848576026870058,,0
001040.KS,CJ,183000.0,5339390634000.0,Korea Equity,Unknown,0.02987678748088857,0.0,0.17826719791449808,,,,,,[],"[null, null, null, null]",,0.02987678748088857,,0
138930.KS,BNK금융지주,16990.0,5272456290670.0,Korea Equity,Unknown,-0.015488647954365154,0.0,0.006052480234235161,,,,,,[],"[null, null, null, null]",,-0.015488647954365154,,0
004020.KS,현대제철,39100.0,5217730193500.0,Korea Equity,Unknown,-0.034630651237890206,0.0,0.012532138908852082,,,,,,[],"[null, null, null, null]",,-0.034630651237890206,,0
088980.KS,맥쿼리인프라,10820.0,5181935964260.0,Korea Equity,Unknown,0.0,0.0,0.0,,,,,,[],[],,0.0,,0
082740.KS,한화엔진,61800.0,5157033375600.0,Korea Equity,Unknown,-0.10962084085633221,0.0,0.024636700761203088,,,,,,[],"[null, null, null, null]",,-0.10962084085633221,,0
052690.KS,한전기술,134400.0,5136768000000.0,Korea Equity,Unknown,0.1075268817204301,0.0,0.009728389449596527,,,,,,[],"[null, null, null, null]",,0.1075268817204301,,0
271560.KS,오리온,127700.0,5048764056400.0,Korea Equity,Unknown,0.1971178589809573,0.0,0.10183228753543166,,,,,,[],"[null, null, null, null]",,0.1971178589809573,,0
004170.KS,신세계,516000.0,4873713396000.0,Korea Equity,Unknown,0.09050655331207935,0.0,0.04591694362486527,,,,,,[],"[null, null, null, null]",,0.09050655331207935,,0
178320.KQ,서진시스템,75100.0,4778744199700.0,Korea Equity,Unknown,0.08352668213457076,0.0,0.0035434688446520095,,,,,,[],"[null, null, null, null]",,0.08352668213457076,,0
002380.KS,KCC,554000.0,4760464384000.0,Korea Equity,Unknown,-0.046267518911628454,0.0,0.025949917429165047,,,,,,[],"[null, null, null, null]",,-0.046267518911628454,,0
310210.KQ,보로노이,250000.0,4600542750000.0,Korea Equity,Unknown,0.0,0.0,0.0,,,,,,[],"[null, null, null, null]",,0.0,,0
175330.KS,JB금융지주,24100.0,4536911374400.0,Korea Equity,Unknown,0.06563362721524624,0.0,0.013737693125583171,,,,,,[],"[null, null, null, null]",,0.06563362721524624,,0
214370.KQ,케어젠,84000.0,4512060000000.0,Korea Equity,Unknown,0.2541436464088398,0.0,0.006049241386313142,,,,,,[],"[null, null, null, null]",,0.2541436464088398,,0
319400.KQ,현대무벡스,40000.0,4455041560000.0,Korea Equity,Unknown,-0.2416582406471183,0.0,0.0028362036890878396,,,,,,[],"[null, null, null, null]",,-0.2416582406471183,,0
103590.KS,일진전기,93200.0,4444278348000.0,Korea Equity,Unknown,-0.031943381790359604,0.0,0.03062886733477036,,,,,,[],"[null, null, null, null]",,-0.031943381790359604,,0
450080.KS,에코프로머티,60100.0,4249406980700.0,Korea Equity,Unknown,1.1318822023047375,0.0,0.0036202932121189705,,,,,,[],"[null, null, null, null]",,1.1318822023047375,,0
023530.KS,롯데쇼핑,147500.0,4172591362500.0,Korea Equity,Unknown,0.06923008030569902,0.0,0.027776411811115596,,,,,,[],"[null, null, null, null]",,0.06923008030569902,,0
088350.KS,한화생명,4785.0,4155916050000.0,Korea Equity,Unknown,0.13775367931835786,0.0,0.007154138540132273,,,,,,[],"[null, null, null, null]",,0.13775367931835786,,0
051900.KS,LG생활건강,248500.0,3799878607000.0,Korea Equity,Unknown,-0.017633497414169107,0.0,0.04118879328615245,,,,,,[],"[null, null, null, null]",,-0.017633497414169107,,0
347850.KQ,디앤디파마텍,83100.0,3640124615700.0,Korea Equity,Unknown,-0.2857142857142857,0.0,0.0,,,,,,[],"[null, null, null, null]",,-0.2857142857142857,,0
489790.KS,한화비전,70800.0,3574578012000.0,Korea Equity,Unknown,-0.03455818022747156,0.0,0.02867935432574638,,,,,,[],"[null, null, null, null]",,-0.03455818022747156,,0
251270.KS,넷마블,42900.0,3514993095900.0,Korea Equity,Unknown,-0.09183389074693422,0.0,0.059279833197030056,,,,,,[],"[null, null, null, null]",,-0.09183389074693422,,0
226950.KQ,올릭스,172800.0,3507940742400.0,Korea Equity,Unknown,-0.42857142857142855,0.0,0.0,,,,,,[],"[null, null, null, null]",,-0.42857142857142855,,0
005850.KS,에스엘,74200.0,3446480184000.0,Korea Equity,Unknown,0.0720630261836719,0.0,0.08508228001651576,,,,,,[],"[null, null, null, null]",,0.0720630261836719,,0
080220.KQ,제주반도체,98500.0,3392619050500.0,Korea Equity,Unknown,2.532289628180039,0.0,0.02735343595048973,,,,,,[],"[null, null, null, null]",,2.532289628180039,,0
020150.KS,롯데에너지머티리얼즈,64300.0,3367099270900.0,Korea Equity,Unknown,-0.22010736944851148,0.0,0.0,,,,,,[],"[null, null, null, null]",,-0.22010736944851148,,0
011170.KS,롯데케미칼,78400.0,3353592849600.0,Korea Equity,Unknown,0.18903528626909055,0.0,0.005510754926756455,,,,,,[],"[null, null, null, null]",,0.18903528626909055,,0
004800.KS,효성,197500.0,3306230382500.0,Korea Equity,Unknown,-0.11912277787007809,0.0,0.07173900885948836,,,,,,[],"[null, null, null, null]",,-0.11912277787007809,,0
035250.KS,강원랜드,14990.0,3206968095000.0,Korea Equity,Unknown,0.05016629711751663,0.0,0.05522026023147208,,,,,,[],"[null, null, null, null]",,0.05016629711751663,,0
036460.KS,한국가스공사,34500.0,3184798500000.0,Korea Equity,Unknown,0.5467949306037929,0.0,0.04544195774220906,,,,,,[],"[null, null, null, null]",,0.5467949306037929,,0
302440.KS,SK바이오사이언스,40300.0,3161799085900.0,Korea Equity,Unknown,0.04138357010500309,0.0,0.0,,,,,,[],"[null, null, null, null]",,0.04138357010500309,,0
017800.KS,현대엘리베이터,79300.0,3100026130500.0,Korea Equity,Unknown,-0.14384313725490197,0.0,0.034906919449260165,,,,,,[],"[null, null, null, null]",,-0.14384313725490197,,0
097950.KS,CJ제일제당,203500.0,3063526851000.0,Korea Equity,Unknown,-0.017423865583374786,0.0,0.08119127549770246,,,,,,[],"[null, null, null, null]",,-0.017423865583374786,,0
009420.KS,한올바이오파마,58100.0,3035181067800.0,Korea Equity,Unknown,-0.0171990171990172,0.0,0.000705362842887301,,,,,,[],"[null, null, null, null]",,-0.0171990171990172,,0
031210.KS,서울보증보험,42650.0,2977891154700.0,Korea Equity,Unknown,0.004157386785449147,0.0,0.05225792564332205,,,,,,[],"[null, null, null, null]",,0.004157386785449147,,0
014680.KS,한솔케미칼,260500.0,2961935797500.0,Korea Equity,Unknown,0.04506534474988734,0.0,0.04627274244040436,,,,,,[],"[null, null, null, null]",,0.04506534474988734,,0
001450.KS,현대해상,34400.0,2932539800000.0,Korea Equity,Unknown,0.006074056769069034,0.0,0.02663290863195782,,,,,,[],"[null, null, null, null]",,0.006074056769069034,,0
204320.KS,HL만도,62400.0,2930124288000.0,Korea Equity,Unknown,-0.03715273439126994,0.0,0.05348982192590805,,,,,,[],"[null, null, null, null]",,-0.03715273439126994,,0
007810.KS,코리아써키트,119600.0,2868321352000.0,Korea Equity,Unknown,0.267431331119831,0.0,0.025793190046584587,,,,,,[],"[null, null, null, null]",,0.267431331119831,,0
058610.KQ,에스피지,127900.0,2836484344000.0,Korea Equity,Unknown,0.0037267080745341614,0.0,0.0060648563126347085,,,,,,[],"[null, null, null, null]",,0.0037267080745341614,,0
457190.KS,이수스페셜티케미컬,93600.0,2828486419200.0,Korea Equity,Unknown,0.08926780341023069,0.0,0.0016497068961276533,,,,,,[],"[null, null, null, null]",,0.08926780341023069,,0
001720.KS,신영증권,170200.0,2798088000000.0,Korea Equity,Unknown,0.7891398122303984,0.0,0.006830445382625834,,,,,,[],"[null, null, null, null]",,0.7891398122303984,,0
139130.KS,iM금융지주,17390.0,2793261498370.0,Korea Equity,Unknown,0.22892485423137704,0.0,0.006332805100441899,,,,,,[],"[null, null, null, null]",,0.22892485423137704,,0
375500.KS,DL이앤씨,72000.0,2785940856000.0,Korea Equity,Unknown,-0.13367480164708245,0.0,0.0649203541326322,,,,,,[],"[null, null, null, null]",,-0.13367480164708245,,0
005290.KQ,동진쎄미켐,53900.0,2747289791400.0,Korea Equity,Unknown,-0.12924628450106157,0.0,0.05417678001101617,,,,,,[],"[null, null, null, null]",,-0.12924628450106157,,0
028670.KS,팬오션,5110.0,2731650206320.0,Korea Equity,Unknown,0.16643475572047003,0.0,0.06227072458704726,,,,,,[],"[null, null, null, null]",,0.16643475572047003,,0
067310.KQ,하나마이크론,40200.0,2671861885200.0,Korea Equity,Unknown,0.49235743680188127,0.0,0.05229713996005005,,,,,,[],"[null, null, null, null]",,0.49235743680188127,,0
032820.KQ,우리기술,15540.0,2666744590440.0,Korea Equity,Unknown,-0.24778761061946902,0.0,0.0,,,,,,[],"[null, null, null, null]",,-0.24778761061946902,,0
012750.KS,에스원,70100.0,2663742377800.0,Korea Equity,Unknown,-0.0805240889859424,0.0,0.056800064070205825,,,,,,[],"[null, null, null, null]",,-0.0805240889859424,,0
483650.KS,달바글로벌,202500.0,2525005912500.0,Korea Equity,Unknown,0.33333333333333326,0.0,0.04494815833031045,,,,,,[],"[null, null, null, null]",,0.33333333333333326,,0
004990.KS,롯데지주,25150.0,2506543966400.0,Korea Equity,Unknown,-0.10412544519192718,0.0,0.02555704370078272,,,,,,[],"[null, null, null, null]",,-0.10412544519192718,,0
009970.KS,영원무역홀딩스,185100.0,2498708768700.0,Korea Equity,Unknown,-0.0843025723745649,0.0,0.20751648629794875,,,,,,[],"[null, null, null, null]",,-0.0843025723745649,,0
006360.KS,GS건설,28850.0,2469025986500.0,Korea Equity,Unknown,-0.24892838146491036,0.0,0.03202865397483194,,,,,,[],"[null, null, null, null]",,-0.24892838146491036,,0
007340.KS,DN오토모티브,42100.0,2463307416500.0,Korea Equity,Unknown,0.11884344766930517,0.0,0.0877419439861506,,,,,,[],"[null, null, null, null]",,0.11884344766930517,,0
011210.KS,현대위아,90000.0,2447557470000.0,Korea Equity,Unknown,0.0003213072615441109,0.0,0.039752862128174964,,,,,,[],"[null, null, null, null]",,0.0003213072615441109,,0
139480.KS,이마트,87700.0,2420153326300.0,Korea Equity,Unknown,0.011990339536866033,0.0,0.017641357502053315,,,,,,[],"[null, null, null, null]",,0.011990339536866033,,0
001740.KS,SK네트웍스,11880.0,2383055401320.0,Korea Equity,Unknown,0.14977247246587086,0.0,0.017205453295057918,,,,,,[],"[null, null, null, null]",,0.14977247246587086,,0
071970.KS,HD현대마린엔진,69800.0,2367720351000.0,Korea Equity,Unknown,0.34576612903225806,0.0,0.03585766722232509,,,,,,[],"[null, null, null, null]",,0.34576612903225806,,0
439260.KS,대한조선,62000.0,2361501260000.0,Korea Equity,Unknown,0.04155405405405405,0.0,0.10697839776981018,,,,,,[],"[null, null, null, null]",,0.04155405405405405,,0
082920.KQ,비츠로셀,52000.0,2357652804000.0,Korea Equity,Unknown,0.2088495575221239,0.0,0.030897639329303294,,,,,,[],"[null, null, null, null]",,0.2088495575221239,,0
026960.KS,동서,23600.0,2352920000000.0,Korea Equity,Unknown,-0.011687363038714392,0.0,0.018184410942782732,,,,,,[],"[null, null, null, null]",,-0.011687363038714392,,0
257720.KQ,실리콘투,35750.0,2344351009000.0,Korea Equity,Unknown,0.245014245014245,0.0,0.0791105817870579,,,,,,[],"[null, null, null, null]",,0.245014245014245,,0
100790.KQ,미래에셋벤처투자,43850.0,2329515200900.0,Korea Equity,Unknown,5.184782608695652,0.0,0.01192904401285884,,,,,,[],"[null, null, null, null]",,5.184782608695652,,0
218410.KQ,RFHIC,87600.0,2326081519200.0,Korea Equity,Unknown,-0.033632286995515695,0.0,0.014225753023388138,,,,,,[],"[null, null, null, null]",,-0.033632286995515695,,0
098460.KQ,고영,33850.0,2323963456750.0,Korea Equity,Unknown,0.39539347408829173,0.0,0.00991897878751197,,,,,,[],"[null, null, null, null]",,0.39539347408829173,,0
051600.KS,한전KPS,51100.0,2299500000000.0,Korea Equity,Unknown,-0.22378854625550662,0.0,0.06235050368793746,,,,,,[],"[null, null, null, null]",,-0.22378854625550662,,0
279570.KS,케이뱅크,5600.0,2271892845600.0,Korea Equity,Unknown,0.030246913580246913,0.0,0.003410276414413137,,,,,,[],"[null, null, null, null]",,0.030246913580246913,,0
008930.KS,한미사이언스,33150.0,2267179882500.0,Korea Equity,Unknown,0.11025716819391071,0.0,0.05248140593071505,,,,,,[],"[null, null, null, null]",,0.11025716819391071,,0
083650.KQ,비에이치아이,71800.0,2221806125000.0,Korea Equity,Unknown,0.6585942114589486,0.0,0.033457190998512236,,,,,,[],"[null, null, null, null]",,0.6585942114589486,,0
0009K0.KQ,에임드바이오,34200.0,2211753706200.0,Korea Equity,Unknown,0.11842105263157894,0.0,0.01247917784609,,,,,,[],"[null, null, null, null]",,0.11842105263157894,,0
078600.KQ,대주전자재료,141300.0,2201096228400.0,Korea Equity,Unknown,0.43375394321766564,0.0,0.009554139936525603,,,,,,[],"[null, null, null, null]",,0.43375394321766564,,0
009155.KS,삼성전기우,752000.0,2186051968000.0,Korea Equity,Unknown,0.15244559362206422,0.0,0.414871187606134,,,,,,[],"[null, null, null, null]",,0.15244559362206422,,0
103140.KS,풍산,77500.0,2171881545000.0,Korea Equity,Unknown,-0.0178516228748068,0.0,0.06860961043720568,,,,,,[],"[null, null, null, null]",,-0.0178516228748068,,0
229640.KS,LS에코에너지,70700.0,2165178945300.0,Korea Equity,Unknown,0.1410871302957634,0.0,0.02950863755531189,,,,,,[],"[null, null, null, null]",,0.1410871302957634,,0
095610.KQ,테스,111300.0,2154768000000.0,Korea Equity,Unknown,0.18392204628501826,0.0,0.027799465572383504,,,,,,[],"[null, null, null, null]",,0.18392204628501826,,0
030530.KQ,원익홀딩스,27750.0,2143353972750.0,Korea Equity,Unknown,-0.2569796954314721,0.0,0.0,,,,,,[],"[null, null, null, null]",,-0.2569796954314721,,0
066575.KS,LG전자우,124400.0,2137353595600.0,Korea Equity,Unknown,0.14430120906096425,0.0,0.5563813862122373,,,,,,[],"[null, null, null, null]",,0.14430120906096425,,0
030000.KS,제일기획,18530.0,2131713899250.0,Korea Equity,Unknown,-0.09045405791919914,0.0,0.07393692731285385,,,,,,[],"[null, null, null, null]",,-0.09045405791919914,,0
008770.KS,호텔신라,54200.0,2127248158200.0,Korea Equity,Unknown,0.027403939925882578,0.0,0.009076425085369254,,,,,,[],"[null, null, null, null]",,0.027403939925882578,,0
018670.KS,SK가스,227500.0,2106023010000.0,Korea Equity,Unknown,0.4015316704781152,0.0,0.07019203669113767,,,,,,[],"[null, null, null, null]",,0.4015316704781152,,0
068760.KQ,셀트리온제약,47300.0,2100230303600.0,Korea Equity,Unknown,0.006092916984006092,0.0,0.02389030463118859,,,,,,[],"[null, null, null, null]",,0.006092916984006092,,0
007070.KS,GS리테일,24750.0,2069283521250.0,Korea Equity,Unknown,-0.04217271690263705,0.0,0.049583320611912465,,,,,,[],"[null, null, null, null]",,-0.04217271690263705,,0
085620.KS,미래에셋생명,15050.0,2034459000000.0,Korea Equity,Unknown,0.14866369710467706,0.0,0.005787933303561757,,,,,,[],"[null, null, null, null]",,0.14866369710467706,,0
097230.KS,HJ중공업,22400.0,2022615705600.0,Korea Equity,Unknown,0.06616778259157148,0.0,0.022802212769370476,,,,,,[],"[null, null, null, null]",,0.06616778259157148,,0
161890.KS,한국콜마,85500.0,2018234083500.0,Korea Equity,Unknown,-0.003831417624521072,0.0,0.08315877511443161,,,,,,[],"[null, null, null, null]",,-0.003831417624521072,,0
081660.KS,미스토홀딩스,37400.0,1985634816000.0,Korea Equity,Unknown,0.049930764844831804,0.0,0.10965195857358058,,,,,,[],"[null, null, null, null]",,0.049930764844831804,,0
112610.KS,씨에스윈드,46750.0,1971513090250.0,Korea Equity,Unknown,0.094,0.0,0.06582386931980605,,,,,,[],"[null, null, null, null]",,0.094,,0
322000.KS,HD현대에너지솔루션,174700.0,1956640000000.0,Korea Equity,Unknown,0.19596110695587135,0.0,0.03498492264344063,,,,,,[],"[null, null, null, null]",,0.19596110695587135,,0
192820.KS,코스맥스,172000.0,1952115548000.0,Korea Equity,Unknown,0.09364977549711354,0.0,0.054103821118607766,,,,,,[],"[null, null, null, null]",,0.09364977549711354,,0
181710.KS,NHN,59600.0,1952087084400.0,Korea Equity,Unknown,0.10993552653331129,0.0,0.03950775462331551,,,,,,[],"[null, null, null, null]",,0.10993552653331129,,0
001430.KS,세아베스틸지주,53700.0,1925795790300.0,Korea Equity,Unknown,0.0032141005702436497,0.0,0.0281185109158451,,,,,,[],"[null, null, null, null]",,0.0032141005702436497,,0
000120.KS,CJ대한통운,84400.0,1925361833600.0,Korea Equity,Unknown,0.05448760005248655,0.0,0.058327583469107186,,,,,,[],"[null, null, null, null]",,0.05448760005248655,,0
140410.KQ,메지온,61800.0,1878235920600.0,Korea Equity,Unknown,0.05,0.0,0.0,,,,,,[],"[null, null, null, null]",,0.05,,0
089030.KQ,테크윙,49200.0,1823039334000.0,Korea Equity,Unknown,0.07157464212678936,0.0,0.010370203980684145,,,,,,[],"[null, null, null, null]",,0.07157464212678936,,0
060370.KQ,LS마린솔루션,34850.0,1820524061900.0,Korea Equity,Unknown,-0.21194029850746268,0.0,0.004932599652144167,,,,,,[],"[null, null, null, null]",,-0.21194029850746268,,0
002790.KS,아모레퍼시픽홀딩스,22400.0,1712663232000.0,Korea Equity,Unknown,0.11662100456621005,0.0,0.15910100997346288,,,,,,[],"[null, null, null, null]",,0.11662100456621005,,0
323280.KQ,태성,55800.0,1704019284000.0,Korea Equity,Unknown,1.313953488372093,0.0,0.0007912436116940958,,,,,,[],"[null, null, null, null]",,1.313953488372093,,0
023590.KS,다우기술,39300.0,1701191361600.0,Korea Equity,Unknown,1.0635431854285902,0.0,0.04356261721628215,,,,,,[],"[null, null, null, null]",,1.0635431854285902,,0
347700.KQ,스피어,33450.0,1699738502250.0,Korea Equity,Unknown,0.54337899543379,0.0,0.005755960168671218,,,,,,[],"[null, null, null, null]",,0.54337899543379,,0
017960.KS,한국카본,32150.0,1661399024900.0,Korea Equity,Unknown,-0.08430609597924774,0.0,0.06421070941913085,,,,,,[],"[null, null, null, null]",,-0.08430609597924774,,0
005070.KS,코스모신소재,49950.0,1659067821450.0,Korea Equity,Unknown,0.02164862614487927,0.0,0.0011392460674343264,,,,,,[],"[null, null, null, null]",,0.02164862614487927,,0
437730.KQ,삼현,52000.0,1648793484000.0,Korea Equity,Unknown,-0.30111524163568776,0.0,0.0008690563454480069,,,,,,[],"[null, null, null, null]",,-0.30111524163568776,,0
476830.KQ,알지노믹스,117800.0,1641406587600.0,Korea Equity,Unknown,-0.9436619718309859,0.0,0.0018807790528920477,,,,,,[],"[null, null, null, null]",,-0.9436619718309859,,0
006280.KS,녹십자,137700.0,1609236282600.0,Korea Equity,Unknown,-0.12952228662802318,0.0,0.024146435836785933,,,,,,[],"[null, null, null, null]",,-0.12952228662802318,,0
096530.KQ,씨젠,30550.0,1595504116700.0,Korea Equity,Unknown,0.13146362839614373,0.0,0.023202950721873526,,,,,,[],"[null, null, null, null]",,0.13146362839614373,,0
039200.KQ,오스코텍,40550.0,1551369036800.0,Korea Equity,Unknown,-0.64,0.0,0.0386069775851314,,,,,,[],"[null, null, null, null]",,-0.64,,0
001120.KS,LX인터내셔널,40000.0,1550400000000.0,Korea Equity,Unknown,0.09949872069343638,0.0,0.04211673588716112,,,,,,[],"[null, null, null, null]",,0.09949872069343638,,0
361610.KS,SK아이이테크놀로지,18710.0,1530236641000.0,Korea Equity,Unknown,-0.56590084643289,0.0,0.0,,,,,,[],"[null, null, null, null]",,-0.56590084643289,,0
006040.KS,동원산업,34450.0,1520651214550.0,Korea Equity,Unknown,0.0726702281014161,0.0,0.09843288743999783,,,,,,[],"[null, null, null, null]",,0.0726702281014161,,0
003540.KS,대신증권,30650.0,1508585735950.0,Korea Equity,Unknown,0.5926024717702498,0.0,0.012273290827589713,,,,,,[],"[null, null, null, null]",,0.5926024717702498,,0
445680.KQ,큐리옥스바이오시스템즈,85800.0,1476039279000.0,Korea Equity,Unknown,0.3,0.0,0.0,,,,,,[],"[null, null, null, null]",,0.3,,0
069620.KS,대웅제약,127200.0,1473812340000.0,Korea Equity,Unknown,-0.06808090774543661,0.0,0.06844960271800347,,,,,,[],"[null, null, null, null]",,-0.06808090774543661,,0
031330.KQ,에스에이엠티,14700.0,1469927484900.0,Korea Equity,Unknown,0.9557734204793029,0.0,0.13832559571972833,,,,,,[],"[null, null, null, null]",,0.9557734204793029,,0
032350.KS,롯데관광개발,18410.0,1465463136340.0,Korea Equity,Unknown,-0.009511731135066582,0.0,0.04857070570341829,,,,,,[],"[null, null, null, null]",,-0.009511731135066582,,0
020560.KS,아시아나항공,6980.0,1437815162780.0,Korea Equity,Unknown,-0.10948595654478006,0.0,0.0,,,,,,[],"[null, null, null, null]",,-0.10948595654478006,,0
099320.KQ,쎄트렉아이,130900.0,1433522290200.0,Korea Equity,Unknown,-0.1640449438202247,0.0,0.005390657231183563,,,,,,[],"[null, null, null, null]",,-0.1640449438202247,,0
192080.KS,더블유게임즈,67400.0,1427091743200.0,Korea Equity,Unknown,0.19255381035485747,0.0,0.15333979456916882,,,,,,[],"[null, null, null, null]",,0.19255381035485747,,0
101490.KQ,에스앤에스텍,66500.0,1418769453500.0,Korea Equity,Unknown,0.016474464579901153,0.0,0.03317484968099142,,,,,,[],"[null, null, null, null]",,0.016474464579901153,,0
417200.KQ,LS머트리얼즈,20550.0,1390262142450.0,Korea Equity,Unknown,0.1501416430594901,0.0,0.0007577053867249796,,,,,,[],"[null, null, null, null]",,0.1501416430594901,,0
089970.KQ,브이엠,55800.0,1382277321000.0,Korea Equity,Unknown,1.2678571428571428,0.0,0.03614837014663834,,,,,,[],"[null, null, null, null]",,1.2678571428571428,,0
032500.KQ,케이엠더블유,32700.0,1379668622700.0,Korea Equity,Unknown,-0.15019762845849802,0.0,0.0,,,,,,[],"[null, null, null, null]",,-0.15019762845849802,,0
027360.KQ,아주IB투자,11360.0,1376211812160.0,Korea Equity,Unknown,-0.25274725274725274,0.0,0.008215764963176064,,,,,,[],"[null, null, null, null]",,-0.25274725274725274,,0
475830.KQ,오름테라퓨틱,63700.0,1370398802500.0,Korea Equity,Unknown,0.0,0.0,0.0,,,,,,[],"[null, null, null, null]",,0.0,,0
195870.KS,해성디에스,80600.0,1370200000000.0,Korea Equity,Unknown,0.198856416772554,0.0,0.033414594382945605,,,,,,[],"[null, null, null, null]",,0.198856416772554,,0
475150.KS,SK이터닉스,39800.0,1355866759200.0,Korea Equity,Unknown,-0.5788667687595712,0.0,0.022838494159672762,,,,,,[],"[null, null, null, null]",,-0.5788667687595712,,0
073240.KS,금호타이어,4705.0,1351559650335.0,Korea Equity,Unknown,-0.04380578072545648,0.0,0.1262134233397643,,,,,,[],"[null, null, null, null]",,-0.04380578072545648,,0
189300.KQ,인텔리안테크,124500.0,1336818376500.0,Korea Equity,Unknown,-0.13386880856760375,0.0,0.01555840706354901,,,,,,[],"[null, null, null, null]",,-0.13386880856760375,,0
090710.KQ,휴림로봇,11170.0,1334336890490.0,Korea Equity,Unknown,-0.4296577946768061,0.0,0.0007285963715092496,,,,,,[],"[null, null, null, null]",,-0.4296577946768061,,0
007310.KS,오뚜기,332500.0,1332603475000.0,Korea Equity,Unknown,0.05898004434589801,0.0,0.060483550100926146,,,,,,[],"[null, null, null, null]",,0.05898004434589801,,0
490470.KQ,세미파이브,38650.0,1314095748500.0,Korea Equity,Unknown,0.7230215827338129,0.0,7.117421894960794e-05,,,,,,[],"[null, null, null, null]",,0.7230215827338129,,0
294870.KS,IPARK현대산업개발,19920.0,1312874013600.0,Korea Equity,Unknown,-0.4206499312242091,0.0,0.04848161235560367,,,,,,[],"[null, null, null, null]",,-0.4206499312242091,,0
036540.KQ,SFA반도체,7930.0,1304170202790.0,Korea Equity,Unknown,0.4099868593955322,0.0,0.0,,,,,,[],"[null, null, null, null]",,0.4099868593955322,,0
232140.KQ,와이씨,15870.0,1302059704500.0,Korea Equity,Unknown,1.2230769230769232,0.0,0.013182252475671815,,,,,,[],"[null, null, null, null]",,1.2230769230769232,,0
003530.KS,한화투자증권,6040.0,1295868561000.0,Korea Equity,Unknown,0.07359617682198327,0.0,0.009046217251163785,,,,,,[],"[null, null, null, null]",,0.07359617682198327,,0
038500.KQ,삼표시멘트,11990.0,1293916508940.0,Korea Equity,Unknown,-0.062429696287964,0.0,0.04342294722011805,,,,,,[],"[null, null, null, null]",,-0.062429696287964,,0
004000.KS,롯데정밀화학,49800.0,1284840000000.0,Korea Equity,Unknown,0.2024958794443136,0.0,0.05437881893454089,,,,,,[],"[null, null, null, null]",,0.2024958794443136,,0
034230.KS,파라다이스,13850.0,1282916940700.0,Korea Equity,Unknown,0.033391915641476276,0.0,0.04712913601755011,,,,,,[],"[null, null, null, null]",,0.033391915641476276,,0
030610.KS,교보증권,11180.0,1274105903980.0,Korea Equity,Unknown,0.18226112063520708,0.0,0.010240660453003566,,,,,,[],"[null, null, null, null]",,0.18226112063520708,,0
491000.KQ,리브스메드,50300.0,1257720867300.0,Korea Equity,Unknown,0.0,0.0,0.0,,,,,,[],"[null, null, null, null]",,0.0,,0
281820.KS,케이씨텍,63200.0,1251275375200.0,Korea Equity,Unknown,0.601025641025641,0.0,0.06489756200657801,,,,,,[],"[null, null, null, null]",,0.601025641025641,,0
085660.KQ,차바이오텍,13320.0,1238357043360.0,Korea Equity,Unknown,0.10304449648711944,0.0,0.0,,,,,,[],"[null, null, null, null]",,0.10304449648711944,,0
065350.KQ,신성델타테크,45000.0,1236777660000.0,Korea Equity,Unknown,0.25271739130434784,0.0,0.014531728136857927,,,,,,[],"[null, null, null, null]",,0.25271739130434784,,0
012630.KS,HDC,20700.0,1236653624700.0,Korea Equity,Unknown,-0.30866505388168025,0.0,0.11710227103068128,,,,,,[],"[null, null, null, null]",,-0.30866505388168025,,0
458870.KQ,씨어스,31600.0,1202687784000.0,Korea Equity,Unknown,3.0625,0.0,0.025201607425807758,,,,,,[],"[null, null, null, null]",,3.0625,,0
281740.KQ,레이크머티리얼즈,18190.0,1195638668120.0,Korea Equity,Unknown,0.0641025641025641,0.0,0.01031998289462543,,,,,,[],"[null, null, null, null]",,0.0641025641025641,,0
295310.KQ,에이치브이엠,99300.0,1194309996300.0,Korea Equity,Unknown,0.8,0.0,0.004771783594958028,,,,,,[],"[null, null, null, null]",,0.8,,0
090360.KQ,로보스타,122200.0,1191450000000.0,Korea Equity,Unknown,0.27411167512690354,0.0,8.229261587830229e-05,,,,,,[],"[null, null, null, null]",,0.27411167512690354,,0
328130.KQ,루닛,16000.0,1190122176000.0,Korea Equity,Unknown,0.3407821229050279,0.0,0.0,,,,,,[],"[null, null, null, null]",,0.3407821229050279,,0
001820.KS,삼화콘덴서,114000.0,1185030000000.0,Korea Equity,Unknown,-0.07487309644670051,0.0,0.010372601320728673,,,,,,[],"[null, null, null, null]",,-0.07487309644670051,,0
093370.KS,후성,10760.0,1154067350800.0,Korea Equity,Unknown,0.13848631239935588,0.0,0.022643044890004006,,,,,,[],"[null, null, null, null]",,0.13848631239935588,,0
466100.KQ,클로봇,44950.0,1144392793050.0,Korea Equity,Unknown,0.038461538461538464,0.0,0.0018205146124706758,,,,,,[],"[null, null, null, null]",,0.038461538461538464,,0
006110.KS,삼아알미늄,75500.0,1141820852500.0,Korea Equity,Unknown,0.0,0.0,0.0,,,,,,[],"[null, null, null, null]",,0.0,,0
388720.KQ,유일로보틱스,96400.0,1135721658000.0,Korea Equity,Unknown,0.039603960396039604,0.0,0.0003465093117312808,,,,,,[],"[null, null, null, null]",,0.039603960396039604,,0
089860.KS,롯데렌탈,31200.0,1132852905600.0,Korea Equity,Unknown,-0.023904914529914528,0.0,0.04551955589333067,,,,,,[],"[null, null, null, null]",,-0.023904914529914528,,0
082640.KS,동양생명,7160.0,1117408079960.0,Korea Equity,Unknown,0.09974275023386342,0.0,0.0056935464850460735,,,,,,[],"[null, null, null, null]",,0.09974275023386342,,0
000080.KS,하이트진로,15900.0,1115124414900.0,Korea Equity,Unknown,-0.08629755644911846,0.0,0.053893828042281704,,,,,,[],"[null, null, null, null]",,-0.08629755644911846,,0
204270.KQ,제이앤티씨,19140.0,1107219639240.0,Korea Equity,Unknown,-0.28698752228163993,0.0,0.0,,,,,,[],"[null, null, null, null]",,-0.28698752228163993,,0
456040.KS,OCI,123000.0,1101156885000.0,Korea Equity,Unknown,-0.03870967741935484,0.0,0.013887042571398514,,,,,,[],"[null, null, null, null]",,-0.03870967741935484,,0
388210.KQ,씨엠티엑스,113800.0,1098675044400.0,Korea Equity,Unknown,-0.42949547218628725,0.0,0.05499229838653946,,,,,,[],"[null, null, null, null]",,-0.42949547218628725,,0
048410.KQ,현대바이오,11200.0,1080862406400.0,Korea Equity,Unknown,0.0,0.0,0.0,,,,,,[],"[null, null, null, null]",,0.0,,0
185750.KS,종근당,77500.0,1069715450000.0,Korea Equity,Unknown,0.029898804047838085,0.0,0.04306036306957077,,,,,,[],"[null, null, null, null]",,0.029898804047838085,,0
003090.KS,대웅,18260.0,1061672554800.0,Korea Equity,Unknown,-0.06756245268735807,0.0,0.09831512163311219,,,,,,[],"[null, null, null, null]",,-0.06756245268735807,,0
003240.KS,태광산업,949000.0,1056616600000.0,Korea Equity,Unknown,0.14786913473956093,0.0,0.012470838353349202,,,,,,[],"[null, null, null, null]",,0.14786913473956093,,0
100090.KS,SK오션플랜트,16820.0,1050882129780.0,Korea Equity,Unknown,-0.2738985868661679,0.0,0.04737664273978593,,,,,,[],"[null, null, null, null]",,-0.2738985868661679,,0
161580.KQ,필옵틱스,44600.0,1045524216200.0,Korea Equity,Unknown,-0.6745562130177515,0.0,0.0,,,,,,[],"[null, null, null, null]",,-0.6745562130177515,,0
356860.KQ,티엘비,106300.0,1045208569000.0,Korea Equity,Unknown,0.18252730109204368,0.0,0.029666591726108776,,,,,,[],"[null, null, null, null]",,0.18252730109204368,,0
300720.KS,한일시멘트,13990.0,1028897473910.0,Korea Equity,Unknown,-0.28115799803729147,0.0,0.0600849044255833,,,,,,[],"[null, null, null, null]",,-0.28115799803729147,,0
280360.KS,롯데웰푸드,111400.0,1025389543600.0,Korea Equity,Unknown,-0.03476463403175796,0.0,0.04124163781393254,,,,,,[],"[null, null, null, null]",,-0.03476463403175796,,0
003470.KS,유안타증권,5110.0,1019938503360.0,Korea Equity,Unknown,0.6015451093361267,0.0,0.005331798832590329,,,,,,[],"[null, null, null, null]",,0.6015451093361267,,0
124500.KQ,아이티센글로벌,43950.0,1019838961650.0,Korea Equity,Unknown,1.5958790558143208,0.0,0.2688193185004038,,,,,,[],"[null, null, null, null]",,1.5958790558143208,,0
090460.KS,비에이치,30250.0,1019774024500.0,Korea Equity,Unknown,-0.04644598409032588,0.0,0.05685065560496545,,,,,,[],"[null, null, null, null]",,-0.04644598409032588,,0
005300.KS,롯데칠성,108200.0,1003975248800.0,Korea Equity,Unknown,-0.12397682332382967,0.0,0.06058791934492072,,,,,,[],"[null, null, null, null]",,-0.12397682332382967,,0
083450.KQ,GST,51900.0,956517000000.0,Korea Equity,Unknown,0.16599597585513076,0.0,0.06582648469124328,,,,,,[],"[null, null, null, null]",,0.16599597585513076,,0
126340.KQ,비나텍,132900.0,949374871200.0,Korea Equity,Unknown,0.45222929936305734,0.0,0.003965393915682558,,,,,,[],"[null, null, null, null]",,0.45222929936305734,,0
033100.KQ,제룡전기,58800.0,944469649200.0,Korea Equity,Unknown,-0.42549668874172186,0.0,0.05720225210321311,,,,,,[],"[null, null, null, null]",,-0.42549668874172186,,0
376900.KQ,로킷헬스케어,59400.0,942903066600.0,Korea Equity,Unknown,0.35,0.0,0.0006702422125733016,,,,,,[],"[null, null, null, null]",,0.35,,0
456160.KQ,지투지바이오,56400.0,933158247600.0,Korea Equity,Unknown,1.0,0.0,0.0,,,,,,[],"[null, null, null, null]",,1.0,,0
298050.KS,HS효성첨단소재,204500.0,916149366000.0,Korea Equity,Unknown,-0.0166073546856465,0.0,0.03636445320300451,,,,,,[],"[null, null, null, null]",,-0.0166073546856465,,0
006340.KS,대원전선,11610.0,910391369760.0,Korea Equity,Unknown,0.24966974900924702,0.0,0.019860798513104527,,,,,,[],"[null, null, null, null]",,0.24966974900924702,,0
052020.KQ,에스티큐브,13340.0,906897101940.0,Korea Equity,Unknown,0.5555555555555556,0.0,0.0,,,,,,[],"[null, null, null, null]",,0.5555555555555556,,0
108320.KS,LX세미콘,55400.0,901042220000.0,Korea Equity,Unknown,0.02694136291600634,0.0,0.05407879161606057,,,,,,[],"[null, null, null, null]",,0.02694136291600634,,0
005690.KS,파미셀,14950.0,897060009300.0,Korea Equity,Unknown,0.3694029850746269,0.0,0.04182835595641218,,,,,,[],"[null, null, null, null]",,0.3694029850746269,,0
192400.KS,쿠쿠홀딩스,24600.0,874829751000.0,Korea Equity,Unknown,0.12796897721764422,0.0,0.08935625629127719,,,,,,[],"[null, null, null, null]",,0.12796897721764422,,0
358570.KQ,지아이이노베이션,13200.0,848374177200.0,Korea Equity,Unknown,0.0,0.0,0.0,,,,,,[],"[null, null, null, null]",,0.0,,0
006120.KS,SK디스커버리,48150.0,838472110650.0,Korea Equity,Unknown,0.3168388181599808,0.0,0.08343212595898017,,,,,,[],"[null, null, null, null]",,0.3168388181599808,,0
033790.KQ,피노,10130.0,834021012440.0,Korea Equity,Unknown,1.3311965811965811,0.0,0.01939555330545072,,,,,,[],"[null, null, null, null]",,1.3311965811965811,,0
122870.KQ,와이지엔터테인먼트,44450.0,830817128050.0,Korea Equity,Unknown,0.4651394422310757,0.0,0.08125124914161376,,,,,,[],"[null, null, null, null]",,0.4651394422310757,,0
079900.KS,전진건설로봇,56600.0,825938047000.0,Korea Equity,Unknown,-0.10679611650485436,0.0,0.02691847512716342,,,,,,[],"[null, null, null, null]",,-0.10679611650485436,,0
036530.KS,SNT홀딩스,50100.0,816824688600.0,Korea Equity,Unknown,-0.14379900213827512,0.0,0.22438619031972007,,,,,,[],"[null, null, null, null]",,-0.14379900213827512,,0
006650.KS,대한유화,125500.0,815750000000.0,Korea Equity,Unknown,0.0003542749173358527,0.0,0.09358280855712009,,,,,,[],"[null, null, null, null]",,0.0003542749173358527,,0
033240.KS,자화전자,37750.0,815607700500.0,Korea Equity,Unknown,0.5536352800953516,0.0,0.059933940994633284,,,,,,[],"[null, null, null, null]",,0.5536352800953516,,0
094170.KQ,동운아나텍,38950.0,814442007200.0,Korea Equity,Unknown,0.023255813953488372,0.0,0.003708365366150942,,,,,,[],"[null, null, null, null]",,0.023255813953488372,,0
071320.KS,지역난방공사,70200.0,812827828800.0,Korea Equity,Unknown,1.301556732466699,0.0,0.08181625675101119,,,,,,[],"[null, null, null, null]",,1.301556732466699,,0
486990.KQ,노타,37850.0,807954805500.0,Korea Equity,Unknown,6.2,0.0,0.0,,,,,,[],"[null, null, null, null]",,6.2,,0
121600.KQ,나노신소재,65700.0,805067498700.0,Korea Equity,Unknown,0.11224489795918367,0.0,0.007561346112290391,,,,,,[],"[null, null, null, null]",,0.11224489795918367,,0
214320.KS,이노션,20100.0,804000000000.0,Korea Equity,Unknown,0.009248554913294798,0.0,0.07227389803606835,,,,,,[],"[null, null, null, null]",,0.009248554913294798,,0
476060.KQ,온코닉테라퓨틱스,17610.0,799632062400.0,Korea Equity,Unknown,1.446808510638298,0.0,0.019311926472922163,,,,,,[],"[null, null, null, null]",,1.446808510638298,,0
033640.KQ,네패스,34600.0,797848389200.0,Korea Equity,Unknown,0.023682200152788387,0.0,0.030278396272559613,,,,,,[],"[null, null, null, null]",,0.023682200152788387,,0
014620.KQ,성광벤드,30000.0,796720920000.0,Korea Equity,Unknown,0.01721170395869191,0.0,0.04492109275290888,,,,,,[],"[null, null, null, null]",,0.01721170395869191,,0
052400.KQ,코나아이,54700.0,796612017700.0,Korea Equity,Unknown,0.14583333333333334,0.0,0.09425960973912256,,,,,,[],"[null, null, null, null]",,0.14583333333333334,,0
056080.KQ,유진로봇,21000.0,787755192000.0,Korea Equity,Unknown,0.7241379310344827,0.0,0.0024589566496691835,,,,,,[],"[null, null, null, null]",,0.7241379310344827,,0
064960.KS,SNT모티브,29500.0,782938024000.0,Korea Equity,Unknown,-0.16271844660194174,0.0,0.09562988512097668,,,,,,[],"[null, null, null, null]",,-0.16271844660194174,,0
001510.KS,SK증권,3350.0,774838534750.0,Korea Equity,Unknown,0.813528990694345,0.0,0.0017588072839582467,,,,,,[],"[null, null, null, null]",,0.813528990694345,,0
171090.KQ,선익시스템,76300.0,770830363800.0,Korea Equity,Unknown,-0.9153077327722251,0.0,0.10696005542350293,,,,,,[],"[null, null, null, null]",,-0.9153077327722251,,0
032190.KQ,다우데이타,20050.0,767915000000.0,Korea Equity,Unknown,1.0378938464791712,0.0,0.09835238652981992,,,,,,[],"[null, null, null, null]",,1.0378938464791712,,0
100840.KS,SNT에너지,36800.0,761052814400.0,Korea Equity,Unknown,-0.12153518123667377,0.0,0.12353264359405927,,,,,,[],"[null, null, null, null]",,-0.12153518123667377,,0
004490.KS,세방전지,54800.0,759528000000.0,Korea Equity,Unknown,-0.047498187092095724,0.0,0.09309873652559356,,,,,,[],"[null, null, null, null]",,-0.047498187092095724,,0
003850.KS,보령,8720.0,748064445040.0,Korea Equity,Unknown,0.015506958250497018,0.0,0.05838973290339743,,,,,,[],"[null, null, null, null]",,0.015506958250497018,,0
060250.KQ,NHN KCP,18540.0,744577727940.0,Korea Equity,Unknown,0.1469903558363818,0.0,0.051795233630900384,,,,,,[],"[null, null, null, null]",,0.1469903558363818,,0
003160.KS,디아이,26000.0,735800000000.0,Korea Equity,Unknown,-0.11399832355406538,0.0,0.04783879184890136,,,,,,[],"[null, null, null, null]",,-0.11399832355406538,,0
079160.KS,CJ CGV,4435.0,734357877475.0,Korea Equity,Unknown,0.16639544344995932,0.0,0.02538361772264138,,,,,,[],"[null, null, null, null]",,0.16639544344995932,,0
009240.KS,한샘,31100.0,731905160800.0,Korea Equity,Unknown,-0.13060513713539398,0.0,0.014690346039045725,,,,,,[],"[null, null, null, null]",,-0.13060513713539398,,0
348370.KQ,엔켐,33300.0,729636066900.0,Korea Equity,Unknown,0.3225806451612903,0.0,0.0,,,,,,[],"[null, null, null, null]",,0.3225806451612903,,0
037460.KQ,삼지전자,44100.0,719646820200.0,Korea Equity,Unknown,0.8051184834123223,0.0,0.24252993236652717,,,,,,[],"[null, null, null, null]",,0.8051184834123223,,0
086900.KQ,메디톡스,94900.0,692627365300.0,Korea Equity,Unknown,-0.014610389610389608,0.0,0.025557419169532688,,,,,,[],"[null, null, null, null]",,-0.014610389610389608,,0
044490.KQ,태웅,34600.0,692255382600.0,Korea Equity,Unknown,0.014942528735632184,0.0,0.009232761650925944,,,,,,[],"[null, null, null, null]",,0.014942528735632184,,0
174900.KQ,앱클론,34600.0,690343663400.0,Korea Equity,Unknown,-0.6363636363636364,0.0,0.0,,,,,,[],"[null, null, null, null]",,-0.6363636363636364,,0
053800.KQ,안랩,61600.0,685392769600.0,Korea Equity,Unknown,-0.051364365971107544,0.0,0.040052748889566246,,,,,,[],"[null, null, null, null]",,-0.051364365971107544,,0
336570.KQ,원텍,7650.0,685291941900.0,Korea Equity,Unknown,0.010050251256281405,0.0,0.06445226622190112,,,,,,[],"[null, null, null, null]",,0.010050251256281405,,0
005880.KS,대한해운,2115.0,682610624100.0,Korea Equity,Unknown,-0.16375677302829622,0.0,0.0971701403543403,,,,,,[],"[null, null, null, null]",,-0.16375677302829622,,0
225570.KQ,넥슨게임즈,10320.0,679676995680.0,Korea Equity,Unknown,0.07512953367875648,0.0,0.0,,,,,,[],"[null, null, null, null]",,0.07512953367875648,,0
389470.KQ,인벤티지랩,50700.0,674700795600.0,Korea Equity,Unknown,4.5,0.0,0.0,,,,,,[],"[null, null, null, null]",,4.5,,0
069260.KS,TKG휴켐스,16470.0,673270344360.0,Korea Equity,Unknown,0.016195727084769126,0.0,0.06927875540035397,,,,,,[],"[null, null, null, null]",,0.016195727084769126,,0
036810.KQ,에프에스티,30950.0,670060969550.0,Korea Equity,Unknown,-0.08421052631578947,0.0,0.003220792848620409,,,,,,[],"[null, null, null, null]",,-0.08421052631578947,,0
059090.KQ,미코,20050.0,670006398900.0,Korea Equity,Unknown,0.29525341914722447,0.0,0.07755607945938982,,,,,,[],"[null, null, null, null]",,0.29525341914722447,,0
003620.KS,KG모빌리티,3300.0,667837209600.0,Korea Equity,Unknown,0.15713706407137065,0.0,0.01463403470809262,,,,,,[],"[null, null, null, null]",,0.15713706407137065,,0
249420.KS,일동제약,21100.0,667567117200.0,Korea Equity,Unknown,0.02527075812274368,0.0,0.024462255784437063,,,,,,[],"[null, null, null, null]",,0.02527075812274368,,0
317450.KS,명인제약,45700.0,667220000000.0,Korea Equity,Unknown,-0.0013850415512465374,0.0,0.1289863601801112,,,,,,[],"[null, null, null, null]",,-0.0013850415512465374,,0
005180.KS,빙그레,71800.0,665516425800.0,Korea Equity,Unknown,-0.2373046875,0.0,0.09604084187001857,,,,,,[],"[null, null, null, null]",,-0.2373046875,,0
058650.KS,세아홀딩스,156100.0,662213039600.0,Korea Equity,Unknown,0.008842775452455345,0.0,0.060635459335450996,,,,,,[],"[null, null, null, null]",,0.008842775452455345,,0
383310.KQ,에코프로에이치엔,31550.0,661759104600.0,Korea Equity,Unknown,0.13953488372093023,0.0,0.01433728415247798,,,,,,[],"[null, null, null, null]",,0.13953488372093023,,0
114090.KS,GKL,10640.0,658144328800.0,Korea Equity,Unknown,0.09712586719524281,0.0,0.0594211753536314,,,,,,[],"[null, null, null, null]",,0.09712586719524281,,0
002350.KS,넥센타이어,6710.0,655351454670.0,Korea Equity,Unknown,0.04175469118926309,0.0,0.05724269284293352,,,,,,[],"[null, null, null, null]",,0.04175469118926309,,0
112040.KQ,위메이드,19270.0,654187267410.0,Korea Equity,Unknown,0.3125,0.0,0.05244066197898567,,,,,,[],"[null, null, null, null]",,0.3125,,0
082270.KQ,젬백스,14560.0,644559595680.0,Korea Equity,Unknown,-0.268,0.0,0.011069650263541654,,,,,,[],"[null, null, null, null]",,-0.268,,0
001570.KS,금양,9900.0,633275240400.0,Korea Equity,Unknown,-0.2532188841201717,0.0,0.0,,,,,,[],"[null, null, null, null]",,-0.2532188841201717,,0
383800.KS,LX홀딩스,8270.0,630841306300.0,Korea Equity,Unknown,-0.10787671232876712,0.0,0.1205012841905222,,,,,,[],"[null, null, null, null]",,-0.10787671232876712,,0
001060.KS,JW중외제약,27050.0,629884406500.0,Korea Equity,Unknown,0.046049188906331764,0.0,0.1232189555373712,,,,,,[],"[null, null, null, null]",,0.046049188906331764,,0
006380.KS,카프로,3660.0,618539985360.0,Korea Equity,Unknown,-0.3983739837398374,0.0,0.0,,,,,,[],"[null, null, null, null]",,-0.3983739837398374,,0
356680.KQ,엑스게이트,21550.0,615112252600.0,Korea Equity,Unknown,-0.09345794392523364,0.0,0.011240247137180288,,,,,,[],"[null, null, null, null]",,-0.09345794392523364,,0
102710.KQ,이엔에프테크놀로지,43000.0,614376948000.0,Korea Equity,Unknown,0.04080389768574909,0.0,0.09020393226775923,,,,,,[],"[null, null, null, null]",,0.04080389768574909,,0
253590.KQ,네오셈,13980.0,613290912720.0,Korea Equity,Unknown,-0.11042944785276074,0.0,0.005540745164121122,,,,,,[],"[null, null, null, null]",,-0.11042944785276074,,0
033500.KQ,동성화인텍,20200.0,605787778800.0,Korea Equity,Unknown,-0.12519399896533887,0.0,0.09614443808020988,,,,,,[],"[null, null, null, null]",,-0.12519399896533887,,0
000400.KS,롯데손해보험,1948.0,604535151360.0,Korea Equity,Unknown,-0.04355357584756248,0.0,0.008943240402380748,,,,,,[],"[null, null, null, null]",,-0.04355357584756248,,0
477850.KQ,마키나락스,33600.0,589399104000.0,Korea Equity,Unknown,0.0,0.0,0.0,,,,,,[],"[null, null, null, null]",,0.0,,0
001500.KS,현대차증권,9470.0,585558926680.0,Korea Equity,Unknown,0.07404795486600846,0.0,0.00557670572267276,,,,,,[],"[null, null, null, null]",,0.07404795486600846,,0
278280.KQ,천보,47950.0,584063606000.0,Korea Equity,Unknown,0.2326283987915408,0.0,0.0038109763595079007,,,,,,[],"[null, null, null, null]",,0.2326283987915408,,0
161000.KS,애경케미칼,12000.0,583784508000.0,Korea Equity,Unknown,-0.014885699096225412,0.0,0.00420224541080332,,,,,,[],"[null, null, null, null]",,-0.014885699096225412,,0
089010.KQ,켐트로닉스,34800.0,583596939600.0,Korea Equity,Unknown,0.1814488828706838,0.0,0.022303637949474805,,,,,,[],"[null, null, null, null]",,0.1814488828706838,,0
376300.KQ,디어유,24400.0,579217106400.0,Korea Equity,Unknown,0.36,0.0,0.051277066388613714,,,,,,[],"[null, null, null, null]",,0.36,,0
015750.KQ,성우하이텍,7140.0,571200000000.0,Korea Equity,Unknown,-0.07305659069243435,0.0,0.07876665355212326,,,,,,[],"[null, null, null, null]",,-0.07305659069243435,,0
039130.KS,하나투어,36850.0,570803994200.0,Korea Equity,Unknown,0.45788156797331114,0.0,0.05978809574612595,,,,,,[],"[null, null, null, null]",,0.45788156797331114,,0
448900.KQ,한국피아이엠,93900.0,570391512300.0,Korea Equity,Unknown,-0.06741573033707865,0.0,0.0014963985996736097,,,,,,[],"[null, null, null, null]",,-0.06741573033707865,,0
005250.KS,녹십자홀딩스,12110.0,569511623100.0,Korea Equity,Unknown,-0.10955710955710955,0.0,0.027949056051256478,,,,,,[],"[null, null, null, null]",,-0.10955710955710955,,0
019210.KQ,와이지-원,15240.0,566832414720.0,Korea Equity,Unknown,0.2584745762711864,0.0,0.05137236719311307,,,,,,[],"[null, null, null, null]",,0.2584745762711864,,0
122640.KQ,예스티,26400.0,565448637600.0,Korea Equity,Unknown,0.15546218487394958,0.0,0.010434541478401026,,,,,,[],"[null, null, null, null]",,0.15546218487394958,,0
475960.KQ,토모큐브,42150.0,564104999100.0,Korea Equity,Unknown,-0.12903225806451613,0.0,0.0007054189533970081,,,,,,[],"[null, null, null, null]",,-0.12903225806451613,,0
452260.KS,한화갤러리아,2895.0,561223570950.0,Korea Equity,Unknown,-0.006304176516942475,0.0,0.014238569935683554,,,,,,[],"[null, null, null, null]",,-0.006304176516942475,,0
016380.KS,KG스틸,5610.0,561049912170.0,Korea Equity,Unknown,0.0002484163457955533,0.0,0.060065676485411175,,,,,,[],"[null, null, null, null]",,0.0002484163457955533,,0
005810.KS,풍산홀딩스,38850.0,560111794200.0,Korea Equity,Unknown,-0.017059301380991064,0.0,0.11000618352816954,,,,,,[],"[null, null, null, null]",,-0.017059301380991064,,0
368770.KQ,파이버프로,16970.0,557536198250.0,Korea Equity,Unknown,0.375,0.0,0.023534209756318734,,,,,,[],"[null, null, null, null]",,0.375,,0
077360.KQ,덕산하이메탈,12250.0,556603274500.0,Korea Equity,Unknown,0.19686411149825783,0.0,0.005651919151108945,,,,,,[],"[null, null, null, null]",,0.19686411149825783,,0
017900.KS,광전자,9600.0,556260124800.0,Korea Equity,Unknown,-0.005763688760806917,0.0,0.0031031775210550792,,,,,,[],"[null, null, null, null]",,-0.005763688760806917,,0
425420.KQ,티에프이,45000.0,555623145000.0,Korea Equity,Unknown,0.2868525896414343,0.0,0.03214385035201649,,,,,,[],"[null, null, null, null]",,0.2868525896414343,,0
332570.KQ,PS일렉트로닉스,11590.0,541387015170.0,Korea Equity,Unknown,0.05,0.0,0.0050847771455639216,,,,,,[],"[null, null, null, null]",,0.05,,0
033160.KQ,엠케이전자,22350.0,540746315100.0,Korea Equity,Unknown,0.43496651392315827,0.0,0.01826919308342949,,,,,,[],"[null, null, null, null]",,0.43496651392315827,,0
041960.KQ,코미팜,7300.0,539371413500.0,Korea Equity,Unknown,-0.13138686131386862,0.0,0.003333195764794404,,,,,,[],"[null, null, null, null]",,-0.13138686131386862,,0
200710.KQ,에이디테크놀로지,40000.0,538480280000.0,Korea Equity,Unknown,0.0588235294117647,0.0,0.007612861048536489,,,,,,[],"[null, null, null, null]",,0.0588235294117647,,0
214430.KQ,아이쓰리시스템,73200.0,534888138000.0,Korea Equity,Unknown,0.28063241106719367,0.0,0.025325656302290726,,,,,,[],"[null, null, null, null]",,0.28063241106719367,,0
460930.KQ,현대힘스,15030.0,533725385130.0,Korea Equity,Unknown,0.03691813804173355,0.0,0.04925125983428178,,,,,,[],"[null, null, null, null]",,0.03691813804173355,,0
002240.KS,고려제강,19410.0,524070000000.0,Korea Equity,Unknown,-0.09001051524710829,0.0,0.032008010400205456,,,,,,[],"[null, null, null, null]",,-0.09001051524710829,,0
045100.KQ,한양이엔지,29800.0,521500000000.0,Korea Equity,Unknown,0.17724137931034484,0.0,0.07791822338634583,,,,,,[],"[null, null, null, null]",,0.17724137931034484,,0
003545.KS,대신증권우,20700.0,521467506900.0,Korea Equity,Unknown,0.5926024717702498,0.0,0.024467806031703218,,,,,,[],"[null, null, null, null]",,0.5926024717702498,,0
092190.KQ,서울바이오시스,11320.0,519230095560.0,Korea Equity,Unknown,0.31287246722288437,0.0,0.019513636551640384,,,,,,[],"[null, null, null, null]",,0.31287246722288437,,0
460860.KS,동국제강,10410.0,516419456970.0,Korea Equity,Unknown,-0.04084144567528254,0.0,0.026782043193253356,,,,,,[],"[null, null, null, null]",,-0.04084144567528254,,0
019170.KS,신풍제약,9750.0,511080589500.0,Korea Equity,Unknown,-0.06996587030716724,0.0,0.02713179743451688,,,,,,[],"[null, null, null, null]",,-0.06996587030716724,,0
125490.KQ,한라캐스트,13970.0,509937857440.0,Korea Equity,Unknown,0.11570247933884298,0.0,0.012053714090148463,,,,,,[],"[null, null, null, null]",,0.11570247933884298,,0
041190.KQ,우리기술투자,6070.0,509880000000.0,Korea Equity,Unknown,-2.458149779735683,0.0,0.2595438327776683,,,,,,[],"[null, null, null, null]",,-2.458149779735683,,0
217590.KS,티엠씨,20950.0,504774013750.0,Korea Equity,Unknown,0.042175360710321866,0.0,0.007319502907698486,,,,,,[],"[null, null, null, null]",,0.042175360710321866,,0
284740.KS,쿠쿠홈시스,22100.0,495864993000.0,Korea Equity,Unknown,-0.07142857142857142,0.0,0.21604685370842117,,,,,,[],"[null, null, null, null]",,-0.07142857142857142,,0
003280.KS,흥아해운,2060.0,495275291940.0,Korea Equity,Unknown,-0.17864476386036962,0.0,0.011812001329039867,,,,,,[],"[null, null, null, null]",,-0.17864476386036962,,0
389500.KQ,에스비비테크,74300.0,495095969600.0,Korea Equity,Unknown,0.0,0.0,0.0,,,,,,[],"[null, null, null, null]",,0.0,,0
268280.KS,미원에스씨,98500.0,492500000000.0,Korea Equity,Unknown,0.04821958456973294,0.0,0.10596168643528259,,,,,,[],"[null, null, null, null]",,0.04821958456973294,,0
035890.KQ,서희건설,2130.0,489492013410.0,Korea Equity,Unknown,-0.36711786068009244,0.0,0.0880953595557956,,,,,,[],"[null, null, null, null]",,-0.36711786068009244,,0
0011T0.KQ,채비,10420.0,489214738220.0,Korea Equity,Unknown,0.21052631578947367,0.0,0.0,,,,,,[],"[null, null, null, null]",,0.21052631578947367,,0
060280.KQ,큐렉소,11800.0,486865522000.0,Korea Equity,Unknown,-0.04166666666666666,0.0,0.0034494571593849384,,,,,,[],"[null, null, null, null]",,-0.04166666666666666,,0
025980.KQ,아난티,4980.0,484558930200.0,Korea Equity,Unknown,-0.24555735056542813,0.0,0.010848757461958933,,,,,,[],"[null, null, null, null]",,-0.24555735056542813,,0
377740.KS,바이오노트,4755.0,484468158240.0,Korea Equity,Unknown,0.006172839506172839,0.0,0.032911151378772846,,,,,,[],"[null, null, null, null]",,0.006172839506172839,,0
455900.KQ,엔젤로보틱스,31600.0,483537859600.0,Korea Equity,Unknown,-0.6666666666666665,0.0,0.0,,,,,,[],"[null, null, null, null]",,-0.6666666666666665,,0
009410.KS,태영건설,1620.0,482095926360.0,Korea Equity,Unknown,-0.3706330909735769,0.0,0.017483381942882147,,,,,,[],"[null, null, null, null]",,-0.3706330909735769,,0
009900.KS,명신산업,9180.0,481675820940.0,Korea Equity,Unknown,0.03284031085485084,0.0,0.0790567574221109,,,,,,[],"[null, null, null, null]",,0.03284031085485084,,0
031430.KS,신세계인터내셔날,13710.0,479658060000.0,Korea Equity,Unknown,-0.04212572909915749,0.0,0.015322677047520097,,,,,,[],"[null, null, null, null]",,-0.04212572909915749,,0
011930.KS,신성이엔지,23250.0,478596948750.0,Korea Equity,Unknown,0.09785714285714285,0.0,0.00713168758172937,,,,,,[],"[null, null, null, null]",,0.09785714285714285,,0
372320.KQ,큐로셀,31350.0,477332529300.0,Korea Equity,Unknown,0.0,0.0,0.0,,,,,,[],"[null, null, null, null]",,0.0,,0
003000.KS,부광약품,4720.0,465697247120.0,Korea Equity,Unknown,0.12206572769953052,0.0,0.02045251812354708,,,,,,[],"[null, null, null, null]",,0.12206572769953052,,0
199800.KQ,툴젠,50900.0,457979316100.0,Korea Equity,Unknown,3.0,0.0,0.0,,,,,,[],"[null, null, null, null]",,3.0,,0
006910.KQ,보성파워텍,9300.0,456907363200.0,Korea Equity,Unknown,-0.2670250896057348,0.0,0.06477048476963289,,,,,,[],"[null, null, null, null]",,-0.2670250896057348,,0
078160.KQ,메디포스트,11640.0,456341578920.0,Korea Equity,Unknown,0.09550561797752807,0.0,0.0,,,,,,[],"[null, null, null, null]",,0.09550561797752807,,0
001200.KS,유진투자증권,4690.0,454303500420.0,Korea Equity,Unknown,0.4217974180734856,0.0,0.007742554872960822,,,,,,[],"[null, null, null, null]",,0.4217974180734856,,0
018290.KQ,브이티,13000.0,454243894000.0,Korea Equity,Unknown,0.02511210762331838,0.0,0.12998278370373914,,,,,,[],"[null, null, null, null]",,0.02511210762331838,,0
064260.KQ,다날,5980.0,452359832860.0,Korea Equity,Unknown,-0.02831858407079646,0.0,0.004970114370509224,,,,,,[],"[null, null, null, null]",,-0.02831858407079646,,0
130660.KS,한전산업,13870.0,452162000000.0,Korea Equity,Unknown,-0.016483516483516484,0.0,0.03794161301401069,,,,,,[],"[null, null, null, null]",,-0.016483516483516484,,0
107640.KQ,한중엔시에스,49050.0,444635601300.0,Korea Equity,Unknown,0.5027472527472527,0.0,0.010101329353436097,,,,,,[],"[null, null, null, null]",,0.5027472527472527,,0
034310.KS,NICE,12000.0,441085884000.0,Korea Equity,Unknown,0.0007612281146917026,0.0,0.11604705009691017,,,,,,[],"[null, null, null, null]",,0.0007612281146917026,,0
025320.KQ,시노펙스,4785.0,440997337605.0,Korea Equity,Unknown,-0.155096011816839,0.0,0.014674948349009474,,,,,,[],"[null, null, null, null]",,-0.155096011816839,,0
452280.KQ,한선엔지니어링,22900.0,440771643000.0,Korea Equity,Unknown,0.4451612903225806,0.0,0.028310404047223958,,,,,,[],"[null, null, null, null]",,0.4451612903225806,,0
004690.KS,삼천리,120400.0,436663950800.0,Korea Equity,Unknown,0.6447009634611889,0.0,0.05575931377266007,,,,,,[],"[null, null, null, null]",,0.6447009634611889,,0
000070.KS,삼양홀딩스,56200.0,436291334200.0,Korea Equity,Unknown,-0.0762534435261708,0.0,0.04885108928592001,,,,,,[],"[null, null, null, null]",,-0.0762534435261708,,0
381970.KS,케이카,8920.0,435481964160.0,Korea Equity,Unknown,-0.0604368533420923,0.0,0.08932269837296737,,,,,,[],"[null, null, null, null]",,-0.0604368533420923,,0
010820.KS,퍼스텍,8870.0,432607090060.0,Korea Equity,Unknown,0.28109854604200324,0.0,0.015447969285276857,,,,,,[],"[null, null, null, null]",,0.28109854604200324,,0
039440.KQ,에스티아이,27750.0,430320554250.0,Korea Equity,Unknown,-0.1536697247706422,0.0,0.029850409840200324,,,,,,[],"[null, null, null, null]",,-0.1536697247706422,,0
456010.KQ,아이씨티케이,30450.0,426631722300.0,Korea Equity,Unknown,-0.25,0.0,0.0,,,,,,[],"[null, null, null, null]",,-0.25,,0
036620.KQ,감성코퍼레이션,4705.0,425820242555.0,Korea Equity,Unknown,0.09141791044776121,0.0,0.09936542008840149,,,,,,[],"[null, null, null, null]",,0.09141791044776121,,0
079940.KQ,가비아,31700.0,425435682800.0,Korea Equity,Unknown,0.05459057071960298,0.0,0.0822259136261066,,,,,,[],"[null, null, null, null]",,0.05459057071960298,,0
095660.KQ,네오위즈,19580.0,423641867220.0,Korea Equity,Unknown,0.1943820224719101,0.0,0.10850455605949935,,,,,,[],"[null, null, null, null]",,0.1943820224719101,,0
424870.KQ,이뮨온시아,5690.0,423575372610.0,Korea Equity,Unknown,0.0,0.0,0.0,,,,,,[],"[null, null, null, null]",,0.0,,0
168360.KQ,펨트론,19510.0,423514632170.0,Korea Equity,Unknown,0.011976047904191617,0.0,0.012377890997802616,,,,,,[],"[null, null, null, null]",,0.011976047904191617,,0
072710.KS,농심홀딩스,91200.0,422966448000.0,Korea Equity,Unknown,0.5217889908256881,0.0,0.0850838311302224,,,,,,[],"[null, null, null, null]",,0.5217889908256881,,0
394280.KQ,오픈엣지테크놀로지,15900.0,418909827000.0,Korea Equity,Unknown,-0.2916666666666667,0.0,0.0,,,,,,[],"[null, null, null, null]",,-0.2916666666666667,,0
468530.KQ,프로티나,37950.0,418786143600.0,Korea Equity,Unknown,-0.8,0.0,0.0,,,,,,[],"[null, null, null, null]",,-0.8,,0
230240.KQ,에치에프알,31100.0,413909900000.0,Korea Equity,Unknown,-0.6072289156626506,0.0,0.008668044395937708,,,,,,[],"[null, null, null, null]",,-0.6072289156626506,,0
067630.KQ,HLB생명과학,3330.0,405983803140.0,Korea Equity,Unknown,-0.6036363636363636,0.0,0.0,,,,,,[],"[null, null, null, null]",,-0.6036363636363636,,0
015360.KS,INVENI,14790.0,403027500000.0,Korea Equity,Unknown,1.314852286523675,0.0,0.10386321681430784,,,,,,[],"[null, null, null, null]",,1.314852286523675,,0
0120G0.KS,삼양바이오팜,54000.0,401536980000.0,Korea Equity,Unknown,0.0,0.0,0.00791982594305036,,,,,,[],"[null, null, null, null]",,0.0,,0
069540.KQ,빛과전자,4100.0,401396309900.0,Korea Equity,Unknown,-0.09411764705882353,0.0,0.0,,,,,,[],"[null, null, null, null]",,-0.09411764705882353,,0
287840.KQ,인투셀,26550.0,398833038000.0,Korea Equity,Unknown,0.0,0.0,0.0,,,,,,[],"[null, null, null, null]",,0.0,,0
047920.KQ,HLB제약,12140.0,398184181840.0,Korea Equity,Unknown,0.40085287846481876,0.0,0.0040079740003731955,,,,,,[],"[null, null, null, null]",,0.40085287846481876,,0
417310.KS,코람코더원리츠,9760.0,394304000000.0,Korea Equity,Unknown,0.0,0.0,0.0,,,,,,[],[],,0.0,,0
950210.KS,프레스티지바이오파마,6530.0,392427892150.0,Korea Equity,Unknown,1.333333333333333,0.0,0.0,,,,,,[],"[null, null, null, null]",,1.333333333333333,,0
215600.KQ,신라젠,2830.0,392106586120.0,Korea Equity,Unknown,0.20833333333333337,0.0,0.0,,,,,,[],"[null, null, null, null]",,0.20833333333333337,,0
145720.KS,덴티움,45450.0,391955845950.0,Korea Equity,Unknown,-0.1324422843256379,0.0,0.0892682501714392,,,,,,[],"[null, null, null, null]",,-0.1324422843256379,,0
425040.KQ,티이엠씨,18290.0,390942933780.0,Korea Equity,Unknown,-0.35124508519003933,0.0,0.03656733422713179,,,,,,[],"[null, null, null, null]",,-0.35124508519003933,,0
042520.KQ,한스바이오메드,27400.0,390761455800.0,Korea Equity,Unknown,0.5681818181818182,0.0,0.013979614001796748,,,,,,[],"[null, null, null, null]",,0.5681818181818182,,0
090435.KS,아모레퍼시픽우,36900.0,389583927000.0,Korea Equity,Unknown,0.13014925373134328,0.0,0.5565819420893401,,,,,,[],"[null, null, null, null]",,0.13014925373134328,,0
110990.KQ,디아이티,20600.0,389340000000.0,Korea Equity,Unknown,0.6666666666666665,0.0,0.07875068037272023,,,,,,[],"[null, null, null, null]",,0.6666666666666665,,0
344820.KS,KCC글라스,24300.0,388083441600.0,Korea Equity,Unknown,-0.09027100799376096,0.0,0.0,,,,,,[],"[null, null, null, null]",,-0.09027100799376096,,0
234340.KQ,헥토파이낸셜,27500.0,384193040000.0,Korea Equity,Unknown,0.29213483146067415,0.0,0.027917304000676903,,,,,,[],"[null, null, null, null]",,0.29213483146067415,,0
017810.KS,풀무원,10020.0,381967830840.0,Korea Equity,Unknown,0.01346680967703492,0.0,0.07451699506506457,,,,,,[],"[null, null, null, null]",,0.01346680967703492,,0
170900.KS,동아에스티,39050.0,379871331950.0,Korea Equity,Unknown,0.04948453608247423,0.0,0.021137110859915997,,,,,,[],"[null, null, null, null]",,0.04948453608247423,,0
084110.KQ,휴온스글로벌,29900.0,378528378800.0,Korea Equity,Unknown,-0.07381288199341796,0.0,0.11940371077117698,,,,,,[],"[null, null, null, null]",,-0.07381288199341796,,0
002710.KS,TCC스틸,14420.0,378001510740.0,Korea Equity,Unknown,0.12419562419562419,0.0,0.0,,,,,,[],"[null, null, null, null]",,0.12419562419562419,,0
241770.KQ,메카로,36650.0,373560256000.0,Korea Equity,Unknown,0.11353711790393013,0.0,0.040358467656686645,,,,,,[],"[null, null, null, null]",,0.11353711790393013,,0
092790.KS,넥스틸,14290.0,371568580000.0,Korea Equity,Unknown,-0.4348314606741573,0.0,0.035120497500190695,,,,,,[],"[null, null, null, null]",,-0.4348314606741573,,0
078130.KQ,국일제지,3280.0,369789125360.0,Korea Equity,Unknown,-0.19786096256684493,0.0,0.00026057759531245277,,,,,,[],"[null, null, null, null]",,-0.19786096256684493,,0
114810.KQ,한솔아이원스,13030.0,366705557220.0,Korea Equity,Unknown,0.04680851063829787,0.0,0.07050491561797734,,,,,,[],"[null, null, null, null]",,0.04680851063829787,,0
097520.KS,엠씨넥스,21050.0,366301575000.0,Korea Equity,Unknown,-0.0701593137254902,0.0,0.07154250619522348,,,,,,[],"[null, null, null, null]",,-0.0701593137254902,,0
417840.KQ,저스템,16130.0,365569207030.0,Korea Equity,Unknown,0.5663716814159292,0.0,0.017747947101583075,,,,,,[],"[null, null, null, null]",,0.5663716814159292,,0
006220.KS,제주은행,9640.0,364378089480.0,Korea Equity,Unknown,-0.005482456140350877,0.0,0.0012924978534734515,,,,,,[],"[null, null, null, null]",,-0.005482456140350877,,0
010690.KS,화신,10430.0,364219876300.0,Korea Equity,Unknown,0.03015484922575387,0.0,0.05897919106711931,,,,,,[],"[null, null, null, null]",,0.03015484922575387,,0
005610.KS,삼립,42200.0,364144179800.0,Korea Equity,Unknown,-0.013600485731633272,0.0,0.020101677378902186,,,,,,[],"[null, null, null, null]",,-0.013600485731633272,,0
079370.KQ,제우스,11720.0,363519122800.0,Korea Equity,Unknown,-0.5275387263339071,0.0,0.001246551149804287,,,,,,[],"[null, null, null, null]",,-0.5275387263339071,,0
004710.KS,한솔테크닉스,11530.0,362243971010.0,Korea Equity,Unknown,0.07629427792915532,0.0,0.060446878390378274,,,,,,[],"[null, null, null, null]",,0.07629427792915532,,0
488900.KQ,비츠로넥스텍,12500.0,362205537500.0,Korea Equity,Unknown,0.0,0.0,0.0,,,,,,[],"[null, null, null, null]",,0.0,,0
119850.KQ,지엔씨에너지,21950.0,361053552550.0,Korea Equity,Unknown,-0.004524886877828055,0.0,0.09639093628499676,,,,,,[],"[null, null, null, null]",,-0.004524886877828055,,0
187660.KQ,페니트리움바이오,6450.0,357757331850.0,Korea Equity,Unknown,-0.32,0.0,0.0,,,,,,[],"[null, null, null, null]",,-0.32,,0
183190.KS,아세아시멘트,9790.0,357397930120.0,Korea Equity,Unknown,-0.1540084388185654,0.0,0.0550617666826185,,,,,,[],"[null, null, null, null]",,-0.1540084388185654,,0
286940.KS,롯데이노베이트,23550.0,356296592850.0,Korea Equity,Unknown,0.0014245014245014246,0.0,0.04664377387195712,,,,,,[],"[null, null, null, null]",,0.0014245014245014246,,0
200880.KS,서연이화,13090.0,353802240330.0,Korea Equity,Unknown,-0.018171305856116298,0.0,0.07311965633273,,,,,,[],"[null, null, null, null]",,-0.018171305856116298,,0
304360.KQ,에스바이오메딕스,28550.0,353595404400.0,Korea Equity,Unknown,-0.08333333333333331,0.0,0.0,,,,,,[],"[null, null, null, null]",,-0.08333333333333331,,0
052710.KQ,아모텍,23850.0,348509222100.0,Korea Equity,Unknown,0.026936026936026935,0.0,0.005018987580419546,,,,,,[],"[null, null, null, null]",,0.026936026936026935,,0
005950.KS,이수화학,13250.0,348397739250.0,Korea Equity,Unknown,0.870844365989997,0.0,0.06617885533183959,,,,,,[],"[null, null, null, null]",,0.870844365989997,,0
317330.KQ,덕산테코피아,16950.0,347078098800.0,Korea Equity,Unknown,0.3482758620689655,0.0,0.0,,,,,,[],"[null, null, null, null]",,0.3482758620689655,,0
105630.KS,한세실업,8650.0,346000000000.0,Korea Equity,Unknown,-0.016421052631578947,0.0,0.060489452802237845,,,,,,[],"[null, null, null, null]",,-0.016421052631578947,,0
241520.KQ,DSC인베스트먼트,12860.0,342076000000.0,Korea Equity,Unknown,2.1538461538461537,0.0,0.058291280373912444,,,,,,[],"[null, null, null, null]",,2.1538461538461537,,0
091810.KS,트리니티항공,828.0,341938733580.0,Korea Equity,Unknown,0.6197406721354856,0.0,0.007866815018540568,,,,,,[],"[null, null, null, null]",,0.6197406721354856,,0
025860.KS,남해화학,6850.0,340300074550.0,Korea Equity,Unknown,0.15673392773345848,0.0,0.04210448135985876,,,,,,[],"[null, null, null, null]",,0.15673392773345848,,0
484590.KQ,삼양컴텍,8210.0,338337794500.0,Korea Equity,Unknown,0.7466666666666667,0.0,0.06310722460976698,,,,,,[],"[null, null, null, null]",,0.7466666666666667,,0
092200.KS,디아이씨,8690.0,337941664610.0,Korea Equity,Unknown,-0.20038722168441436,0.0,0.020165399858806082,,,,,,[],"[null, null, null, null]",,-0.20038722168441436,,0
389650.KQ,넥스트바이오메디컬,40800.0,337713268800.0,Korea Equity,Unknown,0.025,0.0,0.0011470237536641767,,,,,,[],"[null, null, null, null]",,0.025,,0
094360.KQ,칩스앤미디어,15790.0,337199776460.0,Korea Equity,Unknown,-0.12121212121212122,0.0,0.019466800211896132,,,,,,[],"[null, null, null, null]",,-0.12121212121212122,,0
192650.KS,드림텍,4880.0,336594091120.0,Korea Equity,Unknown,-0.10535346602608099,0.0,0.032822160112366605,,,,,,[],"[null, null, null, null]",,-0.10535346602608099,,0
452430.KQ,사피엔반도체,40700.0,335995634700.0,Korea Equity,Unknown,2.55,0.0,0.00028183937605652537,,,,,,[],"[null, null, null, null]",,2.55,,0
018250.KS,애경산업,12700.0,335406174500.0,Korea Equity,Unknown,-0.07297139521307647,0.0,0.04090792490082999,,,,,,[],"[null, null, null, null]",,-0.07297139521307647,,0
084690.KS,대상홀딩스,9200.0,333155349600.0,Korea Equity,Unknown,0.03236316246741963,0.0,0.12020071348518296,,,,,,[],"[null, null, null, null]",,0.03236316246741963,,0
101730.KQ,위메이드맥스,3955.0,331441996130.0,Korea Equity,Unknown,-0.00909090909090909,0.0,0.0,,,,,,[],"[null, null, null, null]",,-0.00909090909090909,,0
243070.KQ,휴온스,27550.0,330039770750.0,Korea Equity,Unknown,-0.09038461538461538,0.0,0.05789574301062887,,,,,,[],"[null, null, null, null]",,-0.09038461538461538,,0
042370.KQ,비츠로테크,12580.0,329596314500.0,Korea Equity,Unknown,0.010526315789473684,0.0,0.13564320677854114,,,,,,[],"[null, null, null, null]",,0.010526315789473684,,0
089980.KQ,상아프론테크,20450.0,326975806650.0,Korea Equity,Unknown,0.08258928571428571,0.0,0.013067303638259763,,,,,,[],"[null, null, null, null]",,0.08258928571428571,,0
049070.KQ,인탑스,19010.0,326972000000.0,Korea Equity,Unknown,0.12950138504155126,0.0,0.013947621305190994,,,,,,[],"[null, null, null, null]",,0.12950138504155126,,0
445090.KQ,에이직랜드,29800.0,325584608400.0,Korea Equity,Unknown,0.6582278481012658,0.0,0.0,,,,,,[],"[null, null, null, null]",,0.6582278481012658,,0
064820.KQ,케이프,10540.0,325266666100.0,Korea Equity,Unknown,0.16947040498442367,0.0,0.016340634461154305,,,,,,[],"[null, null, null, null]",,0.16947040498442367,,0
009290.KS,광동제약,6530.0,325192746240.0,Korea Equity,Unknown,-0.03385845285680696,0.0,0.04014091397027262,,,,,,[],"[null, null, null, null]",,-0.03385845285680696,,0
099430.KQ,바이오플러스,5240.0,322997383280.0,Korea Equity,Unknown,0.28019323671497587,0.0,0.03333419380537837,,,,,,[],"[null, null, null, null]",,0.28019323671497587,,0
036200.KQ,유니셈,10470.0,321054414810.0,Korea Equity,Unknown,-0.065,0.0,0.030386136492088555,,,,,,[],"[null, null, null, null]",,-0.065,,0
126560.KS,현대퓨처넷,2940.0,321051057600.0,Korea Equity,Unknown,0.1253968253968254,0.0,0.03299985489774144,,,,,,[],"[null, null, null, null]",,0.1253968253968254,,0
203650.KQ,드림시큐리티,3170.0,320478504400.0,Korea Equity,Unknown,0.4472630173564752,0.0,0.0284671136285245,,,,,,[],"[null, null, null, null]",,0.4472630173564752,,0
365270.KQ,큐라클,14500.0,320043884000.0,Korea Equity,Unknown,0.0,0.0,0.0,,,,,,[],"[null, null, null, null]",,0.0,,0
298830.KQ,슈어소프트테크,5980.0,319681824020.0,Korea Equity,Unknown,-0.06046511627906977,0.0,0.04064514112164643,,,,,,[],"[null, null, null, null]",,-0.06046511627906977,,0
187870.KQ,디바이스,23100.0,318088386000.0,Korea Equity,Unknown,2.380434782608696,0.0,0.08082133223036367,,,,,,[],"[null, null, null, null]",,2.380434782608696,,0
228760.KQ,지노믹트리,12600.0,313225945200.0,Korea Equity,Unknown,-0.7647058823529411,0.0,0.0,,,,,,[],"[null, null, null, null]",,-0.7647058823529411,,0
036890.KQ,진성티이씨,14210.0,313083572830.0,Korea Equity,Unknown,0.168808911739503,0.0,0.09113514107252635,,,,,,[],"[null, null, null, null]",,0.168808911739503,,0
450950.KQ,아스테라시스,8260.0,310803909920.0,Korea Equity,Unknown,-0.27184466019417475,0.0,0.03073478323524346,,,,,,[],"[null, null, null, null]",,-0.27184466019417475,,0
046970.KQ,우리로,7090.0,310719242910.0,Korea Equity,Unknown,0.4356435643564357,0.0,0.006698364763941886,,,,,,[],"[null, null, null, null]",,0.4356435643564357,,0
001390.KS,KG케미칼,4590.0,308599607700.0,Korea Equity,Unknown,0.09728589767100679,0.0,0.1703038165277647,,,,,,[],"[null, null, null, null]",,0.09728589767100679,,0
272450.KS,진에어,5910.0,308502000000.0,Korea Equity,Unknown,0.3819013394315583,0.0,0.039445960567607366,,,,,,[],"[null, null, null, null]",,0.3819013394315583,,0
018310.KQ,삼목에스폼,20900.0,307230000000.0,Korea Equity,Unknown,-0.20326086956521738,0.0,0.0237134110407912,,,,,,[],"[null, null, null, null]",,-0.20326086956521738,,0
024720.KS,콜마홀딩스,8880.0,304550779920.0,Korea Equity,Unknown,-0.13545816733067728,0.0,0.10044013203600327,,,,,,[],"[null, null, null, null]",,-0.13545816733067728,,0
0082N0.KQ,카나프테라퓨틱스,23000.0,303985940000.0,Korea Equity,Unknown,0.0,0.0,0.000979784646667925,,,,,,[],"[null, null, null, null]",,0.0,,0
136480.KQ,하림,2860.0,303759747720.0,Korea Equity,Unknown,-0.15332989158492513,0.0,0.06502007390513123,,,,,,[],"[null, null, null, null]",,-0.15332989158492513,,0
200670.KQ,휴메딕스,26850.0,301523620500.0,Korea Equity,Unknown,-0.05813953488372093,0.0,0.12072196025085642,,,,,,[],"[null, null, null, null]",,-0.05813953488372093,,0
017860.KS,DS단석,16950.0,301017406050.0,Korea Equity,Unknown,0.2543978349120433,0.0,0.0066996806062962514,,,,,,[],"[null, null, null, null]",,0.2543978349120433,,0
900290.KQ,GRT,3670.0,300206000000.0,Korea Equity,Unknown,0.43476167549350025,0.0,0.14235274908626672,,,,,,[],"[null, null, null, null]",,0.43476167549350025,,0
002310.KS,아세아제지,7590.0,299421780900.0,Korea Equity,Unknown,0.004162812210915819,0.0,0.0461868820951226,,,,,,[],"[null, null, null, null]",,0.004162812210915819,,0
355150.KQ,코스텍시스,38250.0,298248637500.0,Korea Equity,Unknown,0.6875,0.0,0.007023992389623879,,,,,,[],"[null, null, null, null]",,0.6875,,0
307180.KQ,아이엘,8080.0,298036262080.0,Korea Equity,Unknown,-0.12802768166089964,0.0,0.0033437563117182847,,,,,,[],"[null, null, null, null]",,-0.12802768166089964,,0
061970.KQ,LB세미콘,5110.0,296804160660.0,Korea Equity,Unknown,0.16076058772687987,0.0,0.01083147757408706,,,,,,[],"[null, null, null, null]",,0.16076058772687987,,0
475400.KQ,씨메스로보틱스,25200.0,296252762400.0,Korea Equity,Unknown,0.48717948717948717,0.0,0.0,,,,,,[],"[null, null, null, null]",,0.48717948717948717,,0
236200.KQ,슈프리마,42250.0,294664639750.0,Korea Equity,Unknown,-0.043076923076923075,0.0,0.10336384398543297,,,,,,[],"[null, null, null, null]",,-0.043076923076923075,,0
035810.KQ,이지홀딩스,4560.0,294193803600.0,Korea Equity,Unknown,0.034764100744945015,0.0,0.1228000107671593,,,,,,[],"[null, null, null, null]",,0.034764100744945015,,0
078150.KQ,HB테크놀러지,3150.0,292055135400.0,Korea Equity,Unknown,-0.14184397163120568,0.0,0.025463051310640517,,,,,,[],"[null, null, null, null]",,-0.14184397163120568,,0
053030.KQ,바이넥스,8890.0,290562431320.0,Korea Equity,Unknown,-0.20674157303370783,0.0,0.0027876442703461844,,,,,,[],"[null, null, null, null]",,-0.20674157303370783,,0
462350.KQ,이노스페이스,13900.0,290074401800.0,Korea Equity,Unknown,1.8,0.0,0.0,,,,,,[],"[null, null, null, null]",,1.8,,0
001340.KS,PKC,6440.0,289627717120.0,Korea Equity,Unknown,0.06042296072507553,0.0,0.020429083607782773,,,,,,[],"[null, null, null, null]",,0.06042296072507553,,0
033270.KS,유나이티드제약,18180.0,289257889500.0,Korea Equity,Unknown,0.048295454545454544,0.0,0.11968240288824425,,,,,,[],"[null, null, null, null]",,0.048295454545454544,,0
026890.KS,스틱인베스트먼트,7460.0,289230444020.0,Korea Equity,Unknown,0.8012048192771084,0.0,0.06644928878199528,,,,,,[],"[null, null, null, null]",,0.8012048192771084,,0
220100.KQ,퓨쳐켐,12880.0,288865169600.0,Korea Equity,Unknown,0.7777777777777779,0.0,0.0,,,,,,[],"[null, null, null, null]",,0.7777777777777779,,0
144510.KQ,지씨셀,18240.0,288198274560.0,Korea Equity,Unknown,-0.13023255813953488,0.0,0.0,,,,,,[],"[null, null, null, null]",,-0.13023255813953488,,0
382900.KQ,범한퓨얼셀,32650.0,286046650000.0,Korea Equity,Unknown,0.4903846153846153,0.0,0.003556405228120065,,,,,,[],"[null, null, null, null]",,0.4903846153846153,,0
112290.KQ,와이씨켐,14120.0,285521790800.0,Korea Equity,Unknown,0.37566137566137564,0.0,0.007049337460206383,,,,,,[],"[null, null, null, null]",,0.37566137566137564,,0
000650.KS,천일고속,198600.0,283843092000.0,Korea Equity,Unknown,-0.017543859649122806,0.0,0.0,,,,,,[],"[null, null, null, null]",,-0.017543859649122806,,0
000430.KS,대원강업,4570.0,283340000000.0,Korea Equity,Unknown,0.026322029879060942,0.0,0.06233052288559872,,,,,,[],"[null, null, null, null]",,0.026322029879060942,,0
043150.KQ,바텍,18930.0,281191066080.0,Korea Equity,Unknown,-0.048824593128390596,0.0,0.10873250947258453,,,,,,[],"[null, null, null, null]",,-0.048824593128390596,,0
459510.KQ,나우로보틱스,21550.0,279684132100.0,Korea Equity,Unknown,-0.07272727272727272,0.0,0.0,,,,,,[],"[null, null, null, null]",,-0.07272727272727272,,0
017390.KS,서울가스,56300.0,278685000000.0,Korea Equity,Unknown,1.5727181544633901,0.0,0.02252843458346795,,,,,,[],"[null, null, null, null]",,1.5727181544633901,,0
108860.KQ,셀바스AI,10310.0,277491484900.0,Korea Equity,Unknown,-0.05,0.0,0.006393154744031023,,,,,,[],"[null, null, null, null]",,-0.05,,0
060720.KQ,KH바텍,11700.0,277026071400.0,Korea Equity,Unknown,-0.5963369963369963,0.0,0.07078960349311181,,,,,,[],"[null, null, null, null]",,-0.5963369963369963,,0
035600.KQ,KG이니시스,9990.0,275268795660.0,Korea Equity,Unknown,0.18063717909062793,0.0,0.08681936641891212,,,,,,[],"[null, null, null, null]",,0.18063717909062793,,0
003920.KS,남양유업,45850.0,275100000000.0,Korea Equity,Unknown,-0.029728565273588973,0.0,0.013526409299676922,,,,,,[],"[null, null, null, null]",,-0.029728565273588973,,0
478340.KQ,나라스페이스테크놀로지,23850.0,275076145350.0,Korea Equity,Unknown,5.333333333333332,0.0,0.0014145294416441148,,,,,,[],"[null, null, null, null]",,5.333333333333332,,0
180400.KQ,DXVX,2790.0,274618115280.0,Korea Equity,Unknown,-0.22988505747126436,0.0,0.0,,,,,,[],"[null, null, null, null]",,-0.22988505747126436,,0
061090.KQ,세나테크놀로지,48850.0,273032420000.0,Korea Equity,Unknown,-0.18587360594795538,0.0,0.056102901743709396,,,,,,[],"[null, null, null, null]",,-0.18587360594795538,,0
005010.KS,휴스틸,4845.0,272231223375.0,Korea Equity,Unknown,-0.04887459807073955,0.0,0.01978279545234178,,,,,,[],"[null, null, null, null]",,-0.04887459807073955,,0
352480.KQ,씨앤씨인터내셔널,19920.0,271507627920.0,Korea Equity,Unknown,0.10909090909090909,0.0,0.06253378577504728,,,,,,[],"[null, null, null, null]",,0.10909090909090909,,0
096760.KS,JW홀딩스,3670.0,271304537140.0,Korea Equity,Unknown,0.0647985989492119,0.0,0.30229409605825397,,,,,,[],"[null, null, null, null]",,0.0647985989492119,,0
001230.KS,동국홀딩스,1740.0,270583424100.0,Korea Equity,Unknown,0.17599334304139794,0.0,0.02524981437498587,,,,,,[],"[null, null, null, null]",,0.17599334304139794,,0
389260.KQ,대명에너지,15080.0,270178181000.0,Korea Equity,Unknown,0.39366515837104077,0.0,0.05793638663366432,,,,,,[],"[null, null, null, null]",,0.39366515837104077,,0
474650.KQ,링크솔루션,47000.0,270114029000.0,Korea Equity,Unknown,4.571428571428571,0.0,0.0,,,,,,[],"[null, null, null, null]",,4.571428571428571,,0
243840.KQ,신흥에스이씨,6990.0,269522062650.0,Korea Equity,Unknown,0.2044790652385589,0.0,0.016069506107790232,,,,,,[],"[null, null, null, null]",,0.2044790652385589,,0
023410.KQ,유진기업,3460.0,267495585980.0,Korea Equity,Unknown,-0.03481012658227848,0.0,0.024003543919834995,,,,,,[],"[null, null, null, null]",,-0.03481012658227848,,0
900140.KS,엘브이엠씨홀딩스,1384.0,267444757888.0,Korea Equity,Unknown,0.026948989412897015,0.0,0.08527689319294954,,,,,,[],"[null, null, null, null]",,0.026948989412897015,,0
065660.KQ,안트로젠,26700.0,267162870000.0,Korea Equity,Unknown,0.10526315789473684,0.0,0.0,,,,,,[],"[null, null, null, null]",,0.10526315789473684,,0
394800.KQ,쓰리빌리언,8400.0,266796398400.0,Korea Equity,Unknown,0.3076923076923077,0.0,0.0,,,,,,[],"[null, null, null, null]",,0.3076923076923077,,0
051360.KQ,토비스,17800.0,265537605400.0,Korea Equity,Unknown,0.020432692307692308,0.0,0.1184898433210821,,,,,,[],"[null, null, null, null]",,0.020432692307692308,,0
182400.KQ,엔케이젠바이오텍코리아,3670.0,265496721770.0,Korea Equity,Unknown,-0.2,0.0,0.0,,,,,,[],"[null, null, null, null]",,-0.2,,0
054950.KQ,제이브이엠,21900.0,264768634800.0,Korea Equity,Unknown,0.007009345794392523,0.0,0.09401982249024483,,,,,,[],"[null, null, null, null]",,0.007009345794392523,,0
308430.KQ,셀비온,20200.0,260686070200.0,Korea Equity,Unknown,0.5,0.0,0.0,,,,,,[],"[null, null, null, null]",,0.5,,0
267980.KQ,매일유업,34000.0,260563692000.0,Korea Equity,Unknown,0.025982532751091702,0.0,0.09011301691515068,,,,,,[],"[null, null, null, null]",,0.025982532751091702,,0
005500.KS,삼진제약,19540.0,260272800000.0,Korea Equity,Unknown,-0.0871313672922252,0.0,0.057617561596542625,,,,,,[],"[null, null, null, null]",,-0.0871313672922252,,0
004360.KS,세방,13600.0,259972200800.0,Korea Equity,Unknown,-0.08205756276791182,0.0,0.048876437052233296,,,,,,[],"[null, null, null, null]",,-0.08205756276791182,,0
014940.KQ,오리엔탈정공,5690.0,259314131090.0,Korea Equity,Unknown,0.09514563106796116,0.0,0.06490157791984667,,,,,,[],"[null, null, null, null]",,0.09514563106796116,,0
093520.KQ,매커스,21650.0,257674771050.0,Korea Equity,Unknown,-0.1582952815829528,0.0,0.06444745047798539,,,,,,[],"[null, null, null, null]",,-0.1582952815829528,,0
037710.KS,광주신세계,33750.0,257417055000.0,Korea Equity,Unknown,0.09438202247191012,0.0,0.08226020389407225,,,,,,[],"[null, null, null, null]",,0.09438202247191012,,0
001250.KS,GS글로벌,3115.0,257092674860.0,Korea Equity,Unknown,0.023370577281191806,0.0,0.04195412198609513,,,,,,[],"[null, null, null, null]",,0.023370577281191806,,0
0008Z0.KQ,에스엔시스,27200.0,256674540800.0,Korea Equity,Unknown,-0.16747572815533981,0.0,0.05575342577393269,,,,,,[],"[null, null, null, null]",,-0.16747572815533981,,0
121800.KQ,비덴트,3320.0,256309348520.0,Korea Equity,Unknown,0.07692307692307693,0.0,0.0,,,,,,[],"[null, null, null, null]",,0.07692307692307693,,0
190510.KQ,나무가,18170.0,255930209890.0,Korea Equity,Unknown,-0.11482820976491864,0.0,0.06474763965965563,,,,,,[],"[null, null, null, null]",,-0.11482820976491864,,0
151860.KQ,KG에코솔루션,5370.0,255628120740.0,Korea Equity,Unknown,0.11832017393294429,0.0,0.10206929717599396,,,,,,[],"[null, null, null, null]",,0.11832017393294429,,0
017890.KQ,한국알콜,12000.0,255282072000.0,Korea Equity,Unknown,0.028301886792452834,0.0,0.09944497642579392,,,,,,[],"[null, null, null, null]",,0.028301886792452834,,0
002320.KS,한진,16440.0,255126047040.0,Korea Equity,Unknown,0.05156587473002159,0.0,0.03607966007206092,,,,,,[],"[null, null, null, null]",,0.05156587473002159,,0
451760.KQ,컨텍,15900.0,254269683600.0,Korea Equity,Unknown,-0.3157894736842105,0.0,0.0,,,,,,[],"[null, null, null, null]",,-0.3157894736842105,,0
054210.KQ,이랜텍,10050.0,254176660500.0,Korea Equity,Unknown,0.5213454075032341,0.0,0.10518816702343897,,,,,,[],"[null, null, null, null]",,0.5213454075032341,,0
199820.KQ,제일일렉트릭,11430.0,253974600000.0,Korea Equity,Unknown,-0.03656307129798903,0.0,0.035672199340184785,,,,,,[],"[null, null, null, null]",,-0.03656307129798903,,0
217730.KQ,강스템바이오텍,2700.0,253946202300.0,Korea Equity,Unknown,-0.2,0.0,0.0,,,,,,[],"[null, null, null, null]",,-0.2,,0
377460.KQ,큐에이드,4080.0,253187202960.0,Korea Equity,Unknown,-0.1794871794871795,0.0,0.002572815534516987,,,,,,[],"[null, null, null, null]",,-0.1794871794871795,,0
084990.KQ,헬릭스미스,5480.0,252588527560.0,Korea Equity,Unknown,0.0,0.0,0.0,,,,,,[],"[null, null, null, null]",,0.0,,0
394420.KQ,리센스메디컬,22900.0,250410080200.0,Korea Equity,Unknown,0.0,0.0,0.0,,,,,,[],"[null, null, null, null]",,0.0,,0
035510.KS,신세계 I&C,17880.0,249978492000.0,Korea Equity,Unknown,-0.015435501653803746,0.0,0.12363837187750275,,,,,,[],"[null, null, null, null]",,-0.015435501653803746,,0
067390.KQ,아스트,600.0,249094547400.0,Korea Equity,Unknown,0.26148409893992935,0.0,0.02526786433204399,,,,,,[],"[null, null, null, null]",,0.26148409893992935,,0
003960.KS,사조대림,27100.0,248357055700.0,Korea Equity,Unknown,0.029982568274259148,0.0,0.0715817631246472,,,,,,[],"[null, null, null, null]",,0.029982568274259148,,0
308080.KQ,바이젠셀,12080.0,247631060800.0,Korea Equity,Unknown,0.0,0.0,0.0,,,,,,[],"[null, null, null, null]",,0.0,,0
098120.KQ,마이크로컨텍솔,29700.0,246889150200.0,Korea Equity,Unknown,0.23214285714285715,0.0,0.06869764686614432,,,,,,[],"[null, null, null, null]",,0.23214285714285715,,0
034120.KS,SBS,13300.0,246731465400.0,Korea Equity,Unknown,-0.29008202833706187,0.0,0.027290796757466696,,,,,,[],"[null, null, null, null]",,-0.29008202833706187,,0
122900.KS,아이마켓코리아,7380.0,246704839200.0,Korea Equity,Unknown,0.14547926580557444,0.0,0.02595601769377236,,,,,,[],"[null, null, null, null]",,0.14547926580557444,,0
088800.KQ,에이스테크,3265.0,246528507010.0,Korea Equity,Unknown,-0.279826464208243,0.0,0.0,,,,,,[],"[null, null, null, null]",,-0.279826464208243,,0
318060.KQ,그래피,22000.0,245809894000.0,Korea Equity,Unknown,-0.22727272727272727,0.0,0.0,,,,,,[],"[null, null, null, null]",,-0.22727272727272727,,0
304100.KQ,솔트룩스,19480.0,245328295400.0,Korea Equity,Unknown,0.2714285714285714,0.0,0.013425975646630334,,,,,,[],"[null, null, null, null]",,0.2714285714285714,,0
094480.KQ,갤럭시아머니트리,6250.0,245186487500.0,Korea Equity,Unknown,0.0673076923076923,0.0,0.03508800624568005,,,,,,[],"[null, null, null, null]",,0.0673076923076923,,0
0030R0.KS,대신밸류리츠,4100.0,245098000000.0,Korea Equity,Unknown,0.0,0.0,0.0,,,,,,[],[],,0.0,,0
004430.KS,송원산업,10210.0,245040000000.0,Korea Equity,Unknown,0.014318010550113038,0.0,0.05988838014329492,,,,,,[],"[null, null, null, null]",,0.014318010550113038,,0
095500.KQ,미래나노텍,7900.0,244978992100.0,Korea Equity,Unknown,0.013039934800325998,0.0,0.035564862995894966,,,,,,[],"[null, null, null, null]",,0.013039934800325998,,0
0088M0.KQ,메쥬,24700.0,244079225000.0,Korea Equity,Unknown,12.0,0.0,0.004026597559538182,,,,,,[],"[null, null, null, null]",,12.0,,0
009470.KS,삼화전기,36650.0,242396503000.0,Korea Equity,Unknown,-0.030405405405405407,0.0,0.0486567465281074,,,,,,[],"[null, null, null, null]",,-0.030405405405405407,,0
101360.KQ,에코앤드림,13610.0,242069011540.0,Korea Equity,Unknown,-0.5909090909090909,0.0,0.0005568428363144229,,,,,,[],"[null, null, null, null]",,-0.5909090909090909,,0
0007C0.KQ,아크릴,30100.0,241712752400.0,Korea Equity,Unknown,1.2758620689655173,0.0,0.0007925695111751608,,,,,,[],"[null, null, null, null]",,1.2758620689655173,,0
037270.KS,YG PLUS,3785.0,240964871350.0,Korea Equity,Unknown,0.10766045548654243,0.0,0.08474702698311684,,,,,,[],"[null, null, null, null]",,0.10766045548654243,,0
000490.KS,대동,8330.0,240127785450.0,Korea Equity,Unknown,-0.0890014471780029,0.0,0.01936943091820467,,,,,,[],"[null, null, null, null]",,-0.0890014471780029,,0
049630.KQ,재영솔루텍,10260.0,239873793120.0,Korea Equity,Unknown,0.7447447447447447,0.0,0.056192959458242785,,,,,,[],"[null, null, null, null]",,0.7447447447447447,,0
036170.KQ,에이치엠넥스,3900.0,239325941400.0,Korea Equity,Unknown,1.416666666666667,0.0,0.012282539374935224,,,,,,[],"[null, null, null, null]",,1.416666666666667,,0
348950.KS,제이알글로벌리츠,1182.0,233298432000.0,Korea Equity,Unknown,0.0,0.0,0.0,,,,,,[],[],,0.0,,0
232680.KQ,라온로보틱스,17780.0,233201573220.0,Korea Equity,Unknown,0.05185185185185185,0.0,0.01766188619412509,,,,,,[],"[null, null, null, null]",,0.05185185185185185,,0
099440.KQ,스맥,3410.0,232709973540.0,Korea Equity,Unknown,-0.16091954022988506,0.0,0.0,,,,,,[],"[null, null, null, null]",,-0.16091954022988506,,0
206640.KQ,바디텍메드,10600.0,232223962600.0,Korea Equity,Unknown,0.03132530120481928,0.0,0.10208777896838274,,,,,,[],"[null, null, null, null]",,0.03132530120481928,,0
003520.KS,영진약품,1269.0,232090875639.0,Korea Equity,Unknown,0.0208,0.0,0.005036798856275564,,,,,,[],"[null, null, null, null]",,0.0208,,0
419530.KQ,SAMG엔터,23000.0,230678201000.0,Korea Equity,Unknown,0.3557422969187675,0.0,0.0817746019884737,,,,,,[],"[null, null, null, null]",,0.3557422969187675,,0
115450.KQ,HLB테라퓨틱스,2600.0,230308283400.0,Korea Equity,Unknown,-0.17197452229299362,0.0,0.014834619272164893,,,,,,[],"[null, null, null, null]",,-0.17197452229299362,,0
136490.KS,선진,9680.0,230186566720.0,Korea Equity,Unknown,0.1511879049676026,0.0,0.17365786102201747,,,,,,[],"[null, null, null, null]",,0.1511879049676026,,0
417010.KQ,나노팀,11370.0,229363917360.0,Korea Equity,Unknown,0.12222222222222222,0.0,0.0006708457965561049,,,,,,[],"[null, null, null, null]",,0.12222222222222222,,0
242040.KQ,나무기술,6610.0,228747405040.0,Korea Equity,Unknown,1.0555555555555556,0.0,0.016055801650549584,,,,,,[],"[null, null, null, null]",,1.0555555555555556,,0
138610.KQ,나이벡,20100.0,228492639300.0,Korea Equity,Unknown,-0.6708860759493672,0.0,0.034682509532656294,,,,,,[],"[null, null, null, null]",,-0.6708860759493672,,0
067080.KQ,대화제약,12180.0,226750797000.0,Korea Equity,Unknown,0.027777777777777776,0.0,0.006971908080354903,,,,,,[],"[null, null, null, null]",,0.027777777777777776,,0
439090.KQ,마녀공장,13790.0,226063055400.0,Korea Equity,Unknown,-0.15141955835962145,0.0,0.06347195463688433,,,,,,[],"[null, null, null, null]",,-0.15141955835962145,,0
290690.KQ,소룩스,4495.0,225589940195.0,Korea Equity,Unknown,2.0392156862745097,0.0,0.0010799531768812419,,,,,,[],"[null, null, null, null]",,2.0392156862745097,,0
210980.KS,SK디앤디,12080.0,224897974560.0,Korea Equity,Unknown,-0.48872727272727273,0.0,0.03779306883389147,,,,,,[],"[null, null, null, null]",,-0.48872727272727273,,0
044450.KS,KSS해운,9720.0,224394753600.0,Korea Equity,Unknown,0.046407185628742506,0.0,0.058551837091836624,,,,,,[],"[null, null, null, null]",,0.046407185628742506,,0
149950.KQ,아바텍,16390.0,224013652170.0,Korea Equity,Unknown,-0.07608695652173914,0.0,0.034479972252808556,,,,,,[],"[null, null, null, null]",,-0.07608695652173914,,0
030210.KS,다올투자증권,3670.0,223543759020.0,Korea Equity,Unknown,0.08211344922232387,0.0,0.005114266217995723,,,,,,[],"[null, null, null, null]",,0.08211344922232387,,0
432720.KQ,퀄리타스반도체,15750.0,223454259000.0,Korea Equity,Unknown,4.777777777777778,0.0,0.0,,,,,,[],"[null, null, null, null]",,4.777777777777778,,0
000050.KS,경방,8100.0,222063687000.0,Korea Equity,Unknown,0.167192429022082,0.0,0.07652316640420977,,,,,,[],"[null, null, null, null]",,0.167192429022082,,0
036030.KQ,케이티알파,4530.0,222057351990.0,Korea Equity,Unknown,0.06735751295336788,0.0,0.10629558898132833,,,,,,[],"[null, null, null, null]",,0.06735751295336788,,0
064550.KQ,바이오니아,8570.0,221194193870.0,Korea Equity,Unknown,-0.07361268403171008,0.0,0.030017708016723363,,,,,,[],"[null, null, null, null]",,-0.07361268403171008,,0
126730.KQ,코칩,25200.0,221007175200.0,Korea Equity,Unknown,0.4069767441860465,0.0,0.007705555332065944,,,,,,[],"[null, null, null, null]",,0.4069767441860465,,0
000480.KS,CR홀딩스,4700.0,220385303000.0,Korea Equity,Unknown,-0.04013065795613626,0.0,0.0441711402523498,,,,,,[],"[null, null, null, null]",,-0.04013065795613626,,0
045390.KQ,대아티아이,3120.0,219876936240.0,Korea Equity,Unknown,-0.26098191214470284,0.0,0.017800691693268082,,,,,,[],"[null, null, null, null]",,-0.26098191214470284,,0
255220.KQ,SG,2005.0,219674420510.0,Korea Equity,Unknown,-0.7435897435897436,0.0,0.01679550204396804,,,,,,[],"[null, null, null, null]",,-0.7435897435897436,,0
007160.KS,사조산업,43900.0,219500000000.0,Korea Equity,Unknown,-0.18764172335600907,0.0,0.042149244893964655,,,,,,[],"[null, null, null, null]",,-0.18764172335600907,,0
004980.KS,성신양회,8950.0,219418853350.0,Korea Equity,Unknown,-0.15026833631484796,0.0,0.05326779527536076,,,,,,[],"[null, null, null, null]",,-0.15026833631484796,,0
402490.KQ,그린리소스,12900.0,218464299300.0,Korea Equity,Unknown,-0.18992248062015504,0.0,0.025875349347486542,,,,,,[],"[null, null, null, null]",,-0.18992248062015504,,0
001630.KS,종근당홀딩스,43450.0,217678460450.0,Korea Equity,Unknown,-0.007844756399669695,0.0,0.08477453303970646,,,,,,[],"[null, null, null, null]",,-0.007844756399669695,,0
464080.KQ,에스오에스랩,12090.0,216979774050.0,Korea Equity,Unknown,-0.5384615384615384,0.0,0.0,,,,,,[],"[null, null, null, null]",,-0.5384615384615384,,0
123860.KQ,아나패스,17840.0,216281723600.0,Korea Equity,Unknown,-0.4108527131782946,0.0,0.06371257553845878,,,,,,[],"[null, null, null, null]",,-0.4108527131782946,,0
004380.KS,삼익THK,10440.0,216108000000.0,Korea Equity,Unknown,0.23629489603024573,0.0,0.0,,,,,,[],"[null, null, null, null]",,0.23629489603024573,,0
004560.KS,현대비앤지스틸,14300.0,215626997300.0,Korea Equity,Unknown,0.059416445623342175,0.0,0.07336083099446693,,,,,,[],"[null, null, null, null]",,0.059416445623342175,,0
054450.KQ,텔레칩스,14190.0,214896666270.0,Korea Equity,Unknown,0.49209932279909707,0.0,0.019333313007360017,,,,,,[],"[null, null, null, null]",,0.49209932279909707,,0
461300.KQ,아이스크림미디어,16100.0,214515321300.0,Korea Equity,Unknown,6.669172932330827,0.0,0.28361618364611624,,,,,,[],"[null, null, null, null]",,6.669172932330827,,0
241590.KS,화승엔터프라이즈,3530.0,213880144280.0,Korea Equity,Unknown,-0.09328165374677003,0.0,0.019472137838290944,,,,,,[],"[null, null, null, null]",,-0.09328165374677003,,0
211270.KQ,AP위성,14160.0,213565424640.0,Korea Equity,Unknown,-0.75,0.0,0.0029483719940000706,,,,,,[],"[null, null, null, null]",,-0.75,,0
053300.KQ,한국정보인증,5250.0,213103254000.0,Korea Equity,Unknown,0.0755287009063444,0.0,0.08302442464991458,,,,,,[],"[null, null, null, null]",,0.0755287009063444,,0
051905.KS,LG생활건강우,101500.0,212770288500.0,Korea Equity,Unknown,-0.017633497414169107,0.0,0.5398151267824618,,,,,,[],"[null, null, null, null]",,-0.017633497414169107,,0
119830.KQ,아이텍,8070.0,212636615610.0,Korea Equity,Unknown,-0.6546762589928058,0.0,0.01287132126682466,,,,,,[],"[null, null, null, null]",,-0.6546762589928058,,0
053690.KS,한미글로벌,19300.0,211480715000.0,Korea Equity,Unknown,0.03225806451612903,0.0,0.05736737713645599,,,,,,[],"[null, null, null, null]",,0.03225806451612903,,0
256840.KQ,한국비엔씨,3080.0,210656248880.0,Korea Equity,Unknown,-0.07086614173228346,0.0,0.021759632702645155,,,,,,[],"[null, null, null, null]",,-0.07086614173228346,,0
001790.KS,대한제당,2420.0,208705434300.0,Korea Equity,Unknown,-0.10457516339869281,0.0,0.05789659919816814,,,,,,[],"[null, null, null, null]",,-0.10457516339869281,,0
001780.KS,알루코,2145.0,207700633140.0,Korea Equity,Unknown,-0.14035087719298245,0.0,0.04171204227043268,,,,,,[],"[null, null, null, null]",,-0.14035087719298245,,0
033920.KS,무학,7270.0,207195000000.0,Korea Equity,Unknown,-0.07751937984496124,0.0,0.022513576266213114,,,,,,[],"[null, null, null, null]",,-0.07751937984496124,,0
004310.KS,현대약품,6470.0,207040000000.0,Korea Equity,Unknown,-0.03925619834710744,0.0,0.022854823360207756,,,,,,[],"[null, null, null, null]",,-0.03925619834710744,,0
094820.KQ,일진파워,13730.0,207030674570.0,Korea Equity,Unknown,-0.158311345646438,0.0,0.07788743010998392,,,,,,[],"[null, null, null, null]",,-0.158311345646438,,0
380540.KQ,옵티코어,8450.0,206658126350.0,Korea Equity,Unknown,4.666666666666667,0.0,0.0,,,,,,[],"[null, null, null, null]",,4.666666666666667,,0
007860.KS,서연,8800.0,206622627200.0,Korea Equity,Unknown,-0.03950026183885689,0.0,0.13011759621291077,,,,,,[],"[null, null, null, null]",,-0.03950026183885689,,0
418420.KQ,라온텍,6710.0,206003260430.0,Korea Equity,Unknown,-0.7857142857142857,0.0,0.0012874344611145678,,,,,,[],"[null, null, null, null]",,-0.7857142857142857,,0
053210.KS,스카이라이프,4330.0,205774395150.0,Korea Equity,Unknown,-0.03317152103559871,0.0,0.058238531376597916,,,,,,[],"[null, null, null, null]",,-0.03317152103559871,,0
488280.KQ,에스투더블유,19030.0,205590338580.0,Korea Equity,Unknown,0.15789473684210525,0.0,0.0,,,,,,[],"[null, null, null, null]",,0.15789473684210525,,0
117580.KS,대성에너지,7440.0,204600000000.0,Korea Equity,Unknown,1.2947368421052632,0.0,0.0526118032608844,,,,,,[],"[null, null, null, null]",,1.2947368421052632,,0
339770.KS,교촌에프앤비,4090.0,204357177200.0,Korea Equity,Unknown,-0.02141157811260904,0.0,0.07765510287875708,,,,,,[],"[null, null, null, null]",,-0.02141157811260904,,0
138360.KQ,앤로보틱스,2630.0,202488228860.0,Korea Equity,Unknown,1.0454545454545454,0.0,0.01095371258622755,,,,,,[],"[null, null, null, null]",,1.0454545454545454,,0
033530.KS,SJG세종,7220.0,200867338420.0,Korea Equity,Unknown,0.006853582554517134,0.0,0.09157113797293741,,,,,,[],"[null, null, null, null]",,0.006853582554517134,,0
092220.KS,KEC,4950.0,198755508600.0,Korea Equity,Unknown,0.07525083612040134,0.0,0.0,,,,,,[],"[null, null, null, null]",,0.07525083612040134,,0
462860.KQ,더즌,2765.0,198406786095.0,Korea Equity,Unknown,0.07534246575342465,0.0,0.04617159700265673,,,,,,[],"[null, null, null, null]",,0.07534246575342465,,0
095570.KS,AJ네트웍스,4370.0,197754556830.0,Korea Equity,Unknown,0.09492947007243614,0.0,0.049985444363830706,,,,,,[],"[null, null, null, null]",,0.09492947007243614,,0
041020.KQ,폴라리스오피스,3980.0,197741496140.0,Korea Equity,Unknown,-0.05388471177944862,0.0,0.04846847400779633,,,,,,[],"[null, null, null, null]",,-0.05388471177944862,,0
013890.KS,지누스,9000.0,197332317000.0,Korea Equity,Unknown,-0.39172113289760346,0.0,0.04688998453681816,,,,,,[],"[null, null, null, null]",,-0.39172113289760346,,0
321550.KQ,티움바이오,6540.0,196451626500.0,Korea Equity,Unknown,0.15384615384615385,0.0,0.0,,,,,,[],"[null, null, null, null]",,0.15384615384615385,,0
126700.KQ,하이비젼시스템,13090.0,195592246080.0,Korea Equity,Unknown,1.1228070175438596,0.0,0.0,,,,,,[],"[null, null, null, null]",,1.1228070175438596,,0
264850.KQ,이랜시스,6450.0,195400247400.0,Korea Equity,Unknown,0.17177914110429449,0.0,0.01762876672955452,,,,,,[],"[null, null, null, null]",,0.17177914110429449,,0
036560.KQ,KZ정밀,12360.0,194670000000.0,Korea Equity,Unknown,-0.2834890965732087,0.0,0.027078338415022215,,,,,,[],"[null, null, null, null]",,-0.2834890965732087,,0
012200.KS,계양전기,7130.0,194098770770.0,Korea Equity,Unknown,-0.03228962818003914,0.0,0.0,,,,,,[],"[null, null, null, null]",,-0.03228962818003914,,0
083930.KQ,아바코,13200.0,193739686800.0,Korea Equity,Unknown,-0.9069182389937107,0.0,0.10234447832769425,,,,,,[],"[null, null, null, null]",,-0.9069182389937107,,0
024060.KQ,흥구석유,12750.0,191250000000.0,Korea Equity,Unknown,0.026515151515151512,0.0,0.003928263312432616,,,,,,[],"[null, null, null, null]",,0.026515151515151512,,0
199430.KQ,케이엔알시스템,17160.0,191231777880.0,Korea Equity,Unknown,0.0,0.0,0.0,,,,,,[],"[null, null, null, null]",,0.0,,0
032580.KQ,피델릭스,5760.0,190840688640.0,Korea Equity,Unknown,0.8067226890756303,0.0,0.02498215999930247,,,,,,[],"[null, null, null, null]",,0.8067226890756303,,0
194480.KQ,데브시스터즈,15730.0,190791529500.0,Korea Equity,Unknown,-0.36413043478260865,0.0,0.029674946925318923,,,,,,[],"[null, null, null, null]",,-0.36413043478260865,,0
102260.KS,동성케미컬,3760.0,190517662160.0,Korea Equity,Unknown,-0.0830670926517572,0.0,0.20954636375870847,,,,,,[],"[null, null, null, null]",,-0.0830670926517572,,0
121440.KQ,골프존홀딩스,4430.0,189767103740.0,Korea Equity,Unknown,-0.33746425166825555,0.0,0.048642546278331554,,,,,,[],"[null, null, null, null]",,-0.33746425166825555,,0
293580.KQ,나우IB,1999.0,189764970050.0,Korea Equity,Unknown,-0.524822695035461,0.0,0.06041820589231461,,,,,,[],"[null, null, null, null]",,-0.524822695035461,,0
123410.KQ,코리아에프티,6800.0,189319235200.0,Korea Equity,Unknown,0.039486673247778874,0.0,0.09759907737095107,,,,,,[],"[null, null, null, null]",,0.039486673247778874,,0
028100.KS,동아지질,14090.0,188658083180.0,Korea Equity,Unknown,0.1734597156398104,0.0,0.04378746085607665,,,,,,[],"[null, null, null, null]",,0.1734597156398104,,0
016580.KS,환인제약,10080.0,187488705600.0,Korea Equity,Unknown,0.11076443057722309,0.0,0.07001441401471666,,,,,,[],"[null, null, null, null]",,0.11076443057722309,,0
016790.KQ,현대사료,994.0,187340898626.0,Korea Equity,Unknown,0.118705035971223,0.0,0.02566093282794006,,,,,,[],"[null, null, null, null]",,0.118705035971223,,0
003220.KS,대원제약,8340.0,187046042220.0,Korea Equity,Unknown,0.09867963863794302,0.0,0.01992585396499072,,,,,,[],"[null, null, null, null]",,0.09867963863794302,,0
000390.KS,SP삼화,6870.0,186887832030.0,Korea Equity,Unknown,-0.18704225352112677,0.0,0.03007096510136217,,,,,,[],"[null, null, null, null]",,-0.18704225352112677,,0
000140.KS,하이트진로홀딩스,7990.0,185422052350.0,Korea Equity,Unknown,-0.08492767148856743,0.0,0.10903159898302867,,,,,,[],"[null, null, null, null]",,-0.08492767148856743,,0
013580.KS,계룡건설,20600.0,183976684200.0,Korea Equity,Unknown,-0.08636425555101485,0.0,0.07671268198189053,,,,,,[],"[null, null, null, null]",,-0.08636425555101485,,0
002150.KS,도화엔지니어링,5450.0,183774000000.0,Korea Equity,Unknown,-0.0683043738765728,0.0,0.03891641263027796,,,,,,[],"[null, null, null, null]",,-0.0683043738765728,,0
484120.KQ,도우인시스,16670.0,182660224740.0,Korea Equity,Unknown,-0.49624060150375937,0.0,0.03810921985294046,,,,,,[],"[null, null, null, null]",,-0.49624060150375937,,0
216080.KQ,제테마,4895.0,182520349605.0,Korea Equity,Unknown,0.2911392405063291,0.0,0.012018026762810696,,,,,,[],"[null, null, null, null]",,0.2911392405063291,,0
008350.KS,남선알미늄,1413.0,182388754170.0,Korea Equity,Unknown,-0.14382632293080055,0.0,0.0033719320831025103,,,,,,[],"[null, null, null, null]",,-0.14382632293080055,,0
084680.KS,이월드,1280.0,181511927040.0,Korea Equity,Unknown,-0.0371900826446281,0.0,0.0024056339129545213,,,,,,[],"[null, null, null, null]",,-0.0371900826446281,,0
086820.KQ,바이오솔루션,6930.0,179653909050.0,Korea Equity,Unknown,0.2258064516129032,0.0,0.0,,,,,,[],"[null, null, null, null]",,0.2258064516129032,,0
024800.KQ,유성티엔에스,4845.0,179516029140.0,Korea Equity,Unknown,-0.175,0.0,0.0071197638300332065,,,,,,[],"[null, null, null, null]",,-0.175,,0
011690.KS,와이투솔루션,4890.0,179484486660.0,Korea Equity,Unknown,1.700934579439252,0.0,0.0037954310972061135,,,,,,[],"[null, null, null, null]",,1.700934579439252,,0
209640.KQ,와이제이링크,6280.0,178622956880.0,Korea Equity,Unknown,0.42718446601941745,0.0,0.00756204965304223,,,,,,[],"[null, null, null, null]",,0.42718446601941745,,0
037030.KQ,파워넷,6930.0,176805034560.0,Korea Equity,Unknown,0.1688679245283019,0.0,0.084346339296231,,,,,,[],"[null, null, null, null]",,0.1688679245283019,,0
234080.KS,JW생명과학,11140.0,176396931560.0,Korea Equity,Unknown,0.019261637239165328,0.0,0.12218935501684712,,,,,,[],"[null, null, null, null]",,0.019261637239165328,,0
115500.KQ,케이씨에스,14690.0,176280000000.0,Korea Equity,Unknown,0.0851063829787234,0.0,0.01144146956065672,,,,,,[],"[null, null, null, null]",,0.0851063829787234,,0
058820.KQ,CMG제약,1190.0,175932197770.0,Korea Equity,Unknown,0.12334801762114538,0.0,0.007495790199032442,,,,,,[],"[null, null, null, null]",,0.12334801762114538,,0
024840.KQ,KBI메탈,4315.0,175714782750.0,Korea Equity,Unknown,-0.04392624728850326,0.0,0.061898415327988204,,,,,,[],"[null, null, null, null]",,-0.04392624728850326,,0
002100.KS,경농,8970.0,175117497750.0,Korea Equity,Unknown,0.3429571303587052,0.0,0.1149719562517882,,,,,,[],"[null, null, null, null]",,0.3429571303587052,,0
080160.KQ,모두투어,9240.0,174636000000.0,Korea Equity,Unknown,0.5440806045340051,0.0,0.01798533260534008,,,,,,[],"[null, null, null, null]",,0.5440806045340051,,0
000300.KS,DH오토넥스,4200.0,174035631000.0,Korea Equity,Unknown,1.0869565217391304,0.0,0.02536249070050589,,,,,,[],"[null, null, null, null]",,1.0869565217391304,,0
458650.KQ,성우,11530.0,173476575100.0,Korea Equity,Unknown,-0.19166666666666668,0.0,0.012322097321316415,,,,,,[],"[null, null, null, null]",,-0.19166666666666668,,0
101530.KS,해태제과식품,5930.0,172662754460.0,Korea Equity,Unknown,-0.03665241295051924,0.0,0.06496882603037413,,,,,,[],"[null, null, null, null]",,-0.03665241295051924,,0
403850.KQ,더핑크퐁컴퍼니,11930.0,171207549300.0,Korea Equity,Unknown,-0.014285714285714285,0.0,0.08472097941195803,,,,,,[],"[null, null, null, null]",,-0.014285714285714285,,0
380550.KQ,뉴로핏,14000.0,170784124000.0,Korea Equity,Unknown,0.2,0.0,0.0,,,,,,[],"[null, null, null, null]",,0.2,,0
285490.KQ,노바텍,16010.0,169319054310.0,Korea Equity,Unknown,-0.0743801652892562,0.0,0.021406724694040057,,,,,,[],"[null, null, null, null]",,-0.0743801652892562,,0
143160.KQ,아이디스,15760.0,168890306400.0,Korea Equity,Unknown,-0.01376720901126408,0.0,0.07598619076338095,,,,,,[],"[null, null, null, null]",,-0.01376720901126408,,0
016450.KS,한세예스24홀딩스,4220.0,168800000000.0,Korea Equity,Unknown,0.07153520776312515,0.0,0.053388037595340825,,,,,,[],"[null, null, null, null]",,0.07153520776312515,,0
092130.KQ,이크레더블,13990.0,168489964000.0,Korea Equity,Unknown,-0.6,0.0,0.08207021116484337,,,,,,[],"[null, null, null, null]",,-0.6,,0
203400.KQ,에이비온,1866.0,168129033264.0,Korea Equity,Unknown,2.0,0.0,0.0,,,,,,[],"[null, null, null, null]",,2.0,,0
147830.KQ,제룡산업,8400.0,168000000000.0,Korea Equity,Unknown,0.41836734693877553,0.0,0.07017192360629639,,,,,,[],"[null, null, null, null]",,0.41836734693877553,,0
025560.KS,미래산업,33000.0,167997324000.0,Korea Equity,Unknown,2.0441176470588234,0.0,0.06453833352748417,,,,,,[],"[null, null, null, null]",,2.0441176470588234,,0
166480.KQ,코아스템켐온,3175.0,167863443800.0,Korea Equity,Unknown,-0.21818181818181817,0.0,0.0,,,,,,[],"[null, null, null, null]",,-0.21818181818181817,,0
140670.KQ,알에스오토메이션,12970.0,166532724800.0,Korea Equity,Unknown,-0.011904761904761904,0.0,0.0,,,,,,[],"[null, null, null, null]",,-0.011904761904761904,,0
267320.KQ,나인테크,2900.0,166504355500.0,Korea Equity,Unknown,-0.28776978417266186,0.0,0.00960899980821956,,,,,,[],"[null, null, null, null]",,-0.28776978417266186,,0
293480.KS,하나제약,9360.0,166354774560.0,Korea Equity,Unknown,0.07599309153713299,0.0,0.09497849675011388,,,,,,[],"[null, null, null, null]",,0.07599309153713299,,0
460850.KS,동국씨엠,5550.0,165937540800.0,Korea Equity,Unknown,-0.005500868558193398,0.0,0.005562577511337296,,,,,,[],"[null, null, null, null]",,-0.005500868558193398,,0
079960.KQ,동양이엔피,21050.0,165453000000.0,Korea Equity,Unknown,-0.13031161473087818,0.0,0.17523028890274564,,,,,,[],"[null, null, null, null]",,-0.13031161473087818,,0
234690.KQ,녹십자웰빙,9210.0,165441900900.0,Korea Equity,Unknown,0.2622107969151671,0.0,0.058307136280996194,,,,,,[],"[null, null, null, null]",,0.2622107969151671,,0
053080.KQ,케이엔솔,12710.0,165227546970.0,Korea Equity,Unknown,0.06273062730627306,0.0,0.00953912082812536,,,,,,[],"[null, null, null, null]",,0.06273062730627306,,0
097955.KS,CJ제일제당 우,124300.0,164999921900.0,Korea Equity,Unknown,-0.017423865583374786,0.0,1.0060154644388322,,,,,,[],"[null, null, null, null]",,-0.017423865583374786,,0
300080.KQ,플리토,9990.0,164889455490.0,Korea Equity,Unknown,-0.44680851063829785,0.0,0.034550975273629866,,,,,,[],"[null, null, null, null]",,-0.44680851063829785,,0
0011A0.KQ,액스비스,17620.0,164460498800.0,Korea Equity,Unknown,0.40506329113924056,0.0,0.01794043922328813,,,,,,[],"[null, null, null, null]",,0.40506329113924056,,0
086980.KQ,쇼박스,2625.0,164424750000.0,Korea Equity,Unknown,3.174603174603175,0.0,0.08671589665934089,,,,,,[],"[null, null, null, null]",,3.174603174603175,,0
104480.KQ,티케이케미칼,1804.0,163975362936.0,Korea Equity,Unknown,0.13789359391965256,0.0,0.022071357737383876,,,,,,[],"[null, null, null, null]",,0.13789359391965256,,0
049960.KQ,쎌바이오텍,17360.0,163184000000.0,Korea Equity,Unknown,0.226890756302521,0.0,0.05528243521657936,,,,,,[],"[null, null, null, null]",,0.226890756302521,,0
007570.KS,일양약품,8530.0,162800713920.0,Korea Equity,Unknown,0.03827751196172249,0.0,0.004788254419481349,,,,,,[],"[null, null, null, null]",,0.03827751196172249,,0
038390.KQ,레드캡투어,9710.0,162359181620.0,Korea Equity,Unknown,-0.025316455696202535,0.0,0.06827667780372904,,,,,,[],"[null, null, null, null]",,-0.025316455696202535,,0
400760.KS,NH올원리츠,2940.0,161492068500.0,Korea Equity,Unknown,0.0,0.0,0.0,,,,,,[],[],,0.0,,0
015230.KS,대창단조,5940.0,161233102800.0,Korea Equity,Unknown,0.15764705882352942,0.0,0.14821415400516702,,,,,,[],"[null, null, null, null]",,0.15764705882352942,,0
396300.KQ,세아메카닉스,6070.0,160791265000.0,Korea Equity,Unknown,0.8360655737704918,0.0,0.008616075443466069,,,,,,[],"[null, null, null, null]",,0.8360655737704918,,0
095700.KQ,제넥신,3530.0,160757943820.0,Korea Equity,Unknown,-0.42857142857142855,0.0,0.0,,,,,,[],"[null, null, null, null]",,-0.42857142857142855,,0
179290.KQ,엠아이텍,4955.0,160371934490.0,Korea Equity,Unknown,0.06369426751592357,0.0,0.10527212034318335,,,,,,[],"[null, null, null, null]",,0.06369426751592357,,0
221800.KQ,지구홀딩스,9810.0,160087928310.0,Korea Equity,Unknown,0.125,0.0,0.0,,,,,,[],"[null, null, null, null]",,0.125,,0
004090.KS,한국석유,12600.0,159945912000.0,Korea Equity,Unknown,-0.10972438897555904,0.0,0.03590008023233323,,,,,,[],"[null, null, null, null]",,-0.10972438897555904,,0
066410.KQ,버킷스튜디오,1153.0,159637252154.0,Korea Equity,Unknown,0.125,0.0,0.0,,,,,,[],"[null, null, null, null]",,0.125,,0
013990.KQ,아가방컴퍼니,4850.0,159504549600.0,Korea Equity,Unknown,0.08988764044943821,0.0,0.06402237513206954,,,,,,[],"[null, null, null, null]",,0.08988764044943821,,0
060150.KQ,인선이엔티,3500.0,159472642000.0,Korea Equity,Unknown,-0.15674603174603174,0.0,0.05650568081205601,,,,,,[],"[null, null, null, null]",,-0.15674603174603174,,0
046070.KQ,코다코,10280.0,159196994920.0,Korea Equity,Unknown,-0.11212121212121212,0.0,0.0022366900227531266,,,,,,[],"[null, null, null, null]",,-0.11212121212121212,,0
051980.KQ,중앙첨단소재,1433.0,159194418997.0,Korea Equity,Unknown,-0.54,0.0,0.0,,,,,,[],"[null, null, null, null]",,-0.54,,0
017550.KS,수산세보틱스,2550.0,159117781500.0,Korea Equity,Unknown,-0.16283185840707964,0.0,0.07466446488957518,,,,,,[],"[null, null, null, null]",,-0.16283185840707964,,0
469610.KQ,이노테크,17790.0,159094191000.0,Korea Equity,Unknown,-0.03825136612021858,0.0,0.039940420694341325,,,,,,[],"[null, null, null, null]",,-0.03825136612021858,,0
047310.KQ,파워로직스,4325.0,158341515375.0,Korea Equity,Unknown,0.45449065702230257,0.0,0.03859005265667013,,,,,,[],"[null, null, null, null]",,0.45449065702230257,,0
039560.KQ,다산네트웍스,3690.0,158258446920.0,Korea Equity,Unknown,0.36,0.0,0.09953734893318852,,,,,,[],"[null, null, null, null]",,0.36,,0
062970.KQ,한국첨단소재,2770.0,158135460780.0,Korea Equity,Unknown,-0.4,0.0,0.0,,,,,,[],"[null, null, null, null]",,-0.4,,0
023910.KQ,대한약품,26350.0,158100000000.0,Korea Equity,Unknown,0.024048096192384773,0.0,0.1506038419882698,,,,,,[],"[null, null, null, null]",,0.024048096192384773,,0
143240.KQ,사람인,14730.0,158093127630.0,Korea Equity,Unknown,-0.10158730158730159,0.0,0.0882085296837758,,,,,,[],"[null, null, null, null]",,-0.10158730158730159,,0
101170.KQ,우림피티에스,11710.0,158085000000.0,Korea Equity,Unknown,-0.14166666666666666,0.0,0.020494037452739852,,,,,,[],"[null, null, null, null]",,-0.14166666666666666,,0
046440.KQ,KG파이낸셜,4150.0,157744828300.0,Korea Equity,Unknown,0.11209964412811388,0.0,0.08069242277831865,,,,,,[],"[null, null, null, null]",,0.11209964412811388,,0
142210.KQ,유니트론텍,7550.0,156673092650.0,Korea Equity,Unknown,0.07306380905991232,0.0,0.098864838353012,,,,,,[],"[null, null, null, null]",,0.07306380905991232,,0
018470.KS,조일알미늄,1236.0,156516807156.0,Korea Equity,Unknown,0.28534923339011925,0.0,0.04049557618726221,,,,,,[],"[null, null, null, null]",,0.28534923339011925,,0
293780.KQ,압타바이오,5570.0,156480265850.0,Korea Equity,Unknown,-0.09090909090909091,0.0,0.0,,,,,,[],"[null, null, null, null]",,-0.09090909090909091,,0
282880.KQ,코윈테크,13380.0,156466817160.0,Korea Equity,Unknown,-0.17255717255717257,0.0,0.0,,,,,,[],"[null, null, null, null]",,-0.17255717255717257,,0
071840.KS,롯데하이마트,6620.0,156283053440.0,Korea Equity,Unknown,-0.1637495792662403,0.0,0.026642913439543184,,,,,,[],"[null, null, null, null]",,-0.1637495792662403,,0
289930.KQ,웨이비스,11870.0,156078748700.0,Korea Equity,Unknown,-0.35,0.0,0.032206382173588954,,,,,,[],"[null, null, null, null]",,-0.35,,0
011040.KQ,경동제약,5070.0,155997643620.0,Korea Equity,Unknown,-0.032388663967611336,0.0,0.035245971794477346,,,,,,[],"[null, null, null, null]",,-0.032388663967611336,,0
002170.KS,SYTS,51600.0,154800000000.0,Korea Equity,Unknown,-0.10021786492374728,0.0,0.0828874688044455,,,,,,[],"[null, null, null, null]",,-0.10021786492374728,,0
000020.KS,동화약품,5510.0,153902399700.0,Korea Equity,Unknown,0.04479999999999999,0.0,0.03461494197858699,,,,,,[],"[null, null, null, null]",,0.04479999999999999,,0
213500.KS,한솔제지,6430.0,153037703680.0,Korea Equity,Unknown,-0.009203539823008849,0.0,0.02628363708091518,,,,,,[],"[null, null, null, null]",,-0.009203539823008849,,0
090350.KS,노루페인트,7590.0,151800000000.0,Korea Equity,Unknown,-0.21479500891265593,0.0,0.07632510695254968,,,,,,[],"[null, null, null, null]",,-0.21479500891265593,,0
003480.KS,한진중공업홀딩스,5140.0,151783233680.0,Korea Equity,Unknown,1.4055666003976142,0.0,0.054315871376644405,,,,,,[],"[null, null, null, null]",,1.4055666003976142,,0
000970.KS,한국주철관,6570.0,149799285000.0,Korea Equity,Unknown,-0.16272727272727272,0.0,0.0518324348790842,,,,,,[],"[null, null, null, null]",,-0.16272727272727272,,0
048870.KQ,시너지이노베이션,1700.0,149781837100.0,Korea Equity,Unknown,-0.02527075812274368,0.0,0.0925701650436819,,,,,,[],"[null, null, null, null]",,-0.02527075812274368,,0
059120.KQ,아진엑스텍,8170.0,149593239220.0,Korea Equity,Unknown,0.3962264150943396,0.0,0.022000371403417804,,,,,,[],"[null, null, null, null]",,0.3962264150943396,,0
158430.KQ,아톤,6110.0,149585582120.0,Korea Equity,Unknown,-0.24873096446700507,0.0,0.04200145507708822,,,,,,[],"[null, null, null, null]",,-0.24873096446700507,,0
006060.KS,화승인더,2690.0,148810800000.0,Korea Equity,Unknown,-0.07959413754227734,0.0,0.06531644770637944,,,,,,[],"[null, null, null, null]",,-0.07959413754227734,,0
220260.KQ,켐트로스,4605.0,147691813275.0,Korea Equity,Unknown,0.1836734693877551,0.0,0.025252934811794886,,,,,,[],"[null, null, null, null]",,0.1836734693877551,,0
298000.KS,효성화학,38900.0,147501447900.0,Korea Equity,Unknown,-0.04862236628849271,0.0,0.00022546358329130232,,,,,,[],"[null, null, null, null]",,-0.04862236628849271,,0
067280.KQ,멀티캠퍼스,24750.0,146687780250.0,Korea Equity,Unknown,-0.04946996466431095,0.0,0.11617349989713724,,,,,,[],"[null, null, null, null]",,-0.04946996466431095,,0
473980.KQ,노머스,13220.0,146204236840.0,Korea Equity,Unknown,0.1625,0.0,0.08563926161405186,,,,,,[],"[null, null, null, null]",,0.1625,,0
056090.KQ,시지메드텍,1410.0,145595240760.0,Korea Equity,Unknown,-0.025423728813559324,0.0,0.02284567181884032,,,,,,[],"[null, null, null, null]",,-0.025423728813559324,,0
321370.KQ,센서뷰,2805.0,144920061330.0,Korea Equity,Unknown,-0.5116279069767442,0.0,0.0,,,,,,[],"[null, null, null, null]",,-0.5116279069767442,,0
002220.KS,한일철강,5420.0,144700233200.0,Korea Equity,Unknown,0.2355289421157685,0.0,0.010036860411179153,,,,,,[],"[null, null, null, null]",,0.2355289421157685,,0
017510.KQ,세명전기,9480.0,144532080000.0,Korea Equity,Unknown,-0.13513513513513514,0.0,0.09746983181672658,,,,,,[],"[null, null, null, null]",,-0.13513513513513514,,0
006660.KS,삼성공조,17780.0,144485862920.0,Korea Equity,Unknown,-0.1834862385321101,0.0,0.026365098149412028,,,,,,[],"[null, null, null, null]",,-0.1834862385321101,,0
008970.KS,KBI동양철관,1390.0,144236000730.0,Korea Equity,Unknown,0.2204007285974499,0.0,0.016614302545619068,,,,,,[],"[null, null, null, null]",,0.2204007285974499,,0
004970.KS,신라교역,8990.0,143840000000.0,Korea Equity,Unknown,-0.17164898746383797,0.0,0.020766042474640728,,,,,,[],"[null, null, null, null]",,-0.17164898746383797,,0
041440.KQ,현대에버다임,8020.0,143090530240.0,Korea Equity,Unknown,-0.038686987104337635,0.0,0.024747267058951816,,,,,,[],"[null, null, null, null]",,-0.038686987104337635,,0
452190.KQ,한빛레이저,5980.0,143044930860.0,Korea Equity,Unknown,-0.2222222222222222,0.0,0.0242151491585161,,,,,,[],"[null, null, null, null]",,-0.2222222222222222,,0
054920.KQ,한컴위드,5050.0,142496259050.0,Korea Equity,Unknown,-0.11182450508293205,0.0,0.01703149438351462,,,,,,[],"[null, null, null, null]",,-0.11182450508293205,,0
163730.KQ,핑거,15110.0,142133242480.0,Korea Equity,Unknown,0.1601941747572816,0.0,0.0111384048661095,,,,,,[],"[null, null, null, null]",,0.1601941747572816,,0
357580.KQ,아모센스,11940.0,140769758280.0,Korea Equity,Unknown,0.08038585209003216,0.0,0.02218835509858852,,,,,,[],"[null, null, null, null]",,0.08038585209003216,,0
023600.KQ,삼보판지,8790.0,140712957000.0,Korea Equity,Unknown,-0.03175775480059084,0.0,0.09044044655716055,,,,,,[],"[null, null, null, null]",,-0.03175775480059084,,0
272550.KS,삼양패키징,9330.0,140588227980.0,Korea Equity,Unknown,-0.2231473771856786,0.0,0.06797140253220488,,,,,,[],"[null, null, null, null]",,-0.2231473771856786,,0
001520.KS,동양,587.0,140107544981.0,Korea Equity,Unknown,-0.23396456933414783,0.0,0.0,,,,,,[],"[null, null, null, null]",,-0.23396456933414783,,0
317400.KS,자이에스앤디,3605.0,139810984600.0,Korea Equity,Unknown,-0.19792284866468843,0.0,0.08818426431228216,,,,,,[],"[null, null, null, null]",,-0.19792284866468843,,0
015890.KS,태경산업,4780.0,139713425000.0,Korea Equity,Unknown,-0.016690510252742013,0.0,0.16920757410623646,,,,,,[],"[null, null, null, null]",,-0.016690510252742013,,0
019180.KS,티에이치엔,7750.0,139500000000.0,Korea Equity,Unknown,0.09425742574257426,0.0,0.15760332649844766,,,,,,[],"[null, null, null, null]",,0.09425742574257426,,0
205500.KQ,넥써쓰,2170.0,139123254830.0,Korea Equity,Unknown,0.24731182795698925,0.0,0.0065026463380620245,,,,,,[],"[null, null, null, null]",,0.24731182795698925,,0
086670.KQ,비엠티,13940.0,138366836900.0,Korea Equity,Unknown,-0.09414758269720101,0.0,0.05380510700082443,,,,,,[],"[null, null, null, null]",,-0.09414758269720101,,0
334970.KQ,프레스티지바이오로직스,1772.0,137777672764.0,Korea Equity,Unknown,-0.5964912280701754,0.0,0.0,,,,,,[],"[null, null, null, null]",,-0.5964912280701754,,0
396270.KQ,넥스트칩,4160.0,136811712960.0,Korea Equity,Unknown,0.24468085106382978,0.0,0.0,,,,,,[],"[null, null, null, null]",,0.24468085106382978,,0
047560.KQ,이스트소프트,11620.0,136570812840.0,Korea Equity,Unknown,-0.00641025641025641,0.0,0.00039073969501011226,,,,,,[],"[null, null, null, null]",,-0.00641025641025641,,0
049720.KQ,고려신용정보,9500.0,135850000000.0,Korea Equity,Unknown,-0.024498886414253896,0.0,0.09247072669968154,,,,,,[],"[null, null, null, null]",,-0.024498886414253896,,0
038290.KQ,마크로젠,12470.0,135192258000.0,Korea Equity,Unknown,-0.07551020408163266,0.0,0.014800868055518552,,,,,,[],"[null, null, null, null]",,-0.07551020408163266,,0
340450.KQ,지씨지놈,5710.0,135046028030.0,Korea Equity,Unknown,-0.05128205128205128,0.0,0.009717498602872729,,,,,,[],"[null, null, null, null]",,-0.05128205128205128,,0
322180.KQ,LS티라유텍,6450.0,134946796800.0,Korea Equity,Unknown,-0.09090909090909091,0.0,0.0011424531796100426,,,,,,[],"[null, null, null, null]",,-0.09090909090909091,,0
086890.KQ,이수앱지스,3300.0,134556331800.0,Korea Equity,Unknown,-0.5833333333333334,0.0,0.0580840137808812,,,,,,[],"[null, null, null, null]",,-0.5833333333333334,,0
214420.KS,토니모리,5570.0,133985230430.0,Korea Equity,Unknown,-0.168,0.0,0.0636995246693839,,,,,,[],"[null, null, null, null]",,-0.168,,0
115310.KQ,인포바인,8340.0,133143221100.0,Korea Equity,Unknown,-0.0547945205479452,0.0,0.041612732777915704,,,,,,[],"[null, null, null, null]",,-0.0547945205479452,,0
002780.KS,진흥기업,911.0,132524759695.0,Korea Equity,Unknown,0.34210526315789475,0.0,0.030846305345105775,,,,,,[],"[null, null, null, null]",,0.34210526315789475,,0
082800.KQ,비보존 제약,2180.0,132368871880.0,Korea Equity,Unknown,-0.20786516853932585,0.0,0.0,,,,,,[],"[null, null, null, null]",,-0.20786516853932585,,0
0004V0.KQ,엔비알모션,12720.0,132344832960.0,Korea Equity,Unknown,-0.09036144578313253,0.0,0.0022563225892984103,,,,,,[],"[null, null, null, null]",,-0.09036144578313253,,0
269620.KQ,시스웍,889.0,132090012299.0,Korea Equity,Unknown,-0.375,0.0,0.0,,,,,,[],"[null, null, null, null]",,-0.375,,0
107590.KS,미원홀딩스,56700.0,131544000000.0,Korea Equity,Unknown,0.2506350550381033,0.0,0.06873889917623985,,,,,,[],"[null, null, null, null]",,0.2506350550381033,,0
068790.KQ,DMS,5800.0,130907299200.0,Korea Equity,Unknown,-0.4177215189873418,0.0,0.021530419563764683,,,,,,[],"[null, null, null, null]",,-0.4177215189873418,,0
095190.KQ,신화프리텍,1999.0,130455663538.0,Korea Equity,Unknown,-0.3222222222222222,0.0,0.007934519362928542,,,,,,[],"[null, null, null, null]",,-0.3222222222222222,,0
950250.KQ,테라뷰,3670.0,130350072770.0,Korea Equity,Unknown,-0.3684210526315789,0.0,0.0,,,,,,[],"[null, null, null, null]",,-0.3684210526315789,,0
212560.KQ,네오오토,11020.0,130170895820.0,Korea Equity,Unknown,-0.03315881326352531,0.0,0.0626761633142198,,,,,,[],"[null, null, null, null]",,-0.03315881326352531,,0
088130.KQ,동아엘텍,7440.0,130090736160.0,Korea Equity,Unknown,-0.8057007125890736,0.0,0.3474893704357124,,,,,,[],"[null, null, null, null]",,-0.8057007125890736,,0
007610.KS,선도전기,7220.0,129960000000.0,Korea Equity,Unknown,-0.34615384615384615,0.0,0.014169791424496075,,,,,,[],"[null, null, null, null]",,-0.34615384615384615,,0
008040.KS,사조동아원,903.0,127453573800.0,Korea Equity,Unknown,-0.0912280701754386,0.0,0.08023122901448897,,,,,,[],"[null, null, null, null]",,-0.0912280701754386,,0
007540.KS,샘표,44300.0,127397940000.0,Korea Equity,Unknown,0.04334677419354839,0.0,0.1261895582371464,,,,,,[],"[null, null, null, null]",,0.04334677419354839,,0
136540.KQ,윈스테크넷,10350.0,127095371100.0,Korea Equity,Unknown,-0.2009132420091324,0.0,0.13185975973100764,,,,,,[],"[null, null, null, null]",,-0.2009132420091324,,0
012800.KS,대창,1389.0,126594153111.0,Korea Equity,Unknown,0.2695266272189349,0.0,0.07828851897233954,,,,,,[],"[null, null, null, null]",,0.2695266272189349,,0
205100.KQ,엑셈,1788.0,126387324324.0,Korea Equity,Unknown,-0.1111111111111111,0.0,0.04461911239708735,,,,,,[],"[null, null, null, null]",,-0.1111111111111111,,0
323990.KQ,박셀바이오,5430.0,126287383350.0,Korea Equity,Unknown,0.0,0.0,0.0,,,,,,[],"[null, null, null, null]",,0.0,,0
009270.KS,신원,1099.0,126132661907.0,Korea Equity,Unknown,0.0021413276231263384,0.0,0.02659916065803656,,,,,,[],"[null, null, null, null]",,0.0021413276231263384,,0
093640.KQ,케이알엠,3855.0,125963844330.0,Korea Equity,Unknown,-0.23809523809523805,0.0,0.0,,,,,,[],"[null, null, null, null]",,-0.23809523809523805,,0
036690.KQ,코맥스,2885.0,125692107675.0,Korea Equity,Unknown,-0.12017167381974249,0.0,0.0,,,,,,[],"[null, null, null, null]",,-0.12017167381974249,,0
040300.KQ,YTN,2635.0,125628842300.0,Korea Equity,Unknown,0.689922480620155,0.0,0.0044861895939538165,,,,,,[],"[null, null, null, null]",,0.689922480620155,,0
215100.KQ,로보로보,6160.0,125346476640.0,Korea Equity,Unknown,0.1935483870967742,0.0,0.0,,,,,,[],"[null, null, null, null]",,0.1935483870967742,,0
078890.KQ,가온그룹,6770.0,124736864110.0,Korea Equity,Unknown,-0.08627156789197299,0.0,0.05148016810500186,,,,,,[],"[null, null, null, null]",,-0.08627156789197299,,0
015590.KS,DKME,2330.0,124413397640.0,Korea Equity,Unknown,-0.4269662921348314,0.0,0.03369911121467405,,,,,,[],"[null, null, null, null]",,-0.4269662921348314,,0
267290.KS,경동도시가스,21100.0,124393066600.0,Korea Equity,Unknown,0.6091476091476091,0.0,0.06053214127540771,,,,,,[],"[null, null, null, null]",,0.6091476091476091,,0
487580.KQ,폴레드,4925.0,124025590425.0,Korea Equity,Unknown,0.14479638009049775,0.0,0.07086908349779875,,,,,,[],"[null, null, null, null]",,0.14479638009049775,,0
366030.KQ,공구우먼,5460.0,123690021000.0,Korea Equity,Unknown,-0.3805970149253731,0.0,0.048772162928397984,,,,,,[],"[null, null, null, null]",,-0.3805970149253731,,0
037070.KQ,파세코,6160.0,123200000000.0,Korea Equity,Unknown,-0.40842105263157896,0.0,0.045250700608312176,,,,,,[],"[null, null, null, null]",,-0.40842105263157896,,0
115440.KQ,우리넷,11400.0,123054928800.0,Korea Equity,Unknown,-0.5298804780876494,0.0,0.01988746092279685,,,,,,[],"[null, null, null, null]",,-0.5298804780876494,,0
027710.KQ,팜스토리,1104.0,123003926400.0,Korea Equity,Unknown,-0.06567967698519515,0.0,0.06859296996947825,,,,,,[],"[null, null, null, null]",,-0.06567967698519515,,0
010100.KS,한국무브넥스,4030.0,122715192600.0,Korea Equity,Unknown,0.016995865870463943,0.0,0.030344023429165815,,,,,,[],"[null, null, null, null]",,0.016995865870463943,,0
089600.KQ,KT나스미디어,10580.0,122391164540.0,Korea Equity,Unknown,0.5702127659574469,0.0,0.03356073835100828,,,,,,[],"[null, null, null, null]",,0.5702127659574469,,0
005800.KS,신영와코루,13560.0,122040000000.0,Korea Equity,Unknown,-0.23661485319516407,0.0,0.018363597092249273,,,,,,[],"[null, null, null, null]",,-0.23661485319516407,,0
024090.KS,디씨엠,10700.0,121980000000.0,Korea Equity,Unknown,-0.15198618307426598,0.0,0.03830149008729859,,,,,,[],"[null, null, null, null]",,-0.15198618307426598,,0
350520.KS,이지스레지던스리츠,3300.0,121658466600.0,Korea Equity,Unknown,0.0,0.0,0.0,,,,,,[],[],,0.0,,0
123040.KQ,엠에스오토텍,1933.0,121060501967.0,Korea Equity,Unknown,0.06611981108625405,0.0,0.09319821296829067,,,,,,[],"[null, null, null, null]",,0.06611981108625405,,0
365330.KQ,에스와이스틸텍,2400.0,120410400000.0,Korea Equity,Unknown,0.015094339622641511,0.0,0.0034270472859960293,,,,,,[],"[null, null, null, null]",,0.015094339622641511,,0
009580.KS,무림P&P,1928.0,120246128672.0,Korea Equity,Unknown,0.1063576945929887,0.0,0.0,,,,,,[],"[null, null, null, null]",,0.1063576945929887,,0
012320.KS,경동인베스트,50700.0,119906666100.0,Korea Equity,Unknown,0.048262548262548256,0.0,0.0898011776911388,,,,,,[],"[null, null, null, null]",,0.048262548262548256,,0
338220.KQ,뷰노,8550.0,119715586650.0,Korea Equity,Unknown,-0.3548387096774194,0.0,0.007500101483344634,,,,,,[],"[null, null, null, null]",,-0.3548387096774194,,0
040350.KQ,크레오에스지,6130.0,119660861160.0,Korea Equity,Unknown,-0.037037037037037035,0.0,0.0,,,,,,[],"[null, null, null, null]",,-0.037037037037037035,,0
070960.KS,모나용평,2485.0,119611332505.0,Korea Equity,Unknown,-0.4658454647256439,0.0,0.02579816333707849,,,,,,[],"[null, null, null, null]",,-0.4658454647256439,,0
412350.KQ,레이저쎌,8270.0,119379782140.0,Korea Equity,Unknown,0.9166666666666665,0.0,0.0,,,,,,[],"[null, null, null, null]",,0.9166666666666665,,0
006620.KQ,동구바이오제약,4190.0,119268316480.0,Korea Equity,Unknown,-0.033277870216306155,0.0,0.027225684051055556,,,,,,[],"[null, null, null, null]",,-0.033277870216306155,,0
054540.KQ,삼영엠텍,9150.0,118950000000.0,Korea Equity,Unknown,3.4222972972972974,0.0,0.05704834005954048,,,,,,[],"[null, null, null, null]",,3.4222972972972974,,0
013310.KQ,아진산업,3050.0,118360075100.0,Korea Equity,Unknown,-0.16549295774647887,0.0,0.06049853449238674,,,,,,[],"[null, null, null, null]",,-0.16549295774647887,,0
014530.KS,극동유화,3385.0,118032986700.0,Korea Equity,Unknown,0.02823920265780731,0.0,0.041691271381149766,,,,,,[],"[null, null, null, null]",,0.02823920265780731,,0
475580.KQ,에이럭스,8650.0,117855385000.0,Korea Equity,Unknown,0.1968503937007874,0.0,0.0,,,,,,[],"[null, null, null, null]",,0.1968503937007874,,0
235980.KQ,메드팩토,3430.0,117563665030.0,Korea Equity,Unknown,0.625,0.0,0.0,,,,,,[],"[null, null, null, null]",,0.625,,0
317770.KQ,엑스페릭스,3210.0,117121809450.0,Korea Equity,Unknown,0.9142857142857143,0.0,0.007421501852053151,,,,,,[],"[null, null, null, null]",,0.9142857142857143,,0
156100.KQ,엘앤케이바이오,5210.0,116449507130.0,Korea Equity,Unknown,-0.1592920353982301,0.0,0.011352723949573967,,,,,,[],"[null, null, null, null]",,-0.1592920353982301,,0
041590.KQ,플래스크,2370.0,116064014460.0,Korea Equity,Unknown,0.23809523809523805,0.0,0.01065950409226596,,,,,,[],"[null, null, null, null]",,0.23809523809523805,,0
234030.KQ,싸이닉솔루션,4895.0,115546475000.0,Korea Equity,Unknown,0.242603550295858,0.0,0.014013288490576793,,,,,,[],"[null, null, null, null]",,0.242603550295858,,0
014580.KS,태경비케이,4175.0,115159442500.0,Korea Equity,Unknown,-0.07685433422698838,0.0,0.18311747494611397,,,,,,[],"[null, null, null, null]",,-0.07685433422698838,,0
016710.KS,대성홀딩스,7150.0,115039631850.0,Korea Equity,Unknown,1.1432571161922538,0.0,0.0597267071034713,,,,,,[],"[null, null, null, null]",,1.1432571161922538,,0
063570.KQ,NICE인프라,3365.0,114907104720.0,Korea Equity,Unknown,0.1132686084142395,0.0,0.05148502607242671,,,,,,[],"[null, null, null, null]",,0.1132686084142395,,0
339950.KQ,아이비김영,2545.0,114389236975.0,Korea Equity,Unknown,-0.12318840579710147,0.0,0.10452890364263576,,,,,,[],"[null, null, null, null]",,-0.12318840579710147,,0
047770.KQ,코데즈컴바인,3020.0,114284658040.0,Korea Equity,Unknown,0.031578947368421054,0.0,0.0209431549981241,,,,,,[],"[null, null, null, null]",,0.031578947368421054,,0
034590.KS,인천도시가스,26000.0,113743604000.0,Korea Equity,Unknown,0.4378937893789379,0.0,0.054141450389105096,,,,,,[],"[null, null, null, null]",,0.4378937893789379,,0
223250.KQ,드림씨아이에스,4620.0,113654051280.0,Korea Equity,Unknown,0.04819277108433735,0.0,0.02659112976575874,,,,,,[],"[null, null, null, null]",,0.04819277108433735,,0
049520.KQ,유아이엘,3670.0,113192433750.0,Korea Equity,Unknown,0.025267249757045675,0.0,0.1284598676113962,,,,,,[],"[null, null, null, null]",,0.025267249757045675,,0
052260.KQ,현대바이오랜드,3770.0,113100000000.0,Korea Equity,Unknown,0.10404624277456648,0.0,0.11412373057728971,,,,,,[],"[null, null, null, null]",,0.10404624277456648,,0
396470.KQ,워트,7000.0,112840000000.0,Korea Equity,Unknown,0.8695652173913043,0.0,0.02169592175465919,,,,,,[],"[null, null, null, null]",,0.8695652173913043,,0
054050.KQ,NH농우바이오,7030.0,112694843830.0,Korea Equity,Unknown,-0.15935334872979215,0.0,0.06494499976898292,,,,,,[],"[null, null, null, null]",,-0.15935334872979215,,0
018120.KQ,진로발효,17000.0,112559040000.0,Korea Equity,Unknown,-0.14566929133858267,0.0,0.09667205785943056,,,,,,[],"[null, null, null, null]",,-0.14566929133858267,,0
067900.KQ,와이엔텍,6180.0,112473892620.0,Korea Equity,Unknown,-0.03986710963455149,0.0,0.09647786549887286,,,,,,[],"[null, null, null, null]",,-0.03986710963455149,,0
263720.KQ,디앤씨미디어,9050.0,112333948550.0,Korea Equity,Unknown,-0.2926829268292683,0.0,0.14145929508587712,,,,,,[],"[null, null, null, null]",,-0.2926829268292683,,0
227840.KS,현대코퍼레이션홀딩스,12320.0,112122299520.0,Korea Equity,Unknown,0.31699346405228757,0.0,0.1143747950637527,,,,,,[],"[null, null, null, null]",,0.31699346405228757,,0
052900.KQ,KX하이텍,1612.0,112003745984.0,Korea Equity,Unknown,0.0625,0.0,0.06485981519046845,,,,,,[],"[null, null, null, null]",,0.0625,,0
310200.KQ,애니플러스,2145.0,111889283220.0,Korea Equity,Unknown,0.03496503496503497,0.0,0.10003526070229839,,,,,,[],"[null, null, null, null]",,0.03496503496503497,,0
039980.KQ,폴라리스AI,7780.0,111885844920.0,Korea Equity,Unknown,-0.08849557522123894,0.0,0.0024187578040725114,,,,,,[],"[null, null, null, null]",,-0.08849557522123894,,0
189330.KQ,씨이랩,11900.0,111649179600.0,Korea Equity,Unknown,0.5714285714285714,0.0,0.0,,,,,,[],"[null, null, null, null]",,0.5714285714285714,,0
217820.KQ,원익피앤이,2350.0,111518213650.0,Korea Equity,Unknown,-0.5913173652694611,0.0,0.011146178295724734,,,,,,[],"[null, null, null, null]",,-0.5913173652694611,,0
002390.KS,한독,8090.0,111346981970.0,Korea Equity,Unknown,0.037547892720306515,0.0,0.008504402269578779,,,,,,[],"[null, null, null, null]",,0.037547892720306515,,0
042510.KQ,라온시큐어,9990.0,110947221720.0,Korea Equity,Unknown,-0.3237410071942446,0.0,0.05200807850839558,,,,,,[],"[null, null, null, null]",,-0.3237410071942446,,0
004250.KS,NPC,3020.0,110894400000.0,Korea Equity,Unknown,-0.021352313167259787,0.0,0.08798734698745499,,,,,,[],"[null, null, null, null]",,-0.021352313167259787,,0
085670.KQ,뉴프렉스,4515.0,110620935915.0,Korea Equity,Unknown,-0.125,0.0,0.053389512723098706,,,,,,[],"[null, null, null, null]",,-0.125,,0
456070.KQ,이엔셀,9990.0,110176882830.0,Korea Equity,Unknown,-0.75,0.0,0.0,,,,,,[],"[null, null, null, null]",,-0.75,,0
011810.KS,STX,3530.0,109493282310.0,Korea Equity,Unknown,-0.6166134185303515,0.0,0.0,,,,,,[],"[null, null, null, null]",,-0.6166134185303515,,0
065450.KQ,빅텍,3705.0,109281950115.0,Korea Equity,Unknown,0.4217687074829932,0.0,0.025450993334388796,,,,,,[],"[null, null, null, null]",,0.4217687074829932,,0
225190.KQ,LK삼양,1541.0,108591866040.0,Korea Equity,Unknown,-0.5616438356164384,0.0,0.0,,,,,,[],"[null, null, null, null]",,-0.5616438356164384,,0
009780.KQ,엠에스씨,6150.0,108240000000.0,Korea Equity,Unknown,-0.051181102362204724,0.0,0.14840499598563178,,,,,,[],"[null, null, null, null]",,-0.051181102362204724,,0
001290.KS,상상인증권,995.0,107795434400.0,Korea Equity,Unknown,0.01569506726457399,0.0,0.002377573882104537,,,,,,[],"[null, null, null, null]",,0.01569506726457399,,0
059270.KQ,해성에어로보틱스,9650.0,107745135350.0,Korea Equity,Unknown,-0.175,0.0,0.0,,,,,,[],"[null, null, null, null]",,-0.175,,0
267850.KS,아시아나IDT,9700.0,107670000000.0,Korea Equity,Unknown,-0.0653061224489796,0.0,0.07523498580588041,,,,,,[],"[null, null, null, null]",,-0.0653061224489796,,0
045970.KQ,코아시아,4085.0,107496268460.0,Korea Equity,Unknown,0.2365482233502538,0.0,0.011525027534033252,,,,,,[],"[null, null, null, null]",,0.2365482233502538,,0
038540.KQ,상상인,1940.0,107336927220.0,Korea Equity,Unknown,-1.5762617859123682,0.0,0.0073920385762967,,,,,,[],"[null, null, null, null]",,-1.5762617859123682,,0
360070.KQ,탑머티리얼,13020.0,106608319860.0,Korea Equity,Unknown,0.9285714285714286,0.0,0.0,,,,,,[],"[null, null, null, null]",,0.9285714285714286,,0
109610.KQ,에스와이,2165.0,105884521000.0,Korea Equity,Unknown,0.1410146173688736,0.0,0.0,,,,,,[],"[null, null, null, null]",,0.1410146173688736,,0
073560.KQ,우리손에프앤지,1528.0,105795118504.0,Korea Equity,Unknown,0.08189655172413794,0.0,0.11308160823157146,,,,,,[],"[null, null, null, null]",,0.08189655172413794,,0
248170.KS,샘표식품,23150.0,105755820900.0,Korea Equity,Unknown,0.04536290322580645,0.0,0.1376620354468595,,,,,,[],"[null, null, null, null]",,0.04536290322580645,,0
288180.KQ,케이피항공산업,14270.0,105501848740.0,Korea Equity,Unknown,0.0703125,0.0,0.01643737049121473,,,,,,[],"[null, null, null, null]",,0.0703125,,0
038110.KQ,에코플라스틱,2550.0,104981893500.0,Korea Equity,Unknown,-0.13931489178730114,0.0,0.017141683678547414,,,,,,[],"[null, null, null, null]",,-0.13931489178730114,,0
011000.KS,진원생명과학,1151.0,104606225957.0,Korea Equity,Unknown,-0.6176470588235294,0.0,0.0,,,,,,[],"[null, null, null, null]",,-0.6176470588235294,,0
096250.KQ,와이즈넛,7980.0,104580645120.0,Korea Equity,Unknown,-0.1111111111111111,0.0,0.03725756806375355,,,,,,[],"[null, null, null, null]",,-0.1111111111111111,,0
029480.KQ,광무,1750.0,104508481000.0,Korea Equity,Unknown,-0.52,0.0,0.0,,,,,,[],"[null, null, null, null]",,-0.52,,0
377480.KQ,마음AI,14630.0,104023323250.0,Korea Equity,Unknown,0.7,0.0,0.0,,,,,,[],"[null, null, null, null]",,0.7,,0
066430.KQ,아이로보틱스,2640.0,103365176640.0,Korea Equity,Unknown,0.0,0.0,0.004290613413745876,,,,,,[],"[null, null, null, null]",,0.0,,0
389140.KQ,포바이포,7240.0,103312881400.0,Korea Equity,Unknown,-0.19780219780219782,0.0,0.0,,,,,,[],"[null, null, null, null]",,-0.19780219780219782,,0
182360.KQ,큐브엔터,6640.0,103250997360.0,Korea Equity,Unknown,-0.7264492753623188,0.0,0.004380570216483776,,,,,,[],"[null, null, null, null]",,-0.7264492753623188,,0
066980.KQ,한성크린텍,1987.0,103195093375.0,Korea Equity,Unknown,-0.17158671586715868,0.0,0.014230984552806008,,,,,,[],"[null, null, null, null]",,-0.17158671586715868,,0
039340.KQ,한국경제TV,4690.0,103180000000.0,Korea Equity,Unknown,0.30303030303030304,0.0,0.011036494077717214,,,,,,[],"[null, null, null, null]",,0.30303030303030304,,0
013570.KS,디와이,3870.0,101856979710.0,Korea Equity,Unknown,0.04114321608040201,0.0,0.09689950142321567,,,,,,[],"[null, null, null, null]",,0.04114321608040201,,0
023900.KQ,풍국주정,8050.0,101430000000.0,Korea Equity,Unknown,-0.07160493827160494,0.0,0.12291373322054006,,,,,,[],"[null, null, null, null]",,-0.07160493827160494,,0
049080.KQ,기가레인,1190.0,101011182930.0,Korea Equity,Unknown,-0.4090909090909091,0.0,0.0,,,,,,[],"[null, null, null, null]",,-0.4090909090909091,,0
035080.KQ,그래디언트,8830.0,100938237720.0,Korea Equity,Unknown,0.14516567083107007,0.0,0.00741756084194032,,,,,,[],"[null, null, null, null]",,0.14516567083107007,,0
119650.KS,KC코트렐,918.0,100782913662.0,Korea Equity,Unknown,-0.5320754716981132,0.0,0.006434266345508739,,,,,,[],"[null, null, null, null]",,-0.5320754716981132,,0
011700.KS,한신기계,3105.0,100745298855.0,Korea Equity,Unknown,-0.437037037037037,0.0,0.009081557964791036,,,,,,[],"[null, null, null, null]",,-0.437037037037037,,0
226400.KQ,오스테오닉,4870.0,100621996870.0,Korea Equity,Unknown,0.17272727272727273,0.0,0.06715501209020962,,,,,,[],"[null, null, null, null]",,0.17272727272727273,,0
076610.KQ,해성옵틱스,1822.0,100529651680.0,Korea Equity,Unknown,1.1583850931677018,0.0,0.00706184269113938,,,,,,[],"[null, null, null, null]",,1.1583850931677018,,0
059210.KQ,메타바이오메드,3695.0,100398489275.0,Korea Equity,Unknown,-0.043137254901960784,0.0,0.1277265064116263,,,,,,[],"[null, null, null, null]",,-0.043137254901960784,,0
265740.KQ,엔에프씨,5610.0,100214796000.0,Korea Equity,Unknown,0.32142857142857145,0.0,0.12103631918115179,,,,,,[],"[null, null, null, null]",,0.32142857142857145,,0
004100.KS,태양금속,2730.0,100191000000.0,Korea Equity,Unknown,-0.036966220522625874,0.0,0.04002783077387666,,,,,,[],"[null, null, null, null]",,-0.036966220522625874,,0
264900.KS,크라운제과,7990.0,100065561500.0,Korea Equity,Unknown,-0.05244755244755245,0.0,0.057838065394239226,,,,,,[],"[null, null, null, null]",,-0.05244755244755245,,0
173130.KQ,오파스넷,7640.0,99675053720.0,Korea Equity,Unknown,-0.34536082474226804,0.0,0.0857863123625877,,,,,,[],"[null, null, null, null]",,-0.34536082474226804,,0
246720.KQ,아스타,6070.0,99434491000.0,Korea Equity,Unknown,0.25,0.0,0.0,,,,,,[],"[null, null, null, null]",,0.25,,0
0015S0.KQ,페스카로,10040.0,99061969200.0,Korea Equity,Unknown,0.6097560975609756,0.0,0.013364252188861645,,,,,,[],"[null, null, null, null]",,0.6097560975609756,,0
120240.KQ,대정화금,13750.0,98867876250.0,Korea Equity,Unknown,0.0925925925925926,0.0,0.09957756442226859,,,,,,[],"[null, null, null, null]",,0.0925925925925926,,0
950130.KQ,엑세스바이오,2805.0,98662604370.0,Korea Equity,Unknown,-0.7603686635944701,0.0,0.0,,,,,,[],"[null, null, null, null]",,-0.7603686635944701,,0
100700.KQ,세운메디칼,2250.0,98550000000.0,Korea Equity,Unknown,-0.01910828025477707,0.0,0.12110735995177677,,,,,,[],"[null, null, null, null]",,-0.01910828025477707,,0
100590.KQ,머큐리,5720.0,98038197400.0,Korea Equity,Unknown,-0.19254658385093168,0.0,0.014644744774512695,,,,,,[],"[null, null, null, null]",,-0.19254658385093168,,0
348350.KQ,위드텍,9820.0,97989852000.0,Korea Equity,Unknown,-0.3177570093457944,0.0,0.04499983508513817,,,,,,[],"[null, null, null, null]",,-0.3177570093457944,,0
086710.KQ,선진뷰티사이언스,8020.0,97870305600.0,Korea Equity,Unknown,0.05092592592592592,0.0,0.022404074240979486,,,,,,[],"[null, null, null, null]",,0.05092592592592592,,0
047820.KQ,초록뱀미디어,4000.0,97815720000.0,Korea Equity,Unknown,-0.35092348284960423,0.0,0.008954686262501595,,,,,,[],"[null, null, null, null]",,-0.35092348284960423,,0
246710.KQ,티앤알바이오팹,2045.0,97473910680.0,Korea Equity,Unknown,0.25,0.0,0.0,,,,,,[],"[null, null, null, null]",,0.25,,0
066790.KQ,씨씨에스,1493.0,97271994227.0,Korea Equity,Unknown,-0.045454545454545456,0.0,0.0,,,,,,[],"[null, null, null, null]",,-0.045454545454545456,,0
464490.KQ,쿼드메디슨,8470.0,97253497110.0,Korea Equity,Unknown,-0.9285714285714286,0.0,0.0,,,,,,[],"[null, null, null, null]",,-0.9285714285714286,,0
408470.KQ,한패스,9190.0,97156680000.0,Korea Equity,Unknown,0.0,0.0,0.01447448306452621,,,,,,[],"[null, null, null, null]",,0.0,,0
023800.KS,인지컨트롤스,6130.0,96910377610.0,Korea Equity,Unknown,0.01593625498007968,0.0,0.07247852264796457,,,,,,[],"[null, null, null, null]",,0.01593625498007968,,0
068240.KQ,다원시스,2530.0,96553495610.0,Korea Equity,Unknown,-0.8931818181818181,0.0,0.0,,,,,,[],"[null, null, null, null]",,-0.8931818181818181,,0
078140.KQ,대봉엘에스,8700.0,96453237300.0,Korea Equity,Unknown,-0.04247104247104247,0.0,0.04351228666707543,,,,,,[],"[null, null, null, null]",,-0.04247104247104247,,0
004140.KS,동방,2010.0,96423249660.0,Korea Equity,Unknown,0.09523809523809523,0.0,0.05135695330092178,,,,,,[],"[null, null, null, null]",,0.09523809523809523,,0
036420.KS,콘텐트리중앙,5000.0,96311540000.0,Korea Equity,Unknown,-0.3920760697305864,0.0,0.016989534089089604,,,,,,[],"[null, null, null, null]",,-0.3920760697305864,,0
033340.KQ,좋은사람들,990.0,95981052420.0,Korea Equity,Unknown,-0.25728155339805825,0.0,0.0,,,,,,[],"[null, null, null, null]",,-0.25728155339805825,,0
014160.KS,대영포장,884.0,95820781316.0,Korea Equity,Unknown,-0.053370786516853924,0.0,0.020928423813111944,,,,,,[],"[null, null, null, null]",,-0.053370786516853924,,0
451220.KQ,아이엠티,12150.0,95676523650.0,Korea Equity,Unknown,0.6486486486486487,0.0,0.019680347352889503,,,,,,[],"[null, null, null, null]",,0.6486486486486487,,0
019680.KS,대교,1129.0,95629517650.0,Korea Equity,Unknown,-0.029538461538461534,0.0,0.0,,,,,,[],"[null, null, null, null]",,-0.029538461538461534,,0
033290.KQ,로젠,1686.0,94679523486.0,Korea Equity,Unknown,-0.0015560165975103736,0.0,0.024433350954667466,,,,,,[],"[null, null, null, null]",,-0.0015560165975103736,,0
032560.KS,황금에스티,5560.0,94520000000.0,Korea Equity,Unknown,0.10872313527180784,0.0,0.10390037705523797,,,,,,[],"[null, null, null, null]",,0.10872313527180784,,0
002210.KS,동성제약,973.0,94010780311.0,Korea Equity,Unknown,-0.045,0.0,0.0023837303365818793,,,,,,[],"[null, null, null, null]",,-0.045,,0
052420.KQ,오성첨단소재,9600.0,93523286400.0,Korea Equity,Unknown,-0.7103274559193955,0.0,0.14505017696978983,,,,,,[],"[null, null, null, null]",,-0.7103274559193955,,0
072950.KQ,빛샘전자,11600.0,93410276000.0,Korea Equity,Unknown,0.3321917808219178,0.0,0.08720389364894723,,,,,,[],"[null, null, null, null]",,0.3321917808219178,,0
008700.KS,아남전자,1204.0,92858283280.0,Korea Equity,Unknown,-0.4982456140350877,0.0,0.016116871974902476,,,,,,[],"[null, null, null, null]",,-0.4982456140350877,,0
067000.KQ,조이시티,1308.0,91433707368.0,Korea Equity,Unknown,0.47400611620795113,0.0,0.039642649229689575,,,,,,[],"[null, null, null, null]",,0.47400611620795113,,0
142280.KQ,녹십자엠에스,4200.0,91316089200.0,Korea Equity,Unknown,-0.2236842105263158,0.0,0.02016464756600935,,,,,,[],"[null, null, null, null]",,-0.2236842105263158,,0
058860.KS,KTis,2605.0,90659210000.0,Korea Equity,Unknown,0.10092395167022032,0.0,0.06813515266022187,,,,,,[],"[null, null, null, null]",,0.10092395167022032,,0
131400.KQ,이브이첨단소재,1521.0,90639252522.0,Korea Equity,Unknown,0.09655172413793103,0.0,0.003344680216012367,,,,,,[],"[null, null, null, null]",,0.09655172413793103,,0
303810.KQ,동국생명과학,2825.0,90355195500.0,Korea Equity,Unknown,-0.05157593123209169,0.0,0.07422099597271256,,,,,,[],"[null, null, null, null]",,-0.05157593123209169,,0
163560.KS,동일고무벨트,6500.0,90350000000.0,Korea Equity,Unknown,0.06950672645739911,0.0,0.11256704573376376,,,,,,[],"[null, null, null, null]",,0.06950672645739911,,0
079810.KQ,APS이노베이션,4190.0,90202713860.0,Korea Equity,Unknown,-0.17647058823529413,0.0,0.029269733284374534,,,,,,[],"[null, null, null, null]",,-0.17647058823529413,,0
023000.KS,삼원강재,2250.0,89414901000.0,Korea Equity,Unknown,-0.11482254697286014,0.0,0.07212885896967149,,,,,,[],"[null, null, null, null]",,-0.11482254697286014,,0
063160.KS,종근당바이오,16260.0,89201742120.0,Korea Equity,Unknown,-0.012135922330097087,0.0,0.011424829553241082,,,,,,[],"[null, null, null, null]",,-0.012135922330097087,,0
101670.KQ,하이드로리튬,1571.0,89196960777.0,Korea Equity,Unknown,1.0,0.0,0.0,,,,,,[],"[null, null, null, null]",,1.0,,0
203690.KQ,아크솔루션스,4425.0,89196141000.0,Korea Equity,Unknown,0.8974358974358975,0.0,0.0,,,,,,[],"[null, null, null, null]",,0.8974358974358975,,0
460940.KQ,피앤에스로보틱스,6600.0,88804848000.0,Korea Equity,Unknown,-0.6538461538461539,0.0,0.016487168259485725,,,,,,[],"[null, null, null, null]",,-0.6538461538461539,,0
014440.KS,영보화학,4420.0,88400000000.0,Korea Equity,Unknown,-0.01048951048951049,0.0,0.16876282296092315,,,,,,[],"[null, null, null, null]",,-0.01048951048951049,,0
011370.KQ,서한,876.0,88383901740.0,Korea Equity,Unknown,-0.4687184661957618,0.0,0.06323104603068083,,,,,,[],"[null, null, null, null]",,-0.4687184661957618,,0
337930.KQ,젝시믹스,2975.0,88287513125.0,Korea Equity,Unknown,-0.289544235924933,0.0,0.11427460374749017,,,,,,[],"[null, null, null, null]",,-0.289544235924933,,0
457370.KQ,한켐,10930.0,88119124620.0,Korea Equity,Unknown,-0.42727272727272725,0.0,0.04236146696620076,,,,,,[],"[null, null, null, null]",,-0.42727272727272725,,0
475430.KQ,키스트론,4920.0,87812701200.0,Korea Equity,Unknown,0.03664921465968586,0.0,0.06669588576382722,,,,,,[],"[null, null, null, null]",,0.03664921465968586,,0
008260.KS,NI스틸,3070.0,87802359190.0,Korea Equity,Unknown,-0.10158730158730159,0.0,0.081612208472284,,,,,,[],"[null, null, null, null]",,-0.10158730158730159,,0
253840.KQ,수젠텍,5240.0,87734368000.0,Korea Equity,Unknown,-0.28125,0.0,0.0,,,,,,[],"[null, null, null, null]",,-0.28125,,0
418470.KQ,KT밀리의서재,10220.0,87542363580.0,Korea Equity,Unknown,0.15458937198067632,0.0,0.12281480594812201,,,,,,[],"[null, null, null, null]",,0.15458937198067632,,0
424960.KQ,스마트레이더시스템,5300.0,87371083000.0,Korea Equity,Unknown,-0.4230769230769231,0.0,0.0,,,,,,[],"[null, null, null, null]",,-0.4230769230769231,,0
002700.KS,신일전자,1242.0,86999021082.0,Korea Equity,Unknown,-0.462157809983897,0.0,0.046146015814405,,,,,,[],"[null, null, null, null]",,-0.462157809983897,,0
432470.KQ,케이엔에스,9870.0,86575257720.0,Korea Equity,Unknown,0.023076923076923078,0.0,0.015810241554721154,,,,,,[],"[null, null, null, null]",,0.023076923076923078,,0
043610.KQ,KT지니뮤직,1486.0,86359540868.0,Korea Equity,Unknown,0.02312925170068027,0.0,0.10308175165336651,,,,,,[],"[null, null, null, null]",,0.02312925170068027,,0
019550.KQ,SBI인베스트먼트,1064.0,86219417368.0,Korea Equity,Unknown,4.527777777777778,0.0,0.10097910132624816,,,,,,[],"[null, null, null, null]",,4.527777777777778,,0
109070.KS,주성코퍼레이션,1632.0,86186295360.0,Korea Equity,Unknown,-0.15789473684210525,0.0,0.022338025789130835,,,,,,[],"[null, null, null, null]",,-0.15789473684210525,,0
010660.KS,화천기계,3915.0,86130000000.0,Korea Equity,Unknown,-0.31044776119402984,0.0,0.018174347734710185,,,,,,[],"[null, null, null, null]",,-0.31044776119402984,,0
058630.KQ,엠게임,4485.0,86123544390.0,Korea Equity,Unknown,0.21,0.0,0.1223979244432432,,,,,,[],"[null, null, null, null]",,0.21,,0
093920.KQ,서원인텍,4625.0,86025000000.0,Korea Equity,Unknown,-0.2980769230769231,0.0,0.04983018490877383,,,,,,[],"[null, null, null, null]",,-0.2980769230769231,,0
370090.KQ,퓨런티어,10050.0,85996141500.0,Korea Equity,Unknown,-0.34615384615384615,0.0,0.0,,,,,,[],"[null, null, null, null]",,-0.34615384615384615,,0
003310.KQ,대주산업,2405.0,85118601750.0,Korea Equity,Unknown,0.004016064257028112,0.0,0.08435599613150059,,,,,,[],"[null, null, null, null]",,0.004016064257028112,,0
419050.KQ,삼기에너지솔루션즈,1485.0,84936416400.0,Korea Equity,Unknown,0.3423728813559322,0.0,0.03865722696300626,,,,,,[],"[null, null, null, null]",,0.3423728813559322,,0
005870.KS,휴니드,6000.0,84696090000.0,Korea Equity,Unknown,-0.30990415335463256,0.0,0.0,,,,,,[],"[null, null, null, null]",,-0.30990415335463256,,0
004650.KQ,창해에탄올,9210.0,84648050850.0,Korea Equity,Unknown,-0.115625,0.0,0.10927305915194228,,,,,,[],"[null, null, null, null]",,-0.115625,,0
048530.KQ,인트론바이오,2720.0,84025581760.0,Korea Equity,Unknown,0.5833333333333334,0.0,0.0,,,,,,[],"[null, null, null, null]",,0.5833333333333334,,0
950220.KQ,네오이뮨텍,501.0,83987339400.0,Korea Equity,Unknown,0.0,0.0,0.0,,,,,,[],"[null, null, null, null]",,0.0,,0
054670.KQ,대한뉴팜,5850.0,83976282000.0,Korea Equity,Unknown,0.09819639278557114,0.0,0.047154694994719554,,,,,,[],"[null, null, null, null]",,0.09819639278557114,,0
049180.KQ,셀루메드,1009.0,83975227728.0,Korea Equity,Unknown,-0.33898305084745756,0.0,0.010885552017964211,,,,,,[],"[null, null, null, null]",,-0.33898305084745756,,0
362320.KQ,청담글로벌,3965.0,83864864850.0,Korea Equity,Unknown,0.287292817679558,0.0,0.07107572492867507,,,,,,[],"[null, null, null, null]",,0.287292817679558,,0
183490.KQ,엔지켐생명과학,990.0,83793832650.0,Korea Equity,Unknown,-0.09146341463414634,0.0,0.0,,,,,,[],"[null, null, null, null]",,-0.09146341463414634,,0
007980.KS,TP,1779.0,83430385650.0,Korea Equity,Unknown,-0.03564509879891515,0.0,0.09512621015692606,,,,,,[],"[null, null, null, null]",,-0.03564509879891515,,0
003580.KS,HLB글로벌,1627.0,82429522635.0,Korea Equity,Unknown,-0.011111111111111112,0.0,0.0,,,,,,[],"[null, null, null, null]",,-0.011111111111111112,,0
006890.KS,태경케미컬,7080.0,82128000000.0,Korea Equity,Unknown,-0.047619047619047616,0.0,0.013315231392640025,,,,,,[],"[null, null, null, null]",,-0.047619047619047616,,0
299660.KQ,셀리드,2775.0,81870761175.0,Korea Equity,Unknown,0.5238095238095238,0.0,0.0,,,,,,[],"[null, null, null, null]",,0.5238095238095238,,0
175250.KQ,아이큐어,2170.0,81501658560.0,Korea Equity,Unknown,0.2727272727272727,0.0,0.00135939460282282,,,,,,[],"[null, null, null, null]",,0.2727272727272727,,0
170030.KQ,현대공업,5290.0,81148600000.0,Korea Equity,Unknown,-0.07411167512690356,0.0,0.08355251484340898,,,,,,[],"[null, null, null, null]",,-0.07411167512690356,,0
019540.KQ,일지테크,6000.0,81081000000.0,Korea Equity,Unknown,0.025854108956602027,0.0,0.09126073890896759,,,,,,[],"[null, null, null, null]",,0.025854108956602027,,0
234300.KQ,에스트래픽,2980.0,81079184400.0,Korea Equity,Unknown,-0.6005154639175257,0.0,0.0809571284250865,,,,,,[],"[null, null, null, null]",,-0.6005154639175257,,0
412540.KQ,제일엠앤에스,3935.0,81063616775.0,Korea Equity,Unknown,-1.6186144156752973,0.0,0.06385134699879044,,,,,,[],"[null, null, null, null]",,-1.6186144156752973,,0
007460.KS,에이프로젠,3610.0,80945593220.0,Korea Equity,Unknown,0.5,0.0,0.0,,,,,,[],"[null, null, null, null]",,0.5,,0
007590.KS,동방아그로,5940.0,80888407380.0,Korea Equity,Unknown,1.5525672371638144,0.0,0.10911408288463224,,,,,,[],"[null, null, null, null]",,1.5525672371638144,,0
095720.KS,웅진씽크빅,1411.0,80183016935.0,Korea Equity,Unknown,-0.12773190869354056,0.0,0.006455807364160459,,,,,,[],"[null, null, null, null]",,-0.12773190869354056,,0
263800.KQ,데이타솔루션,4940.0,80153377200.0,Korea Equity,Unknown,0.3938053097345133,0.0,0.03460473003883201,,,,,,[],"[null, null, null, null]",,0.3938053097345133,,0
001470.KS,삼부토건,347.0,79699592928.0,Korea Equity,Unknown,-0.6225961538461539,0.0,0.08348897375313741,,,,,,[],"[null, null, null, null]",,-0.6225961538461539,,0
222160.KQ,NPX,8040.0,79551289560.0,Korea Equity,Unknown,-0.4,0.0,0.0,,,,,,[],"[null, null, null, null]",,-0.4,,0
031820.KS,아이티센씨티에스,6560.0,79409757760.0,Korea Equity,Unknown,-0.038268264398917666,0.0,0.10165918228893622,,,,,,[],"[null, null, null, null]",,-0.038268264398917666,,0
048550.KQ,SM C&C,815.0,78822415300.0,Korea Equity,Unknown,0.018957345971563982,0.0,0.016427838298312444,,,,,,[],"[null, null, null, null]",,0.018957345971563982,,0
228670.KQ,레이,5030.0,78669305630.0,Korea Equity,Unknown,-0.06545454545454546,0.0,0.001118313712748178,,,,,,[],"[null, null, null, null]",,-0.06545454545454546,,0
065510.KQ,휴비츠,6800.0,78103868400.0,Korea Equity,Unknown,0.020618556701030924,0.0,0.03563576397585083,,,,,,[],"[null, null, null, null]",,0.020618556701030924,,0
026150.KQ,특수건설,4450.0,78081172950.0,Korea Equity,Unknown,-0.6884531590413944,0.0,0.0038194729991609957,,,,,,[],"[null, null, null, null]",,-0.6884531590413944,,0
038680.KQ,에스넷,3920.0,78057556640.0,Korea Equity,Unknown,-0.15342763873775844,0.0,0.06692168797351243,,,,,,[],"[null, null, null, null]",,-0.15342763873775844,,0
261780.KQ,아리바이오랩,2900.0,78047688400.0,Korea Equity,Unknown,0.0,0.0,0.0,,,,,,[],"[null, null, null, null]",,0.0,,0
092300.KQ,현우산업,3905.0,77948919455.0,Korea Equity,Unknown,-0.01620745542949757,0.0,0.08037220139425809,,,,,,[],"[null, null, null, null]",,-0.01620745542949757,,0
201490.KQ,미투온,2385.0,77736236850.0,Korea Equity,Unknown,0.03587443946188341,0.0,0.1394032906526489,,,,,,[],"[null, null, null, null]",,0.03587443946188341,,0
036640.KQ,HRS,4740.0,77521752000.0,Korea Equity,Unknown,0.029556650246305417,0.0,0.12714559631769343,,,,,,[],"[null, null, null, null]",,0.029556650246305417,,0
020710.KQ,시공테크,3865.0,77485404050.0,Korea Equity,Unknown,-0.35433070866141736,0.0,0.08059568698387538,,,,,,[],"[null, null, null, null]",,-0.35433070866141736,,0
058400.KQ,KNN,585.0,77471386200.0,Korea Equity,Unknown,-0.1863354037267081,0.0,0.03221471829330848,,,,,,[],"[null, null, null, null]",,-0.1863354037267081,,0
094940.KQ,푸른로보틱스,9250.0,77342820500.0,Korea Equity,Unknown,-0.3384615384615385,0.0,0.004562701839463077,,,,,,[],"[null, null, null, null]",,-0.3384615384615385,,0
044340.KQ,위닉스,4310.0,77034461750.0,Korea Equity,Unknown,0.16888045540796962,0.0,0.0,,,,,,[],"[null, null, null, null]",,0.16888045540796962,,0
025550.KQ,한국선재,3010.0,76797152040.0,Korea Equity,Unknown,0.17825311942959002,0.0,0.06909197071754399,,,,,,[],"[null, null, null, null]",,0.17825311942959002,,0
082850.KQ,우리바이오,1581.0,76609849818.0,Korea Equity,Unknown,0.16536796536796536,0.0,0.004582596161844831,,,,,,[],"[null, null, null, null]",,0.16536796536796536,,0
009180.KS,한솔로지스틱스,2720.0,76583844000.0,Korea Equity,Unknown,-0.07411566535654127,0.0,0.08806930677779741,,,,,,[],"[null, null, null, null]",,-0.07411566535654127,,0
085310.KS,엔케이,10300.0,76406162200.0,Korea Equity,Unknown,0.11538461538461538,0.0,0.0,,,,,,[],"[null, null, null, null]",,0.11538461538461538,,0
002720.KS,국제약품,3600.0,76175395200.0,Korea Equity,Unknown,-0.022222222222222223,0.0,0.047257170374491814,,,,,,[],"[null, null, null, null]",,-0.022222222222222223,,0
096350.KQ,대창솔루션,2065.0,76105083530.0,Korea Equity,Unknown,0.45205479452054786,0.0,0.016656826926335383,,,,,,[],"[null, null, null, null]",,0.45205479452054786,,0
315640.KQ,딥노이드,2590.0,76074080880.0,Korea Equity,Unknown,-0.3,0.0,0.0,,,,,,[],"[null, null, null, null]",,-0.3,,0
067170.KQ,오텍,3035.0,75859363680.0,Korea Equity,Unknown,-0.4074881861141403,0.0,0.018046162454169356,,,,,,[],"[null, null, null, null]",,-0.4074881861141403,,0
017480.KQ,삼현철강,4830.0,75844958700.0,Korea Equity,Unknown,0.05514705882352941,0.0,0.06629476694123783,,,,,,[],"[null, null, null, null]",,0.05514705882352941,,0
124560.KQ,태웅로직스,1958.0,75815347938.0,Korea Equity,Unknown,-0.03252885624344176,0.0,0.016102822908717892,,,,,,[],"[null, null, null, null]",,-0.03252885624344176,,0
012700.KQ,리드코프,2890.0,75703122280.0,Korea Equity,Unknown,0.3256936067551266,0.0,0.015860440346933857,,,,,,[],"[null, null, null, null]",,0.3256936067551266,,0
011150.KS,CJ씨푸드,2080.0,74736007840.0,Korea Equity,Unknown,0.29411764705882354,0.0,0.013246446258585462,,,,,,[],"[null, null, null, null]",,0.29411764705882354,,0
079980.KS,휴비스,2165.0,74692500000.0,Korea Equity,Unknown,0.0066815144766146995,0.0,0.021155629776556696,,,,,,[],"[null, null, null, null]",,0.0066815144766146995,,0
032850.KQ,비트컴퓨터,4485.0,74555469105.0,Korea Equity,Unknown,0.17073170731707318,0.0,0.07259752912214126,,,,,,[],"[null, null, null, null]",,0.17073170731707318,,0
013870.KS,지엠비코리아,3905.0,74477253400.0,Korea Equity,Unknown,0.0015,0.0,0.05657692910723779,,,,,,[],"[null, null, null, null]",,0.0015,,0
081150.KQ,티플랙스,3050.0,74018626100.0,Korea Equity,Unknown,0.18994413407821228,0.0,0.03782684582879232,,,,,,[],"[null, null, null, null]",,0.18994413407821228,,0
241690.KQ,유니테크노,3020.0,73901532120.0,Korea Equity,Unknown,0.05577689243027888,0.0,0.014177504900390518,,,,,,[],"[null, null, null, null]",,0.05577689243027888,,0
048430.KQ,유라테크,6400.0,73728000000.0,Korea Equity,Unknown,-0.006109979633401221,0.0,0.011278936879532148,,,,,,[],"[null, null, null, null]",,-0.006109979633401221,,0
045660.KQ,에이텍,8920.0,73679200000.0,Korea Equity,Unknown,1.1016260162601625,0.0,0.07267507212876846,,,,,,[],"[null, null, null, null]",,1.1016260162601625,,0
208140.KQ,정다운,2240.0,73212711040.0,Korea Equity,Unknown,-0.29347826086956524,0.0,0.04362856457142906,,,,,,[],"[null, null, null, null]",,-0.29347826086956524,,0
094860.KQ,네오리진,1376.0,73079379264.0,Korea Equity,Unknown,-0.04285714285714286,0.0,0.0,,,,,,[],"[null, null, null, null]",,-0.04285714285714286,,0
478560.KQ,블랙야크아이앤씨,2825.0,72970591850.0,Korea Equity,Unknown,1.9275362318840579,0.0,0.0708174082664871,,,,,,[],"[null, null, null, null]",,1.9275362318840579,,0
053280.KQ,예스24,2885.0,72125000000.0,Korea Equity,Unknown,-0.16639118457300273,0.0,0.018020433369397564,,,,,,[],"[null, null, null, null]",,-0.16639118457300273,,0
105740.KQ,디케이락,7090.0,72094757170.0,Korea Equity,Unknown,0.0718954248366013,0.0,0.05608118614473774,,,,,,[],"[null, null, null, null]",,0.0718954248366013,,0
234920.KQ,자이글,5310.0,71849132100.0,Korea Equity,Unknown,0.3157894736842105,0.0,0.0,,,,,,[],"[null, null, null, null]",,0.3157894736842105,,0
204840.KQ,지엘팜텍,924.0,71655281544.0,Korea Equity,Unknown,0.11904761904761903,0.0,0.004978794121151621,,,,,,[],"[null, null, null, null]",,0.11904761904761903,,0
126880.KQ,제이엔케이글로벌,3085.0,71587125755.0,Korea Equity,Unknown,0.7687074829931972,0.0,0.021372750213915017,,,,,,[],"[null, null, null, null]",,0.7687074829931972,,0
185490.KQ,아이진,1637.0,70767156408.0,Korea Equity,Unknown,0.0,0.0,0.0,,,,,,[],"[null, null, null, null]",,0.0,,0
290660.KQ,다이나믹솔루션,818.0,69737151956.0,Korea Equity,Unknown,-0.022222222222222223,0.0,0.00512717365318291,,,,,,[],"[null, null, null, null]",,-0.022222222222222223,,0
016090.KS,대현,1572.0,69611791320.0,Korea Equity,Unknown,0.2438563327032136,0.0,0.10929676422305823,,,,,,[],"[null, null, null, null]",,0.2438563327032136,,0
073640.KQ,테라사이언스,654.0,69571715580.0,Korea Equity,Unknown,0.05555555555555555,0.0,0.0,,,,,,[],"[null, null, null, null]",,0.05555555555555555,,0
347000.KQ,센코,1834.0,69345091564.0,Korea Equity,Unknown,-0.06382978723404255,0.0,0.025116502435215397,,,,,,[],"[null, null, null, null]",,-0.06382978723404255,,0
196490.KQ,디에이테크놀로지,6090.0,69131518050.0,Korea Equity,Unknown,0.11538461538461538,0.0,0.044941260095644926,,,,,,[],"[null, null, null, null]",,0.11538461538461538,,0
083790.KQ,CG인바이츠,899.0,69127869618.0,Korea Equity,Unknown,-0.3064516129032258,0.0,0.0,,,,,,[],"[null, null, null, null]",,-0.3064516129032258,,0
216050.KQ,인크로스,5660.0,69044200520.0,Korea Equity,Unknown,0.009615384615384616,0.0,0.05634800571627483,,,,,,[],"[null, null, null, null]",,0.009615384615384616,,0
123420.KQ,위메이드플레이,6540.0,69012264360.0,Korea Equity,Unknown,0.0945945945945946,0.0,0.10350337970056002,,,,,,[],"[null, null, null, null]",,0.0945945945945946,,0
037440.KQ,희림,4955.0,68985863625.0,Korea Equity,Unknown,-0.005,0.0,0.04016811053999919,,,,,,[],"[null, null, null, null]",,-0.005,,0
032540.KQ,TJ미디어,3295.0,68856975835.0,Korea Equity,Unknown,-0.36727272727272725,0.0,0.02113938051093027,,,,,,[],"[null, null, null, null]",,-0.36727272727272725,,0
299170.KQ,더블유에스아이,1652.0,68576647776.0,Korea Equity,Unknown,-0.08461538461538462,0.0,0.030441438074643584,,,,,,[],"[null, null, null, null]",,-0.08461538461538462,,0
338100.KS,NH프라임리츠,3665.0,68388900000.0,Korea Equity,Unknown,0.0,0.0,0.0,,,,,,[],[],,0.0,,0
320000.KQ,한울반도체,10110.0,67421669100.0,Korea Equity,Unknown,7.071428571428571,0.0,0.0,,,,,,[],"[null, null, null, null]",,7.071428571428571,,0
009770.KS,삼정펄프,26800.0,66999222800.0,Korea Equity,Unknown,-0.30848329048843187,0.0,0.010528014272353458,,,,,,[],"[null, null, null, null]",,-0.30848329048843187,,0
014910.KS,성문전자,3050.0,66664633850.0,Korea Equity,Unknown,-0.04794520547945205,0.0,0.014766655548459484,,,,,,[],"[null, null, null, null]",,-0.04794520547945205,,0
084650.KQ,랩지노믹스,895.0,66444791050.0,Korea Equity,Unknown,-0.19730941704035876,0.0,0.0,,,,,,[],"[null, null, null, null]",,-0.19730941704035876,,0
048910.KQ,대원미디어,5210.0,65536308660.0,Korea Equity,Unknown,0.17411225658648338,0.0,0.0691207533055088,,,,,,[],"[null, null, null, null]",,0.17411225658648338,,0
060570.KQ,드림어스컴퍼니,882.0,65357587386.0,Korea Equity,Unknown,-0.04892367906066536,0.0,0.009560828686455119,,,,,,[],"[null, null, null, null]",,-0.04892367906066536,,0
000220.KS,유유제약,3820.0,65063580820.0,Korea Equity,Unknown,-0.008379888268156424,0.0,0.09557737342234382,,,,,,[],"[null, null, null, null]",,-0.008379888268156424,,0
246690.KQ,TS인베스트먼트,1360.0,64644329200.0,Korea Equity,Unknown,1.064516129032258,0.0,0.10051250023898353,,,,,,[],"[null, null, null, null]",,1.064516129032258,,0
215790.KQ,이노인스트루먼트,1591.0,64090490059.0,Korea Equity,Unknown,-0.12037037037037036,0.0,0.0,,,,,,[],"[null, null, null, null]",,-0.12037037037037036,,0
061040.KQ,알에프텍,7040.0,63699489920.0,Korea Equity,Unknown,0.0352760736196319,0.0,0.0,,,,,,[],"[null, null, null, null]",,0.0352760736196319,,0
333620.KQ,엔시스,5790.0,63677898900.0,Korea Equity,Unknown,-0.2692307692307692,0.0,0.0,,,,,,[],"[null, null, null, null]",,-0.2692307692307692,,0
321820.KQ,아티스트컴퍼니,4070.0,63456900320.0,Korea Equity,Unknown,0.13846153846153847,0.0,0.005183341422379142,,,,,,[],"[null, null, null, null]",,0.13846153846153847,,0
092780.KS,DYP,4815.0,63406134900.0,Korea Equity,Unknown,0.06165004533091569,0.0,0.04221661555256364,,,,,,[],"[null, null, null, null]",,0.06165004533091569,,0
009200.KS,무림페이퍼,1520.0,63246151200.0,Korea Equity,Unknown,0.023984010659560292,0.0,0.007966734950818344,,,,,,[],"[null, null, null, null]",,0.023984010659560292,,0
010470.KQ,오리콤,5260.0,62988763000.0,Korea Equity,Unknown,-0.2066246056782334,0.0,0.0677570910008199,,,,,,[],"[null, null, null, null]",,-0.2066246056782334,,0
001840.KQ,이화공영,2215.0,62588831935.0,Korea Equity,Unknown,-0.6106194690265486,0.0,0.04247843518747482,,,,,,[],"[null, null, null, null]",,-0.6106194690265486,,0
005670.KQ,푸드웰,6250.0,62500000000.0,Korea Equity,Unknown,-0.052338530066815145,0.0,0.11175897946729105,,,,,,[],"[null, null, null, null]",,-0.052338530066815145,,0
294090.KQ,이오플로우,1490.0,62295566450.0,Korea Equity,Unknown,-0.8,0.0,0.3586714348504382,,,,,,[],"[null, null, null, null]",,-0.8,,0
039420.KQ,케이엘넷,2700.0,61956883800.0,Korea Equity,Unknown,-0.10236220472440945,0.0,0.1425842747126989,,,,,,[],"[null, null, null, null]",,-0.10236220472440945,,0
163280.KQ,에어레인,4500.0,61213851000.0,Korea Equity,Unknown,-0.29213483146067415,0.0,0.02970416039269437,,,,,,[],"[null, null, null, null]",,-0.29213483146067415,,0
003780.KS,진양산업,4690.0,60970000000.0,Korea Equity,Unknown,-0.08641975308641975,0.0,0.07228616350033241,,,,,,[],"[null, null, null, null]",,-0.08641975308641975,,0
452400.KQ,이닉스,6720.0,60959996160.0,Korea Equity,Unknown,-0.19637462235649547,0.0,0.0012308318501375128,,,,,,[],"[null, null, null, null]",,-0.19637462235649547,,0
010240.KQ,흥국,5200.0,60871200000.0,Korea Equity,Unknown,0.12068965517241378,0.0,0.1843196928340139,,,,,,[],"[null, null, null, null]",,0.12068965517241378,,0
042110.KQ,에스씨디,1252.0,60508614128.0,Korea Equity,Unknown,-0.026717557251908396,0.0,0.038905813008737945,,,,,,[],"[null, null, null, null]",,-0.026717557251908396,,0
014950.KQ,삼익제약,6020.0,60245679760.0,Korea Equity,Unknown,0.040268456375838924,0.0,0.03955177714324951,,,,,,[],"[null, null, null, null]",,0.040268456375838924,,0
072130.KS,유엔젤,4720.0,59922542880.0,Korea Equity,Unknown,0.24647887323943662,0.0,0.03704550182288712,,,,,,[],"[null, null, null, null]",,0.24647887323943662,,0
278650.KQ,HLB바이오스텝,3435.0,59880280260.0,Korea Equity,Unknown,-0.24157303370786518,0.0,0.004711206989027116,,,,,,[],"[null, null, null, null]",,-0.24157303370786518,,0
347740.KQ,피엔케이피부임상연구센타,1963.0,58910760688.0,Korea Equity,Unknown,-0.1076923076923077,0.0,0.06134653724014237,,,,,,[],"[null, null, null, null]",,-0.1076923076923077,,0
064240.KQ,홈캐스트,1694.0,58772061194.0,Korea Equity,Unknown,7.674418604651163,0.0,0.03297084824133705,,,,,,[],"[null, null, null, null]",,7.674418604651163,,0
004060.KS,SG세계물산,2895.0,58602025920.0,Korea Equity,Unknown,-0.03819444444444445,0.0,0.0033974280270871837,,,,,,[],"[null, null, null, null]",,-0.03819444444444445,,0
099520.KQ,DGI,1284.0,58141862016.0,Korea Equity,Unknown,0.6818181818181818,0.0,0.003151508153689972,,,,,,[],"[null, null, null, null]",,0.6818181818181818,,0
092440.KS,기신정기,1990.0,58108000000.0,Korea Equity,Unknown,0.022950819672131147,0.0,0.0,,,,,,[],"[null, null, null, null]",,0.022950819672131147,,0
024900.KS,디와이덕양,1784.0,58095924320.0,Korea Equity,Unknown,-0.049933422103861515,0.0,0.011919682918868767,,,,,,[],"[null, null, null, null]",,-0.049933422103861515,,0
480370.KS,씨케이솔루션,1773.0,57589536384.0,Korea Equity,Unknown,-0.07179487179487179,0.0,0.0,,,,,,[],"[null, null, null, null]",,-0.07179487179487179,,0
245620.KQ,EDGC,415.0,57474989665.0,Korea Equity,Unknown,-0.2727272727272727,0.0,0.0,,,,,,[],"[null, null, null, null]",,-0.2727272727272727,,0
054300.KQ,팬스타엔터프라이즈,990.0,57292235550.0,Korea Equity,Unknown,-0.19161676646706588,0.0,0.00168565231936461,,,,,,[],"[null, null, null, null]",,-0.19161676646706588,,0
002630.KS,오리엔트바이오,483.0,57275591415.0,Korea Equity,Unknown,0.36507936507936506,0.0,0.0,,,,,,[],"[null, null, null, null]",,0.36507936507936506,,0
060560.KQ,HC홈센타,2220.0,56361362220.0,Korea Equity,Unknown,0.18786127167630057,0.0,0.0,,,,,,[],"[null, null, null, null]",,0.18786127167630057,,0
184230.KQ,SGA솔루션즈,2970.0,56097297630.0,Korea Equity,Unknown,1.9125,0.0,0.1392230114680015,,,,,,[],"[null, null, null, null]",,1.9125,,0
002760.KS,보락,931.0,55766900000.0,Korea Equity,Unknown,-0.18248175182481752,0.0,0.038280170734608335,,,,,,[],"[null, null, null, null]",,-0.18248175182481752,,0
340930.KQ,유일에너테크,806.0,55513882710.0,Korea Equity,Unknown,2.5053763440860215,0.0,0.016551044588498643,,,,,,[],"[null, null, null, null]",,2.5053763440860215,,0
004770.KS,써니전자,1561.0,55427110718.0,Korea Equity,Unknown,-0.03125,0.0,0.032891659890488166,,,,,,[],"[null, null, null, null]",,-0.03125,,0
305090.KQ,마이크로디지탈,2980.0,55413263900.0,Korea Equity,Unknown,-0.21875,0.0,0.0010954530334144881,,,,,,[],"[null, null, null, null]",,-0.21875,,0
036090.KQ,위지트,1400.0,55249733000.0,Korea Equity,Unknown,-0.07274180655475619,0.0,0.15615261053188983,,,,,,[],"[null, null, null, null]",,-0.07274180655475619,,0
372910.KS,한컴라이프케어,1996.0,55238114376.0,Korea Equity,Unknown,-0.7785977859778598,0.0,0.04383148079945084,,,,,,[],"[null, null, null, null]",,-0.7785977859778598,,0
104040.KQ,디에스엠,2050.0,54967808250.0,Korea Equity,Unknown,0.5822784810126582,0.0,0.0,,,,,,[],"[null, null, null, null]",,0.5822784810126582,,0
217480.KQ,에스디생명공학,499.0,54756837359.0,Korea Equity,Unknown,-0.21794871794871795,0.0,0.0,,,,,,[],"[null, null, null, null]",,-0.21794871794871795,,0
002410.KS,범양건영,1935.0,53173451700.0,Korea Equity,Unknown,-0.5276073619631901,0.0,0.0021955263721917238,,,,,,[],"[null, null, null, null]",,-0.5276073619631901,,0
068330.KQ,일신바이오,1202.0,53147800280.0,Korea Equity,Unknown,-0.2857142857142857,0.0,0.07550052568336303,,,,,,[],"[null, null, null, null]",,-0.2857142857142857,,0
460470.KQ,아이빔테크놀로지,3500.0,52917795000.0,Korea Equity,Unknown,-0.8571428571428571,0.0,0.0,,,,,,[],"[null, null, null, null]",,-0.8571428571428571,,0
378800.KQ,샤페론,1143.0,52855784433.0,Korea Equity,Unknown,0.0,0.0,0.0,,,,,,[],"[null, null, null, null]",,0.0,,0
063440.KQ,SM Life Design,1161.0,52615781604.0,Korea Equity,Unknown,-0.42603550295857995,0.0,0.1012102050356496,,,,,,[],"[null, null, null, null]",,-0.42603550295857995,,0
355390.KQ,크라우드웍스,3305.0,52464706920.0,Korea Equity,Unknown,1.2105263157894737,0.0,0.0,,,,,,[],"[null, null, null, null]",,1.2105263157894737,,0
261520.KQ,이지스,5100.0,52416780000.0,Korea Equity,Unknown,0.125,0.0,0.011125182624850748,,,,,,[],"[null, null, null, null]",,0.125,,0
189690.KQ,포시에스,1893.0,51720487317.0,Korea Equity,Unknown,-0.15492957746478872,0.0,0.08680828991882945,,,,,,[],"[null, null, null, null]",,-0.15492957746478872,,0
432430.KQ,와이랩,3130.0,51671041600.0,Korea Equity,Unknown,-0.916083916083916,0.0,0.0,,,,,,[],"[null, null, null, null]",,-0.916083916083916,,0
227950.KQ,엔투텍,1494.0,51555264246.0,Korea Equity,Unknown,-0.33898305084745756,0.0,0.13033244560308244,,,,,,[],"[null, null, null, null]",,-0.33898305084745756,,0
096610.KQ,알에프세미,2965.0,51550708615.0,Korea Equity,Unknown,-0.1,0.0,0.03263099091348299,,,,,,[],"[null, null, null, null]",,-0.1,,0
047400.KS,유니온머티리얼,1224.0,51408000000.0,Korea Equity,Unknown,-0.06415094339622641,0.0,0.031137931018376933,,,,,,[],"[null, null, null, null]",,-0.06415094339622641,,0
466410.KQ,사이냅소프트,10170.0,51226523910.0,Korea Equity,Unknown,0.13333333333333333,0.0,0.08973340236534674,,,,,,[],"[null, null, null, null]",,0.13333333333333333,,0
020760.KS,일진디스플,902.0,50984432422.0,Korea Equity,Unknown,-0.358695652173913,0.0,0.0,,,,,,[],"[null, null, null, null]",,-0.358695652173913,,0
393970.KQ,대진첨단소재,2825.0,50428566500.0,Korea Equity,Unknown,1.1382113821138211,0.0,0.009002790835570812,,,,,,[],"[null, null, null, null]",,1.1382113821138211,,0
384470.KQ,코어라인소프트,2805.0,50340471060.0,Korea Equity,Unknown,0.18181818181818182,0.0,0.0,,,,,,[],"[null, null, null, null]",,0.18181818181818182,,0
058730.KS,다스코,2515.0,50169775815.0,Korea Equity,Unknown,-0.15121255349500715,0.0,0.02777076287754436,,,,,,[],"[null, null, null, null]",,-0.15121255349500715,,0
065170.KQ,비엘팜텍,1780.0,49686551540.0,Korea Equity,Unknown,-0.16666666666666663,0.0,0.0,,,,,,[],"[null, null, null, null]",,-0.16666666666666663,,0
361570.KQ,알비더블유,1725.0,49582176975.0,Korea Equity,Unknown,-0.2066115702479339,0.0,0.015172215310097025,,,,,,[],"[null, null, null, null]",,-0.2066115702479339,,0
234100.KQ,폴라리스세원,3395.0,49572554220.0,Korea Equity,Unknown,0.1690909090909091,0.0,0.05817797727724106,,,,,,[],"[null, null, null, null]",,0.1690909090909091,,0
458350.KQ,에스팀,5690.0,49407408000.0,Korea Equity,Unknown,-0.20270270270270271,0.0,0.024196486131160842,,,,,,[],"[null, null, null, null]",,-0.20270270270270271,,0
451700.KQ,엔에이치스팩29호,3440.0,49364000000.0,Korea Equity,Unknown,0.0,0.0,0.0,,,,,,[],"[null, null, null, null]",,0.0,,0
023350.KS,한국종합기술,4500.0,49275000000.0,Korea Equity,Unknown,-0.03045186640471513,0.0,0.03781926777763483,,,,,,[],"[null, null, null, null]",,-0.03045186640471513,,0
226330.KQ,신테카바이오,2030.0,49244704250.0,Korea Equity,Unknown,0.33333333333333326,0.0,0.0,,,,,,[],"[null, null, null, null]",,0.33333333333333326,,0
094970.KQ,제이엠티,2900.0,48569896000.0,Korea Equity,Unknown,0.468682505399568,0.0,0.16250707262965963,,,,,,[],"[null, null, null, null]",,0.468682505399568,,0
440290.KQ,HB인베스트먼트,1762.0,48466329660.0,Korea Equity,Unknown,1.0,0.0,0.131822589341325,,,,,,[],"[null, null, null, null]",,1.0,,0
017180.KS,명문제약,1422.0,48281811588.0,Korea Equity,Unknown,-0.01639344262295082,0.0,0.0381545983026641,,,,,,[],"[null, null, null, null]",,-0.01639344262295082,,0
376930.KQ,노을,935.0,47957387005.0,Korea Equity,Unknown,-0.7857142857142857,0.0,0.0,,,,,,[],"[null, null, null, null]",,-0.7857142857142857,,0
189980.KQ,흥국에프엔비,1194.0,47924565438.0,Korea Equity,Unknown,-0.18110236220472442,0.0,0.03843933033886311,,,,,,[],"[null, null, null, null]",,-0.18110236220472442,,0
082660.KQ,코스나인,480.0,47827617120.0,Korea Equity,Unknown,-0.5,0.0,0.0,,,,,,[],"[null, null, null, null]",,-0.5,,0
418250.KQ,시큐레터,6550.0,47629012750.0,Korea Equity,Unknown,5.5,0.0,0.0,,,,,,[],"[null, null, null, null]",,5.5,,0
150900.KQ,파수AI,4030.0,47166805660.0,Korea Equity,Unknown,-0.1588785046728972,0.0,0.10791786323337836,,,,,,[],"[null, null, null, null]",,-0.1588785046728972,,0
023440.KQ,제이스코홀딩스,521.0,46964378481.0,Korea Equity,Unknown,0.40186915887850466,0.0,0.0,,,,,,[],"[null, null, null, null]",,0.40186915887850466,,0
069460.KS,대호에이엘,2660.0,46322277400.0,Korea Equity,Unknown,0.30538922155688625,0.0,0.04601761813481227,,,,,,[],"[null, null, null, null]",,0.30538922155688625,,0
065650.KQ,하이퍼코퍼레이션,2110.0,46192067250.0,Korea Equity,Unknown,0.6095890410958904,0.0,0.0009379156908838754,,,,,,[],"[null, null, null, null]",,0.6095890410958904,,0
006490.KS,인스코비,311.0,45992582076.0,Korea Equity,Unknown,-0.15384615384615385,0.0,0.04454850998701164,,,,,,[],"[null, null, null, null]",,-0.15384615384615385,,0
066910.KQ,손오공,680.0,45514551520.0,Korea Equity,Unknown,1.064516129032258,0.0,0.0,,,,,,[],"[null, null, null, null]",,1.064516129032258,,0
005030.KS,부산주공,486.0,45092532168.0,Korea Equity,Unknown,-0.02676864244741874,0.0,0.0037068800785677617,,,,,,[],"[null, null, null, null]",,-0.02676864244741874,,0
051490.KQ,나라엠앤디,3170.0,45014000000.0,Korea Equity,Unknown,-0.1334841628959276,0.0,0.009815110353537826,,,,,,[],"[null, null, null, null]",,-0.1334841628959276,,0
074610.KS,이엔플러스,5110.0,44815400070.0,Korea Equity,Unknown,0.18867924528301888,0.0,0.012833679231582747,,,,,,[],"[null, null, null, null]",,0.18867924528301888,,0
090410.KQ,덕신이피씨,972.0,44793740340.0,Korea Equity,Unknown,-0.11683848797250858,0.0,0.0,,,,,,[],"[null, null, null, null]",,-0.11683848797250858,,0
0010V0.KQ,제이피아이헬스케어,8730.0,44570142000.0,Korea Equity,Unknown,-0.17557251908396945,0.0,0.0607198813009697,,,,,,[],"[null, null, null, null]",,-0.17557251908396945,,0
352700.KQ,씨앤투스,1695.0,44539343805.0,Korea Equity,Unknown,-0.09195402298850575,0.0,0.001711503598696251,,,,,,[],"[null, null, null, null]",,-0.09195402298850575,,0
364950.KQ,에이아이코리아,5360.0,44468945200.0,Korea Equity,Unknown,-0.10476190476190476,0.0,0.054512742688808104,,,,,,[],"[null, null, null, null]",,-0.10476190476190476,,0
129890.KQ,앱코,976.0,44452507552.0,Korea Equity,Unknown,0.031446540880503145,0.0,0.028909092470206697,,,,,,[],"[null, null, null, null]",,0.031446540880503145,,0
002920.KS,유성기업,1711.0,44396172500.0,Korea Equity,Unknown,-0.181044957472661,0.0,0.0,,,,,,[],"[null, null, null, null]",,-0.181044957472661,,0
069410.KQ,엔텔스,4330.0,44360087920.0,Korea Equity,Unknown,0.0738255033557047,0.0,0.03185091444900906,,,,,,[],"[null, null, null, null]",,0.0738255033557047,,0
288330.KQ,파라택시스코리아,416.0,44129674368.0,Korea Equity,Unknown,0.0,0.0,0.0,,,,,,[],"[null, null, null, null]",,0.0,,0
002290.KQ,삼일기업공사,3530.0,43772000000.0,Korea Equity,Unknown,0.015151515151515152,0.0,0.09743280387245438,,,,,,[],"[null, null, null, null]",,0.015151515151515152,,0
263020.KQ,디케이앤디,3160.0,43722221360.0,Korea Equity,Unknown,0.16764705882352937,0.0,0.16749831953943542,,,,,,[],"[null, null, null, null]",,0.16764705882352937,,0
008870.KS,금비,43700.0,43700000000.0,Korea Equity,Unknown,-0.09861325115562405,0.0,0.022171359883442286,,,,,,[],"[null, null, null, null]",,-0.09861325115562405,,0
004410.KS,서울식품,1104.0,43558334352.0,Korea Equity,Unknown,-0.18032786885245902,0.0,0.0,,,,,,[],"[null, null, null, null]",,-0.18032786885245902,,0
012280.KS,영화금속,875.0,43333941875.0,Korea Equity,Unknown,-0.0711340206185567,0.0,0.07656234554826864,,,,,,[],"[null, null, null, null]",,-0.0711340206185567,,0
003060.KS,에이프로젠바이오로직스,2975.0,42876812650.0,Korea Equity,Unknown,0.44966442953020136,0.0,0.0,,,,,,[],"[null, null, null, null]",,0.44966442953020136,,0
127710.KQ,아시아경제,970.0,42727733700.0,Korea Equity,Unknown,-0.25257731958762886,0.0,0.02837349246912651,,,,,,[],"[null, null, null, null]",,-0.25257731958762886,,0
044960.KQ,이글벳,3355.0,42413517465.0,Korea Equity,Unknown,0.0,0.0,0.0789263066237492,,,,,,[],"[null, null, null, null]",,0.0,,0
122690.KQ,서진오토모티브,1833.0,42304111278.0,Korea Equity,Unknown,-0.130601160350574,0.0,0.05429169056537317,,,,,,[],"[null, null, null, null]",,-0.130601160350574,,0
025880.KQ,케이씨피드,2520.0,42123962160.0,Korea Equity,Unknown,-0.13707165109034267,0.0,0.14316457330606874,,,,,,[],"[null, null, null, null]",,-0.13707165109034267,,0
072770.KQ,멤레이비티,1012.0,42010243176.0,Korea Equity,Unknown,0.98125,0.0,0.0007349981748889574,,,,,,[],"[null, null, null, null]",,0.98125,,0
256150.KQ,한독크린텍,4995.0,41933025000.0,Korea Equity,Unknown,0.0782122905027933,0.0,0.05472411510556345,,,,,,[],"[null, null, null, null]",,0.0782122905027933,,0
011330.KS,유니켐,464.0,41847156368.0,Korea Equity,Unknown,-0.36569579288025894,0.0,0.006741577538350313,,,,,,[],"[null, null, null, null]",,-0.36569579288025894,,0
101240.KQ,씨큐브,3680.0,41793951360.0,Korea Equity,Unknown,-0.0125,0.0,0.149007732503367,,,,,,[],"[null, null, null, null]",,-0.0125,,0
093240.KS,형지엘리트,680.0,41745376120.0,Korea Equity,Unknown,-0.28,0.0,0.11091034776103735,,,,,,[],"[null, null, null, null]",,-0.28,,0
049830.KQ,승일,6800.0,41698361600.0,Korea Equity,Unknown,-0.04076086956521739,0.0,0.028589486358369685,,,,,,[],"[null, null, null, null]",,-0.04076086956521739,,0
429270.KQ,시지트로닉스,6450.0,41597539950.0,Korea Equity,Unknown,0.0588235294117647,0.0,0.0,,,,,,[],"[null, null, null, null]",,0.0588235294117647,,0
019490.KS,엑시큐어하이트론,541.0,41349858070.0,Korea Equity,Unknown,-0.5882352941176471,0.0,0.13430959543395155,,,,,,[],"[null, null, null, null]",,-0.5882352941176471,,0
271830.KQ,팸텍,1397.0,41197812194.0,Korea Equity,Unknown,-0.03773584905660377,0.0,0.02348875076081538,,,,,,[],"[null, null, null, null]",,-0.03773584905660377,,0
208710.KQ,포톤,3095.0,40792508540.0,Korea Equity,Unknown,-0.007434944237918215,0.0,0.03148222579619867,,,,,,[],"[null, null, null, null]",,-0.007434944237918215,,0
200350.KQ,아티스트스튜디오,4050.0,40483901250.0,Korea Equity,Unknown,-0.6388888888888888,0.0,0.0,,,,,,[],"[null, null, null, null]",,-0.6388888888888888,,0
215090.KQ,솔디펜스,1748.0,40476095428.0,Korea Equity,Unknown,0.10344827586206896,0.0,0.031035903448260887,,,,,,[],"[null, null, null, null]",,0.10344827586206896,,0
017040.KS,광명전기,932.0,40390657180.0,Korea Equity,Unknown,-0.5468164794007491,0.0,0.011767949843372974,,,,,,[],"[null, null, null, null]",,-0.5468164794007491,,0
186230.KQ,그린플러스,3680.0,40186291840.0,Korea Equity,Unknown,0.22007722007722008,0.0,0.0187826609844696,,,,,,[],"[null, null, null, null]",,0.22007722007722008,,0
221980.KQ,케이디켐,9870.0,39823476000.0,Korea Equity,Unknown,-0.03550295857988166,0.0,0.09021325111392452,,,,,,[],"[null, null, null, null]",,-0.03550295857988166,,0
064090.KQ,인크레더블버즈,798.0,39694710510.0,Korea Equity,Unknown,-0.2631578947368421,0.0,0.0,,,,,,[],"[null, null, null, null]",,-0.2631578947368421,,0
224110.KQ,에이텍모빌리티,7790.0,39576206940.0,Korea Equity,Unknown,-0.2857142857142857,0.0,0.10782049594690678,,,,,,[],"[null, null, null, null]",,-0.2857142857142857,,0
050110.KQ,캠시스,1347.0,39365836581.0,Korea Equity,Unknown,0.40258690379951495,0.0,0.01576885712155067,,,,,,[],"[null, null, null, null]",,0.40258690379951495,,0
050860.KQ,아세아텍,1746.0,39285000000.0,Korea Equity,Unknown,-0.1424731182795699,0.0,0.019269593756497467,,,,,,[],"[null, null, null, null]",,-0.1424731182795699,,0
198940.KQ,한주라이트메탈,2010.0,39117592890.0,Korea Equity,Unknown,-0.13679890560875513,0.0,0.019586296095972646,,,,,,[],"[null, null, null, null]",,-0.13679890560875513,,0
263700.KQ,케어랩스,1998.0,38789571600.0,Korea Equity,Unknown,-0.354978354978355,0.0,0.049334010076731605,,,,,,[],"[null, null, null, null]",,-0.354978354978355,,0
020180.KQ,대신정보통신,1007.0,38697917405.0,Korea Equity,Unknown,2.3,0.0,0.13318565962847542,,,,,,[],"[null, null, null, null]",,2.3,,0
383930.KQ,디티앤씨알오,3020.0,38608066560.0,Korea Equity,Unknown,0.48514851485148514,0.0,0.005774316662018775,,,,,,[],"[null, null, null, null]",,0.48514851485148514,,0
407400.KQ,꿈비,2620.0,38342479080.0,Korea Equity,Unknown,0.9506172839506174,0.0,0.0038173315931895073,,,,,,[],"[null, null, null, null]",,0.9506172839506174,,0
096630.KQ,에스코넥,2400.0,38103175200.0,Korea Equity,Unknown,-0.08214849921011058,0.0,0.08328989441576963,,,,,,[],"[null, null, null, null]",,-0.08214849921011058,,0
025440.KQ,DH오토웨어,770.0,37561542480.0,Korea Equity,Unknown,0.10530612244897959,0.0,0.015077927642660248,,,,,,[],"[null, null, null, null]",,0.10530612244897959,,0
000890.KS,보해양조,1355.0,37430553875.0,Korea Equity,Unknown,0.03524229074889868,0.0,0.04224480106385408,,,,,,[],"[null, null, null, null]",,0.03524229074889868,,0
900340.KQ,윙입푸드,742.0,37345548576.0,Korea Equity,Unknown,-0.03815261044176707,0.0,0.14911812628557736,,,,,,[],"[null, null, null, null]",,-0.03815261044176707,,0
057540.KQ,옴니시스템,628.0,37299600304.0,Korea Equity,Unknown,-0.34751773049645396,0.0,0.024220198450438258,,,,,,[],"[null, null, null, null]",,-0.34751773049645396,,0
071850.KQ,캐스텍코리아,1495.0,36270102310.0,Korea Equity,Unknown,-0.1244131455399061,0.0,0.0005489075412533156,,,,,,[],"[null, null, null, null]",,-0.1244131455399061,,0
043910.KQ,자연과환경,3195.0,36228568275.0,Korea Equity,Unknown,-0.352,0.0,0.003856055184589592,,,,,,[],"[null, null, null, null]",,-0.352,,0
109820.KQ,진매트릭스,1775.0,36198711000.0,Korea Equity,Unknown,-0.07407407407407407,0.0,0.0,,,,,,[],"[null, null, null, null]",,-0.07407407407407407,,0
043340.KQ,에쎈테크,762.0,36195000000.0,Korea Equity,Unknown,0.19852941176470587,0.0,0.027318992551054477,,,,,,[],"[null, null, null, null]",,0.19852941176470587,,0
019570.KQ,플루토스,384.0,36192016128.0,Korea Equity,Unknown,1.1818181818181819,0.0,0.04589202997444816,,,,,,[],"[null, null, null, null]",,1.1818181818181819,,0
206560.KQ,덱스터,1421.0,36110076856.0,Korea Equity,Unknown,-0.08620689655172414,0.0,0.014529883622361277,,,,,,[],"[null, null, null, null]",,-0.08620689655172414,,0
145270.KS,케이탑리츠,749.0,35997519726.0,Korea Equity,Unknown,0.0,0.0,0.0,,,,,,[],[],,0.0,,0
068940.KQ,셀피글로벌,778.0,35720093048.0,Korea Equity,Unknown,-0.06382978723404255,0.0,0.005885078132199581,,,,,,[],"[null, null, null, null]",,-0.06382978723404255,,0
160550.KQ,NEW,1278.0,35664003468.0,Korea Equity,Unknown,-0.17320261437908496,0.0,0.04168081978825072,,,,,,[],"[null, null, null, null]",,-0.17320261437908496,,0
031310.KQ,아이즈비전,1197.0,35606741247.0,Korea Equity,Unknown,-0.010593220338983049,0.0,0.03447023167399651,,,,,,[],"[null, null, null, null]",,-0.010593220338983049,,0
900300.KQ,오가닉티코스메틱,91.0,35399443716.0,Korea Equity,Unknown,0.9394904458598726,0.0,0.0,,,,,,[],"[null, null, null, null]",,0.9394904458598726,,0
263050.KQ,유틸렉스,959.0,35324626904.0,Korea Equity,Unknown,-0.43478260869565216,0.0,0.0,,,,,,[],"[null, null, null, null]",,-0.43478260869565216,,0
001210.KS,금호전기,565.0,34962246895.0,Korea Equity,Unknown,0.10204081632653061,0.0,0.001427644084974161,,,,,,[],"[null, null, null, null]",,0.10204081632653061,,0
336060.KQ,웨이버스,724.0,34864364800.0,Korea Equity,Unknown,-0.34502923976608185,0.0,0.07947806348200584,,,,,,[],"[null, null, null, null]",,-0.34502923976608185,,0
0010F0.KQ,보원케미칼,3125.0,34823753125.0,Korea Equity,Unknown,0.2711864406779661,0.0,0.06129046725895252,,,,,,[],"[null, null, null, null]",,0.2711864406779661,,0
262840.KQ,아이퀘스트,3220.0,34025585440.0,Korea Equity,Unknown,-0.009433962264150943,0.0,0.0476962717352894,,,,,,[],"[null, null, null, null]",,-0.009433962264150943,,0
277410.KQ,인산가,881.0,33840535905.0,Korea Equity,Unknown,0.17647058823529413,0.0,0.0301016402543623,,,,,,[],"[null, null, null, null]",,0.17647058823529413,,0
097780.KQ,에코볼트,664.0,33686528072.0,Korea Equity,Unknown,-0.5246179966044142,0.0,0.16180731636324605,,,,,,[],"[null, null, null, null]",,-0.5246179966044142,,0
001380.KS,SG글로벌,1490.0,33498285790.0,Korea Equity,Unknown,0.01090909090909091,0.0,0.07684297706422355,,,,,,[],"[null, null, null, null]",,0.01090909090909091,,0
195500.KQ,마니커에프앤지,2060.0,32914680000.0,Korea Equity,Unknown,-0.014234875444839857,0.0,0.036930478672139694,,,,,,[],"[null, null, null, null]",,-0.014234875444839857,,0
900070.KQ,글로벌에스엠,610.0,32783820480.0,Korea Equity,Unknown,0.09294871794871795,0.0,0.143200626213407,,,,,,[],"[null, null, null, null]",,0.09294871794871795,,0
195990.KQ,에이비프로바이오,1005.0,32738626740.0,Korea Equity,Unknown,-0.13186813186813187,0.0,0.0,,,,,,[],"[null, null, null, null]",,-0.13186813186813187,,0
086060.KQ,진바이오텍,3730.0,32117489510.0,Korea Equity,Unknown,-0.06926406926406926,0.0,0.07081860576243791,,,,,,[],"[null, null, null, null]",,-0.06926406926406926,,0
025750.KS,한솔홈데코,1980.0,31903797420.0,Korea Equity,Unknown,0.007288629737609329,0.0,0.02717449998518551,,,,,,[],"[null, null, null, null]",,0.007288629737609329,,0
038870.KQ,에코심플렉스,2240.0,31393485760.0,Korea Equity,Unknown,-0.4042553191489361,0.0,0.004783143409559636,,,,,,[],"[null, null, null, null]",,-0.4042553191489361,,0
019175.KS,신풍제약우,15710.0,31282223300.0,Korea Equity,Unknown,-0.06996587030716724,0.0,0.46689044970348226,,,,,,[],"[null, null, null, null]",,-0.06996587030716724,,0
258830.KQ,세종메디칼,412.0,31223976612.0,Korea Equity,Unknown,0.022727272727272728,0.0,0.03376929702841166,,,,,,[],"[null, null, null, null]",,0.022727272727272728,,0
246250.KQ,에스엘에스바이오,1969.0,30220617614.0,Korea Equity,Unknown,-0.375,0.0,0.0,,,,,,[],"[null, null, null, null]",,-0.375,,0
464580.KQ,닷밀,1641.0,30204392049.0,Korea Equity,Unknown,0.05263157894736842,0.0,0.03579397732782323,,,,,,[],"[null, null, null, null]",,0.05263157894736842,,0
038880.KQ,아이에이,802.0,30132837834.0,Korea Equity,Unknown,1.653846153846154,0.0,0.001563626453854761,,,,,,[],"[null, null, null, null]",,1.653846153846154,,0
241840.KQ,에이스토리,3130.0,29860181220.0,Korea Equity,Unknown,1.2307692307692308,0.0,0.0,,,,,,[],"[null, null, null, null]",,1.2307692307692308,,0
017000.KQ,신원종합개발,2520.0,29403428040.0,Korea Equity,Unknown,0.018789144050104383,0.0,0.06394239196202775,,,,,,[],"[null, null, null, null]",,0.018789144050104383,,0
003680.KS,한성기업,4705.0,29215768075.0,Korea Equity,Unknown,-0.012706480304955527,0.0,0.02880719261555713,,,,,,[],"[null, null, null, null]",,-0.012706480304955527,,0
006050.KQ,국영지앤엠,830.0,28963051690.0,Korea Equity,Unknown,-0.2903225806451613,0.0,0.01634830610412927,,,,,,[],"[null, null, null, null]",,-0.2903225806451613,,0
317240.KQ,TS트릴리온,990.0,28884943890.0,Korea Equity,Unknown,0.8363636363636363,0.0,0.02235328659317949,,,,,,[],"[null, null, null, null]",,0.8363636363636363,,0
131760.KQ,파인텍,3300.0,28664842800.0,Korea Equity,Unknown,0.33783783783783783,0.0,0.0,,,,,,[],"[null, null, null, null]",,0.33783783783783783,,0
027040.KQ,서울전자통신,2055.0,28601015295.0,Korea Equity,Unknown,-0.358695652173913,0.0,0.0,,,,,,[],"[null, null, null, null]",,-0.358695652173913,,0
310870.KQ,디와이씨,1346.0,27845066766.0,Korea Equity,Unknown,0.2868217054263566,0.0,0.046457829650596055,,,,,,[],"[null, null, null, null]",,0.2868217054263566,,0
252500.KQ,세화피앤씨,658.0,27298044620.0,Korea Equity,Unknown,-0.24137931034482757,0.0,0.031559355051856704,,,,,,[],"[null, null, null, null]",,-0.24137931034482757,,0
464680.KQ,KB제27호스팩,2110.0,27229550000.0,Korea Equity,Unknown,0.0,0.0,0.0,,,,,,[],"[null, null, null, null]",,0.0,,0
043220.KQ,티에스넥스젠,1710.0,27227331360.0,Korea Equity,Unknown,0.0,0.0,0.0,,,,,,[],"[null, null, null, null]",,0.0,,0
005110.KS,한창,1254.0,26467434378.0,Korea Equity,Unknown,-0.6521739130434783,0.0,0.0,,,,,,[],"[null, null, null, null]",,-0.6521739130434783,,0
900110.KQ,딥커머스,713.0,26291693185.0,Korea Equity,Unknown,0.7615384615384615,0.0,0.18616495776351022,,,,,,[],"[null, null, null, null]",,0.7615384615384615,,0
143210.KS,핸즈코퍼레이션,1199.0,26229020653.0,Korea Equity,Unknown,-0.13381294964028778,0.0,0.0,,,,,,[],"[null, null, null, null]",,-0.13381294964028778,,0
053290.KQ,NE능률,1582.0,26144617674.0,Korea Equity,Unknown,-0.7849462365591396,0.0,0.09586210279444912,,,,,,[],"[null, null, null, null]",,-0.7849462365591396,,0
051380.KQ,피씨디렉트,1701.0,26093462472.0,Korea Equity,Unknown,0.17502787068004463,0.0,0.044736003750166606,,,,,,[],"[null, null, null, null]",,0.17502787068004463,,0
200230.KQ,텔콘RF제약,361.0,25819995413.0,Korea Equity,Unknown,-0.03,0.0,0.03212916393477689,,,,,,[],"[null, null, null, null]",,-0.03,,0
004270.KS,남성,7020.0,25420936320.0,Korea Equity,Unknown,-0.010695187165775399,0.0,0.006701716900283188,,,,,,[],"[null, null, null, null]",,-0.010695187165775399,,0
109960.KQ,앱토크롬,2300.0,25390764900.0,Korea Equity,Unknown,0.6,0.0,0.0,,,,,,[],"[null, null, null, null]",,0.6,,0
013720.KQ,THE CUBE&,415.0,25243679345.0,Korea Equity,Unknown,0.047619047619047616,0.0,0.012655155474301925,,,,,,[],"[null, null, null, null]",,0.047619047619047616,,0
036480.KQ,대성미생물,6510.0,24738000000.0,Korea Equity,Unknown,-0.2388059701492537,0.0,0.027568178752600342,,,,,,[],"[null, null, null, null]",,-0.2388059701492537,,0
069140.KQ,누리플랜,1627.0,24560873108.0,Korea Equity,Unknown,-0.17575757575757575,0.0,0.10805748607127103,,,,,,[],"[null, null, null, null]",,-0.17575757575757575,,0
291230.KQ,엔피,555.0,24473155125.0,Korea Equity,Unknown,-0.43373493975903615,0.0,0.019000747254262616,,,,,,[],"[null, null, null, null]",,-0.43373493975903615,,0
376980.KQ,원티드랩,2405.0,23488177570.0,Korea Equity,Unknown,-0.0824742268041237,0.0,0.04527800196773293,,,,,,[],"[null, null, null, null]",,-0.0824742268041237,,0
053060.KQ,세동,1327.0,23431395013.0,Korea Equity,Unknown,0.1406926406926407,0.0,0.08584425388750169,,,,,,[],"[null, null, null, null]",,0.1406926406926407,,0
009310.KS,참엔지니어링,5330.0,23329484620.0,Korea Equity,Unknown,0.22826086956521738,0.0,0.018730519433704514,,,,,,[],"[null, null, null, null]",,0.22826086956521738,,0
065150.KQ,대산F&B,1450.0,23110448000.0,Korea Equity,Unknown,-0.15100671140939598,0.0,0.1490920459818984,,,,,,[],"[null, null, null, null]",,-0.15100671140939598,,0
023770.KQ,플레이위드,2495.0,22321505025.0,Korea Equity,Unknown,-0.7279411764705883,0.0,0.02353594658387664,,,,,,[],"[null, null, null, null]",,-0.7279411764705883,,0
298060.KQ,풍전약품,2510.0,22189993850.0,Korea Equity,Unknown,24.33333333333333,0.0,0.0,,,,,,[],"[null, null, null, null]",,24.33333333333333,,0
115610.KQ,이미지스,1841.0,21758353729.0,Korea Equity,Unknown,0.09090909090909091,0.0,0.0,,,,,,[],"[null, null, null, null]",,0.09090909090909091,,0
455180.KQ,케이지에이,1550.0,21635389800.0,Korea Equity,Unknown,-0.9090909090909091,0.0,0.015935219828423105,,,,,,[],"[null, null, null, null]",,-0.9090909090909091,,0
353190.KQ,휴럼,2740.0,21579374160.0,Korea Equity,Unknown,-0.06746031746031746,0.0,0.02565716144353867,,,,,,[],"[null, null, null, null]",,-0.06746031746031746,,0
080720.KQ,한국유니온제약,2725.0,21562456300.0,Korea Equity,Unknown,-0.4215686274509804,0.0,0.0,,,,,,[],"[null, null, null, null]",,-0.4215686274509804,,0
054220.KQ,비츠로시스,1704.0,21454409664.0,Korea Equity,Unknown,0.53,0.0,0.014076269307041717,,,,,,[],"[null, null, null, null]",,0.53,,0
377030.KQ,비트맥스,2000.0,21388720000.0,Korea Equity,Unknown,-0.15584415584415584,0.0,0.0,,,,,,[],"[null, null, null, null]",,-0.15584415584415584,,0
034940.KQ,조아제약,683.0,21159221841.0,Korea Equity,Unknown,0.08088235294117646,0.0,0.0,,,,,,[],"[null, null, null, null]",,0.08088235294117646,,0
054940.KQ,엑사이엔씨,634.0,21032029432.0,Korea Equity,Unknown,0.4920212765957446,0.0,0.05156075795820967,,,,,,[],"[null, null, null, null]",,0.4920212765957446,,0
032680.KQ,소프트센,991.0,20668178071.0,Korea Equity,Unknown,0.019417475728155338,0.0,0.02320388403132638,,,,,,[],"[null, null, null, null]",,0.019417475728155338,,0
148780.KQ,비큐AI,654.0,20565504150.0,Korea Equity,Unknown,-0.11904761904761903,0.0,0.0,,,,,,[],"[null, null, null, null]",,-0.11904761904761903,,0
900100.KQ,파이온엑스,389.0,20523835278.0,Korea Equity,Unknown,-0.5833333333333334,0.0,0.0,,,,,,[],"[null, null, null, null]",,-0.5833333333333334,,0
015020.KS,이스타코,928.0,19883142400.0,Korea Equity,Unknown,-0.423728813559322,0.0,0.025459837756122868,,,,,,[],"[null, null, null, null]",,-0.423728813559322,,0
002070.KS,비비안,8050.0,19354969200.0,Korea Equity,Unknown,-0.3838509316770186,0.0,0.008761718843867556,,,,,,[],"[null, null, null, null]",,-0.3838509316770186,,0
023790.KQ,동일스틸럭스,1476.0,19291036608.0,Korea Equity,Unknown,0.40816326530612246,0.0,0.0,,,,,,[],"[null, null, null, null]",,0.40816326530612246,,0
214610.KQ,롤링스톤,2290.0,19197807380.0,Korea Equity,Unknown,2.5416666666666665,0.0,0.0,,,,,,[],"[null, null, null, null]",,2.5416666666666665,,0
389680.KQ,유디엠텍,2270.0,18882979110.0,Korea Equity,Unknown,0.125,0.0,0.0,,,,,,[],"[null, null, null, null]",,0.125,,0
031860.KQ,디에이치엑스컴퍼니,693.0,18714758139.0,Korea Equity,Unknown,-0.13513513513513514,0.0,0.0,,,,,,[],"[null, null, null, null]",,-0.13513513513513514,,0
042040.KQ,케이피엠테크,749.0,18507312138.0,Korea Equity,Unknown,-0.03414634146341464,0.0,0.0,,,,,,[],"[null, null, null, null]",,-0.03414634146341464,,0
032980.KQ,바이온,604.0,18354952980.0,Korea Equity,Unknown,-0.9333333333333332,0.0,0.0055039619569032415,,,,,,[],"[null, null, null, null]",,-0.9333333333333332,,0
113810.KQ,디젠스,562.0,18336964662.0,Korea Equity,Unknown,0.04854368932038835,0.0,0.04401957885058179,,,,,,[],"[null, null, null, null]",,0.04854368932038835,,0
065770.KQ,CS,1845.0,17906767425.0,Korea Equity,Unknown,-0.2978723404255319,0.0,0.004809130661666286,,,,,,[],"[null, null, null, null]",,-0.2978723404255319,,0
008600.KS,윌비스,2620.0,17615839860.0,Korea Equity,Unknown,-0.16728624535315986,0.0,0.0011921663019485813,,,,,,[],"[null, null, null, null]",,-0.16728624535315986,,0
009440.KS,KC그린홀딩스,756.0,17568790596.0,Korea Equity,Unknown,-0.4356060606060606,0.0,0.05126028812898429,,,,,,[],"[null, null, null, null]",,-0.4356060606060606,,0
482680.KQ,미래에셋비전스팩7호,2055.0,16881825000.0,Korea Equity,Unknown,0.0,0.0,0.0,,,,,,[],"[null, null, null, null]",,0.0,,0
241820.KQ,피씨엘,6040.0,16803871920.0,Korea Equity,Unknown,11.0,0.0,0.00641472339685668,,,,,,[],"[null, null, null, null]",,11.0,,0
477380.KQ,미래에셋비전스팩4호,2055.0,16645500000.0,Korea Equity,Unknown,0.0,0.0,0.0,,,,,,[],"[null, null, null, null]",,0.0,,0
009730.KQ,이렘,223.0,16006834298.0,Korea Equity,Unknown,-0.31086142322097376,0.0,0.0,,,,,,[],"[null, null, null, null]",,-0.31086142322097376,,0
204210.KS,JK리버스톤리츠,2035.0,15927568525.0,Korea Equity,Unknown,0.0,0.0,0.0,,,,,,[],[],,0.0,,0
106520.KQ,노블엠앤비,411.0,15904036272.0,Korea Equity,Unknown,-0.3,0.0,0.0,,,,,,[],"[null, null, null, null]",,-0.3,,0
199730.KQ,바이오인프라,3255.0,15833514585.0,Korea Equity,Unknown,-0.09836065573770492,0.0,0.0,,,,,,[],"[null, null, null, null]",,-0.09836065573770492,,0
0072Z0.KQ,KB제33호스팩,1989.0,15683265000.0,Korea Equity,Unknown,0.0,0.0,0.0,,,,,,[],"[null, null, null, null]",,0.0,,0
0101C0.KQ,하나36호스팩,1995.0,15441300000.0,Korea Equity,Unknown,0.0,0.0,0.0,,,,,,[],"[null, null, null, null]",,0.0,,0
0130H0.KQ,엔에이치스팩33호,1997.0,15376900000.0,Korea Equity,Unknown,0.0,0.0,0.0,,,,,,[],"[null, null, null, null]",,0.0,,0
469880.KQ,하나30호스팩,2100.0,15340500000.0,Korea Equity,Unknown,0.0,0.0,0.0,,,,,,[],"[null, null, null, null]",,0.0,,0
477340.KQ,에이치엠씨제7호스팩,2030.0,15245300000.0,Korea Equity,Unknown,0.0,0.0,0.0,,,,,,[],"[null, null, null, null]",,0.0,,0
030350.KQ,드래곤플라이,973.0,15171092867.0,Korea Equity,Unknown,-0.2926829268292683,0.0,0.0,,,,,,[],"[null, null, null, null]",,-0.2926829268292683,,0
0044K0.KQ,삼성스팩10호,2015.0,15152800000.0,Korea Equity,Unknown,0.0,0.0,0.0,,,,,,[],"[null, null, null, null]",,0.0,,0
900270.KQ,헝셩그룹,610.0,14886869440.0,Korea Equity,Unknown,0.8118279569892473,0.0,0.01871219698110131,,,,,,[],"[null, null, null, null]",,0.8118279569892473,,0
065420.KQ,에스아이리소스,207.0,14816500893.0,Korea Equity,Unknown,0.417910447761194,0.0,0.0,,,,,,[],"[null, null, null, null]",,0.417910447761194,,0
000087.KS,하이트진로2우B,13000.0,14691794000.0,Korea Equity,Unknown,-0.08629755644911846,0.0,3.5682786998200826,,,,,,[],"[null, null, null, null]",,-0.08629755644911846,,0
900120.KQ,씨엑스아이,391.0,14603186473.0,Korea Equity,Unknown,-0.28846153846153844,0.0,0.7130336806926685,,,,,,[],"[null, null, null, null]",,-0.28846153846153844,,0
473050.KQ,유안타제15호스팩,2075.0,14545750000.0,Korea Equity,Unknown,0.0,0.0,0.0,,,,,,[],"[null, null, null, null]",,0.0,,0
478440.KQ,미래에셋비전스팩6호,2050.0,14206500000.0,Korea Equity,Unknown,0.0,0.0,0.0,,,,,,[],"[null, null, null, null]",,0.0,,0
479880.KQ,한국제15호스팩,2050.0,14083500000.0,Korea Equity,Unknown,0.0,0.0,0.0,,,,,,[],"[null, null, null, null]",,0.0,,0
0099W0.KQ,미래에셋비전스팩11호,2000.0,14000000000.0,Korea Equity,Unknown,0.0,0.0,0.0,,,,,,[],"[null, null, null, null]",,0.0,,0
352770.KQ,셀레스트라,5250.0,13610136750.0,Korea Equity,Unknown,-3.166666666666666,0.0,0.0,,,,,,[],"[null, null, null, null]",,-3.166666666666666,,0
154040.KQ,다산솔루에타,755.0,13552320970.0,Korea Equity,Unknown,-0.21518987341772153,0.0,0.06240151907203764,,,,,,[],"[null, null, null, null]",,-0.21518987341772153,,0
244460.KQ,올리패스,1651.0,13415218661.0,Korea Equity,Unknown,-0.5,0.0,0.0,,,,,,[],"[null, null, null, null]",,-0.5,,0
489480.KQ,키움제11호스팩,2025.0,13365000000.0,Korea Equity,Unknown,0.0,0.0,0.0,,,,,,[],"[null, null, null, null]",,0.0,,0
481890.KQ,엔에이치스팩31호,2085.0,13229325000.0,Korea Equity,Unknown,0.0,0.0,0.0,,,,,,[],"[null, null, null, null]",,0.0,,0
0097F0.KQ,미래에셋비전스팩10호,1997.0,12980500000.0,Korea Equity,Unknown,0.0,0.0,0.0,,,,,,[],"[null, null, null, null]",,0.0,,0
0093G0.KQ,미래에셋비전스팩8호,1997.0,12780800000.0,Korea Equity,Unknown,0.0,0.0,0.0,,,,,,[],"[null, null, null, null]",,0.0,,0
489730.KQ,디비금융제13호스팩,2015.0,12758980000.0,Korea Equity,Unknown,0.0,0.0,0.0,,,,,,[],"[null, null, null, null]",,0.0,,0
471050.KQ,대신밸런스제17호스팩,2100.0,12726000000.0,Korea Equity,Unknown,0.0,0.0,0.0,,,,,,[],"[null, null, null, null]",,0.0,,0
478390.KQ,KB제29호스팩,2045.0,12719900000.0,Korea Equity,Unknown,0.0,0.0,0.0,,,,,,[],"[null, null, null, null]",,0.0,,0
054180.KQ,메디콕스,2295.0,12686716395.0,Korea Equity,Unknown,-0.18181818181818182,0.0,0.0,,,,,,[],"[null, null, null, null]",,-0.18181818181818182,,0
0099X0.KQ,IBKS제25호스팩,2120.0,12677600000.0,Korea Equity,Unknown,0.0,0.0,0.0,,,,,,[],"[null, null, null, null]",,0.0,,0
0037T0.KQ,KB제32호스팩,1999.0,12653670000.0,Korea Equity,Unknown,0.0,0.0,0.0,,,,,,[],"[null, null, null, null]",,0.0,,0
492220.KQ,KB제31호스팩,2035.0,12637350000.0,Korea Equity,Unknown,0.0,0.0,0.0,,,,,,[],"[null, null, null, null]",,0.0,,0
084695.KS,대상홀딩스우,13810.0,12615186420.0,Korea Equity,Unknown,0.03236316246741963,0.0,4.375345199700669,,,,,,[],"[null, null, null, null]",,0.03236316246741963,,0
0054V0.KQ,엔에이치스팩32호,2025.0,12588412500.0,Korea Equity,Unknown,0.0,0.0,0.0,,,,,,[],"[null, null, null, null]",,0.0,,0
0131D0.KQ,키움히어로제2호스팩,1974.0,12455940000.0,Korea Equity,Unknown,0.0,0.0,0.0,,,,,,[],"[null, null, null, null]",,0.0,,0
482520.KQ,교보16호스팩,2035.0,12413500000.0,Korea Equity,Unknown,0.0,0.0,0.0,,,,,,[],"[null, null, null, null]",,0.0,,0
065570.KQ,삼영이엔씨,764.0,12295692232.0,Korea Equity,Unknown,-0.3703703703703704,0.0,0.04887341969848926,,,,,,[],"[null, null, null, null]",,-0.3703703703703704,,0
0041L0.KQ,하나35호스팩,2005.0,12090150000.0,Korea Equity,Unknown,0.0,0.0,0.0,,,,,,[],"[null, null, null, null]",,0.0,,0
477760.KQ,DB금융스팩12호,2050.0,11972000000.0,Korea Equity,Unknown,0.0,0.0,0.0,,,,,,[],"[null, null, null, null]",,0.0,,0
0132G0.KQ,교보20호스팩,1994.0,11904180000.0,Korea Equity,Unknown,0.0,0.0,0.0,,,,,,[],"[null, null, null, null]",,0.0,,0
469900.KQ,하나31호스팩,2065.0,11574325000.0,Korea Equity,Unknown,0.0,0.0,0.0,,,,,,[],"[null, null, null, null]",,0.0,,0
0071M0.KQ,삼성스팩11호,2005.0,11548800000.0,Korea Equity,Unknown,0.0,0.0,0.0,,,,,,[],"[null, null, null, null]",,0.0,,0
060240.KQ,스타코링크,1976.0,11502414560.0,Korea Equity,Unknown,-0.25,0.0,0.0,,,,,,[],"[null, null, null, null]",,-0.25,,0
487360.KQ,신한제14호스팩,2022.0,11404080000.0,Korea Equity,Unknown,0.0,0.0,0.0,,,,,,[],"[null, null, null, null]",,0.0,,0
474660.KQ,신한제12호스팩,2050.0,11316000000.0,Korea Equity,Unknown,0.0,0.0,0.0,,,,,,[],"[null, null, null, null]",,0.0,,0
474490.KQ,유안타제16호스팩,2050.0,11295500000.0,Korea Equity,Unknown,0.0,0.0,0.0,,,,,,[],"[null, null, null, null]",,0.0,,0
477470.KQ,미래에셋비전스팩5호,2060.0,11288800000.0,Korea Equity,Unknown,0.0,0.0,0.0,,,,,,[],"[null, null, null, null]",,0.0,,0
496070.KQ,신한제16호스팩,2005.0,11268100000.0,Korea Equity,Unknown,0.0,0.0,0.0,,,,,,[],"[null, null, null, null]",,0.0,,0
0105P0.KQ,유진스팩12호,1986.0,11240760000.0,Korea Equity,Unknown,0.0,0.0,0.0,,,,,,[],"[null, null, null, null]",,0.0,,0
004255.KS,NPC우,2110.0,11140800000.0,Korea Equity,Unknown,-0.021352313167259787,0.0,0.6895933708536384,,,,,,[],"[null, null, null, null]",,-0.021352313167259787,,0
0098T0.KQ,교보19호스팩,2020.0,10908000000.0,Korea Equity,Unknown,0.0,0.0,0.0,,,,,,[],"[null, null, null, null]",,0.0,,0
035290.KQ,골드앤에스,2275.0,10846399200.0,Korea Equity,Unknown,2.666666666666666,0.0,0.029020684211360323,,,,,,[],"[null, null, null, null]",,2.666666666666666,,0
489210.KQ,교보17호스팩,2075.0,10748500000.0,Korea Equity,Unknown,0.0,0.0,0.0,,,,,,[],"[null, null, null, null]",,0.0,,0
493790.KQ,유안타제17호스팩,2005.0,10646550000.0,Korea Equity,Unknown,0.0,0.0,0.0,,,,,,[],"[null, null, null, null]",,0.0,,0
0004Y0.KQ,디비금융제14호스팩,2000.0,10630000000.0,Korea Equity,Unknown,0.0,0.0,0.0,,,,,,[],"[null, null, null, null]",,0.0,,0
0130D0.KQ,신한제17호스팩,1988.0,10615920000.0,Korea Equity,Unknown,0.0,0.0,0.0,,,,,,[],"[null, null, null, null]",,0.0,,0
043100.KQ,알파AI,520.0,10457241600.0,Korea Equity,Unknown,-0.3090909090909091,0.0,0.0,,,,,,[],"[null, null, null, null]",,-0.3090909090909091,,0
478110.KQ,이베스트스팩6호,2045.0,10265900000.0,Korea Equity,Unknown,0.0,0.0,0.0,,,,,,[],"[null, null, null, null]",,0.0,,0
472220.KQ,신영스팩10호,2175.0,10200750000.0,Korea Equity,Unknown,0.0,0.0,0.0,,,,,,[],"[null, null, null, null]",,0.0,,0
466690.KQ,키움히어로제1호스팩,1997.0,10174715000.0,Korea Equity,Unknown,0.0,0.0,0.0,,,,,,[],"[null, null, null, null]",,0.0,,0
498390.KQ,한화플러스제5호스팩,2050.0,10168000000.0,Korea Equity,Unknown,0.0,0.0,0.0,,,,,,[],"[null, null, null, null]",,0.0,,0
0041B0.KQ,교보18호스팩,2015.0,10155600000.0,Korea Equity,Unknown,0.0,0.0,0.0,,,,,,[],"[null, null, null, null]",,0.0,,0
009620.KQ,삼보산업,567.0,9907218216.0,Korea Equity,Unknown,0.021136063408190228,0.0,0.4268248250218539,,,,,,[],"[null, null, null, null]",,0.021136063408190228,,0
488060.KQ,유진스팩11호,2030.0,9581600000.0,Korea Equity,Unknown,0.0,0.0,0.0,,,,,,[],"[null, null, null, null]",,0.0,,0
106080.KQ,케이이엠텍,1650.0,9506998050.0,Korea Equity,Unknown,-0.71875,0.0,0.0,,,,,,[],"[null, null, null, null]",,-0.71875,,0
145210.KS,다이나믹디자인,224.0,9461013632.0,Korea Equity,Unknown,0.5168539325842697,0.0,0.015184589165298894,,,,,,[],"[null, null, null, null]",,0.5168539325842697,,0
484130.KQ,하나34호스팩,2015.0,9107800000.0,Korea Equity,Unknown,0.0,0.0,0.0,,,,,,[],"[null, null, null, null]",,0.0,,0
467930.KQ,IBKS제23호스팩,2105.0,8904150000.0,Korea Equity,Unknown,0.0,0.0,0.0,,,,,,[],"[null, null, null, null]",,0.0,,0
465320.KQ,교보15호스팩,2335.0,8896350000.0,Korea Equity,Unknown,0.0,0.0,0.0,,,,,,[],"[null, null, null, null]",,0.0,,0
309930.KQ,조이웍스앤코,1804.0,8834925836.0,Korea Equity,Unknown,1.5853658536585364,0.0,0.1867832249398624,,,,,,[],"[null, null, null, null]",,1.5853658536585364,,0
468760.KQ,유진스팩10호,2070.0,8776800000.0,Korea Equity,Unknown,0.0,0.0,0.0,,,,,,[],"[null, null, null, null]",,0.0,,0
0068Y0.KQ,비엔케이제3호스팩,1997.0,8607070000.0,Korea Equity,Unknown,0.0,0.0,0.0,,,,,,[],"[null, null, null, null]",,0.0,,0
472230.KQ,에스케이증권제11호스팩,2070.0,8600850000.0,Korea Equity,Unknown,0.0,0.0,0.0,,,,,,[],"[null, null, null, null]",,0.0,,0
487720.KQ,키움제10호스팩,2015.0,8523450000.0,Korea Equity,Unknown,0.0,0.0,0.0,,,,,,[],"[null, null, null, null]",,0.0,,0
0041J0.KQ,엘에스스팩1호,1997.0,8207670000.0,Korea Equity,Unknown,0.0,0.0,0.0,,,,,,[],"[null, null, null, null]",,0.0,,0
475250.KQ,하나33호스팩,2075.0,7677500000.0,Korea Equity,Unknown,0.0,0.0,0.0,,,,,,[],"[null, null, null, null]",,0.0,,0
079970.KQ,투비소프트,596.0,7646223464.0,Korea Equity,Unknown,-0.09375,0.0,0.08250630035419236,,,,,,[],"[null, null, null, null]",,-0.09375,,0
276040.KQ,스코넥,327.0,7073119545.0,Korea Equity,Unknown,-0.2222222222222222,0.0,0.0,,,,,,[],"[null, null, null, null]",,-0.2222222222222222,,0
473000.KQ,에스케이증권제12호스팩,2055.0,6802050000.0,Korea Equity,Unknown,0.0,0.0,0.0,,,,,,[],"[null, null, null, null]",,0.0,,0
101390.KQ,아이엠,396.0,6698084184.0,Korea Equity,Unknown,-0.2037037037037037,0.0,0.019363570955594704,,,,,,[],"[null, null, null, null]",,-0.2037037037037037,,0
475240.KQ,하나32호스팩,2080.0,6656000000.0,Korea Equity,Unknown,0.0,0.0,0.0,,,,,,[],"[null, null, null, null]",,0.0,,0
044180.KQ,KD,205.0,5477148795.0,Korea Equity,Unknown,5.557142857142857,0.0,0.024394893690124392,,,,,,[],"[null, null, null, null]",,5.557142857142857,,0
313760.KQ,캐리,468.0,5244963048.0,Korea Equity,Unknown,-0.7058823529411765,0.0,0.0,,,,,,[],"[null, null, null, null]",,-0.7058823529411765,,0
052770.KQ,아이톡시,312.0,4545457488.0,Korea Equity,Unknown,-0.84375,0.0,0.013742959945019789,,,,,,[],"[null, null, null, null]",,-0.84375,,0
140910.KS,에이리츠,830.0,3704316560.0,Korea Equity,Unknown,0.0,0.0,0.0,,,,,,[],[],,0.0,,0
230980.KQ,비유테크놀러지,5.0,466602785.0,Korea Equity,Unknown,1.833333333333333,0.0,0.08456180198555502,,,,,,[],"[null, null, null, null]",,1.833333333333333,,0
1101.TW,臺灣水泥股份有限公司,24.55,183957618688.0,01,Unknown,-0.051,0.1839574655265691,0.032858473124310936,,,,,,[],"[null, null, null, null]",,-0.051,,0
1102.TW,亞洲水泥股份有限公司,33.8,119873830912.0,01,Unknown,-0.106,0.1582085265307225,0.0402082452558886,,,,,,[],"[null, null, null, null]",,-0.106,,0
1103.TW,嘉新水泥股份有限公司,13.3,8761441280.0,01,Unknown,-0.085,0.1616415568703805,-0.004397546526228864,,,,,,[],"[null, null, null, null]",,-0.085,,0
1104.TW,環球水泥股份有限公司,27.9,0.0,01,Unknown,-0.088,0.23223293405129353,0.6115216932828444,,,,,,[],"[null, null, null, null]",,-0.088,,0
1108.TW,幸福水泥股份有限公司,13.8,5585384960.0,01,Unknown,-0.191,0.19129833043876815,0.13557501462347307,,,,,,[],"[null, null, null, null]",,-0.191,,0
1109.TW,信大水泥股份有限公司,14.65,4997978112.0,01,Unknown,-0.134,0.15986184483539465,0.15537811700153076,,,,,,[],"[null, null, null, null]",,-0.134,,0
1110.TW,東南水泥股份有限公司,14.6,8328759808.0,01,Unknown,-0.213,0.15025515893778696,0.02338916804109463,,,,,,[],"[null, null, null, null]",,-0.213,,0
1201.TW,味全食品工業股份有限公司,12.3,6224574976.0,02,Unknown,-0.04,0.27154130530768034,0.0358609029575088,,,,,,[],"[null, null, null, null]",,-0.04,,0
1203.TW,味王股份有限公司,43.65,10375872512.0,02,Unknown,-0.142,0.3472893977518147,0.10085949232749253,,,,,,[],"[null, null, null, null]",,-0.142,,0
1210.TW,大成長城企業股份有限公司,52.5,43927134208.0,02,Unknown,-0.017,0.14683963998853014,0.07500661005667181,,,,,,[],"[null, null, null, null]",,-0.017,,0
1213.TW,大西洋飲料股份有限公司,8.5,481292352.0,02,Unknown,0.165,-0.02489533065424647,-0.09422568663479966,,,,,,[],"[null, null, null, null]",,0.165,,0
1215.TW,台灣卜蜂企業股份有限公司,121.5,35816988672.0,02,Unknown,0.072,0.21239611303217243,0.07353513411081353,,,,,,[],"[null, null, null, null]",,0.072,,0
1216.TW,統一企業股份有限公司,73.7,418764521472.0,02,Unknown,0.034,0.3261004697605047,0.0471895992272622,,,,,,[],"[null, null, null, null]",,0.034,,0
1217.TW,愛之味股份有限公司,9.82,4856121344.0,02,Unknown,-0.016,0.27649561107359893,0.007647159227436448,,,,,,[],"[null, null, null, null]",,-0.016,,0
1218.TW,泰山企業股份有限公司,19.3,9385975808.0,02,Unknown,0.062,0.17636633366865012,0.06726119306119079,,,,,,[],"[null, null, null, null]",,0.062,,0
1219.TW,福壽實業股份有限公司,12.7,4333727232.0,02,Unknown,0.0,0.08608792355218614,0.0029614133101165314,,,,,,[],"[null, null, null, null]",,0.0,,0
1220.TW,台榮產業股份有限公司,11.7,2063867648.0,02,Unknown,-0.08900000000000001,0.1051487580236668,0.021547548239352555,,,,,,[],"[null, null, null, null]",,-0.08900000000000001,,0
1225.TW,福懋油脂股份有限公司,29.7,7195367424.0,02,Unknown,0.022,0.0917147749752238,0.05837535218196711,,,,,,[],"[null, null, null, null]",,0.022,,0
1227.TW,佳格食品股份有限公司,28.2,25617442816.0,02,Unknown,0.129,0.24609489963889827,0.05124777173494638,,,,,,[],"[null, null, null, null]",,0.129,,0
1229.TW,聯華實業控股股份有限公司,40.4,72264376320.0,02,Unknown,0.204,0.25084517471164824,0.026071023854743993,,,,,,[],"[null, null, null, null]",,0.204,,0
1231.TW,聯華食品工業股份有限公司,86.0,25667084288.0,02,Unknown,0.071,0.20436490465512475,0.037300502912151576,,,,,,[],"[null, null, null, null]",,0.071,,0
1232.TW,大統益股份有限公司,147.5,23596314624.0,02,Unknown,0.092,0.1349295911446501,0.07790390558180008,,,,,,[],"[null, null, null, null]",,0.092,,0
1233.TW,天仁茶業股份有限公司,27.8,2517262080.0,02,Unknown,0.037,0.5976023228885419,0.02469785509447072,,,,,,[],"[null, null, null, null]",,0.037,,0
1234.TW,黑松股份有限公司,34.55,13884643328.0,02,Unknown,0.044,0.2907985232110769,0.028265235362865404,,,,,,[],"[null, null, null, null]",,0.044,,0
1235.TW,興泰實業股份有限公司,41.1,1868405888.0,02,Unknown,1.075,0.2745508539180102,-0.0019470426470035238,,,,,,[],"[null, null, null, null]",,1.075,,0
1236.TW,宏亞食品股份有限公司,24.6,2132180608.0,02,Unknown,0.057,0.25337797599354184,-0.016248732160868903,,,,,,[],"[null, null, null, null]",,0.057,,0
1256.TW,鮮活控股股份有限公司,209.5,7494276096.0,02,Unknown,0.553,0.27723604291384824,0.07078278937810348,,,,,,[],"[null, null, null, null]",,0.553,,0
1301.TW,台灣塑膠工業股份有限公司,50.0,318287052800.0,03,Unknown,-0.111,0.031943824085370325,-0.01695955174320527,,,,,,[],"[null, null, null, null]",,-0.111,,0
1303.TW,南亞塑膠工業股份有限公司,107.5,852563394560.0,03,Unknown,0.046,0.08305542361333237,0.003756225828792822,,,,,,[],"[null, null, null, null]",,0.046,,0
1304.TW,台灣聚合化學品股份有限公司,13.0,13939861504.0,03,Unknown,-0.115,0.03051197768773722,-0.08585004114444239,,,,,,[],"[null, null, null, null]",,-0.115,,0
1305.TW,華夏海灣塑膠股份有限公司,12.85,7466492416.0,03,Unknown,0.086,-0.03794781710174828,-0.09169752468260495,,,,,,[],"[null, null, null, null]",,0.086,,0
1307.TW,三芳化學工業股份有限公司,32.5,12929084416.0,03,Unknown,0.007000000000000001,0.3164235817054237,0.11374376423459781,,,,,,[],"[null, null, null, null]",,0.007000000000000001,,0
1308.TW,亞洲聚合股份有限公司,13.65,8104591360.0,03,Unknown,-0.152,0.0434139879495164,0.00036676054829943157,,,,,,[],"[null, null, null, null]",,-0.152,,0
1309.TW,台達化學工業股份有限公司,16.2,6440909824.0,03,Unknown,-0.213,0.040871602791750006,-0.0575610504000976,,,,,,[],"[null, null, null, null]",,-0.213,,0
1310.TW,台灣苯乙烯工業股份有限公司,8.33,4397155328.0,03,Unknown,-0.048,-0.06252006046732127,-0.1352483712972502,,,,,,[],"[null, null, null, null]",,-0.048,,0
1312.TW,國喬石油化學股份有限公司,12.05,13554373632.0,03,Unknown,0.319,-0.06917675476375791,-0.11675480702415399,,,,,,[],"[null, null, null, null]",,0.319,,0
1313.TW,聯成化學科技股份有限公司,10.95,14572764160.0,03,Unknown,-0.008,0.02015412661843806,-0.04550234170340974,,,,,,[],"[null, null, null, null]",,-0.008,,0
1314.TW,中國石油化學工業開發(股)公司,7.1,26872434688.0,03,Unknown,-0.371,-0.09618110323430129,-0.05468701720924935,,,,,,[],"[null, null, null, null]",,-0.371,,0
1315.TW,達新工業股份有限公司,62.3,5951331840.0,03,Unknown,-0.26,0.1452035325651228,-0.007081257977721312,,,,,,[],"[null, null, null, null]",,-0.26,,0
1316.TW,上曜建設開發股份有限公司,10.35,3680956160.0,14,Unknown,1.492,0.4125999544985371,0.03690468476472118,,,,,,[],"[null, null, null, null]",,1.492,,0
1319.TW,東陽實業廠股份有限公司,87.5,51754237952.0,12,Unknown,-0.228,0.3358287111281172,0.08806636702208617,,,,,,[],"[null, null, null, null]",,-0.228,,0
1321.TW,大洋塑膠工業股份有限公司,28.5,6289530880.0,03,Unknown,-0.299,0.07214109153948137,-0.01283828433871826,,,,,,[],"[null, null, null, null]",,-0.299,,0
1323.TW,永裕塑膠工業股份有限公司,20.95,1912211328.0,03,Unknown,0.009,0.13320576833494405,1.703345813428086e-05,,,,,,[],"[null, null, null, null]",,0.009,,0
1324.TW,地球綜合工業股份有限公司,10.35,777512704.0,03,Unknown,-0.081,0.13704615527147235,-0.10038332014327352,,,,,,[],"[null, null, null, null]",,-0.081,,0
1325.TW,恒大股份有限公司,26.8,2285530624.0,03,Unknown,-0.304,-0.17831250751963698,-0.04925087440483433,,,,,,[],"[null, null, null, null]",,-0.304,,0
1326.TW,台灣化學纖維股份有限公司,53.8,314677067776.0,03,Unknown,0.036,0.03249424622017849,-0.009491129232628058,,,,,,[],"[null, null, null, null]",,0.036,,0
1337.TW,亞洲塑膠再生資源控股有限公司,4.93,1325948160.0,03,Unknown,-0.165,-0.18563133250243768,-0.3299309589241714,,,,,,[],"[null, null, null, null]",,-0.165,,0
1338.TW,廣華控股有限公司,16.35,1320409728.0,12,Unknown,-0.11,0.23514918574694943,-0.015281912707702672,,,,,,[],"[null, null, null, null]",,-0.11,,0
1339.TW,昭輝實業股份有限公司,44.35,3287399168.0,12,Unknown,-0.20200000000000004,0.34635662162633984,0.08727178535784585,,,,,,[],"[null, null, null, null]",,-0.20200000000000004,,0
1340.TW,勝悅新材料有限公司,5.47,836488832.0,03,Unknown,-0.132,-0.41794111835605613,-0.31292292918134906,,,,,,[],"[null, null, null, null]",,-0.132,,0
1341.TW,富林塑膠工業(開曼)控股(股)公司,62.0,3276762112.0,03,Unknown,-0.013000000000000001,0.2274896562147238,0.0928269483414464,,,,,,[],"[null, null, null, null]",,-0.013000000000000001,,0
1342.TW,八貫企業股份有限公司,92.8,7238483968.0,20,Unknown,0.17800000000000002,0.2696767500299736,0.06989819997360842,,,,,,[],"[null, null, null, null]",,0.17800000000000002,,0
1402.TW,遠東新世紀股份有限公司,25.05,134069993472.0,04,Unknown,-0.038,0.19700811232098636,0.045862260791710296,,,,,,[],"[null, null, null, null]",,-0.038,,0
1409.TW,新光合成纖維股份有限公司,25.05,40077926400.0,04,Unknown,-0.026000000000000002,0.2411233113756657,0.043893827303420514,,,,,,[],"[null, null, null, null]",,-0.026000000000000002,,0
1410.TW,南洋染整股份有限公司,25.9,1605799936.0,04,Unknown,-0.014000000000000002,0.2946012867180225,-0.004988853362076408,,,,,,[],"[null, null, null, null]",,-0.014000000000000002,,0
1413.TW,宏洲纖維工業股份有限公司,9.42,1244498816.0,04,Unknown,-0.27,0.04603960841071926,0.023931009964896627,,,,,,[],"[null, null, null, null]",,-0.27,,0
1414.TW,東和紡織股份有限公司,15.0,2969999872.0,04,Unknown,-0.149,0.13144074387440283,-0.005049665832134819,,,,,,[],"[null, null, null, null]",,-0.149,,0
1416.TW,廣豐實業股份有限公司,11.25,2085097472.0,20,Unknown,0.293,0.3637436415735579,-0.0008460679457384303,,,,,,[],"[null, null, null, null]",,0.293,,0
1417.TW,嘉裕股份有限公司,8.2,1557524352.0,04,Unknown,0.461,0.5354210208306507,-0.021153124442357788,,,,,,[],"[null, null, null, null]",,0.461,,0
1418.TW,東華龍股份有限公司,19.1,1037340096.0,04,Unknown,-0.772,0.7699380746856821,-0.018229626298976863,,,,,,[],"[null, null, null, null]",,-0.772,,0
1419.TW,新光紡織股份有限公司,66.0,19749642240.0,04,Unknown,0.366,0.2657204132601396,0.01836020293815036,,,,,,[],"[null, null, null, null]",,0.366,,0
1423.TW,利華羊毛工業股份有限公司,41.45,4130409728.0,04,Unknown,0.1,-0.13540544338782967,-0.01622248024179232,,,,,,[],"[null, null, null, null]",,0.1,,0
1432.TW,大魯閣實業股份有限公司,16.8,1814399872.0,37,Unknown,-0.42100000000000004,0.41496089292799776,-0.04157099264016353,,,,,,[],"[null, null, null, null]",,-0.42100000000000004,,0
1434.TW,福懋興業股份有限公司,15.55,26162438144.0,04,Unknown,-0.107,0.11045261300076101,0.023207846328215508,,,,,,[],"[null, null, null, null]",,-0.107,,0
1435.TW,中福國際(股)公司,12.85,1796173056.0,20,Unknown,-0.252,0.6469408224674023,-0.034552175440896775,,,,,,[],"[null, null, null, null]",,-0.252,,0
1436.TW,華友聯開發股份有限公司,44.7,8678594560.0,14,Unknown,-0.767,0.5480646051287404,0.04865388299854109,,,,,,[],"[null, null, null, null]",,-0.767,,0
1437.TW,勤益投資控股股份有限公司,28.4,5733136384.0,20,Unknown,0.124,0.5450604827831792,0.043023626169604465,,,,,,[],"[null, null, null, null]",,0.124,,0
1438.TW,三地開發地產股份有限公司,20.0,2224115200.0,14,Unknown,1565.295,0.3002341310307801,0.028408086744994253,,,,,,[],"[null, null, null, null]",,1565.295,,0
1439.TW,雋揚國際股份有限公司,25.6,2355200000.0,14,Unknown,-0.44299999999999995,0.29086471629849253,0.019687673847490865,,,,,,[],"[null, null, null, null]",,-0.44299999999999995,,0
1440.TW,臺南紡織股份有限公司,12.95,21455767552.0,04,Unknown,-0.196,0.07318909959583829,-0.021365577865867742,,,,,,[],"[null, null, null, null]",,-0.196,,0
1441.TW,大東紡織股份有限公司,9.37,672241280.0,04,Unknown,-0.265,0.06614103583816555,-0.04116919872875195,,,,,,[],"[null, null, null, null]",,-0.265,,0
1442.TW,名軒開發股份有限公司,26.8,9814480896.0,14,Unknown,-0.535,0.48929787951559756,0.0884137452685179,,,,,,[],"[null, null, null, null]",,-0.535,,0
1443.TW,立益物流開發股份有限公司,25.1,3397109504.0,20,Unknown,-0.117,0.4854976003590536,0.04438375090326636,,,,,,[],"[null, null, null, null]",,-0.117,,0
1444.TW,力麗企業股份有限公司,6.74,6634788352.0,04,Unknown,0.098,0.02544800025418055,-0.030834911963989534,,,,,,[],"[null, null, null, null]",,0.098,,0
1445.TW,大宇紡織股份有限公司,11.6,1515725696.0,04,Unknown,-0.147,0.11297481339891856,-0.02730191588635702,,,,,,[],"[null, null, null, null]",,-0.147,,0
1446.TW,宏和精密紡織股份有限公司,16.1,2217131008.0,04,Unknown,-0.385,0.45382111732292807,0.30867557229544257,,,,,,[],"[null, null, null, null]",,-0.385,,0
1447.TW,力鵬企業股份有限公司,6.33,5339621888.0,04,Unknown,0.163,0.007161339220830873,-0.055244162627873766,,,,,,[],"[null, null, null, null]",,0.163,,0
1449.TW,佳和實業股份有限公司,14.05,1785959808.0,04,Unknown,0.223,0.09318229565269587,-0.06293837299019579,,,,,,[],"[null, null, null, null]",,0.223,,0
1451.TW,年興紡織股份有限公司,16.65,3296699904.0,04,Unknown,0.131,0.11514529697210332,0.046396881215418656,,,,,,[],"[null, null, null, null]",,0.131,,0
1452.TW,宏益纖維工業股份有限公司,10.55,1399362560.0,04,Unknown,-0.062,0.01919395703739098,-0.06719243392946864,,,,,,[],"[null, null, null, null]",,-0.062,,0
1453.TW,大將開發股份有限公司,11.15,1262666624.0,14,Unknown,0.013000000000000001,2.8481355932203396,-0.018311652291567677,,,,,,[],"[null, null, null, null]",,0.013000000000000001,,0
1454.TW,台灣富綢纖維股份有限公司,13.0,1587559936.0,04,Unknown,-0.273,0.033800492535330726,-0.05244407030835481,,,,,,[],"[null, null, null, null]",,-0.273,,0
1455.TW,集盛實業股份有限公司,9.02,4795829248.0,04,Unknown,-0.319,-0.02024072500297065,-0.0625771655094158,,,,,,[],"[null, null, null, null]",,-0.319,,0
1456.TW,怡華實業股份有限公司,12.5,1171500032.0,14,Unknown,0.336,0.38947588092029956,0.05599087286924278,,,,,,[],"[null, null, null, null]",,0.336,,0
1457.TW,宜進實業股份有限公司,14.0,3269266176.0,04,Unknown,-0.244,0.0966021828311662,0.056669288728150885,,,,,,[],"[null, null, null, null]",,-0.244,,0
1459.TW,聯發紡織纖維股份有限公司,11.55,3666951680.0,04,Unknown,-0.182,0.06598417273549026,-0.007296366505582312,,,,,,[],"[null, null, null, null]",,-0.182,,0
1460.TW,宏遠興業股份有限公司,7.0,4721261568.0,04,Unknown,-0.21899999999999997,0.14965932796112114,-0.009255423423526967,,,,,,[],"[null, null, null, null]",,-0.21899999999999997,,0
1463.TW,強盛新投資控股股份有限公司,17.8,3054326528.0,04,Unknown,-0.902,0.10967173308758722,-0.001975170990377046,,,,,,[],"[null, null, null, null]",,-0.902,,0
1464.TW,得力實業股份有限公司,10.25,4336026624.0,04,Unknown,-0.138,0.19326039575938123,0.04234980577396486,,,,,,[],"[null, null, null, null]",,-0.138,,0
1465.TW,偉全實業股份有限公司,12.5,1295091200.0,04,Unknown,0.174,-0.03506088609895564,-0.07281123461816437,,,,,,[],"[null, null, null, null]",,0.174,,0
1466.TW,聚隆纖維股份有限公司,14.2,1578433920.0,04,Unknown,-0.195,0.06743957012284672,-0.0354674727754398,,,,,,[],"[null, null, null, null]",,-0.195,,0
1467.TW,南緯實業股份有限公司,7.37,1700072576.0,04,Unknown,-0.049,0.19198226938785656,-0.0025391043577582917,,,,,,[],"[null, null, null, null]",,-0.049,,0
1468.TW,昶和纖維興業股份有限公司,12.1,1940900480.0,04,Unknown,-0.482,0.12812722077997418,-0.0020986137064793768,,,,,,[],"[null, null, null, null]",,-0.482,,0
1470.TW,大統新創股份有限公司,22.65,1942622464.0,04,Unknown,-0.106,0.24188326635229124,0.047755576827497356,,,,,,[],"[null, null, null, null]",,-0.106,,0
1471.TW,首利實業股份有限公司,12.25,1842577920.0,28,Unknown,-0.533,0.08526563038967154,-0.07108525179759038,,,,,,[],"[null, null, null, null]",,-0.533,,0
1472.TW,三洋實業股份有限公司,90.0,4723927040.0,14,Unknown,0.004,0.14094607451049068,0.08531887165010801,,,,,,[],"[null, null, null, null]",,0.004,,0
1473.TW,台南企業股份有限公司,21.2,3098465024.0,04,Unknown,-0.215,0.1567532403936049,0.0281928586173013,,,,,,[],"[null, null, null, null]",,-0.215,,0
1474.TW,弘裕企業股份有限公司,10.2,1324949376.0,04,Unknown,-0.07,0.11326575886186321,0.0011363172696457952,,,,,,[],"[null, null, null, null]",,-0.07,,0
1475.TW,台灣業旺股份有限公司,25.1,1657026688.0,04,Unknown,-0.11,0.22223605069654706,0.3257662686861348,,,,,,[],"[null, null, null, null]",,-0.11,,0
1476.TW,儒鴻企業股份有限公司,353.0,96851591168.0,04,Unknown,0.026000000000000002,0.2894261714396573,0.07561613204593955,,,,,,[],"[null, null, null, null]",,0.026000000000000002,,0
1477.TW,聚陽實業股份有限公司,222.5,54889349120.0,04,Unknown,-0.103,0.25691710104038296,0.08850184328777426,,,,,,[],"[null, null, null, null]",,-0.103,,0
1503.TW,士林電機廠股份有限公司,220.5,114874327040.0,05,Unknown,0.12300000000000001,0.20893779900960097,0.03878804318807021,,,,,,[],"[null, null, null, null]",,0.12300000000000001,,0
1504.TW,東元電機股份有限公司,78.7,184581488640.0,05,Unknown,0.045,0.23825022066153465,0.029369391245341273,,,,,,[],"[null, null, null, null]",,0.045,,0
1506.TW,正道工業股份有限公司,10.1,3033928960.0,05,Unknown,0.153,0.16334342732095614,-0.0007243344886942984,,,,,,[],"[null, null, null, null]",,0.153,,0
1512.TW,瑞利企業股份有限公司,6.8,667644416.0,12,Unknown,0.114,0.3208644258590062,-0.012340898993358346,,,,,,[],"[null, null, null, null]",,0.114,,0
1513.TW,中興電工機械股份有限公司,168.5,83251470336.0,05,Unknown,0.007000000000000001,0.2574863405895109,0.055997805194607536,,,,,,[],"[null, null, null, null]",,0.007000000000000001,,0
1514.TW,亞力電機股份有限公司,126.5,34264991744.0,05,Unknown,0.206,0.18739194735010323,0.03042262021300798,,,,,,[],"[null, null, null, null]",,0.206,,0
1515.TW,力山工業股份有限公司,22.1,4010553088.0,05,Unknown,0.035,0.12984905868510074,-0.020073139072628133,,,,,,[],"[null, null, null, null]",,0.035,,0
1516.TW,川飛能源股份有限公司,21.0,840172096.0,20,Unknown,0.199,0.05840332935772832,-0.017547203314577573,,,,,,[],"[null, null, null, null]",,0.199,,0
1517.TW,利奇機械工業股份有限公司,10.2,2244000000.0,05,Unknown,-0.206,0.03170020842198805,-0.20020370551821023,,,,,,[],"[null, null, null, null]",,-0.206,,0
1519.TW,華城電機股份有限公司,870.0,274816466944.0,05,Unknown,0.076,0.4047535081296334,0.019459452162343256,,,,,,[],"[null, null, null, null]",,0.076,,0
1521.TW,大億交通工業製造股份有限公司,28.35,2161120512.0,12,Unknown,0.13,0.15566430466452294,0.03821520606091347,,,,,,[],"[null, null, null, null]",,0.13,,0
1522.TW,堤維西交通工業股份有限公司,32.85,10247820288.0,12,Unknown,0.359,0.21871875840037114,0.04610191941933797,,,,,,[],"[null, null, null, null]",,0.359,,0
1524.TW,耿鼎企業股份有限公司,32.7,5405650432.0,12,Unknown,-0.253,0.27873310289945935,0.06429857298595561,,,,,,[],"[null, null, null, null]",,-0.253,,0
1525.TW,江申工業股份有限公司,70.2,5152686592.0,12,Unknown,0.017,0.1478477273092176,0.010191575781036338,,,,,,[],"[null, null, null, null]",,0.017,,0
1526.TW,日馳企業股份有限公司,14.65,879000000.0,05,Unknown,-0.193,0.21778924282688686,-0.04014677281291451,,,,,,[],"[null, null, null, null]",,-0.193,,0
1527.TW,鑽全實業股份有限公司,33.5,4642115072.0,05,Unknown,-0.229,0.22156204650379507,0.04818072747082722,,,,,,[],"[null, null, null, null]",,-0.229,,0
1528.TW,恩德科技股份有限公司,27.35,5232903168.0,05,Unknown,-0.3,0.31095858089702066,0.006876365246961014,,,,,,[],"[null, null, null, null]",,-0.3,,0
1529.TW,樂事綠能科技股份有限公司,22.6,3505147136.0,05,Unknown,-0.068,0.18643238179415506,0.023659045438491358,,,,,,[],"[null, null, null, null]",,-0.068,,0
1530.TW,亞崴機電股份有限公司,34.1,3225660928.0,05,Unknown,-0.195,0.12910908563720486,-0.022516518521252006,,,,,,[],"[null, null, null, null]",,-0.195,,0
1531.TW,高林股份有限公司,12.4,2258140160.0,05,Unknown,-0.154,0.20169913735587675,-0.03570889459187255,,,,,,[],"[null, null, null, null]",,-0.154,,0
1532.TW,勤美股份有限公司,21.7,9032912896.0,05,Unknown,0.081,0.23993503752654133,0.042216836012808547,,,,,,[],"[null, null, null, null]",,0.081,,0
1533.TW,車王電子股份有限公司,39.85,3927097856.0,12,Unknown,0.628,0.29889648840441146,0.018256374410737956,,,,,,[],"[null, null, null, null]",,0.628,,0
1535.TW,中宇環保工程股份有限公司,50.0,6187149824.0,05,Unknown,-0.10800000000000001,0.10206734223205244,0.1176874266074962,,,,,,[],"[null, null, null, null]",,-0.10800000000000001,,0
1536.TW,和大工業股份有限公司,53.9,15035918336.0,12,Unknown,-0.033,0.029165737580798975,-0.0183893574583639,,,,,,[],"[null, null, null, null]",,-0.033,,0
1537.TW,廣隆光電科技股份有限公司,126.0,10339911680.0,05,Unknown,-0.223,0.2035690290113278,0.09603637802756325,,,,,,[],"[null, null, null, null]",,-0.223,,0
1538.TW,正峰工業股份有限公司,11.7,377909984.0,05,Unknown,-0.661,0.2305923745493181,-0.11363200904960005,,,,,,[],"[null, null, null, null]",,-0.661,,0
1539.TW,巨庭機械股份有限公司,16.2,1058994048.0,05,Unknown,-0.322,0.0973986277361948,0.03637132459459637,,,,,,[],"[null, null, null, null]",,-0.322,,0
1540.TW,喬福機械工業股份有限公司,22.2,1897522816.0,05,Unknown,0.237,0.33915509446148884,0.05953238731515425,,,,,,[],"[null, null, null, null]",,0.237,,0
1541.TW,錩泰工業股份有限公司,21.95,1729660032.0,05,Unknown,-0.294,0.1838603090491182,0.12263054905130746,,,,,,[],"[null, null, null, null]",,-0.294,,0
1558.TW,伸興工業股份有限公司,91.6,5911463936.0,05,Unknown,-0.05800000000000001,0.26928805352431767,0.13034548474475507,,,,,,[],"[null, null, null, null]",,-0.05800000000000001,,0
1560.TW,中國砂輪企業股份有限公司,717.0,106779222016.0,05,Unknown,0.184,0.32134408486342864,0.011771840647483389,,,,,,[],"[null, null, null, null]",,0.184,,0
1563.TW,巧新科技工業股份有限公司,69.9,15174461440.0,12,Unknown,-0.024,0.238442523467692,0.03806945199374276,,,,,,[],"[null, null, null, null]",,-0.024,,0
1568.TW,倉佑實業股份有限公司,49.8,5133732352.0,12,Unknown,-0.12,0.32380703521407805,0.03597699285196796,,,,,,[],"[null, null, null, null]",,-0.12,,0
1582.TW,信錦企業股份有限公司,114.0,16446664704.0,28,Unknown,-0.057,0.2456328279311052,0.057434519793476226,,,,,,[],"[null, null, null, null]",,-0.057,,0
1583.TW,程泰機械股份有限公司,57.3,6268640768.0,05,Unknown,0.079,0.1813734254702655,-0.014742044796859295,,,,,,[],"[null, null, null, null]",,0.079,,0
1587.TW,吉茂精密股份有限公司,30.65,2453706240.0,12,Unknown,0.35,0.19053636253595982,0.01923944077789159,,,,,,[],"[null, null, null, null]",,0.35,,0
1589.TW,永冠能源科技集團有限公司,5.54,848373056.0,05,Unknown,0.134,0.0654610343584068,-0.0479352105572862,,,,,,[],"[null, null, null, null]",,0.134,,0
1590.TW,亞德客國際集團,1350.0,269999996928.0,05,Unknown,0.237,0.45971632054755696,0.03865782445380284,,,,,,[],"[null, null, null, null]",,0.237,,0
1597.TW,直得科技股份有限公司,180.5,15750791168.0,05,Unknown,0.32,0.4162475940460178,0.007207995413350086,,,,,,[],"[null, null, null, null]",,0.32,,0
1598.TW,岱宇國際股份有限公司,20.65,3374955264.0,37,Unknown,-0.121,0.35983617819256564,-0.04333486099370518,,,,,,[],"[null, null, null, null]",,-0.121,,0
1603.TW,中華電線電纜股份有限公司,32.0,5083072000.0,06,Unknown,-0.084,0.1317257369342276,0.0766089099729375,,,,,,[],"[null, null, null, null]",,-0.084,,0
1604.TW,聲寶股份有限公司,23.2,8671418368.0,06,Unknown,-0.036,0.18545399496340792,0.029866786229390204,,,,,,[],"[null, null, null, null]",,-0.036,,0
1605.TW,華新麗華股份有限公司,39.7,175923920896.0,06,Unknown,-0.084,0.06366392156190931,7.572787299874383e-05,,,,,,[],"[null, null, null, null]",,-0.084,,0
1608.TW,華榮電線電纜股份有限公司,34.8,14762496000.0,06,Unknown,0.222,0.1017771630594588,0.05042726123691422,,,,,,[],"[null, null, null, null]",,0.222,,0
1609.TW,大亞電線電纜股份有限公司,39.0,30534836224.0,06,Unknown,0.168,0.13980430397517898,0.04306947256393956,,,,,,[],"[null, null, null, null]",,0.168,,0
1611.TW,中國電器股份有限公司,12.35,3985786624.0,06,Unknown,-0.109,0.31871885413226864,0.017266606214808158,,,,,,[],"[null, null, null, null]",,-0.109,,0
1612.TW,宏泰電工股份有限公司,37.65,11900412928.0,06,Unknown,0.073,0.1488959613056688,0.08361541462543498,,,,,,[],"[null, null, null, null]",,0.073,,0
1614.TW,台灣三洋電機股份有限公司,32.15,8324645376.0,06,Unknown,-0.09300000000000001,0.20295958427933866,0.029867495918245685,,,,,,[],"[null, null, null, null]",,-0.09300000000000001,,0
1615.TW,大山電線電纜股份有限公司,43.9,8633536512.0,06,Unknown,-0.13,0.22691884612284316,0.10811939403197142,,,,,,[],"[null, null, null, null]",,-0.13,,0
1616.TW,億泰電線電纜股份有限公司,22.15,4197292032.0,06,Unknown,0.086,0.15042511570978107,0.11645837838560513,,,,,,[],"[null, null, null, null]",,0.086,,0
1617.TW,榮星電線工業股份有限公司,16.9,2666782720.0,06,Unknown,0.033,0.07225575063385498,-0.0020501682028703375,,,,,,[],"[null, null, null, null]",,0.033,,0
1618.TW,合機電線電纜股份有限公司,42.6,8208678912.0,06,Unknown,-0.27,0.18921208821262833,0.08047238616747282,,,,,,[],"[null, null, null, null]",,-0.27,,0
1623.TW,大東電業廠股份有限公司,240.0,15840000000.0,06,Unknown,0.124,0.17332482926920303,0.047422799700720455,,,,,,[],"[null, null, null, null]",,0.124,,0
1626.TW,艾美特(開曼)國際有限公司,10.0,1498217216.0,06,Unknown,-0.086,0.1960226066233778,-0.03162655239713128,,,,,,[],"[null, null, null, null]",,-0.086,,0
1702.TW,南僑投資控股股份有限公司,30.8,7641224192.0,02,Unknown,-0.007000000000000001,0.24771257858070597,0.0404880860351673,,,,,,[],"[null, null, null, null]",,-0.007000000000000001,,0
1707.TW,葡萄王生技股份有限公司,100.5,14887768064.0,22,Unknown,0.011,0.7507905833690269,0.19573428400509202,,,,,,[],"[null, null, null, null]",,0.011,,0
1708.TW,東南實業股份有限公司,38.6,9611476992.0,21,Unknown,0.023,0.31865491587620415,0.10014151742789129,,,,,,[],"[null, null, null, null]",,0.023,,0
1709.TW,和益化學工業股份有限公司,19.5,9301817344.0,21,Unknown,-0.071,0.14891149083094013,0.06022143892789942,,,,,,[],"[null, null, null, null]",,-0.071,,0
1710.TW,東聯化學股份有限公司,13.65,11971418112.0,21,Unknown,-0.128,0.008619593364129086,-0.03411246390184875,,,,,,[],"[null, null, null, null]",,-0.128,,0
1711.TW,臺灣永光化學工業股份有限公司,49.35,27031570432.0,21,Unknown,0.054000000000000006,0.18968962977702272,-0.006806283707586067,,,,,,[],"[null, null, null, null]",,0.054000000000000006,,0
1712.TW,興農股份有限公司,39.0,16399187968.0,21,Unknown,-0.021,0.3049287545897571,0.07753077650459178,,,,,,[],"[null, null, null, null]",,-0.021,,0
1713.TW,國泰化工廠股份有限公司,49.5,7472123904.0,21,Unknown,0.033,0.04531760143639059,-0.010760886320852132,,,,,,[],"[null, null, null, null]",,0.033,,0
1714.TW,和桐化學股份有限公司,9.81,9630313472.0,21,Unknown,0.33399999999999996,0.10432309859789339,0.19584984850470152,,,,,,[],"[null, null, null, null]",,0.33399999999999996,,0
1717.TW,長興材料工業股份有限公司,81.5,95538012160.0,21,Unknown,0.018,0.20568588585386643,0.015361335271487753,,,,,,[],"[null, null, null, null]",,0.018,,0
1718.TW,中國人造纖維股份有限公司,7.28,9707376640.0,21,Unknown,0.021,0.7559538580300399,0.3764170659307487,,,,,,[],"[null, null, null, null]",,0.021,,0
1720.TW,生達化學製藥股份有限公司,61.6,11007673344.0,22,Unknown,0.007000000000000001,0.4141817806429566,0.1320238465045233,,,,,,[],"[null, null, null, null]",,0.007000000000000001,,0
1721.TW,三晃股份有限公司,28.1,5195240448.0,21,Unknown,-0.221,-0.07303140655312249,-0.05934342295833497,,,,,,[],"[null, null, null, null]",,-0.221,,0
1722.TW,台灣肥料股份有限公司,47.05,46108999680.0,21,Unknown,0.126,0.13096013479477375,0.008111332238607723,,,,,,[],"[null, null, null, null]",,0.126,,0
1723.TW,中鋼碳素化學股份有限公司,83.9,19477385216.0,21,Unknown,-0.245,0.20058649451404173,0.032832681552968465,,,,,,[],"[null, null, null, null]",,-0.245,,0
1725.TW,元禎企業股份有限公司,32.3,5873108992.0,21,Unknown,0.031,0.04594176682846369,0.021332108501455484,,,,,,[],"[null, null, null, null]",,0.031,,0
1726.TW,永記造漆工業股份有限公司,77.8,12603600896.0,21,Unknown,0.042,0.26672242947341956,0.10101798222539857,,,,,,[],"[null, null, null, null]",,0.042,,0
1727.TW,臺灣中華化學工業股份有限公司,95.4,12213065728.0,21,Unknown,0.149,0.10970264228818886,0.00012574433752155542,,,,,,[],"[null, null, null, null]",,0.149,,0
1730.TW,花仙子企業股份有限公司,52.5,3319784960.0,21,Unknown,-0.047,0.5016255005997032,0.1525586718501053,,,,,,[],"[null, null, null, null]",,-0.047,,0
1731.TW,美吾華股份有限公司,21.4,2844380928.0,22,Unknown,0.071,0.6323402133119538,0.06679494855523124,,,,,,[],"[null, null, null, null]",,0.071,,0
1732.TW,毛寶股份有限公司,26.45,1122641152.0,21,Unknown,0.07,0.4124194198227237,0.048189058807575076,,,,,,[],"[null, null, null, null]",,0.07,,0
1733.TW,五鼎生物技術股份有限公司,30.1,3008500736.0,22,Unknown,-0.07,0.2770009054417512,0.0598570635282041,,,,,,[],"[null, null, null, null]",,-0.07,,0
1734.TW,杏輝藥品工業股份有限公司,31.0,5896099840.0,22,Unknown,0.03,0.4321424747154009,0.06372152709759094,,,,,,[],"[null, null, null, null]",,0.03,,0
1735.TW,日勝化工股份有限公司,25.3,2514516224.0,21,Unknown,-0.042,0.18131408485128428,0.016391143138392735,,,,,,[],"[null, null, null, null]",,-0.042,,0
1736.TW,喬山健康科技股份有限公司,118.5,35952263168.0,37,Unknown,0.111,0.5056265567662951,0.0704156938697889,,,,,,[],"[null, null, null, null]",,0.111,,0
1737.TW,臺鹽實業股份有限公司,31.6,6320000000.0,02,Unknown,-0.036,0.4060302449465785,0.08981403326099112,,,,,,[],"[null, null, null, null]",,-0.036,,0
1752.TW,南光化學製藥股份有限公司,32.95,3327570176.0,22,Unknown,-0.107,0.3555881044372029,0.0812740109129652,,,,,,[],"[null, null, null, null]",,-0.107,,0
1760.TW,寶齡富錦生技股份有限公司,60.7,5204357120.0,22,Unknown,0.078,0.5412694243265458,0.0572540046180818,,,,,,[],"[null, null, null, null]",,0.078,,0
1762.TW,中化合成生技股份有限公司,38.75,2980572416.0,22,Unknown,0.872,-0.011012849152293886,-0.08950665779415981,,,,,,[],"[null, null, null, null]",,0.872,,0
1773.TW,勝一化工股份有限公司,185.0,55500001280.0,21,Unknown,0.106,0.33552452392640025,0.03899971839344019,,,,,,[],"[null, null, null, null]",,0.106,,0
1776.TW,展宇科技材料股份有限公司,18.35,1102962560.0,21,Unknown,-0.069,0.16693658130616193,0.03359853736970486,,,,,,[],"[null, null, null, null]",,-0.069,,0
1783.TW,和康生物科技股份有限公司,38.8,3479584000.0,22,Unknown,0.077,0.6946118851994421,0.08443876167176906,,,,,,[],"[null, null, null, null]",,0.077,,0
1786.TW,科妍生物科技股份有限公司,54.8,4100554496.0,22,Unknown,0.005,0.7200283773693863,0.05078237130922485,,,,,,[],"[null, null, null, null]",,0.005,,0
1789.TW,台灣神隆股份有限公司,19.7,15577559040.0,22,Unknown,-0.039,0.36158863708431715,0.014713882078926242,,,,,,[],"[null, null, null, null]",,-0.039,,0
1795.TW,美時化學製藥股份有限公司,198.5,52167745536.0,22,Unknown,0.828,0.580544825284159,0.06415720977162817,,,,,,[],"[null, null, null, null]",,0.828,,0
1802.TW,台灣玻璃工業股份有限公司,74.8,217522962432.0,08,Unknown,0.061,0.11603269570324,0.0016506354525024018,,,,,,[],"[null, null, null, null]",,0.061,,0
1805.TW,寶徠建設股份有限公司,10.05,1356458624.0,14,Unknown,0.169,0.2927635387611178,0.023398186649885334,,,,,,[],"[null, null, null, null]",,0.169,,0
1806.TW,冠軍建材股份有限公司,8.09,3126922496.0,08,Unknown,-0.226,0.22815314196109612,0.03126437645318047,,,,,,[],"[null, null, null, null]",,-0.226,,0
1808.TW,潤隆建設股份有限公司,29.1,25987223552.0,14,Unknown,173.449,0.3874483382254258,0.03267752371035367,,,,,,[],"[null, null, null, null]",,173.449,,0
1809.TW,中國製釉股份有限公司,47.9,8001312256.0,08,Unknown,0.029000000000000005,0.19895032628132184,0.002754401002315424,,,,,,[],"[null, null, null, null]",,0.029000000000000005,,0
1810.TW,和成欣業股份有限公司,20.05,6052263424.0,08,Unknown,-0.136,0.2581235846586711,-0.006209051686234651,,,,,,[],"[null, null, null, null]",,-0.136,,0
1817.TW,凱撒衛浴股份有限公司,39.55,2871330048.0,08,Unknown,-0.009,0.36822970673663585,0.13410942164332038,,,,,,[],"[null, null, null, null]",,-0.009,,0
1903.TW,士林紙業股份有限公司,49.4,12845932544.0,09,Unknown,-0.017,0.6519433245919606,-0.0014040438535386475,,,,,,[],"[null, null, null, null]",,-0.017,,0
1904.TW,正隆股份有限公司,19.65,21777594368.0,09,Unknown,0.013000000000000001,0.1797998078428133,0.040855824749923275,,,,,,[],"[null, null, null, null]",,0.013000000000000001,,0
1905.TW,中華紙漿股份有限公司,12.15,13399444480.0,09,Unknown,-0.09,0.026952269546034312,-0.05551135548731105,,,,,,[],"[null, null, null, null]",,-0.09,,0
1906.TW,寶隆國際股份有限公司,10.3,1555299968.0,09,Unknown,0.019,0.09314337062012021,0.0296908542981324,,,,,,[],"[null, null, null, null]",,0.019,,0
1907.TW,永豐餘投資控股股份有限公司,24.45,40596094976.0,09,Unknown,-0.087,0.12963507131426286,-0.009477356347549579,,,,,,[],"[null, null, null, null]",,-0.087,,0
1909.TW,榮成紙業股份有限公司,9.04,11674136576.0,09,Unknown,0.053,0.09850338302239153,0.00020246366576962568,,,,,,[],"[null, null, null, null]",,0.053,,0
2002.TW,中國鋼鐵股份有限公司,19.1,291848126464.0,10,Unknown,-0.048,0.028456904312961363,-0.007128881945709948,,,,,,[],"[null, null, null, null]",,-0.048,,0
2006.TW,東和鋼鐵企業股份有限公司,67.6,49362452480.0,10,Unknown,-0.062,0.14857846901495753,0.10828634086859884,,,,,,[],"[null, null, null, null]",,-0.062,,0
2007.TW,燁興企業股份有限公司,7.64,4054181120.0,10,Unknown,-0.344,-0.1179299852287276,-0.07295422242647835,,,,,,[],"[null, null, null, null]",,-0.344,,0
2008.TW,高興昌鋼鐵股份有限公司,29.0,5534716416.0,10,Unknown,-0.236,0.1679821302977129,0.017151354429711795,,,,,,[],"[null, null, null, null]",,-0.236,,0
2009.TW,第一伸銅科技股份有限公司,40.05,14402868224.0,10,Unknown,0.296,-0.003142523090668185,-0.0044845266295894335,,,,,,[],"[null, null, null, null]",,0.296,,0
2010.TW,春源鋼鐵工業股份有限公司,23.75,15381815296.0,10,Unknown,0.15,0.1051340510138273,0.08253741252795828,,,,,,[],"[null, null, null, null]",,0.15,,0
2012.TW,春雨工廠股份有限公司,14.5,4041628416.0,10,Unknown,-0.136,0.1442796040810056,0.04929037545545075,,,,,,[],"[null, null, null, null]",,-0.136,,0
2013.TW,中國鋼鐵結構股份有限公司,42.55,8509999616.0,10,Unknown,-0.106,0.047705213988290564,0.06665346931148372,,,,,,[],"[null, null, null, null]",,-0.106,,0
2014.TW,中鴻鋼鐵股份有限公司,18.5,26557564928.0,10,Unknown,-0.21600000000000003,-0.05350816146656314,-0.04101018961393942,,,,,,[],"[null, null, null, null]",,-0.21600000000000003,,0
2015.TW,豐興鋼鐵股份有限公司,62.9,36582604800.0,10,Unknown,-0.141,0.11182336665917464,0.07527553762434898,,,,,,[],"[null, null, null, null]",,-0.141,,0
2017.TW,官田鋼鐵股份有限公司,9.04,3854906112.0,10,Unknown,-0.244,0.004381540766250286,-0.03860413825390528,,,,,,[],"[null, null, null, null]",,-0.244,,0
2020.TW,美亞鋼管廠股份有限公司,21.25,5674415616.0,10,Unknown,-0.065,0.18654335484333398,0.0640564346854703,,,,,,[],"[null, null, null, null]",,-0.065,,0
2022.TW,聚亨企業股份有限公司,7.84,2643398144.0,10,Unknown,0.567,0.10007363818335169,0.020589538777366224,,,,,,[],"[null, null, null, null]",,0.567,,0
2023.TW,燁輝企業股份有限公司,13.95,25406300160.0,10,Unknown,-0.162,0.08266704386578333,0.0007049547278482044,,,,,,[],"[null, null, null, null]",,-0.162,,0
2024.TW,志聯工業股份有限公司,14.1,1374750080.0,10,Unknown,-0.163,0.0682638654340488,0.0029834511021291222,,,,,,[],"[null, null, null, null]",,-0.163,,0
2025.TW,千興不銹鋼(股)公司,11.9,2054660352.0,10,Unknown,0.965,-0.28921590181795087,-0.07155378919585625,,,,,,[],"[null, null, null, null]",,0.965,,0
2027.TW,大成不銹鋼工業股份有限公司,43.2,101616705536.0,10,Unknown,0.195,0.2472648740678142,0.09619306164239556,,,,,,[],"[null, null, null, null]",,0.195,,0
2028.TW,威致鋼鐵工業股份有限公司,17.1,5540776448.0,10,Unknown,-0.071,0.03926194709225403,0.017486224762206137,,,,,,[],"[null, null, null, null]",,-0.071,,0
2029.TW,盛餘股份有限公司,20.5,6584189952.0,10,Unknown,-0.225,0.11434510813478502,0.14639207926028594,,,,,,[],"[null, null, null, null]",,-0.225,,0
2030.TW,彰源企業股份有限公司,18.3,5050178048.0,10,Unknown,-0.176,0.09353090870825871,0.022961230288205715,,,,,,[],"[null, null, null, null]",,-0.176,,0
2031.TW,新光鋼鐵股份有限公司,39.8,12781609984.0,10,Unknown,-0.09,0.08808603722229551,0.034233213902116436,,,,,,[],"[null, null, null, null]",,-0.09,,0
2032.TW,新鋼工業股份有限公司,18.2,2375500544.0,10,Unknown,0.02,0.0415554080327172,0.010369680726944951,,,,,,[],"[null, null, null, null]",,0.02,,0
2033.TW,佳大世界股份有限公司,15.35,1238661120.0,10,Unknown,-0.025,0.13922708445885107,0.02346415738291687,,,,,,[],"[null, null, null, null]",,-0.025,,0
2034.TW,允強實業股份有限公司,20.2,10685711360.0,10,Unknown,-0.22,0.08497556209259857,0.009355976804610193,,,,,,[],"[null, null, null, null]",,-0.22,,0
2038.TW,海光企業股份有限公司,13.95,2708177152.0,10,Unknown,-0.231,0.013177027503318632,-0.011235607010518418,,,,,,[],"[null, null, null, null]",,-0.231,,0
2049.TW,上銀科技股份有限公司,387.5,137094496256.0,05,Unknown,0.02,0.2875964270661748,0.011761168613160889,,,,,,[],"[null, null, null, null]",,0.02,,0
2059.TW,川湖科技股份有限公司,5215.0,496973840384.0,28,Unknown,0.37799999999999995,0.7563346620713612,0.023417973240432294,,,,,,[],"[null, null, null, null]",,0.37799999999999995,,0
2062.TW,橋椿金屬股份有限公司,18.85,3769889792.0,38,Unknown,0.07,0.10972736520695683,0.03307173707381612,,,,,,[],"[null, null, null, null]",,0.07,,0
2069.TW,運錩鋼鐵股份有限公司,19.6,3261185536.0,10,Unknown,-0.138,0.09358938233647093,0.048901679087398425,,,,,,[],"[null, null, null, null]",,-0.138,,0
2072.TW,世紀離岸風電設備股份有限公司,174.0,33408000000.0,35,Unknown,0.414,0.2842757974399983,0.08409125734494532,,,,,,[],"[null, null, null, null]",,0.414,,0
2101.TW,南港輪胎股份有限公司,32.0,23138217984.0,11,Unknown,1.622,0.2144680217206166,0.0128732873231737,,,,,,[],"[null, null, null, null]",,1.622,,0
2102.TW,泰豐輪胎股份有限公司,17.95,8249353728.0,11,Unknown,-0.076,0.20404209861125738,-0.040886419843900554,,,,,,[],"[null, null, null, null]",,-0.076,,0
2103.TW,台橡股份有限公司,19.45,16060059648.0,11,Unknown,-0.004,0.09985861935232317,0.04766096422368925,,,,,,[],"[null, null, null, null]",,-0.004,,0
2104.TW,國際中橡投資控股股份有限公司,10.5,10184989696.0,11,Unknown,-0.161,-0.05218391636643584,-0.14039188634566332,,,,,,[],"[null, null, null, null]",,-0.161,,0
2105.TW,正新橡膠工業股份有限公司,33.0,106966712320.0,11,Unknown,0.011,0.2272730096710241,0.05840650265521078,,,,,,[],"[null, null, null, null]",,0.011,,0
2106.TW,建大工業股份有限公司,17.05,16280873984.0,11,Unknown,-0.012,0.1916258169670032,0.021718962275304586,,,,,,[],"[null, null, null, null]",,-0.012,,0
2107.TW,厚生股份有限公司,25.65,7787170816.0,11,Unknown,0.221,0.3415000443341018,0.03689874538260155,,,,,,[],"[null, null, null, null]",,0.221,,0
2108.TW,南帝化學工業股份有限公司,27.25,13418362880.0,11,Unknown,0.143,0.2150284836679785,0.18526745419392043,,,,,,[],"[null, null, null, null]",,0.143,,0
2109.TW,華豐橡膠工業股份有限公司,14.05,3924855296.0,11,Unknown,-0.141,0.21909165219718776,0.17753467565252362,,,,,,[],"[null, null, null, null]",,-0.141,,0
2114.TW,鑫永銓股份有限公司,94.4,7362425856.0,11,Unknown,0.094,0.4018674396601139,0.0694559244018709,,,,,,[],"[null, null, null, null]",,0.094,,0
2115.TW,六暉控股股份有限公司,21.65,2259678976.0,12,Unknown,-0.078,0.2097207304845824,0.11739869922584853,,,,,,[],"[null, null, null, null]",,-0.078,,0
2201.TW,裕隆汽車製造股份有限公司,27.85,29589929984.0,12,Unknown,-0.035,0.3226446475989594,0.034463683513093556,,,,,,[],"[null, null, null, null]",,-0.035,,0
2204.TW,中華汽車工業股份有限公司,53.6,29674029056.0,12,Unknown,0.184,0.15148319526070023,0.03414058165520275,,,,,,[],"[null, null, null, null]",,0.184,,0
2206.TW,三陽工業股份有限公司,61.0,47173935104.0,12,Unknown,-0.009,0.2074508891714248,0.0780956831433208,,,,,,[],"[null, null, null, null]",,-0.009,,0
2207.TW,和泰汽車股份有限公司,473.5,263788167168.0,12,Unknown,-0.024,0.1509468939724148,0.026318867701751784,,,,,,[],"[null, null, null, null]",,-0.024,,0
2208.TW,台灣國際造船股份有限公司,18.3,23324069888.0,15,Unknown,0.21,-0.10154614881513041,-0.0676890398535744,,,,,,[],"[null, null, null, null]",,0.21,,0
2211.TW,長榮鋼鐵股份有限公司,93.9,39164846080.0,10,Unknown,0.106,0.27529862410865735,0.08890797406228607,,,,,,[],"[null, null, null, null]",,0.106,,0
2227.TW,裕隆日產汽車股份有限公司,50.0,15000000512.0,12,Unknown,-0.22,0.09469773242568946,-0.06128852714732852,,,,,,[],"[null, null, null, null]",,-0.22,,0
2228.TW,劍麟股份有限公司,85.2,6797255680.0,12,Unknown,-0.043,0.2359574943087153,0.07002452012659381,,,,,,[],"[null, null, null, null]",,-0.043,,0
2231.TW,為升電裝工業股份有限公司,109.0,14816480256.0,12,Unknown,-0.138,0.32620568482241086,-0.004775226425490098,,,,,,[],"[null, null, null, null]",,-0.138,,0
2233.TW,宇隆科技股份有限公司,355.0,21402271744.0,12,Unknown,-0.075,0.30993523848841154,0.018915254981182156,,,,,,[],"[null, null, null, null]",,-0.075,,0
2236.TW,百達精密工業股份有限公司,140.5,8626980864.0,12,Unknown,0.187,0.10682567789083064,-0.0005670777187389508,,,,,,[],"[null, null, null, null]",,0.187,,0
2239.TW,開曼英利工業股份有限公司,24.5,2883958528.0,12,Unknown,-0.10400000000000001,0.10017119241484625,-0.05628056133979482,,,,,,[],"[null, null, null, null]",,-0.10400000000000001,,0
2241.TW,艾姆勒科技股份有限公司,34.65,3624470016.0,12,Unknown,0.239,0.03502737985830191,-0.03282997390277757,,,,,,[],"[null, null, null, null]",,0.239,,0
2243.TW,宏旭控股股份有限公司,29.95,2077577600.0,12,Unknown,1.794,0.14393700678738755,0.04634033665603441,,,,,,[],"[null, null, null, null]",,1.794,,0
2247.TW,汎德永業汽車股份有限公司,217.5,17554206720.0,12,Unknown,-0.319,0.11173538067870031,0.09012207796164735,,,,,,[],"[null, null, null, null]",,-0.319,,0
2248.TW,華勝汽車電子股份有限公司,55.1,2622759936.0,12,Unknown,0.098,0.30730555425094136,0.12895887577546084,,,,,,[],"[null, null, null, null]",,0.098,,0
2250.TW,第一化成控股(開曼)股份有限公司,64.3,2339748608.0,12,Unknown,-0.08200000000000002,0.17008109387598977,0.10354939918778275,,,,,,[],"[null, null, null, null]",,-0.08200000000000002,,0
2254.TW,巨鎧精密工業股份有限公司,67.0,4271585024.0,12,Unknown,-0.834,0.21977909271868334,-0.012579836888561204,,,,,,[],"[null, null, null, null]",,-0.834,,0
2258.TW,鴻華先進科技股份有限公司,32.95,57453256704.0,12,Unknown,-0.533,0.1997179289482893,-0.0700606486438246,,,,,,[],"[null, null, null, null]",,-0.533,,0
2301.TW,光寶科技股份有限公司,234.5,532104806400.0,25,Unknown,0.192,0.2190700565863485,0.032770709136881605,,,,,,[],"[null, null, null, null]",,0.192,,0
2302.TW,麗正國際科技股份有限公司,38.25,6361090048.0,24,Unknown,0.118,0.366291938214735,0.01980004580583196,,,,,,[],"[null, null, null, null]",,0.118,,0
2303.TW,聯華電子股份有限公司,146.0,1831779434496.0,24,Unknown,0.055,0.29608984830874935,0.02602613709671657,,,,,,[],"[null, null, null, null]",,0.055,,0
2305.TW,全友電腦股份有限公司,23.05,4672829440.0,25,Unknown,0.49200000000000005,0.4452032128191215,0.0012051208404115906,,,,,,[],"[null, null, null, null]",,0.49200000000000005,,0
2308.TW,台達電子工業股份有限公司,2420.0,6286055309312.0,28,Unknown,0.34,0.333243571023721,0.011302807873336646,,,,,,[],"[null, null, null, null]",,0.34,,0
2312.TW,金寶電子工業股份有限公司,40.6,61122691072.0,31,Unknown,-0.15,0.06315092762415833,0.04566271405948914,,,,,,[],"[null, null, null, null]",,-0.15,,0
2313.TW,華通電腦股份有限公司,282.0,336093380608.0,28,Unknown,0.168,0.18583413819260555,0.024182647231790057,,,,,,[],"[null, null, null, null]",,0.168,,0
2314.TW,台揚科技股份有限公司,16.15,721722432.0,27,Unknown,0.545,-0.015170096728212316,-0.32217558832532156,,,,,,[],"[null, null, null, null]",,0.545,,0
2316.TW,楠梓電子股份有限公司,166.0,30118211584.0,28,Unknown,0.174,-0.004694774172779668,-0.015521514943159852,,,,,,[],"[null, null, null, null]",,0.174,,0
2317.TW,鴻海精密工業股份有限公司,293.5,4109563592704.0,31,Unknown,0.289,0.061477797778782095,0.059188501225820415,,,,,,[],"[null, null, null, null]",,0.289,,0
2321.TW,東訊股份有限公司,14.95,447811232.0,27,Unknown,-0.015,0.3061871624005386,-0.010712487204757194,,,,,,[],"[null, null, null, null]",,-0.015,,0
2323.TW,中環股份有限公司,10.55,11492625408.0,26,Unknown,0.159,0.2398655045139964,-0.0004446539244828032,,,,,,[],"[null, null, null, null]",,0.159,,0
2324.TW,仁寶電腦工業股份有限公司,40.35,173334691840.0,25,Unknown,0.011,0.056430278169604546,0.0583252089067404,,,,,,[],"[null, null, null, null]",,0.011,,0
2327.TW,國巨股份有限公司,790.0,1626397081600.0,28,Unknown,0.22699999999999998,0.36206887991347264,0.01757772885964703,,,,,,[],"[null, null, null, null]",,0.22699999999999998,,0
2328.TW,廣宇科技股份有限公司,61.0,31619123200.0,28,Unknown,-0.256,0.1221981844613338,0.04302721554779263,,,,,,[],"[null, null, null, null]",,-0.256,,0
2329.TW,華泰電子股份有限公司,61.0,40195850240.0,24,Unknown,0.192,0.14392764608118738,0.03086006697207101,,,,,,[],"[null, null, null, null]",,0.192,,0
2330.TW,台灣積體電路製造股份有限公司,2355.0,61070731378688.0,24,Unknown,0.3509999999999999,0.6187265340458216,0.03685416015019009,,,,,,[],"[null, null, null, null]",,0.3509999999999999,,0
2331.TW,精英電腦股份有限公司,24.4,13600632832.0,25,Unknown,0.407,0.10756631550517265,0.005403569185137253,,,,,,[],"[null, null, null, null]",,0.407,,0
2332.TW,友訊科技股份有限公司,16.7,9966700544.0,27,Unknown,0.031,0.24597219469801007,-0.040968454114976086,,,,,,[],"[null, null, null, null]",,0.031,,0
2337.TW,旺宏電子股份有限公司,167.5,323128623104.0,24,Unknown,0.706,0.1804575343797543,-0.012924266113085205,,,,,,[],"[null, null, null, null]",,0.706,,0
2338.TW,台灣光罩股份有限公司,57.2,18706272256.0,24,Unknown,-0.055,0.07846680784866818,-0.020575226612851338,,,,,,[],"[null, null, null, null]",,-0.055,,0
2340.TW,台亞半導體股份有限公司,36.6,16025968640.0,24,Unknown,-0.013000000000000001,-0.016840322217419827,-0.06618844693129855,,,,,,[],"[null, null, null, null]",,-0.013000000000000001,,0
2342.TW,台灣茂矽電子股份有限公司,41.7,6568781824.0,24,Unknown,-0.174,0.14871360894870486,-0.014449066807115014,,,,,,[],"[null, null, null, null]",,-0.174,,0
2344.TW,華邦電子股份有限公司,168.0,756000030720.0,24,Unknown,0.9129999999999999,0.30247364196206383,0.0014539760185298598,,,,,,[],"[null, null, null, null]",,0.9129999999999999,,0
2345.TW,智邦科技股份有限公司,2510.0,1402859159552.0,27,Unknown,0.64,0.18878552745444177,0.02056913907235334,,,,,,[],"[null, null, null, null]",,0.64,,0
2347.TW,聯強國際股份有限公司,86.5,144277422080.0,29,Unknown,0.38299999999999995,0.042573720772911584,0.05136806071836801,,,,,,[],"[null, null, null, null]",,0.38299999999999995,,0
2348.TW,海悅國際開發股份有限公司,69.9,10606266368.0,20,Unknown,-0.239,0.35999596361432223,0.048779081775866186,,,,,,[],"[null, null, null, null]",,-0.239,,0
2349.TW,錸德科技股份有限公司,14.3,9919619072.0,26,Unknown,-0.043,0.13691939109987125,-0.009748901432540098,,,,,,[],"[null, null, null, null]",,-0.043,,0
2351.TW,順德工業股份有限公司,202.0,36792279040.0,24,Unknown,0.11,0.13321002893551442,0.012845911010043292,,,,,,[],"[null, null, null, null]",,0.11,,0
2352.TW,佳世達科技股份有限公司,30.65,48442523648.0,25,Unknown,0.036,0.1684466361387403,0.03362381382629879,,,,,,[],"[null, null, null, null]",,0.036,,0
2353.TW,宏碁股份有限公司,38.7,116340252672.0,25,Unknown,0.18099999999999997,0.10720161087683336,0.03999512416484866,,,,,,[],"[null, null, null, null]",,0.18099999999999997,,0
2354.TW,鴻準精密工業股份有限公司,62.8,88829673472.0,31,Unknown,-0.158,0.03742531849455897,0.028909656974686372,,,,,,[],"[null, null, null, null]",,-0.158,,0
2355.TW,敬鵬工業股份有限公司,60.2,23929200640.0,28,Unknown,0.05600000000000001,0.11502361846671084,0.02302555774677948,,,,,,[],"[null, null, null, null]",,0.05600000000000001,,0
2356.TW,英業達股份有限公司,77.2,276953038848.0,25,Unknown,0.276,0.05311806114601205,0.040736376707764234,,,,,,[],"[null, null, null, null]",,0.276,,0
2357.TW,華碩電腦股份有限公司,837.0,621690355712.0,25,Unknown,0.4109999999999999,0.1510553212859345,0.06228149486592775,,,,,,[],"[null, null, null, null]",,0.4109999999999999,,0
2359.TW,所羅門股份有限公司,150.5,25791336448.0,31,Unknown,-0.268,0.22658894445108765,0.0029616357879873626,,,,,,[],"[null, null, null, null]",,-0.268,,0
2360.TW,致茂電子股份有限公司,2580.0,1092865228800.0,31,Unknown,0.728,0.6154806261255589,0.008371615801188115,,,,,,[],"[null, null, null, null]",,0.728,,0
2362.TW,藍天電腦股份有限公司,47.25,27310487552.0,25,Unknown,-0.299,0.22388669342274597,0.027381730792293446,,,,,,[],"[null, null, null, null]",,-0.299,,0
2363.TW,矽統科技股份有限公司,67.1,34555703296.0,24,Unknown,1.236,0.3111600039274945,-0.002933184669723678,,,,,,[],"[null, null, null, null]",,1.236,,0
2364.TW,倫飛電腦實業股份有限公司,71.6,3751103232.0,25,Unknown,-0.106,0.3980770290849848,0.055190597272314006,,,,,,[],"[null, null, null, null]",,-0.106,,0
2365.TW,昆盈企業股份有限公司,38.0,8418082816.0,25,Unknown,0.031,0.40975271117115086,0.00787531040981246,,,,,,[],"[null, null, null, null]",,0.031,,0
2367.TW,燿華電子股份有限公司,67.4,47601467392.0,28,Unknown,-0.10100000000000002,0.14862770831816322,0.008456469152330896,,,,,,[],"[null, null, null, null]",,-0.10100000000000002,,0
2368.TW,金像電子(股)公司,1325.0,669625810944.0,28,Unknown,0.601,0.32802567132545263,0.02092274790055976,,,,,,[],"[null, null, null, null]",,0.601,,0
2369.TW,菱生精密工業股份有限公司,39.7,14865391616.0,24,Unknown,0.396,-0.015757180584148107,-0.03067338846340416,,,,,,[],"[null, null, null, null]",,0.396,,0
2371.TW,大同股份有限公司,30.25,61893210112.0,05,Unknown,0.08900000000000001,0.1694621870275428,0.026730609829893188,,,,,,[],"[null, null, null, null]",,0.08900000000000001,,0
2373.TW,震旦行股份有限公司,58.4,13064415232.0,31,Unknown,-0.046,0.4540474843997031,0.05327243399882646,,,,,,[],"[null, null, null, null]",,-0.046,,0
2374.TW,佳能企業股份有限公司,84.7,28627933184.0,26,Unknown,0.78,0.2519134733391467,0.03225956036609009,,,,,,[],"[null, null, null, null]",,0.78,,0
2375.TW,凱美電機股份有限公司,164.0,17822699520.0,28,Unknown,0.113,0.20013647123401695,0.02597991990307066,,,,,,[],"[null, null, null, null]",,0.113,,0
2376.TW,技嘉科技股份有限公司,387.0,259246997504.0,25,Unknown,0.598,0.10442644026921856,0.06454033954303895,,,,,,[],"[null, null, null, null]",,0.598,,0
2377.TW,微星科技股份有限公司,141.5,119547150336.0,25,Unknown,0.051,0.1095264852303466,0.06360534393831346,,,,,,[],"[null, null, null, null]",,0.051,,0
2379.TW,瑞昱半導體股份有限公司,609.0,312333565952.0,24,Unknown,0.04,0.5001670002923727,0.04631874426077549,,,,,,[],"[null, null, null, null]",,0.04,,0
2380.TW,虹光精密工業股份有限公司,5.33,319512160.0,25,Unknown,0.122,0.3053716259987044,0.0769696853517602,,,,,,[],"[null, null, null, null]",,0.122,,0
2382.TW,廣達電腦股份有限公司,372.5,1435808038912.0,25,Unknown,0.666,0.06984658901495215,0.055314188391163845,,,,,,[],"[null, null, null, null]",,0.666,,0
2383.TW,台光電子材料股份有限公司,5070.0,1816687411200.0,28,Unknown,0.525,0.296267010191609,0.01169605858270859,,,,,,[],"[null, null, null, null]",,0.525,,0
2385.TW,群光電子股份有限公司,141.5,102968131584.0,28,Unknown,-0.018,0.1802669372510476,0.08811405929492476,,,,,,[],"[null, null, null, null]",,-0.018,,0
2387.TW,精元電腦股份有限公司,42.45,8214966272.0,25,Unknown,-0.065,0.14413843099505086,0.15508320127598338,,,,,,[],"[null, null, null, null]",,-0.065,,0
2388.TW,威盛電子股份有限公司,74.8,41584009216.0,24,Unknown,0.043,0.22501547175550896,-0.042700923887836355,,,,,,[],"[null, null, null, null]",,0.043,,0
2390.TW,云辰電子開發股份有限公司,11.25,2166968576.0,31,Unknown,-0.165,0.2108459901788278,-0.017022562278800522,,,,,,[],"[null, null, null, null]",,-0.165,,0
2392.TW,正崴精密工業股份有限公司,41.85,19369181184.0,28,Unknown,-0.051,-0.07465780131705725,-0.22693386921126055,,,,,,[],"[null, null, null, null]",,-0.051,,0
2393.TW,億光電子工業股份有限公司,64.4,28554516480.0,26,Unknown,-0.066,0.3108298873393549,0.09898416833585852,,,,,,[],"[null, null, null, null]",,-0.066,,0
2395.TW,研華股份有限公司,517.0,448887324672.0,25,Unknown,0.175,0.4035216539490748,0.0258371382467411,,,,,,[],"[null, null, null, null]",,0.175,,0
2397.TW,友通資訊股份有限公司,64.8,7418878464.0,25,Unknown,0.166,0.27257906172944607,0.09723516258966768,,,,,,[],"[null, null, null, null]",,0.166,,0
2399.TW,映泰股份有限公司,50.2,8940619776.0,25,Unknown,-0.128,0.06456825042599752,-0.018896266239030155,,,,,,[],"[null, null, null, null]",,-0.128,,0
2401.TW,凌陽科技股份有限公司,29.65,17447096320.0,24,Unknown,0.128,0.4656586186660329,-0.006694865000310963,,,,,,[],"[null, null, null, null]",,0.128,,0
2402.TW,毅嘉科技股份有限公司,69.9,21496805376.0,28,Unknown,0.152,0.19278766740938302,0.03871609601013935,,,,,,[],"[null, null, null, null]",,0.152,,0
2404.TW,漢唐集成股份有限公司,1175.0,221941874688.0,31,Unknown,0.762,0.20017053798565912,0.057213025961242066,,,,,,[],"[null, null, null, null]",,0.762,,0
2405.TW,輔信科技股份有限公司,18.4,6319062016.0,25,Unknown,-0.028000000000000004,0.3675527318348985,-0.016366746447967376,,,,,,[],"[null, null, null, null]",,-0.028000000000000004,,0
2406.TW,國碩科技工業股份有限公司,35.9,12597525504.0,26,Unknown,1.403,0.09856947650526844,-0.027344236507261074,,,,,,[],"[null, null, null, null]",,1.403,,0
2408.TW,南亞科技股份有限公司,381.5,1182126571520.0,24,Unknown,5.829,0.19910320453476182,0.0011458346424422674,,,,,,[],"[null, null, null, null]",,5.829,,0
2409.TW,友達光電股份有限公司,23.8,179620954112.0,26,Unknown,-0.043,0.11498300407491452,-0.004371896689324564,,,,,,[],"[null, null, null, null]",,-0.043,,0
2412.TW,中華電信股份有限公司,140.5,1089921286144.0,27,Unknown,0.075,0.36324109408396743,0.045134829169803964,,,,,,[],"[null, null, null, null]",,0.075,,0
2413.TW,環隆科技股份有限公司,53.2,6775498752.0,28,Unknown,0.019,0.15202081824131425,0.0034034366428396853,,,,,,[],"[null, null, null, null]",,0.019,,0
2414.TW,精技電腦股份有限公司,51.5,8329403904.0,29,Unknown,0.292,0.07938800030631672,0.07921322298274283,,,,,,[],"[null, null, null, null]",,0.292,,0
2415.TW,錩新科技股份有限公司,27.15,2443500032.0,28,Unknown,0.145,0.2660087776775425,0.050783829711063995,,,,,,[],"[null, null, null, null]",,0.145,,0
2417.TW,圓剛科技股份有限公司,53.9,6926541824.0,25,Unknown,0.17,0.5565953497675122,0.00257882461502917,,,,,,[],"[null, null, null, null]",,0.17,,0
2419.TW,仲琦科技股份有限公司,33.0,10603467776.0,27,Unknown,0.095,0.18502684225211216,0.023899861394287646,,,,,,[],"[null, null, null, null]",,0.095,,0
2420.TW,新巨企業股份有限公司,63.7,9723722752.0,28,Unknown,0.008,0.4591751112220935,0.06550634467735554,,,,,,[],"[null, null, null, null]",,0.008,,0
2421.TW,建準電機工業股份有限公司,165.0,47196598272.0,28,Unknown,0.206,0.3106032238254913,0.06467345569840925,,,,,,[],"[null, null, null, null]",,0.206,,0
2423.TW,固緯電子實業股份有限公司,80.7,11705292800.0,31,Unknown,0.275,0.5292958046047113,0.04697804130789811,,,,,,[],"[null, null, null, null]",,0.275,,0
2424.TW,隴華電子股份有限公司,12.95,771625728.0,27,Unknown,-0.431,0.17962470771836567,-0.14588593110273848,,,,,,[],"[null, null, null, null]",,-0.431,,0
2425.TW,承啟科技股份有限公司,36.7,3541513472.0,25,Unknown,0.014000000000000002,0.06987144302718054,-0.005200762384540956,,,,,,[],"[null, null, null, null]",,0.014000000000000002,,0
2426.TW,鼎元光電科技股份有限公司,77.0,23147816960.0,26,Unknown,-0.099,0.12376945697492872,-0.0016731228611654855,,,,,,[],"[null, null, null, null]",,-0.099,,0
2427.TW,三商電腦股份有限公司,22.05,4365890560.0,30,Unknown,0.705,0.23948520944559873,0.0717183528728839,,,,,,[],"[null, null, null, null]",,0.705,,0
2428.TW,興勤電子工業股份有限公司,283.0,36255977472.0,28,Unknown,0.083,0.3930865279573292,0.054638286256213565,,,,,,[],"[null, null, null, null]",,0.083,,0
2429.TW,銘旺科技股份有限公司,48.85,4176674816.0,26,Unknown,-0.076,0.03182663599432235,-0.02780473223743415,,,,,,[],"[null, null, null, null]",,-0.076,,0
2430.TW,燦坤實業股份有限公司,18.35,2143280000.0,29,Unknown,-0.011,0.15048157387013075,0.023928534043157722,,,,,,[],"[null, null, null, null]",,-0.011,,0
2431.TW,聯昌電子企業股份有限公司,10.9,1209104256.0,28,Unknown,-0.46,-0.23520365874134821,-0.24663208207963266,,,,,,[],"[null, null, null, null]",,-0.46,,0
2432.TW,倚天酷碁股份有限公司,26.65,1648568960.0,25,Unknown,0.258,0.1343496170299159,0.27969659361536303,,,,,,[],"[null, null, null, null]",,0.258,,0
2433.TW,互盛股份有限公司,43.5,6285576704.0,31,Unknown,0.006,0.3595768831268188,0.05029095249493996,,,,,,[],"[null, null, null, null]",,0.006,,0
2434.TW,統懋半導體股份有限公司,37.15,1374550016.0,24,Unknown,0.06,-0.17481504247985774,-0.04098250777376507,,,,,,[],"[null, null, null, null]",,0.06,,0
2436.TW,偉詮電子股份有限公司,75.9,14972801024.0,24,Unknown,0.317,0.2988679160688666,0.01608625681047545,,,,,,[],"[null, null, null, null]",,0.317,,0
2438.TW,翔耀實業股份有限公司,26.95,1837882240.0,26,Unknown,-0.053,0.346501908941697,-0.024619634618707243,,,,,,[],"[null, null, null, null]",,-0.053,,0
2439.TW,美律實業股份有限公司,91.6,22775873536.0,27,Unknown,0.23799999999999996,0.12390695365552178,0.06934983935862025,,,,,,[],"[null, null, null, null]",,0.23799999999999996,,0
2440.TW,太空梭高傳真資訊科技(股)公司,18.15,2524973312.0,28,Unknown,-0.19400000000000003,0.03803389974282598,0.0023841498164184436,,,,,,[],"[null, null, null, null]",,-0.19400000000000003,,0
2441.TW,超豐電子股份有限公司,137.5,78216331264.0,24,Unknown,0.212,0.20592377094529593,0.03752524847410617,,,,,,[],"[null, null, null, null]",,0.212,,0
2442.TW,新美齊股份有限公司,18.9,5314204160.0,14,Unknown,18.925,0.33737003945814636,0.1578694777070059,,,,,,[],"[null, null, null, null]",,18.925,,0
2444.TW,兆勁科技股份有限公司,12.5,1269619712.0,27,Unknown,-0.307,0.04186735110622896,-0.1243455936323577,,,,,,[],"[null, null, null, null]",,-0.307,,0
2449.TW,京元電子股份有限公司,318.0,388832886784.0,24,Unknown,0.393,0.3584569113023911,0.02228158507007529,,,,,,[],"[null, null, null, null]",,0.393,,0
2450.TW,神腦國際企業股份有限公司,30.8,7954191872.0,27,Unknown,0.151,0.10423897988060636,0.055878377890700326,,,,,,[],"[null, null, null, null]",,0.151,,0
2451.TW,創見資訊股份有限公司,357.5,154214662144.0,24,Unknown,3.569,0.4369852907868843,0.03518040381463468,,,,,,[],"[null, null, null, null]",,3.569,,0
2453.TW,凌群電腦股份有限公司,63.9,6390000128.0,30,Unknown,0.075,0.25161391877129063,0.06080858846203646,,,,,,[],"[null, null, null, null]",,0.075,,0
2454.TW,聯發科技股份有限公司,4555.0,7270281773056.0,24,Unknown,-0.027000000000000003,0.4749936943516825,0.01467913096911997,,,,,,[],"[null, null, null, null]",,-0.027000000000000003,,0
2455.TW,全新光電科技股份有限公司,415.5,76828409856.0,27,Unknown,0.209,0.3699144746102671,0.00826494870355954,,,,,,[],"[null, null, null, null]",,0.209,,0
2457.TW,飛宏科技股份有限公司,26.85,11405128704.0,28,Unknown,-0.072,0.2105786219419458,-0.06396078810950018,,,,,,[],"[null, null, null, null]",,-0.072,,0
2458.TW,義隆電子股份有限公司,167.0,47815942144.0,24,Unknown,-0.05800000000000001,0.4865067945487846,0.06309908656135577,,,,,,[],"[null, null, null, null]",,-0.05800000000000001,,0
2459.TW,敦吉科技股份有限公司,67.3,7106611200.0,31,Unknown,0.064,0.28423090299744075,0.09028070866375627,,,,,,[],"[null, null, null, null]",,0.064,,0
2460.TW,建通精密工業股份有限公司,32.8,5549760000.0,28,Unknown,0.623,-0.002521302754011715,-0.05559128615926757,,,,,,[],"[null, null, null, null]",,0.623,,0
2461.TW,光群雷射科技股份有限公司,16.8,3375347712.0,31,Unknown,-0.008,0.20697337651220585,0.00028858739217271334,,,,,,[],"[null, null, null, null]",,-0.008,,0
2462.TW,台灣良得電子股份有限公司,23.1,3483121664.0,28,Unknown,-0.003,0.1314287528968992,0.02355711152842278,,,,,,[],"[null, null, null, null]",,-0.003,,0
2464.TW,盟立自動化股份有限公司,199.0,41063895040.0,31,Unknown,0.079,0.18625608314250505,-0.0023223679756465164,,,,,,[],"[null, null, null, null]",,0.079,,0
2465.TW,麗臺科技股份有限公司,88.5,8314223616.0,25,Unknown,0.966,0.10082956706029716,0.013697304471661745,,,,,,[],"[null, null, null, null]",,0.966,,0
2466.TW,冠西電子企業股份有限公司,47.0,8152559104.0,26,Unknown,-0.221,0.0049881250171223135,-0.030663695823297386,,,,,,[],"[null, null, null, null]",,-0.221,,0
2467.TW,志聖工業股份有限公司,637.0,97379901440.0,28,Unknown,0.308,0.4274142614583118,0.008710738411186131,,,,,,[],"[null, null, null, null]",,0.308,,0
2468.TW,華經資訊企業股份有限公司,36.5,2553576448.0,30,Unknown,-0.195,0.09873346588954136,0.035955290451547404,,,,,,[],"[null, null, null, null]",,-0.195,,0
2471.TW,資通電腦股份有限公司,54.6,2580068352.0,30,Unknown,0.115,0.41282617524359483,0.08086616476621962,,,,,,[],"[null, null, null, null]",,0.115,,0
2472.TW,立隆電子工業股份有限公司,392.0,64576172032.0,28,Unknown,0.09300000000000001,0.32040733447166614,0.03635634098109287,,,,,,[],"[null, null, null, null]",,0.09300000000000001,,0
2474.TW,可成科技股份有限公司,223.5,120426504192.0,31,Unknown,-0.132,0.3255246644633624,0.023120095940070366,,,,,,[],"[null, null, null, null]",,-0.132,,0
2476.TW,鉅祥企業股份有限公司,122.0,26605881344.0,28,Unknown,0.317,0.31122974159561956,0.04977198387677494,,,,,,[],"[null, null, null, null]",,0.317,,0
2477.TW,美隆工業股份有限公司,22.15,3512391680.0,31,Unknown,-0.033,0.2555171616123535,0.042690422249891634,,,,,,[],"[null, null, null, null]",,-0.033,,0
2478.TW,大毅科技股份有限公司,144.0,20553314304.0,28,Unknown,0.096,0.21469854684458445,0.027436240200584064,,,,,,[],"[null, null, null, null]",,0.096,,0
2480.TW,敦陽科技股份有限公司,161.0,17123959808.0,30,Unknown,0.171,0.2394566819454253,0.06172661426584714,,,,,,[],"[null, null, null, null]",,0.171,,0
2481.TW,強茂股份有限公司,157.0,59992039424.0,24,Unknown,0.114,0.31258486765914795,0.016682249838401105,,,,,,[],"[null, null, null, null]",,0.114,,0
2482.TW,連宇股份有限公司,16.75,1304540288.0,31,Unknown,0.024,0.4241183529815149,-0.12098072739067027,,,,,,[],"[null, null, null, null]",,0.024,,0
2483.TW,百容電子股份有限公司,25.5,2739133440.0,28,Unknown,0.141,0.0917332500745072,-0.03275904578278155,,,,,,[],"[null, null, null, null]",,0.141,,0
2484.TW,希華晶體科技股份有限公司,53.2,8481198592.0,28,Unknown,-0.067,0.18701349793992317,0.011528906550147752,,,,,,[],"[null, null, null, null]",,-0.067,,0
2485.TW,兆赫電子股份有限公司,72.6,23064219648.0,27,Unknown,1.496,0.04297854905332132,-0.01659087608309875,,,,,,[],"[null, null, null, null]",,1.496,,0
2486.TW,一詮精密工業股份有限公司,266.5,62007889920.0,26,Unknown,0.199,0.14216100472031462,0.0020890129462215806,,,,,,[],"[null, null, null, null]",,0.199,,0
2488.TW,漢平電子工業股份有限公司,54.1,4327945728.0,31,Unknown,0.037,0.223860791032548,0.1022384556149746,,,,,,[],"[null, null, null, null]",,0.037,,0
2489.TW,瑞軒科技股份有限公司,48.65,29676500992.0,26,Unknown,0.09300000000000001,0.09706072308196038,0.01668743618723578,,,,,,[],"[null, null, null, null]",,0.09300000000000001,,0
2491.TW,吉祥全球實業股份有限公司,25.6,2099404800.0,26,Unknown,-0.187,0.26523713953734024,-0.0691791327467501,,,,,,[],"[null, null, null, null]",,-0.187,,0
2492.TW,華新科技股份有限公司,416.0,201678782464.0,28,Unknown,0.091,0.17360679141925758,0.008665800282265443,,,,,,[],"[null, null, null, null]",,0.091,,0
2493.TW,揚博科技股份有限公司,153.0,27356399616.0,28,Unknown,0.012,0.30342751324127176,0.026156976485949248,,,,,,[],"[null, null, null, null]",,0.012,,0
2495.TW,普安科技股份有限公司,50.9,13923771392.0,25,Unknown,0.3509999999999999,0.4308440266502512,0.0035972477184451667,,,,,,[],"[null, null, null, null]",,0.3509999999999999,,0
2496.TW,卓越成功股份有限公司,64.7,1235795840.0,20,Unknown,0.06,0.5345822682477016,0.12038785597358098,,,,,,[],"[null, null, null, null]",,0.06,,0
2497.TW,怡利電子工業股份有限公司,65.6,8586231808.0,12,Unknown,-0.134,0.2558699780718052,0.050773588425307735,,,,,,[],"[null, null, null, null]",,-0.134,,0
2498.TW,宏達國際電子股份有限公司,45.5,38043643904.0,27,Unknown,-0.079,0.358863252595442,-0.08995733010996533,,,,,,[],"[null, null, null, null]",,-0.079,,0
2501.TW,國泰建設股份有限公司,22.95,26611924992.0,14,Unknown,-0.068,0.2775889515494807,0.07066972350770638,,,,,,[],"[null, null, null, null]",,-0.068,,0
2504.TW,國產建材實業股份有限公司,35.5,41779380224.0,14,Unknown,0.007000000000000001,0.2742209064469968,0.09879189792193233,,,,,,[],"[null, null, null, null]",,0.007000000000000001,,0
2505.TW,國揚實業股份有限公司,17.45,6631000064.0,14,Unknown,-0.38,0.28303575799697017,0.06280482858117857,,,,,,[],"[null, null, null, null]",,-0.38,,0
2506.TW,太平洋建設股份有限公司,8.72,3152768512.0,14,Unknown,-0.04,0.45275241050161286,0.00677961991641261,,,,,,[],"[null, null, null, null]",,-0.04,,0
2509.TW,全坤建設開發股份有限公司,12.3,2761971200.0,14,Unknown,-0.072,0.30603198856308644,-0.01160495404553228,,,,,,[],"[null, null, null, null]",,-0.072,,0
2511.TW,太子建設開發股份有限公司,7.81,12673059840.0,14,Unknown,0.268,0.27676497127272615,0.025769637614640767,,,,,,[],"[null, null, null, null]",,0.268,,0
2514.TW,龍邦國際興業股份有限公司,13.65,4888342016.0,20,Unknown,0.151,0.13313594893310576,0.16442837769353705,,,,,,[],"[null, null, null, null]",,0.151,,0
2515.TW,中華工程股份有限公司,12.8,20581158912.0,14,Unknown,0.35600000000000004,0.07639119829230337,0.021801492001399386,,,,,,[],"[null, null, null, null]",,0.35600000000000004,,0
2516.TW,新亞建設開發股份有限公司,12.6,2851109120.0,14,Unknown,-0.268,0.04009423974633235,0.1909495953171957,,,,,,[],"[null, null, null, null]",,-0.268,,0
2520.TW,冠德建設股份有限公司,30.9,18219321344.0,14,Unknown,0.029000000000000005,0.22455066991491918,0.12358238157614214,,,,,,[],"[null, null, null, null]",,0.029000000000000005,,0
2524.TW,京城建設股份有限公司,35.45,12974116864.0,14,Unknown,-0.653,0.4568967417287453,0.03920801888734987,,,,,,[],"[null, null, null, null]",,-0.653,,0
2527.TW,宏璟建設股份有限公司,36.75,9619617792.0,14,Unknown,24.973,0.4837975294476544,0.0008109729648021401,,,,,,[],"[null, null, null, null]",,24.973,,0
2528.TW,皇普建設股份有限公司,20.15,8785318912.0,14,Unknown,-0.996,0.30306318703865703,0.1658892577776242,,,,,,[],"[null, null, null, null]",,-0.996,,0
2530.TW,大華建設股份有限公司,19.7,16572738560.0,14,Unknown,0.156,0.4095522932416404,0.07412122358843447,,,,,,[],"[null, null, null, null]",,0.156,,0
2534.TW,宏盛建設股份有限公司,17.3,8182916608.0,14,Unknown,-0.8859999999999999,0.4086120185477039,0.0550400688888327,,,,,,[],"[null, null, null, null]",,-0.8859999999999999,,0
2535.TW,達欣工程股份有限公司,82.4,21415079936.0,14,Unknown,0.556,0.11300398293814823,0.07357544945624173,,,,,,[],"[null, null, null, null]",,0.556,,0
2536.TW,宏普建設股份有限公司,19.75,6572972032.0,14,Unknown,0.025,0.21079014481675185,0.06886325804618305,,,,,,[],"[null, null, null, null]",,0.025,,0
2537.TW,聯上開發股份有限公司,10.05,3020606720.0,14,Unknown,2.981,0.30884668874670934,0.026029470908175124,,,,,,[],"[null, null, null, null]",,2.981,,0
2538.TW,基泰建設股份有限公司,9.64,4290045952.0,14,Unknown,-0.027000000000000003,0.835165570894873,0.0024333956396058003,,,,,,[],"[null, null, null, null]",,-0.027000000000000003,,0
2539.TW,櫻花建設股份有限公司,36.7,43786866688.0,14,Unknown,-0.55,0.40992972416615603,0.10747286744773424,,,,,,[],"[null, null, null, null]",,-0.55,,0
2540.TW,愛山林建設開發股份有限公司,54.2,51212169216.0,14,Unknown,-0.493,0.20612915878832225,0.013107550918109934,,,,,,[],"[null, null, null, null]",,-0.493,,0
2542.TW,興富發建設股份有限公司,42.6,89968549888.0,14,Unknown,0.369,0.2991224879288598,0.025798138792491723,,,,,,[],"[null, null, null, null]",,0.369,,0
2543.TW,皇昌營造股份有限公司,47.0,24512520192.0,14,Unknown,0.139,0.18700714987711875,0.06311937396824892,,,,,,[],"[null, null, null, null]",,0.139,,0
2545.TW,皇翔建設股份有限公司,36.95,14031208448.0,14,Unknown,0.355,0.40453342593171643,0.026776311353858356,,,,,,[],"[null, null, null, null]",,0.355,,0
2546.TW,根基營造股份有限公司,87.3,11394762752.0,14,Unknown,0.086,0.08524547698309594,0.24849684218583953,,,,,,[],"[null, null, null, null]",,0.086,,0
2547.TW,日勝生活科技股份有限公司,9.92,10268139520.0,14,Unknown,0.19,0.5065977724880038,0.024864529356113486,,,,,,[],"[null, null, null, null]",,0.19,,0
2548.TW,華固建設股份有限公司,122.5,39140917248.0,14,Unknown,366.244,0.29136230055920903,0.06566190563757458,,,,,,[],"[null, null, null, null]",,366.244,,0
2597.TW,潤弘精密工程事業股份有限公司,166.5,51734212608.0,14,Unknown,0.195,0.17407100223311425,0.07493675413342395,,,,,,[],"[null, null, null, null]",,0.195,,0
2601.TW,益航股份有限公司,5.76,4750710272.0,18,Unknown,-0.51,0.14523574362255776,0.005393212177967133,,,,,,[],"[null, null, null, null]",,-0.51,,0
2603.TW,長榮海運股份有限公司,224.0,484969611264.0,15,Unknown,-0.213,0.24449140445484555,0.15576619613891907,,,,,,[],"[null, null, null, null]",,-0.213,,0
2605.TW,新興航運股份有限公司,33.2,19433730048.0,15,Unknown,0.444,0.2603301275848715,0.04045833354429744,,,,,,[],"[null, null, null, null]",,0.444,,0
2606.TW,裕民航運股份有限公司,71.9,60759511040.0,15,Unknown,0.133,0.2879862109364462,0.041011018995705244,,,,,,[],"[null, null, null, null]",,0.133,,0
2607.TW,長榮國際儲運股份有限公司,48.55,25904850944.0,15,Unknown,-0.137,0.2165022641711805,0.08012363793019517,,,,,,[],"[null, null, null, null]",,-0.137,,0
2608.TW,嘉里大榮物流股份有限公司,29.4,13729800192.0,15,Unknown,0.017,0.17878944387707013,0.07706515698489876,,,,,,[],"[null, null, null, null]",,0.017,,0
2609.TW,陽明海運股份有限公司,54.9,191716524032.0,15,Unknown,-0.151,0.14921028518949184,0.1422141483832784,,,,,,[],"[null, null, null, null]",,-0.151,,0
2610.TW,中華航空股份有限公司,19.55,118900129792.0,15,Unknown,0.08,0.17723866525126966,0.12060171766026519,,,,,,[],"[null, null, null, null]",,0.08,,0
2611.TW,志信國際股份有限公司,13.65,2579877120.0,15,Unknown,1.104,0.31651123622253435,0.0038228963760546923,,,,,,[],"[null, null, null, null]",,1.104,,0
2612.TW,中國航運股份有限公司,57.3,11315867648.0,15,Unknown,0.009,0.3272054294041973,0.05545621471395789,,,,,,[],"[null, null, null, null]",,0.009,,0
2613.TW,中國貨櫃運輸股份有限公司,22.8,3129892608.0,15,Unknown,0.018,0.1696700174487732,0.043962537738091695,,,,,,[],"[null, null, null, null]",,0.018,,0
2614.TW,東森國際股份有限公司,18.7,6119855104.0,20,Unknown,-0.038,0.3370913752854981,0.030156407532568513,,,,,,[],"[null, null, null, null]",,-0.038,,0
2615.TW,萬海航運股份有限公司,84.4,236838748160.0,15,Unknown,-0.09300000000000001,0.2815501348684195,0.1712033386241295,,,,,,[],"[null, null, null, null]",,-0.09300000000000001,,0
2616.TW,山隆通運股份有限公司,13.65,1855428096.0,23,Unknown,-0.012,0.06929381478209694,-0.14936423475046964,,,,,,[],"[null, null, null, null]",,-0.012,,0
2617.TW,台灣航業股份有限公司,29.65,12372767744.0,15,Unknown,0.057,0.4196582361644113,0.09124699980794582,,,,,,[],"[null, null, null, null]",,0.057,,0
2618.TW,長榮航空股份有限公司,37.7,203596759040.0,15,Unknown,0.10100000000000002,0.2343310655107873,0.18444696099259741,,,,,,[],"[null, null, null, null]",,0.10100000000000002,,0
2630.TW,亞洲航空股份有限公司,43.7,9152440320.0,15,Unknown,-0.129,0.10350451311029664,0.029150347268363973,,,,,,[],"[null, null, null, null]",,-0.129,,0
2633.TW,台灣高速鐵路股份有限公司,25.1,141270155264.0,15,Unknown,0.039,0.43687499828642085,0.059530833228875375,,,,,,[],"[null, null, null, null]",,0.039,,0
2634.TW,漢翔航空工業股份有限公司,47.75,44974149632.0,15,Unknown,0.006,0.07142276077629187,0.01693014076631446,,,,,,[],"[null, null, null, null]",,0.006,,0
2636.TW,台驊國際控股股份有限公司,69.8,9559894016.0,15,Unknown,-0.13,0.15845104699698842,0.08284897311689272,,,,,,[],"[null, null, null, null]",,-0.13,,0
2637.TW,慧洋海運股份有限公司,78.8,58817032192.0,15,Unknown,0.286,0.25008060783243313,0.00217604318768697,,,,,,[],"[null, null, null, null]",,0.286,,0
2642.TW,台灣宅配通股份有限公司,20.95,2000033664.0,15,Unknown,-0.163,0.06905001363810226,-0.056134493346433355,,,,,,[],"[null, null, null, null]",,-0.163,,0
2645.TW,長榮航太科技股份有限公司,172.5,64613494784.0,15,Unknown,0.131,0.2033426140940862,0.04505016043710406,,,,,,[],"[null, null, null, null]",,0.131,,0
2646.TW,星宇航空股份有限公司,20.7,62280814592.0,15,Unknown,0.229,0.15224868024529034,0.01588764622090533,,,,,,[],"[null, null, null, null]",,0.229,,0
2701.TW,萬華企業股份有限公司,10.3,4634670592.0,16,Unknown,-0.025,0.7885812372294816,0.0367152162213548,,,,,,[],"[null, null, null, null]",,-0.025,,0
2702.TW,華園飯店股份有限公司,13.5,2114275328.0,16,Unknown,0.021,0.8705828335579394,0.027711141197793318,,,,,,[],"[null, null, null, null]",,0.021,,0
2704.TW,國賓大飯店股份有限公司,42.3,15520856064.0,16,Unknown,0.11200000000000002,0.3000731308926202,0.0005657740963520951,,,,,,[],"[null, null, null, null]",,0.11200000000000002,,0
2705.TW,六福開發股份有限公司,15.3,2927088896.0,16,Unknown,-0.013000000000000001,0.32688335327939966,0.013226065211665562,,,,,,[],"[null, null, null, null]",,-0.013000000000000001,,0
2706.TW,第一華僑大飯店股份有限公司,11.9,5949976064.0,16,Unknown,0.012,0.7822718650093522,0.04534313228835831,,,,,,[],"[null, null, null, null]",,0.012,,0
2707.TW,晶華國際酒店股份有限公司,173.5,22104420352.0,16,Unknown,0.049,0.32662404356325864,0.067493804699451,,,,,,[],"[null, null, null, null]",,0.049,,0
2712.TW,遠雄悅來大飯店股份有限公司,15.35,1611750016.0,16,Unknown,-0.024,0.1915983801719639,-0.018359295633634726,,,,,,[],"[null, null, null, null]",,-0.024,,0
2722.TW,夏都國際開發股份有限公司,22.5,3221318144.0,16,Unknown,-0.015,0.31932688945545656,-0.023561640713815214,,,,,,[],"[null, null, null, null]",,-0.015,,0
2723.TW,開曼美食達人股份有限公司,62.1,11177999360.0,16,Unknown,-0.16699999999999998,0.5944581984646857,0.05902018432743374,,,,,,[],"[null, null, null, null]",,-0.16699999999999998,,0
2727.TW,王品餐飲股份有限公司,236.0,19554750464.0,16,Unknown,0.095,0.47459188586568224,0.0844348411988174,,,,,,[],"[null, null, null, null]",,0.095,,0
2731.TW,雄獅旅行社股份有限公司,169.5,15810621440.0,16,Unknown,0.138,0.16839075100772882,0.17604021958081323,,,,,,[],"[null, null, null, null]",,0.138,,0
2739.TW,寒舍餐旅管理顧問股份有限公司,35.35,3235443968.0,16,Unknown,0.017,0.39869993943805243,0.035679422827146874,,,,,,[],"[null, null, null, null]",,0.017,,0
2748.TW,雲品國際酒店股份有限公司,39.4,4167692800.0,16,Unknown,-0.006,0.3212956357143152,0.06903342376058201,,,,,,[],"[null, null, null, null]",,-0.006,,0
2753.TW,八方雲集國際股份有限公司,177.0,11796164608.0,16,Unknown,0.039,0.35966108064981045,0.08251507617622546,,,,,,[],"[null, null, null, null]",,0.039,,0
2762.TW,世界健身股份有限公司,85.5,9338480640.0,37,Unknown,0.133,0.17289253399381008,0.033743738437960684,,,,,,[],"[null, null, null, null]",,0.133,,0
2801.TW,彰化商業銀行股份有限公司,20.45,240615669760.0,17,Unknown,0.14,0.0,0.0,,,,,,[],"[null, null, null, null]",,0.14,,0
2812.TW,台中商業銀行股份有限公司,18.4,110797914112.0,17,Unknown,0.076,0.0,0.0,,,,,,[],"[null, null, null, null]",,0.076,,0
2816.TW,旺旺友聯產物保險股份有限公司,33.3,7446146048.0,17,Unknown,0.204,0.0,0.31962048049984737,,,,,,[],"[null, null, null, null]",,0.204,,0
2820.TW,中華票券金融股份有限公司,16.75,22494580736.0,17,Unknown,0.578,0.0,0.0,,,,,,[],"[null, null, null, null]",,0.578,,0
2832.TW,台灣產物保險股份有限公司,53.6,13589758976.0,17,Unknown,0.366,0.0,0.0,,,,,,[],"[null, null, null, null]",,0.366,,0
2834.TW,臺灣中小企業銀行股份有限公司,16.2,157432610816.0,17,Unknown,0.102,0.0,0.0,,,,,,[],"[null, null, null, null]",,0.102,,0
2836.TW,高雄銀行股份有限公司,11.7,21527029760.0,17,Unknown,0.083,0.0,0.0,,,,,,[],"[null, null, null, null]",,0.083,,0
2838.TW,聯邦商業銀行股份有限公司,20.5,88981323776.0,17,Unknown,0.265,0.0,0.0,,,,,,[],"[null, null, null, null]",,0.265,,0
2845.TW,遠東國際商業銀行股份有限公司,12.1,58869952512.0,17,Unknown,0.077,0.0,0.0,,,,,,[],"[null, null, null, null]",,0.077,,0
2849.TW,安泰商業銀行股份有限公司,14.0,27406530560.0,17,Unknown,0.413,0.0,0.0,,,,,,[],"[null, null, null, null]",,0.413,,0
2850.TW,新光產物保險股份有限公司,142.5,45024768000.0,17,Unknown,0.069,0.0,0.0,,,,,,[],"[null, null, null, null]",,0.069,,0
2851.TW,中央再保險股份有限公司,35.15,28133664768.0,17,Unknown,0.299,0.0,0.18942018793261814,,,,,,[],"[null, null, null, null]",,0.299,,0
2852.TW,第一產物保險股份有限公司,27.1,8161539072.0,17,Unknown,0.256,0.0,0.1775103640109623,,,,,,[],"[null, null, null, null]",,0.256,,0
2855.TW,統一綜合證券股份有限公司,48.2,77188202496.0,17,Unknown,2.695,0.9201881805854575,0.030484389173460687,,,,,,[],"[null, null, null, null]",,2.695,,0
2867.TW,三商美邦人壽保險股份有限公司,7.63,45013192704.0,17,Unknown,-0.9739999999999999,0.0,0.0,,,,,,[],"[null, null, null, null]",,-0.9739999999999999,,0
2880.TW,華南金融控股股份有限公司,32.85,457172287488.0,17,Unknown,0.253,0.0,0.0,,,,,,[],"[null, null, null, null]",,0.253,,0
2881.TW,富邦金融控股股份有限公司,110.5,1510062292992.0,17,Unknown,0.24,0.0,0.0,,,,,,[],"[null, null, null, null]",,0.24,,0
2882.TW,國泰金融控股股份有限公司,88.2,1293824294912.0,17,Unknown,-0.688,0.0,0.0,,,,,,[],"[null, null, null, null]",,-0.688,,0
2883.TW,凱基金融控股股份有限公司,22.65,384480280576.0,17,Unknown,1.505,0.0,0.0,,,,,,[],"[null, null, null, null]",,1.505,,0
2884.TW,玉山金融控股股份有限公司,31.45,508672311296.0,17,Unknown,0.146,0.0,0.0,,,,,,[],"[null, null, null, null]",,0.146,,0
2885.TW,元大金融控股股份有限公司,59.2,789204107264.0,17,Unknown,0.6510000000000001,0.953487023340098,0.04904492388569852,,,,,,[],"[null, null, null, null]",,0.6510000000000001,,0
2886.TW,兆豐金融控股股份有限公司,41.45,614843547648.0,17,Unknown,0.12,0.0,0.0,,,,,,[],"[null, null, null, null]",,0.12,,0
2887.TW,台新新光金融控股股份有限公司,24.6,611710402560.0,17,Unknown,1.659,0.0,0.0,,,,,,[],"[null, null, null, null]",,1.659,,0
2889.TW,國票金融控股股份有限公司,14.75,53595058176.0,17,Unknown,0.515,0.0,0.0,,,,,,[],"[null, null, null, null]",,0.515,,0
2890.TW,永豐金融控股股份有限公司,30.45,441291210752.0,17,Unknown,0.392,0.0,0.0,,,,,,[],"[null, null, null, null]",,0.392,,0
2891.TW,中國信託金融控股股份有限公司,62.1,1221992382464.0,17,Unknown,0.18899999999999997,0.0,0.0,,,,,,[],"[null, null, null, null]",,0.18899999999999997,,0
2892.TW,第一金融控股股份有限公司,27.75,399030255616.0,17,Unknown,0.132,0.0,0.0,,,,,,[],"[null, null, null, null]",,0.132,,0
2897.TW,王道商業銀行股份有限公司,9.94,27657242624.0,17,Unknown,0.254,0.0,0.0,,,,,,[],"[null, null, null, null]",,0.254,,0
2901.TW,欣欣大眾市場股份有限公司,23.5,1716517504.0,18,Unknown,0.098,0.8521288881750528,0.01622537795830544,,,,,,[],"[null, null, null, null]",,0.098,,0
2903.TW,遠東百貨股份有限公司,21.9,30851272704.0,18,Unknown,-0.003,0.5778113795577889,0.04940642092466728,,,,,,[],"[null, null, null, null]",,-0.003,,0
2904.TW,匯僑股份有限公司,14.2,1105248896.0,20,Unknown,-0.172,0.31278983618253164,0.05714835281282729,,,,,,[],"[null, null, null, null]",,-0.172,,0
2905.TW,三商投資控股股份有限公司,13.7,14429918208.0,18,Unknown,-0.691,0.7949197760675998,0.0,,,,,,[],"[null, null, null, null]",,-0.691,,0
2906.TW,高林實業股份有限公司,12.55,2624418304.0,18,Unknown,0.092,0.29460026742545337,0.054561037642408806,,,,,,[],"[null, null, null, null]",,0.092,,0
2908.TW,特力股份有限公司,21.55,10988086272.0,18,Unknown,0.099,0.25348897877302884,0.005931995833527211,,,,,,[],"[null, null, null, null]",,0.099,,0
2910.TW,統領百貨股份有限公司,22.0,3858866176.0,18,Unknown,-0.12300000000000001,0.8815892026206332,0.040547966378413396,,,,,,[],"[null, null, null, null]",,-0.12300000000000001,,0
2911.TW,麗嬰房股份有限公司,7.68,807367680.0,18,Unknown,-0.32300000000000006,0.3613020938871279,-0.43980185816231276,,,,,,[],"[null, null, null, null]",,-0.32300000000000006,,0
2912.TW,統一超商股份有限公司,227.5,236514066432.0,18,Unknown,0.046,0.3421033919464323,0.039968891510279145,,,,,,[],"[null, null, null, null]",,0.046,,0
2913.TW,台灣農林股份有限公司,11.1,8769000448.0,18,Unknown,-0.073,0.38596895813410287,-0.0014008320766362463,,,,,,[],"[null, null, null, null]",,-0.073,,0
2915.TW,潤泰全球股份有限公司,45.25,48314585088.0,18,Unknown,-0.355,0.4260945471250464,0.0029293822271924926,,,,,,[],"[null, null, null, null]",,-0.355,,0
2923.TW,鼎固控股有限公司,25.7,44725633024.0,14,Unknown,1.537,0.5017206092283598,-0.061846252237782284,,,,,,[],"[null, null, null, null]",,1.537,,0
2929.TW,淘帝國際控股有限公司,5.79,633970240.0,18,Unknown,-0.313,0.08553631063177489,0.0,,,,,,[],"[null, null, null, null]",,-0.313,,0
2939.TW,永邑國際集團股份有限公司,21.0,956529024.0,18,Unknown,-0.172,0.08693779137334527,-0.2612120518942464,,,,,,[],"[null, null, null, null]",,-0.172,,0
2945.TW,三商家購股份有限公司,41.7,2814749952.0,18,Unknown,0.105,0.2731984853326978,0.03821506191230865,,,,,,[],"[null, null, null, null]",,0.105,,0
3002.TW,歐格電子股份有限公司,19.45,1983102592.0,25,Unknown,0.299,0.18297016678956526,-0.032446988674456424,,,,,,[],"[null, null, null, null]",,0.299,,0
3003.TW,健和興端子股份有限公司,62.1,9666168832.0,28,Unknown,-0.016,0.22165985571318247,0.03607940261472503,,,,,,[],"[null, null, null, null]",,-0.016,,0
3004.TW,豐達科技股份有限公司,123.5,7949077504.0,10,Unknown,0.287,0.2445240930043531,0.046122359660904104,,,,,,[],"[null, null, null, null]",,0.287,,0
3005.TW,神基控股股份有限公司,107.0,66801172480.0,25,Unknown,-0.026000000000000002,0.3180589793449802,0.10944348581324918,,,,,,[],"[null, null, null, null]",,-0.026000000000000002,,0
3006.TW,晶豪科技股份有限公司,250.0,70935248896.0,24,Unknown,1.503,0.16608157343152677,0.0037490806730882203,,,,,,[],"[null, null, null, null]",,1.503,,0
3008.TW,大立光電股份有限公司,3835.0,501611102208.0,26,Unknown,0.066,0.5389625110425935,0.06640685881101163,,,,,,[],"[null, null, null, null]",,0.066,,0
3010.TW,華立企業股份有限公司,138.5,35932008448.0,29,Unknown,0.174,0.08076184632007005,0.07269285938047944,,,,,,[],"[null, null, null, null]",,0.174,,0
3011.TW,今皓實業股份有限公司,14.5,1879881472.0,28,Unknown,-0.364,0.05284345996257838,-0.1283058719938682,,,,,,[],"[null, null, null, null]",,-0.364,,0
3013.TW,晟銘電子科技股份有限公司,123.5,25334667264.0,25,Unknown,0.21899999999999997,0.17675829231055296,0.04466196047902242,,,,,,[],"[null, null, null, null]",,0.21899999999999997,,0
3014.TW,聯陽半導體股份有限公司,152.5,25313036288.0,24,Unknown,0.007000000000000001,0.5514468050926433,0.08026078195906944,,,,,,[],"[null, null, null, null]",,0.007000000000000001,,0
3015.TW,全漢企業股份有限公司,55.2,10336860160.0,28,Unknown,0.004,0.17134856143312185,0.019048161045279535,,,,,,[],"[null, null, null, null]",,0.004,,0
3016.TW,嘉晶電子股份有限公司,126.0,36356292608.0,24,Unknown,0.18099999999999997,0.0787561110857009,0.0005042009700967118,,,,,,[],"[null, null, null, null]",,0.18099999999999997,,0
3017.TW,奇鋐科技股份有限公司,2785.0,1093232295936.0,25,Unknown,1.102,0.25805047003867004,0.025931934325952997,,,,,,[],"[null, null, null, null]",,1.102,,0
3018.TW,隆銘綠能科技工程股份有限公司,9.54,719103360.0,31,Unknown,-0.587,-0.07390620204299542,-0.20281924353201275,,,,,,[],"[null, null, null, null]",,-0.587,,0
3019.TW,亞洲光學股份有限公司,155.0,43282804736.0,26,Unknown,0.148,0.1877583978253366,0.07277234978739808,,,,,,[],"[null, null, null, null]",,0.148,,0
3021.TW,鴻名企業股份有限公司,33.1,3140858880.0,28,Unknown,-0.005,0.15556906496687897,0.03565396490605152,,,,,,[],"[null, null, null, null]",,-0.005,,0
3022.TW,威強電工業電腦股份有限公司,75.9,13403772928.0,25,Unknown,-0.10400000000000001,0.33459306195276156,0.052177687590122625,,,,,,[],"[null, null, null, null]",,-0.10400000000000001,,0
3023.TW,信邦電子股份有限公司,318.0,76341944320.0,28,Unknown,0.016,0.24233087669476258,0.046306637831349924,,,,,,[],"[null, null, null, null]",,0.016,,0
3024.TW,憶聲電子股份有限公司,14.0,3880205056.0,26,Unknown,-0.8030000000000002,0.24502693094684433,0.030152771998437338,,,,,,[],"[null, null, null, null]",,-0.8030000000000002,,0
3025.TW,星通資訊股份有限公司,72.5,4113432576.0,27,Unknown,0.4040000000000001,0.6811466109110118,0.04926752282347537,,,,,,[],"[null, null, null, null]",,0.4040000000000001,,0
3026.TW,禾伸堂企業股份有限公司,672.0,111478292480.0,28,Unknown,0.064,0.18041934278868435,0.00829767513784082,,,,,,[],"[null, null, null, null]",,0.064,,0
3027.TW,盛達電業股份有限公司,19.75,2547986944.0,27,Unknown,-0.354,0.15926106697951836,-0.043514787705466684,,,,,,[],"[null, null, null, null]",,-0.354,,0
3028.TW,增你強股份有限公司,81.1,19240243200.0,29,Unknown,0.958,0.07311315753317829,0.046256166172082815,,,,,,[],"[null, null, null, null]",,0.958,,0
3029.TW,零壹科技股份有限公司,105.5,17429127168.0,30,Unknown,0.017,0.12673784026483406,0.09802617902338501,,,,,,[],"[null, null, null, null]",,0.017,,0
3030.TW,德律科技股份有限公司,408.0,96376127488.0,31,Unknown,0.258,0.5938082121030617,0.029484655566551318,,,,,,[],"[null, null, null, null]",,0.258,,0
3031.TW,佰鴻工業股份有限公司,32.4,5611785216.0,26,Unknown,0.127,0.2911572524645402,0.01977875082339024,,,,,,[],"[null, null, null, null]",,0.127,,0
3032.TW,偉訓科技股份有限公司,91.0,10308992000.0,28,Unknown,0.162,0.21849255921445296,0.05348838256682232,,,,,,[],"[null, null, null, null]",,0.162,,0
3033.TW,威健實業股份有限公司,48.85,23581114368.0,29,Unknown,0.196,0.04282012556727998,0.04284595908971163,,,,,,[],"[null, null, null, null]",,0.196,,0
3034.TW,聯詠科技股份有限公司,496.5,302125940736.0,24,Unknown,-0.147,0.3844991484281912,0.07414179876390921,,,,,,[],"[null, null, null, null]",,-0.147,,0
3035.TW,智原科技股份有限公司,211.0,54976118784.0,24,Unknown,-0.652,0.2850372182614004,0.014042486621506216,,,,,,[],"[null, null, null, null]",,-0.652,,0
3036.TW,文曄科技股份有限公司,287.5,365949353984.0,29,Unknown,0.998,0.041552961362890016,0.04582870189243951,,,,,,[],"[null, null, null, null]",,0.998,,0
3037.TW,欣興電子股份有限公司,1050.0,1653245214720.0,28,Unknown,0.245,0.13937926750598947,0.004031748137715793,,,,,,[],"[null, null, null, null]",,0.245,,0
3038.TW,全台晶像股份有限公司,23.8,3251936768.0,26,Unknown,-0.068,0.2302464774580233,0.060618476213825226,,,,,,[],"[null, null, null, null]",,-0.068,,0
3040.TW,遠見科技股份有限公司,41.65,2622992128.0,20,Unknown,0.092,0.5794934368084397,0.0022739930093371315,,,,,,[],"[null, null, null, null]",,0.092,,0
3041.TW,揚智科技股份有限公司,25.65,3596736512.0,24,Unknown,0.09700000000000002,0.2863475931001298,-0.14264402424362285,,,,,,[],"[null, null, null, null]",,0.09700000000000002,,0
3042.TW,台灣晶技股份有限公司,202.5,68848582656.0,28,Unknown,0.055,0.33035963035458876,0.030185260514516844,,,,,,[],"[null, null, null, null]",,0.055,,0
3043.TW,科風股份有限公司,21.55,839932800.0,31,Unknown,-0.267,0.21690995686808942,-0.017234597263300767,,,,,,[],"[null, null, null, null]",,-0.267,,0
3044.TW,健鼎科技股份有限公司,518.0,272263921664.0,28,Unknown,0.22400000000000003,0.2587557344043772,0.05110087822216651,,,,,,[],"[null, null, null, null]",,0.22400000000000003,,0
3045.TW,台灣大哥大股份有限公司,114.0,345495470080.0,27,Unknown,0.033,0.20605165860962263,0.05032185596664953,,,,,,[],"[null, null, null, null]",,0.033,,0
3046.TW,建碁股份有限公司,64.0,5020673024.0,25,Unknown,0.011,0.08424009358354073,0.10673995890446628,,,,,,[],"[null, null, null, null]",,0.011,,0
3047.TW,訊舟科技股份有限公司,15.45,3449505792.0,27,Unknown,-0.554,0.2757547437002204,-0.07862008247759639,,,,,,[],"[null, null, null, null]",,-0.554,,0
3048.TW,益登科技股份有限公司,68.4,18456358912.0,29,Unknown,0.172,0.034109931089246995,0.06765509173332086,,,,,,[],"[null, null, null, null]",,0.172,,0
3049.TW,精金科技股份有限公司,13.1,10506338304.0,26,Unknown,-0.704,-0.2951863032876179,-0.045024862303903096,,,,,,[],"[null, null, null, null]",,-0.704,,0
3050.TW,鈺德科技股份有限公司,12.75,1976045952.0,26,Unknown,0.053,0.3323861835013633,0.014509409761103619,,,,,,[],"[null, null, null, null]",,0.053,,0
3051.TW,力特光電科技股份有限公司,28.8,4752000000.0,26,Unknown,-0.177,0.3237104497030062,0.04472419353227229,,,,,,[],"[null, null, null, null]",,-0.177,,0
3052.TW,夆典科技開發股份有限公司,10.65,2172437760.0,14,Unknown,0.134,0.1257816600270458,0.061078037264673174,,,,,,[],"[null, null, null, null]",,0.134,,0
3054.TW,立萬利創新股份有限公司,68.5,5524596224.0,02,Unknown,6.437,0.3769506883494933,-0.013605471952000481,,,,,,[],"[null, null, null, null]",,6.437,,0
3055.TW,蔚華科技股份有限公司,108.5,12231413760.0,29,Unknown,0.264,0.20309651145100702,-0.03156500678846134,,,,,,[],"[null, null, null, null]",,0.264,,0
3056.TW,富華創新股份有限公司,13.4,6439437312.0,14,Unknown,-0.915,0.22031544739189116,0.07687490321872635,,,,,,[],"[null, null, null, null]",,-0.915,,0
3057.TW,喬鼎資訊股份有限公司,22.4,1520167680.0,25,Unknown,0.241,0.33074591076475124,-0.09948806655602745,,,,,,[],"[null, null, null, null]",,0.241,,0
3058.TW,立德電子股份有限公司,9.36,1875507968.0,28,Unknown,0.031,0.093344908216811,-0.11588309114720328,,,,,,[],"[null, null, null, null]",,0.031,,0
3059.TW,華晶科技股份有限公司,46.45,14288809984.0,26,Unknown,0.09,0.26846895253343145,0.0319002066696095,,,,,,[],"[null, null, null, null]",,0.09,,0
3060.TW,銘異科技股份有限公司,29.65,4078748928.0,25,Unknown,0.074,0.12302540646733885,0.006777303112336619,,,,,,[],"[null, null, null, null]",,0.074,,0
3062.TW,建漢科技股份有限公司,31.1,10138973184.0,27,Unknown,0.282,0.04668271480695099,-0.05271098307613482,,,,,,[],"[null, null, null, null]",,0.282,,0
3090.TW,日電貿股份有限公司,233.5,67146928128.0,28,Unknown,0.184,0.16439410485034664,0.0230207659821282,,,,,,[],"[null, null, null, null]",,0.184,,0
3092.TW,鴻碩精密電工股份有限公司,31.95,3407443456.0,28,Unknown,-0.094,0.04384699160156071,-0.12424972938243933,,,,,,[],"[null, null, null, null]",,-0.094,,0
3094.TW,聯傑國際股份有限公司,34.0,2825981440.0,24,Unknown,-0.024,0.7565137731949977,-1.670956629534879e-05,,,,,,[],"[null, null, null, null]",,-0.024,,0
3130.TW,一零四資訊科技股份有限公司,221.5,7351739904.0,36,Unknown,0.044,0.8611973286340266,0.07665889710396452,,,,,,[],"[null, null, null, null]",,0.044,,0
3135.TW,凌航科技股份有限公司,250.5,22475233280.0,24,Unknown,0.515,0.10042532964735074,0.024062173515709426,,,,,,[],"[null, null, null, null]",,0.515,,0
3138.TW,耀登科技股份有限公司,167.0,8295428608.0,27,Unknown,0.222,0.4067102062458503,0.009127704910481493,,,,,,[],"[null, null, null, null]",,0.222,,0
3149.TW,正達國際光電股份有限公司,78.3,17714092032.0,26,Unknown,0.19699999999999998,-0.10530772560089857,-0.032169614905004744,,,,,,[],"[null, null, null, null]",,0.19699999999999998,,0
3150.TW,鈺寶科技股份有限公司,20.4,905290752.0,24,Unknown,-0.05600000000000001,0.44600168977685006,-0.020655868657505662,,,,,,[],"[null, null, null, null]",,-0.05600000000000001,,0
3164.TW,景岳生物科技股份有限公司,16.4,1410569984.0,22,Unknown,0.107,0.6271580568702662,0.04126324452346931,,,,,,[],"[null, null, null, null]",,0.107,,0
3167.TW,大量科技股份有限公司,786.0,70359957504.0,05,Unknown,0.566,0.39169469806340645,0.014224194441314515,,,,,,[],"[null, null, null, null]",,0.566,,0
3168.TW,眾福科技股份有限公司,48.95,3676127744.0,26,Unknown,0.065,0.25188817793181684,0.1109296724389426,,,,,,[],"[null, null, null, null]",,0.065,,0
3189.TW,景碩科技股份有限公司,774.0,407832821760.0,24,Unknown,0.288,0.211287863494323,0.006492749081093502,,,,,,[],"[null, null, null, null]",,0.288,,0
3209.TW,全科科技股份有限公司,75.3,17724956672.0,29,Unknown,0.188,0.052452745499630186,0.06047048925088488,,,,,,[],"[null, null, null, null]",,0.188,,0
3229.TW,晟鈦股份有限公司,54.4,3495907328.0,28,Unknown,0.458,0.064665672992928,-0.00039107959628016545,,,,,,[],"[null, null, null, null]",,0.458,,0
3231.TW,緯創資通股份有限公司,174.0,553391685632.0,25,Unknown,1.443,0.06127692016265045,0.10392889959050798,,,,,,[],"[null, null, null, null]",,1.443,,0
3257.TW,虹冠電子工業股份有限公司,66.7,5306957824.0,24,Unknown,0.596,0.5058582871389544,0.03942402195779775,,,,,,[],"[null, null, null, null]",,0.596,,0
3266.TW,昇陽建設企業股份有限公司,13.0,4580085760.0,14,Unknown,1.027,0.3218741127417093,0.022829650247978305,,,,,,[],"[null, null, null, null]",,1.027,,0
3296.TW,勝德國際研發股份有限公司,21.8,2108583168.0,28,Unknown,-0.117,0.21150993826113143,0.024557242618232264,,,,,,[],"[null, null, null, null]",,-0.117,,0
3305.TW,昇貿科技股份有限公司,167.5,23500032000.0,31,Unknown,0.625,0.13268944164700994,0.029035463584680277,,,,,,[],"[null, null, null, null]",,0.625,,0
3308.TW,聯德電子股份有限公司,21.1,1266003840.0,28,Unknown,-0.042,0.46621021934829465,-0.01858253203626443,,,,,,[],"[null, null, null, null]",,-0.042,,0
3311.TW,閎暉實業股份有限公司,35.95,3595000064.0,27,Unknown,-0.132,0.12119875648997941,0.011924213858520816,,,,,,[],"[null, null, null, null]",,-0.132,,0
3312.TW,弘憶國際股份有限公司,55.1,10062662656.0,29,Unknown,-0.008,0.052762381541557844,0.04389012262045753,,,,,,[],"[null, null, null, null]",,-0.008,,0
3321.TW,同泰電子科技股份有限公司,19.8,1705052544.0,28,Unknown,-0.035,0.06103973419473583,-0.0662264273223487,,,,,,[],"[null, null, null, null]",,-0.035,,0
3338.TW,泰碩電子股份有限公司,80.7,7006869504.0,28,Unknown,-0.083,0.19982047792873162,0.029512960756412587,,,,,,[],"[null, null, null, null]",,-0.083,,0
3346.TW,麗清科技股份有限公司,23.55,2837265152.0,12,Unknown,-0.147,0.10541807452947191,0.00494606587105262,,,,,,[],"[null, null, null, null]",,-0.147,,0
3356.TW,奇偶科技股份有限公司,62.2,4972371968.0,26,Unknown,0.081,0.5025488492630277,0.008636139734986129,,,,,,[],"[null, null, null, null]",,0.081,,0
3376.TW,新日興股份有限公司,215.0,42089222144.0,28,Unknown,-0.161,0.1395465603143568,0.003999639335047472,,,,,,[],"[null, null, null, null]",,-0.161,,0
3380.TW,明泰科技股份有限公司,38.8,21018679296.0,27,Unknown,0.175,0.1757652004388963,-0.002155391077960335,,,,,,[],"[null, null, null, null]",,0.175,,0
3406.TW,玉晶光電股份有限公司,603.0,67984068608.0,26,Unknown,0.154,0.32649041711069876,0.07736887699338713,,,,,,[],"[null, null, null, null]",,0.154,,0
3413.TW,京鼎精密科技股份有限公司,316.5,34995720192.0,24,Unknown,0.142,0.2514619756775612,0.09631178502068688,,,,,,[],"[null, null, null, null]",,0.142,,0
3416.TW,融程電訊股份有限公司,184.0,14810527744.0,25,Unknown,0.182,0.3989865477653961,0.04546291643524391,,,,,,[],"[null, null, null, null]",,0.182,,0
3419.TW,譁裕實業股份有限公司,14.25,1716854272.0,27,Unknown,0.054000000000000006,0.11405223962936548,-0.121549783162707,,,,,,[],"[null, null, null, null]",,0.054000000000000006,,0
3432.TW,台端興業股份有限公司,18.8,793923968.0,28,Unknown,3.714,0.15917035205963578,-0.04745612311130258,,,,,,[],"[null, null, null, null]",,3.714,,0
3437.TW,榮創能源科技股份有限公司,24.35,3519743744.0,26,Unknown,-0.23,0.03845913860814071,-0.16801258954879658,,,,,,[],"[null, null, null, null]",,-0.23,,0
3443.TW,創意電子股份有限公司,4655.0,623821193216.0,24,Unknown,0.63,0.2652016149467998,0.006640426992982217,,,,,,[],"[null, null, null, null]",,0.63,,0
3447.TW,展達通訊股份有限公司,38.6,2989531392.0,27,Unknown,0.08900000000000001,0.10688320098846202,0.037140133291674295,,,,,,[],"[null, null, null, null]",,0.08900000000000001,,0
3450.TW,聯鈞光電股份有限公司,539.0,78522056704.0,24,Unknown,-0.243,0.2976938688073076,0.020656597424811927,,,,,,[],"[null, null, null, null]",,-0.243,,0
3481.TW,群創光電股份有限公司,56.1,447737069568.0,26,Unknown,0.192,0.08228903546027169,-0.009243461874354562,,,,,,[],"[null, null, null, null]",,0.192,,0
3494.TW,誠研科技股份有限公司,8.05,763140032.0,25,Unknown,0.177,0.11582138937121333,-0.07673754423541038,,,,,,[],"[null, null, null, null]",,0.177,,0
3501.TW,維熹科技股份有限公司,41.3,4884051456.0,28,Unknown,-0.138,0.2004000104695881,0.10657211230934785,,,,,,[],"[null, null, null, null]",,-0.138,,0
3504.TW,揚明光學股份有限公司,78.4,8942286848.0,26,Unknown,0.054000000000000006,0.1689894074787771,-0.008294399089568508,,,,,,[],"[null, null, null, null]",,0.054000000000000006,,0
3515.TW,華擎科技股份有限公司,253.5,31318415360.0,25,Unknown,0.278,0.140606468793433,0.10447813065419329,,,,,,[],"[null, null, null, null]",,0.278,,0
3518.TW,柏騰科技股份有限公司,31.9,3271568384.0,31,Unknown,-0.162,0.06789266712930835,-0.04398743295532904,,,,,,[],"[null, null, null, null]",,-0.162,,0
3528.TW,安馳科技股份有限公司,129.0,8594753536.0,29,Unknown,1.029,0.11148416819691878,0.054106954548746804,,,,,,[],"[null, null, null, null]",,1.029,,0
3530.TW,晶相光電股份有限公司,68.0,5268361216.0,24,Unknown,0.564,0.1305035102637521,-0.028351335748747538,,,,,,[],"[null, null, null, null]",,0.564,,0
3532.TW,台塑勝高科技股份有限公司,350.5,135940825088.0,24,Unknown,0.109,0.1473997858977232,0.006436448583042331,,,,,,[],"[null, null, null, null]",,0.109,,0
3533.TW,嘉澤端子工業股份有限公司,2675.0,300195676160.0,28,Unknown,0.201,0.5130825599581996,0.03582658613789047,,,,,,[],"[null, null, null, null]",,0.201,,0
3535.TW,晶彩科技股份有限公司,134.5,10632494080.0,26,Unknown,2.307,0.40383724647230357,-0.010883896605003994,,,,,,[],"[null, null, null, null]",,2.307,,0
3543.TW,州巧科技股份有限公司,36.0,3933467904.0,26,Unknown,-0.06,0.1007001495396623,-0.07520978031486428,,,,,,[],"[null, null, null, null]",,-0.06,,0
3545.TW,敦泰電子股份有限公司,59.6,12787371008.0,24,Unknown,-0.17299999999999996,0.24808461936654788,-0.01504756897785839,,,,,,[],"[null, null, null, null]",,-0.17299999999999996,,0
3550.TW,聯穎科技股份有限公司,21.45,2306947584.0,28,Unknown,0.21600000000000003,0.14941025732526506,-0.02934648852992714,,,,,,[],"[null, null, null, null]",,0.21600000000000003,,0
3557.TW,嘉威生活股份有限公司,23.9,2015138816.0,38,Unknown,-0.285,0.33872521329027044,0.03165074075248359,,,,,,[],"[null, null, null, null]",,-0.285,,0
3563.TW,牧德科技股份有限公司,825.0,52767707136.0,26,Unknown,0.09,0.6127184383578556,0.0211198638452059,,,,,,[],"[null, null, null, null]",,0.09,,0
3576.TW,聯合再生能源股份有限公司,18.5,30094485504.0,26,Unknown,-0.469,-0.21786999107189747,-0.04198075901991832,,,,,,[],"[null, null, null, null]",,-0.469,,0
3583.TW,辛耘企業股份有限公司,867.0,69672828928.0,24,Unknown,0.109,0.3349094849449952,0.024551658669485176,,,,,,[],"[null, null, null, null]",,0.109,,0
3588.TW,通嘉科技股份有限公司,63.6,3942766336.0,24,Unknown,0.152,0.339873787984278,0.004768018418309487,,,,,,[],"[null, null, null, null]",,0.152,,0
3591.TW,艾笛森光電股份有限公司,25.85,3670245888.0,26,Unknown,-0.182,0.22741009186960798,0.015962829068337417,,,,,,[],"[null, null, null, null]",,-0.182,,0
3592.TW,瑞鼎科技股份有限公司,285.0,21618739200.0,24,Unknown,-0.067,0.2874610813390085,0.08108793463023463,,,,,,[],"[null, null, null, null]",,-0.067,,0
3593.TW,力銘科技股份有限公司,16.85,1024908800.0,28,Unknown,-0.446,0.010265102842405519,-0.11627990083390999,,,,,,[],"[null, null, null, null]",,-0.446,,0
3596.TW,智易科技股份有限公司,193.5,42638499840.0,27,Unknown,0.006,0.15268168030858575,0.0880390987647935,,,,,,[],"[null, null, null, null]",,0.006,,0
3605.TW,宏致電子股份有限公司,79.2,13729563648.0,28,Unknown,0.095,0.2600180651936354,0.042441181486943286,,,,,,[],"[null, null, null, null]",,0.095,,0
3607.TW,谷崧精密工業股份有限公司,16.2,1970924544.0,28,Unknown,-0.003,0.10255411062616906,-0.05488206770166558,,,,,,[],"[null, null, null, null]",,-0.003,,0
3617.TW,碩天科技股份有限公司,212.0,20090402816.0,31,Unknown,-0.144,0.5363565144418887,0.11064180330009635,,,,,,[],"[null, null, null, null]",,-0.144,,0
3622.TW,洋華光電股份有限公司,58.4,8837561344.0,26,Unknown,-0.028000000000000004,0.4439611435339959,0.055547060582788584,,,,,,[],"[null, null, null, null]",,-0.028000000000000004,,0
3645.TW,達邁科技股份有限公司,107.0,14632669184.0,28,Unknown,0.016,0.26864059759804554,0.016877741351958613,,,,,,[],"[null, null, null, null]",,0.016,,0
3652.TW,精聯電子股份有限公司,36.4,2733567232.0,25,Unknown,0.10100000000000002,0.3420810132858396,0.04771624686242584,,,,,,[],"[null, null, null, null]",,0.10100000000000002,,0
3653.TW,健策精密工業股份有限公司,3840.0,563453952000.0,28,Unknown,0.11600000000000002,0.4159679401478932,0.011720591352010432,,,,,,[],"[null, null, null, null]",,0.11600000000000002,,0
3661.TW,世芯電子股份有限公司,4855.0,398553382912.0,24,Unknown,-0.601,0.26367298525788513,0.014726871238988864,,,,,,[],"[null, null, null, null]",,-0.601,,0
3665.TW,貿聯控股(BizLink Holding Inc.),2120.0,413567483904.0,31,Unknown,0.294,0.31726967735690986,0.029925966982072102,,,,,,[],"[null, null, null, null]",,0.294,,0
3669.TW,圓展科技股份有限公司,41.6,3865471744.0,27,Unknown,0.235,0.5840002971895042,0.036814465295685564,,,,,,[],"[null, null, null, null]",,0.235,,0
3673.TW,"TPK Holding Co., Ltd.",89.5,36396429312.0,26,Unknown,0.305,0.06288026747085487,0.024375062534910237,,,,,,[],"[null, null, null, null]",,0.305,,0
3679.TW,新至陞科技股份有限公司,124.5,7846267392.0,28,Unknown,-0.153,0.3281669261971755,0.16982645163826315,,,,,,[],"[null, null, null, null]",,-0.153,,0
3686.TW,達能科技股份有限公司,17.6,1346312064.0,24,Unknown,0.257,-0.007352941176470587,-0.021472810746416552,,,,,,[],"[null, null, null, null]",,0.257,,0
3694.TW,海華科技股份有限公司,68.9,10674623488.0,27,Unknown,0.266,0.1461523992766045,0.06620312493467465,,,,,,[],"[null, null, null, null]",,0.266,,0
3701.TW,大眾全球投資控股股份有限公司,55.7,13180736512.0,25,Unknown,-0.29,0.1746602682057251,0.0003240559983829431,,,,,,[],"[null, null, null, null]",,-0.29,,0
3702.TW,大聯大控股股份有限公司,118.5,198976192512.0,29,Unknown,0.272,0.0395750833665811,0.0615329667668181,,,,,,[],"[null, null, null, null]",,0.272,,0
3703.TW,欣陸投資控股股份有限公司,20.4,16793606144.0,14,Unknown,-0.141,0.12002923122251302,0.035235686563388956,,,,,,[],"[null, null, null, null]",,-0.141,,0
3704.TW,合勤投資控股股份有限公司,46.8,18932326400.0,27,Unknown,-0.103,0.2581981839495447,0.05294553087561388,,,,,,[],"[null, null, null, null]",,-0.103,,0
3705.TW,永信國際投資控股股份有限公司,56.0,14916440064.0,22,Unknown,-0.155,0.4352313208897863,0.08865147951960284,,,,,,[],"[null, null, null, null]",,-0.155,,0
3706.TW,神達控股股份有限公司,93.5,124094324736.0,25,Unknown,0.3459999999999999,0.11347138349682549,0.046287465736703705,,,,,,[],"[null, null, null, null]",,0.3459999999999999,,0
3708.TW,上緯國際投資控股股份有限公司,119.0,10714567680.0,35,Unknown,-0.393,0.19445048876163365,-0.022727844617852756,,,,,,[],"[null, null, null, null]",,-0.393,,0
3711.TW,日月光投資控股股份有限公司,601.0,2637123026944.0,24,Unknown,0.172,0.18505037067828767,0.021149938761493976,,,,,,[],"[null, null, null, null]",,0.172,,0
3712.TW,永崴投資控股股份有限公司,19.9,4900215808.0,25,Unknown,-0.192,-0.47813501133636793,-0.3937056864758752,,,,,,[],"[null, null, null, null]",,-0.192,,0
3714.TW,富采控股股份有限公司,71.6,52744720384.0,26,Unknown,-0.069,0.05700976183590766,-0.0838680057427979,,,,,,[],"[null, null, null, null]",,-0.069,,0
3715.TW,定穎投資控股股份有限公司,182.0,51610574848.0,28,Unknown,0.236,0.19667009351938025,0.01817092520582947,,,,,,[],"[null, null, null, null]",,0.236,,0
3716.TW,中化控股股份有限公司,34.4,5027250176.0,22,Unknown,-0.012,0.38708206064494133,0.05877310776373208,,,,,,[],"[null, null, null, null]",,-0.012,,0
3717.TW,聯嘉光電投資控股股份有限公司,22.4,4655737856.0,12,Unknown,0.033,0.14707450326339938,0.009592432760280111,,,,,,[],"[null, null, null, null]",,0.033,,0
4104.TW,佳醫健康事業股份有限公司,70.1,13204558848.0,22,Unknown,0.09,0.21325755731214863,0.05795104348277916,,,,,,[],"[null, null, null, null]",,0.09,,0
4106.TW,雃博股份有限公司,24.4,2462243072.0,22,Unknown,0.048,0.4590035818680615,0.08258944835326262,,,,,,[],"[null, null, null, null]",,0.048,,0
4108.TW,懷特生技新藥股份有限公司,12.15,2413220864.0,22,Unknown,0.13,0.30683034121983116,-0.07453868732625984,,,,,,[],"[null, null, null, null]",,0.13,,0
4119.TW,旭富製藥科技股份有限公司,41.9,5007411712.0,22,Unknown,0.043,0.2612337391718513,0.02616208603966094,,,,,,[],"[null, null, null, null]",,0.043,,0
4133.TW,亞諾法生技股份有限公司,21.0,1271634048.0,22,Unknown,-0.029000000000000005,0.4435281626193072,0.01914828448163747,,,,,,[],"[null, null, null, null]",,-0.029000000000000005,,0
4137.TW,麗豐股份有限公司,106.5,8785435648.0,22,Unknown,0.151,0.8208929245994551,0.09213339358825441,,,,,,[],"[null, null, null, null]",,0.151,,0
4142.TW,國光生物科技股份有限公司,17.2,7249937920.0,22,Unknown,0.368,0.20584145141530402,-0.040940991190202114,,,,,,[],"[null, null, null, null]",,0.368,,0
4148.TW,全宇生技控股有限公司,30.4,2043974400.0,22,Unknown,-0.037,0.28126942380578246,0.21657100040695187,,,,,,[],"[null, null, null, null]",,-0.037,,0
4155.TW,訊映光電股份有限公司,14.65,2065561984.0,22,Unknown,-0.069,0.275815960341709,0.04277735034657546,,,,,,[],"[null, null, null, null]",,-0.069,,0
4164.TW,承業生醫投資控股股份有限公司,28.55,5576129024.0,22,Unknown,0.152,0.24645775377948767,0.03987647490681043,,,,,,[],"[null, null, null, null]",,0.152,,0
4169.TW,泰宗生物科技股份有限公司,158.5,10529410048.0,22,Unknown,0.0,0.4608012065888873,-0.0006565150812541294,,,,,,[],"[null, null, null, null]",,0.0,,0
4178.TW,永笙生技股份有限公司,18.9,4057924352.0,22,Unknown,-0.113,0.29700724054706357,-0.10216886336803817,,,,,,[],"[null, null, null, null]",,-0.113,,0
4190.TW,佐登妮絲集團股份有限公司,24.3,1444489216.0,22,Unknown,-0.08900000000000001,0.6414541155992023,-0.015004934649292928,,,,,,[],"[null, null, null, null]",,-0.08900000000000001,,0
4195.TW,基龍米克斯生物科技股份有限公司,16.75,1340000896.0,22,Unknown,0.247,0.26329383096180825,-0.06268911381762017,,,,,,[],"[null, null, null, null]",,0.247,,0
4306.TW,炎洲股份有限公司,14.25,9376015360.0,03,Unknown,0.091,0.1529595908429261,0.01936480014700927,,,,,,[],"[null, null, null, null]",,0.091,,0
4414.TW,如興股份有限公司,7.86,2073434880.0,04,Unknown,-0.081,0.19663161752895522,0.08788770477854857,,,,,,[],"[null, null, null, null]",,-0.081,,0
4426.TW,利勤實業股份有限公司,7.76,1339975808.0,04,Unknown,-0.06,-0.18514327096396319,-0.11809815200157607,,,,,,[],"[null, null, null, null]",,-0.06,,0
4438.TW,廣越企業股份有限公司,61.1,6884225536.0,04,Unknown,0.007000000000000001,0.11031815372237191,-0.000872364336864028,,,,,,[],"[null, null, null, null]",,0.007000000000000001,,0
4439.TW,冠星集團控股有限公司,91.8,3453072128.0,04,Unknown,0.021,0.17929807375123702,0.09443261876714333,,,,,,[],"[null, null, null, null]",,0.021,,0
4440.TW,宜新實業股份有限公司,17.75,1199864448.0,04,Unknown,0.298,0.11825441880518538,0.04204531724941097,,,,,,[],"[null, null, null, null]",,0.298,,0
4441.TW,振大環球股份有限公司,210.5,14351047680.0,04,Unknown,0.252,0.23059483889097662,0.08325255189161317,,,,,,[],"[null, null, null]",,0.252,,0
4526.TW,東台精機股份有限公司,42.8,10778195968.0,05,Unknown,-0.292,0.15776871750494714,-0.039701771231247414,,,,,,[],"[null, null, null, null]",,-0.292,,0
4532.TW,瑞智精密股份有限公司,24.3,11813568512.0,05,Unknown,-0.08900000000000001,0.166607047666106,0.07630136682606044,,,,,,[],"[null, null, null, null]",,-0.08900000000000001,,0
4536.TW,拓凱實業股份有限公司,162.0,14712840192.0,37,Unknown,-0.297,0.3531193986952678,0.15925912712320367,,,,,,[],"[null, null, null, null]",,-0.297,,0
4540.TW,全球傳動科技股份有限公司,75.4,8685078528.0,05,Unknown,0.671,0.0962861373875194,-0.02856666576261094,,,,,,[],"[null, null, null, null]",,0.671,,0
4545.TW,銘鈺精密工業股份有限公司,42.05,3237849856.0,28,Unknown,-0.113,0.15683444231736296,0.01288612029323367,,,,,,[],"[null, null, null, null]",,-0.113,,0
4551.TW,智伸科技股份有限公司,153.5,17686577152.0,12,Unknown,0.131,0.2314002775697347,0.06445632011682753,,,,,,[],"[null, null, null, null]",,0.131,,0
4552.TW,力達控股有限公司,20.55,2383799808.0,05,Unknown,-0.05600000000000001,0.1943606340594186,1.0430335702560791,,,,,,[],"[null, null, null, null]",,-0.05600000000000001,,0
4555.TW,台灣氣立股份有限公司,57.1,3967707648.0,05,Unknown,0.037,0.3006858246218583,0.006686364517535754,,,,,,[],"[null, null, null, null]",,0.037,,0
4557.TW,永新控股股份有限公司,42.65,2045999104.0,12,Unknown,-0.193,0.29571609320917264,0.21743128647401166,,,,,,[],"[null, null, null, null]",,-0.193,,0
4560.TW,強信機械科技股份有限公司,32.35,2202945536.0,05,Unknown,0.031,0.3570447193337636,0.17271482436282695,,,,,,[],"[null, null, null, null]",,0.031,,0
4562.TW,穎漢科技股份有限公司,45.55,0.0,05,Unknown,-0.083,0.36426715949364263,-0.14690807041998816,,,,,,[],"[null, null, null, null]",,-0.083,,0
4564.TW,元翎精密工業股份有限公司,15.65,3643136768.0,05,Unknown,-0.284,-0.2029834412567513,-0.07848668008717548,,,,,,[],"[null, null, null, null]",,-0.284,,0
4566.TW,時碩工業股份有限公司,71.6,7868005888.0,05,Unknown,0.08200000000000002,0.2214610839859744,0.02173988311987632,,,,,,[],"[null, null, null, null]",,0.08200000000000002,,0
4569.TW,六方科技股份有限公司,170.5,5182517760.0,12,Unknown,0.066,0.20832338419589147,0.030673573819989693,,,,,,[],"[null, null, null, null]",,0.066,,0
4571.TW,鈞興機電國際股份有限公司,217.5,11292547072.0,05,Unknown,-0.11899999999999998,0.32770834957880324,0.050924038683525845,,,,,,[],"[null, null, null, null]",,-0.11899999999999998,,0
4572.TW,駐龍精密機械股份有限公司,149.0,5960000000.0,05,Unknown,0.064,0.345415247479001,0.02240041598151078,,,,,,[],"[null, null, null, null]",,0.064,,0
4576.TW,大銀微系統股份有限公司,263.0,31507886080.0,05,Unknown,0.455,0.3650773826825923,0.01013127788927641,,,,,,[],"[null, null, null, null]",,0.455,,0
4581.TW,World Known MFG(Cayman)Limited,49.8,1688170112.0,12,Unknown,-0.013000000000000001,0.3316403966957362,0.12350295535484515,,,,,,[],"[null, null, null, null]",,-0.013000000000000001,,0
4582.TW,聚恆科技股份有限公司,26.15,1973801984.0,35,Unknown,1.16,0.18939996757901872,0.019954884976836423,,,,,,[],"[null, null, null, null]",,1.16,,0
4583.TW,台灣精銳科技股份有限公司,715.0,57322516480.0,05,Unknown,0.057,0.5279912477143115,0.017447167279441546,,,,,,[],"[null, null, null, null]",,0.057,,0
4585.TW,達明機器人股份有限公司,371.5,38862241792.0,31,Unknown,-0.024,0.5098515719542615,0.002876842722236023,,,,,,[],"[null, null, null, null]",,-0.024,,0
4588.TW,玖鼎電力資訊股份有限公司,58.0,2493129984.0,31,Unknown,-0.081,0.33219165801898326,0.060444545606779976,,,,,,[],"[null, null, null, null]",,-0.081,,0
4590.TW,富田電機股份有限公司,73.0,4003203072.0,05,Unknown,-0.258,0.2979277834924949,0.021366082891498994,,,,,,[],"[null, null, null, null]",,-0.258,,0
4720.TW,德淵企業股份有限公司,25.4,2908706304.0,21,Unknown,0.028000000000000004,0.23030374696378242,0.037102917092612694,,,,,,[],"[null, null, null, null]",,0.028000000000000004,,0
4722.TW,國精化學股份有限公司,286.0,29384497152.0,21,Unknown,-0.03,0.16821701100978761,0.007011829621648718,,,,,,[],"[null, null, null, null]",,-0.03,,0
4736.TW,泰博科技股份有限公司,124.0,11661018112.0,22,Unknown,0.1,0.4595939281654505,0.08666814041095479,,,,,,[],"[null, null, null, null]",,0.1,,0
4737.TW,華廣生技股份有限公司,56.9,4397531136.0,22,Unknown,-0.158,0.34146312278770447,-0.028893916186036456,,,,,,[],"[null, null, null, null]",,-0.158,,0
4739.TW,康普材料科技股份有限公司,109.0,13586770944.0,21,Unknown,1.25,0.1370768952702981,0.029555168603904388,,,,,,[],"[null, null, null, null]",,1.25,,0
4746.TW,台耀化學股份有限公司,53.3,6409644544.0,22,Unknown,-0.07,0.41887290504491836,0.08944347532694512,,,,,,[],"[null, null, null, null]",,-0.07,,0
4755.TW,三福化工股份有限公司,152.0,15307312128.0,21,Unknown,-0.02,0.21726649438342574,0.03015728253539812,,,,,,[],"[null, null, null, null]",,-0.02,,0
4763.TW,濟南大自然新材料股份有限公司,42.6,42137649152.0,21,Unknown,-0.347,0.5860078924364931,0.2065143396781108,,,,,,[],"[null, null, null, null]",,-0.347,,0
4764.TW,雙鍵化工股份有限公司,320.0,27373441024.0,21,Unknown,0.247,0.19819780938506149,0.005880522203119081,,,,,,[],"[null, null, null, null]",,0.247,,0
4766.TW,南寶樹脂化學工廠股份有限公司,372.5,44912324608.0,21,Unknown,0.051,0.34120392053517234,0.08798444825825275,,,,,,[],"[null, null, null, null]",,0.051,,0
4770.TW,上品綜合工業股份有限公司,254.5,20353892352.0,21,Unknown,-0.35,0.3297630901745244,0.05789507432919794,,,,,,[],"[null, null, null, null]",,-0.35,,0
4771.TW,望隼科技股份有限公司,199.5,11712445440.0,22,Unknown,0.272,0.40889310847320187,0.08160421432245628,,,,,,[],"[null, null, null, null]",,0.272,,0
4807.TW,日成控股股份有限公司,28.7,1406185216.0,18,Unknown,0.17,0.14531564390454324,0.014695635077092253,,,,,,[],"[null, null, null, null]",,0.17,,0
4904.TW,遠傳電信股份有限公司,97.1,350308171776.0,27,Unknown,0.04,0.3027820372807635,0.04425441287813703,,,,,,[],"[null, null, null, null]",,0.04,,0
4906.TW,正文科技股份有限公司,53.4,22833526784.0,27,Unknown,-0.396,0.13809816421453683,0.002921012384702009,,,,,,[],"[null, null, null, null]",,-0.396,,0
4912.TW,聯德控股股份有限公司,113.5,7603716608.0,28,Unknown,0.139,0.2150325900634846,0.046244040887169685,,,,,,[],"[null, null, null, null]",,0.139,,0
4915.TW,致伸科技股份有限公司,76.0,35862953984.0,28,Unknown,0.078,0.17423051396610126,0.0904674118903268,,,,,,[],"[null, null, null, null]",,0.078,,0
4916.TW,事欣科技股份有限公司,119.0,14721966080.0,25,Unknown,0.234,0.20013758401362522,0.020293832166679966,,,,,,[],"[null, null, null, null]",,0.234,,0
4919.TW,新唐科技股份有限公司,208.0,87311122432.0,24,Unknown,-0.045,0.3726178880517541,-0.010645466247048437,,,,,,[],"[null, null, null, null]",,-0.045,,0
4927.TW,泰鼎國際股份有限公司,55.8,14783539200.0,28,Unknown,-0.12,-0.012835809220838873,-0.06808795039224096,,,,,,[],"[null, null, null, null]",,-0.12,,0
4930.TW,燦星網通股份有限公司,17.85,1428000000.0,06,Unknown,-0.19699999999999998,0.14476405837061518,0.02823645186467135,,,,,,[],"[null, null, null, null]",,-0.19699999999999998,,0
4934.TW,太極能源科技股份有限公司,17.3,3892499712.0,26,Unknown,1.332,-1.4673651454604475,-0.1167336800351773,,,,,,[],"[null, null, null, null]",,1.332,,0
4935.TW,茂林光電科技(開曼)股份有限公司,41.65,5367185920.0,26,Unknown,-0.249,0.1487713290360826,0.04817343046130533,,,,,,[],"[null, null, null, null]",,-0.249,,0
4938.TW,和碩聯合科技股份有限公司,91.2,244602421248.0,25,Unknown,-0.10400000000000001,0.038044009367711365,0.0579513441438321,,,,,,[],"[null, null, null, null]",,-0.10400000000000001,,0
4942.TW,嘉彰股份有限公司,38.25,5445576192.0,26,Unknown,-0.052000000000000005,0.2343890236444751,0.12559718334098918,,,,,,[],"[null, null, null, null]",,-0.052000000000000005,,0
4943.TW,開曼康而富控股股份有限公司,9.29,1176990464.0,28,Unknown,0.431,-0.030113785275772367,-0.19244391627405327,,,,,,[],"[null, null, null, null]",,0.431,,0
4949.TW,有成精密股份有限公司,103.5,7007260672.0,26,Unknown,0.36700000000000005,0.3621835972404265,0.03266152024946186,,,,,,[],"[null, null, null, null]",,0.36700000000000005,,0
4952.TW,凌通科技股份有限公司,51.9,5647550464.0,24,Unknown,0.115,0.3361211161574079,0.016820528159014844,,,,,,[],"[null, null, null, null]",,0.115,,0
4956.TW,光鋐科技股份有限公司,45.5,4568564224.0,26,Unknown,-0.024,0.050526936901742966,-0.01891932957368847,,,,,,[],"[null, null, null, null]",,-0.024,,0
4958.TW,臻鼎科技控股股份有限公司,548.0,591522627584.0,28,Unknown,0.016,0.19798423879866944,0.024304079438564195,,,,,,[],"[null, null, null, null]",,0.016,,0
4960.TW,誠美材料科技股份有限公司,33.75,19093129216.0,26,Unknown,-0.139,-0.04499877938585175,-0.06534639938496636,,,,,,[],"[null, null, null, null]",,-0.139,,0
4961.TW,天鈺科技股份有限公司,175.0,20956774400.0,24,Unknown,-0.034,0.27939127111956275,0.08396290410154923,,,,,,[],"[null, null, null, null]",,-0.034,,0
4967.TW,十銓科技股份有限公司,289.0,24554389504.0,24,Unknown,0.691,0.14266467317220216,0.052782520039551147,,,,,,[],"[null, null, null, null]",,0.691,,0
4968.TW,立積電子股份有限公司,117.0,10788570112.0,24,Unknown,0.095,0.35355614081650716,0.015700142369400035,,,,,,[],"[null, null, null, null]",,0.095,,0
4976.TW,佳凌科技股份有限公司,32.3,4531528704.0,26,Unknown,0.009,-0.08139631758726985,-0.07281058574838019,,,,,,[],"[null, null, null, null]",,0.009,,0
4977.TW,眾達科技股份有限公司,217.0,17356709888.0,27,Unknown,-0.237,0.24972952859368822,0.004274739451892918,,,,,,[],"[null, null, null, null]",,-0.237,,0
4989.TW,李長榮科技股份有限公司,107.0,14742084608.0,28,Unknown,0.927,-0.12561860077876447,-0.03079304662776696,,,,,,[],"[null, null, null, null]",,0.927,,0
4994.TW,傳奇網路遊戲股份有限公司,90.1,5981144064.0,30,Unknown,0.038,0.6670356492898912,0.031562644890823666,,,,,,[],"[null, null, null, null]",,0.038,,0
4999.TW,鑫禾科技股份有限公司,20.4,1501790848.0,28,Unknown,0.015,0.1387446495791079,-0.0513224591433728,,,,,,[],"[null, null, null, null]",,0.015,,0
5007.TW,三星科技股份有限公司,58.0,17106520064.0,10,Unknown,-0.10800000000000001,0.2387918648932593,0.06249159018943249,,,,,,[],"[null, null, null, null]",,-0.10800000000000001,,0
5203.TW,訊連科技股份有限公司,70.0,5553939968.0,30,Unknown,0.024,0.8496939877339319,0.0626098155906273,,,,,,[],"[null, null, null, null]",,0.024,,0
5215.TW,科嘉(開曼)股份有限公司,50.3,3236201472.0,25,Unknown,0.283,0.21970153443621662,0.044783678434741715,,,,,,[],"[null, null, null, null]",,0.283,,0
5222.TW,全訊科技股份有限公司,126.5,11523513344.0,24,Unknown,-0.203,0.5377980687302092,0.028539095271092295,,,,,,[],"[null, null, null, null]",,-0.203,,0
5225.TW,東科控股股份有限公司,71.6,5633774080.0,31,Unknown,-0.137,0.14935717510353896,0.12165380577637114,,,,,,[],"[null, null, null, null]",,-0.137,,0
5234.TW,達興材料股份有限公司,412.5,42370351104.0,26,Unknown,0.086,0.4059580381698565,0.02007937441280689,,,,,,[],"[null, null, null, null]",,0.086,,0
5243.TW,乙盛精密工業股份有限公司,124.0,20897585152.0,26,Unknown,-0.072,0.21312073994894706,0.056055544612934584,,,,,,[],"[null, null, null, null]",,-0.072,,0
5244.TW,弘凱光電股份有限公司,38.65,2637549312.0,26,Unknown,-0.09700000000000002,0.4005227255216884,0.01592081825618577,,,,,,[],"[null, null, null, null]",,-0.09700000000000002,,0
5258.TW,虹堡科技股份有限公司,52.5,5752891904.0,25,Unknown,0.017,0.34912702090390013,0.138898856009126,,,,,,[],"[null, null, null, null]",,0.017,,0
5269.TW,祥碩科技股份有限公司,1520.0,112718151680.0,24,Unknown,0.39399999999999996,0.5223123556093479,0.03673715025372085,,,,,,[],"[null, null, null, null]",,0.39399999999999996,,0
5283.TW,禾聯碩股份有限公司,53.4,4677867520.0,06,Unknown,0.006,0.33016514169909056,0.10996223198142267,,,,,,[],"[null, null, null, null]",,0.006,,0
5284.TW,經寶精密控股股份有限公司,446.5,23616278528.0,20,Unknown,0.446,0.37804118116092544,0.03158879385335625,,,,,,[],"[null, null, null, null]",,0.446,,0
5285.TW,界霖科技股份有限公司,89.4,9122465792.0,24,Unknown,0.016,0.13273316877389257,0.024812700466543533,,,,,,[],"[null, null, null, null]",,0.016,,0
5288.TW,開曼商豐祥控股股份有限公司,161.0,11221493760.0,05,Unknown,0.08900000000000001,0.22854153847532035,0.10325739979634083,,,,,,[],"[null, null, null, null]",,0.08900000000000001,,0
5292.TW,華懋科技股份有限公司,229.5,9663785984.0,35,Unknown,-0.134,0.23650091799105183,0.05458617965106199,,,,,,[],"[null, null, null, null]",,-0.134,,0
5306.TW,桂盟國際股份有限公司,84.3,10621864960.0,37,Unknown,0.052000000000000005,0.442250080912479,0.08812676541011642,,,,,,[],"[null, null, null, null]",,0.052000000000000005,,0
5388.TW,中磊電子股份有限公司,90.1,27004682240.0,27,Unknown,0.466,0.16715214638378595,0.06453115341404722,,,,,,[],"[null, null, null, null]",,0.466,,0
5434.TW,崇越科技股份有限公司,453.0,87727071232.0,29,Unknown,0.176,0.1282260816143114,0.04924179627316822,,,,,,[],"[null, null, null, null]",,0.176,,0
5469.TW,瀚宇博德股份有限公司,86.0,41790754816.0,28,Unknown,0.485,0.19833332475609924,0.09777004377703599,,,,,,[],"[null, null, null, null]",,0.485,,0
5471.TW,松翰科技股份有限公司,53.1,8914268160.0,24,Unknown,0.239,0.4135205176158932,0.013258798456925833,,,,,,[],"[null, null, null, null]",,0.239,,0
5484.TW,慧友電子股份有限公司,53.6,3580533504.0,26,Unknown,1.099,0.22853908969157288,-0.019677835345908536,,,,,,[],"[null, null, null, null]",,1.099,,0
5515.TW,建國工程股份有限公司,41.55,8376479744.0,14,Unknown,0.38800000000000007,0.16648467615460155,0.11806817946678279,,,,,,[],"[null, null, null, null]",,0.38800000000000007,,0
5519.TW,隆大營建事業股份有限公司,31.95,7003350528.0,14,Unknown,-0.095,0.33102993277432996,0.12447959458364241,,,,,,[],"[null, null, null, null]",,-0.095,,0
5521.TW,工信工程股份有限公司,10.2,5021255680.0,14,Unknown,0.213,0.06715521237742562,0.07003673658139772,,,,,,[],"[null, null, null, null]",,0.213,,0
5522.TW,遠雄建設事業股份有限公司,74.2,57994424320.0,14,Unknown,7.982,0.3414937139860356,0.09021714043099721,,,,,,[],"[null, null, null, null]",,7.982,,0
5525.TW,順天建設股份有限公司,21.8,6698865152.0,14,Unknown,12.785,0.39111878351255386,0.02941399412032391,,,,,,[],"[null, null, null, null]",,12.785,,0
5531.TW,鄉林建設事業股份有限公司,7.85,7674075648.0,14,Unknown,0.145,0.22595351100694455,-0.026583827640236896,,,,,,[],"[null, null, null, null]",,0.145,,0
5533.TW,皇鼎建設開發股份有限公司,13.95,3979167488.0,14,Unknown,-0.602,0.2998041231181951,0.05274863147145388,,,,,,[],"[null, null, null, null]",,-0.602,,0
5534.TW,長虹建設股份有限公司,74.7,23554852864.0,14,Unknown,-0.22,0.38231066640361133,0.05730025873956645,,,,,,[],"[null, null, null, null]",,-0.22,,0
5538.TW,開曼東明控股股份有限公司,36.0,7243308032.0,10,Unknown,0.028000000000000004,0.12122096032362743,0.06507953863854885,,,,,,[],"[null, null, null, null]",,0.028000000000000004,,0
5546.TW,永固集團股份有限公司,16.8,1383537024.0,14,Unknown,-0.627,0.06875370918359235,-0.022783156447170216,,,,,,[],"[null, null, null, null]",,-0.627,,0
5607.TW,遠雄自貿港投資控股股份有限公司,51.8,19194640384.0,15,Unknown,0.357,0.47790635729035214,0.04162449043634081,,,,,,[],"[null, null, null, null]",,0.357,,0
5608.TW,四維航業股份有限公司,15.0,5839139840.0,15,Unknown,-0.019,0.06383951033730267,-0.008377891788719716,,,,,,[],"[null, null, null, null]",,-0.019,,0
5706.TW,鳳凰國際旅行社股份有限公司,51.6,4322428928.0,16,Unknown,-0.003,0.1492364460078747,0.04830702075171808,,,,,,[],"[null, null, null, null]",,-0.003,,0
5871.TW,中租控股股份有限公司,108.5,185689194496.0,20,Unknown,0.0,0.38023001305344634,-0.011192271502319854,,,,,,[],"[null, null, null, null]",,0.0,,0
5876.TW,上海商業儲蓄銀行股份有限公司,39.8,193039286272.0,17,Unknown,0.10800000000000001,0.0,0.0,,,,,,[],"[null, null, null, null]",,0.10800000000000001,,0
5880.TW,合作金庫金融控股股份有限公司,22.85,358309396480.0,17,Unknown,0.08900000000000001,0.0,0.0,,,,,,[],"[null, null, null, null]",,0.08900000000000001,,0
5906.TW,台南生活(開曼)股份有限公司,47.0,1679874048.0,18,Unknown,-0.10100000000000002,0.5505252047748591,0.0167622935654099,,,,,,[],"[null, null, null, null]",,-0.10100000000000002,,0
5907.TW,Grand Ocean RetailGroupLimited,5.07,972770816.0,18,Unknown,-0.08900000000000001,0.8530019402061751,-0.015587297242992192,,,,,,[],"[null, null, null, null]",,-0.08900000000000001,,0
6005.TW,群益金鼎證券股份有限公司,39.6,85967945728.0,17,Unknown,1.013,0.8550913126378363,0.04827960447490026,,,,,,[],"[null, null, null, null]",,1.013,,0
6024.TW,群益期貨股份有限公司,58.2,14546367488.0,17,Unknown,-0.051,0.4747675429614725,-0.05201214099183387,,,,,,[],"[null, null, null, null]",,-0.051,,0
6108.TW,競國實業股份有限公司,19.95,3082155520.0,28,Unknown,0.052000000000000005,0.043375736683075844,-0.16396538713377706,,,,,,[],"[null, null, null, null]",,0.052000000000000005,,0
6112.TW,邁達特數位股份有限公司,47.05,8862196736.0,30,Unknown,0.274,0.13760415730895,0.018485865588303466,,,,,,[],"[null, null, null, null]",,0.274,,0
6115.TW,鎰勝工業股份有限公司,47.45,8904561664.0,28,Unknown,0.034,0.16292805397885302,0.0879087103809956,,,,,,[],"[null, null, null, null]",,0.034,,0
6116.TW,瀚宇彩晶股份有限公司,18.8,53742710784.0,26,Unknown,0.04,-0.15430840556677838,-0.0639971190942663,,,,,,[],"[null, null, null, null]",,0.04,,0
6117.TW,迎廣科技股份有限公司,85.8,7940396544.0,25,Unknown,0.212,0.3106947462112384,0.04671557454736616,,,,,,[],"[null, null, null, null]",,0.212,,0
6120.TW,達運精密工業股份有限公司,14.9,8925100032.0,26,Unknown,-0.048,0.05032744992901705,-0.046477608348083364,,,,,,[],"[null, null, null, null]",,-0.048,,0
6128.TW,上福全球科技股份有限公司,19.5,2487980288.0,25,Unknown,-0.011,0.38700679564722057,0.03135676028929948,,,,,,[],"[null, null, null, null]",,-0.011,,0
6133.TW,金橋科技股份有限公司,23.55,2755500544.0,28,Unknown,0.076,0.24046293782242734,0.04975597030523026,,,,,,[],"[null, null, null, null]",,0.076,,0
6136.TW,富爾特科技股份有限公司,26.05,3009723136.0,27,Unknown,0.285,0.25675257248303257,-0.01667687454490501,,,,,,[],"[null, null, null, null]",,0.285,,0
6139.TW,亞翔工程股份有限公司,777.0,183042555904.0,31,Unknown,1.413,0.159694386960659,0.07543725190278545,,,,,,[],"[null, null, null, null]",,1.413,,0
6141.TW,柏承科技股份有限公司,44.4,5032918016.0,28,Unknown,-0.033,0.08647753873592688,-0.02554697549089198,,,,,,[],"[null, null, null, null]",,-0.033,,0
6142.TW,友勁科技股份有限公司,8.52,2818245632.0,27,Unknown,0.029000000000000005,0.09365591403810365,-0.07382388499656718,,,,,,[],"[null, null, null, null]",,0.029000000000000005,,0
6152.TW,百一電子股份有限公司,15.1,2532850944.0,27,Unknown,-0.125,0.13199465189255166,-0.12595680939254508,,,,,,[],"[null, null, null, null]",,-0.125,,0
6153.TW,嘉聯益科技股份有限公司,18.5,11769286656.0,28,Unknown,-0.05,-0.21694836010437377,-0.1640998931530219,,,,,,[],"[null, null, null, null]",,-0.05,,0
6155.TW,鈞寶電子工業股份有限公司,69.0,6073651712.0,28,Unknown,0.052000000000000005,0.24437553522047523,0.0050343051584111394,,,,,,[],"[null, null, null, null]",,0.052000000000000005,,0
6164.TW,華興電子工業股份有限公司,12.65,1012000000.0,26,Unknown,-0.11899999999999998,0.3406722783190174,0.013598577267782335,,,,,,[],"[null, null, null, null]",,-0.11899999999999998,,0
6165.TW,浪凡網路科技股份有限公司,48.25,3550506240.0,36,Unknown,0.065,0.2946903474481084,0.09338783702550794,,,,,,[],"[null, null, null, null]",,0.065,,0
6166.TW,凌華科技股份有限公司,133.5,29081772032.0,25,Unknown,0.287,0.3574360169802826,0.02130371426565328,,,,,,[],"[null, null, null, null]",,0.287,,0
6168.TW,宏齊科技股份有限公司,28.2,5802483200.0,26,Unknown,0.078,0.25223516478951946,-0.005738275717827524,,,,,,[],"[null, null, null, null]",,0.078,,0
6176.TW,瑞儀光電股份有限公司,105.0,48325332992.0,26,Unknown,0.001,0.20662186381494504,0.22148897577003926,,,,,,[],"[null, null, null, null]",,0.001,,0
6177.TW,達麗建設事業股份有限公司,43.6,20573880320.0,14,Unknown,7.246,0.3619870999930569,0.10077429285442188,,,,,,[],"[null, null, null, null]",,7.246,,0
6183.TW,關貿網路股份有限公司,91.5,13724999680.0,30,Unknown,0.064,0.4204576549094918,0.04774577832169489,,,,,,[],"[null, null, null, null]",,0.064,,0
6184.TW,大豐有線電視股份有限公司,45.95,6993986560.0,20,Unknown,0.024,0.526456737867353,0.09771933819991553,,,,,,[],"[null, null, null, null]",,0.024,,0
6189.TW,豐藝電子股份有限公司,49.9,13162621952.0,29,Unknown,-0.128,0.08806618240424134,0.10322688155564515,,,,,,[],"[null, null, null, null]",,-0.128,,0
6191.TW,精成科技股份有限公司,96.2,48032948224.0,28,Unknown,0.809,0.2013859016043857,0.05563972855352293,,,,,,[],"[null, null, null, null]",,0.809,,0
6192.TW,巨路國際股份有限公司,129.0,12404123648.0,31,Unknown,-0.006,0.3280346259058732,0.11416020525547536,,,,,,[],"[null, null, null, null]",,-0.006,,0
6196.TW,帆宣系統科技股份有限公司,513.0,113029054464.0,31,Unknown,0.079,0.10959968681033319,0.020964520066902678,,,,,,[],"[null, null, null, null]",,0.079,,0
6197.TW,佳必琪國際股份有限公司,309.0,37724545024.0,28,Unknown,0.21099999999999997,0.3400278184276647,0.03678628774538433,,,,,,[],"[null, null, null, null]",,0.21099999999999997,,0
6201.TW,亞弘電科技股份有限公司,48.5,4326199808.0,31,Unknown,-0.128,0.24875071503669782,0.11642091321309789,,,,,,[],"[null, null, null, null]",,-0.128,,0
6202.TW,盛群半導體股份有限公司,58.1,13364218880.0,24,Unknown,0.085,0.38509092232155756,0.003327971046608966,,,,,,[],"[null, null, null, null]",,0.085,,0
6205.TW,詮欣股份有限公司,81.2,6555763200.0,28,Unknown,-0.204,0.4006903370547393,0.02291973787890565,,,,,,[],"[null, null, null, null]",,-0.204,,0
6206.TW,飛捷科技股份有限公司,141.5,20243273728.0,25,Unknown,0.11,0.4429879271784107,0.07124703252323455,,,,,,[],"[null, null, null, null]",,0.11,,0
6209.TW,今國光學工業股份有限公司,84.5,14822230016.0,26,Unknown,0.479,0.19353274545918006,0.012391805736799145,,,,,,[],"[null, null, null, null]",,0.479,,0
6213.TW,聯茂電子股份有限公司,295.0,107222835200.0,28,Unknown,0.206,0.13701608549572653,0.021059188665567278,,,,,,[],"[null, null, null, null]",,0.206,,0
6214.TW,精誠資訊股份有限公司,144.0,39203004416.0,30,Unknown,0.217,0.2191788367629301,0.041853201167947926,,,,,,[],"[null, null, null, null]",,0.217,,0
6215.TW,和椿科技股份有限公司,129.0,10679870464.0,31,Unknown,0.587,0.24886476889995546,0.018222920944054758,,,,,,[],"[null, null, null, null]",,0.587,,0
6216.TW,居易科技股份有限公司,23.0,2230563072.0,27,Unknown,-0.32899999999999996,0.4615534228910334,0.028596709838598744,,,,,,[],"[null, null, null, null]",,-0.32899999999999996,,0
6224.TW,聚鼎科技股份有限公司,88.1,7457224192.0,28,Unknown,-0.005,0.28200050202915133,0.0006429552781207838,,,,,,[],"[null, null, null, null]",,-0.005,,0
6225.TW,天瀚科技股份有限公司,24.45,679710016.0,26,Unknown,-0.348,0.4076711323178565,-0.006711450715908887,,,,,,[],"[null, null, null, null]",,-0.348,,0
6226.TW,光鼎電子股份有限公司,13.55,1565496448.0,26,Unknown,-0.036,0.2854178636505409,-0.026623733205312524,,,,,,[],"[null, null, null, null]",,-0.036,,0
6230.TW,尼得科超眾科技股份有限公司,141.5,12217534464.0,25,Unknown,0.081,0.15234225171458834,-0.0039506050011331095,,,,,,[],"[null, null, null, null]",,0.081,,0
6235.TW,華孚科技股份有限公司,47.2,9435563008.0,25,Unknown,0.131,0.2615731317309173,0.061768597744612116,,,,,,[],"[null, null, null, null]",,0.131,,0
6239.TW,力成科技股份有限公司,366.0,270399700992.0,24,Unknown,0.376,0.17544557523363052,0.02823555714775995,,,,,,[],"[null, null, null, null]",,0.376,,0
6243.TW,迅杰科技股份有限公司,33.85,1532350208.0,24,Unknown,-0.456,0.4296153570547067,0.0021965400809206654,,,,,,[],"[null, null, null, null]",,-0.456,,0
6257.TW,矽格股份有限公司,219.5,105092497408.0,24,Unknown,0.13,0.2893552838134554,0.03703748957434709,,,,,,[],"[null, null, null, null]",,0.13,,0
6269.TW,台郡科技股份有限公司,69.1,22148691968.0,28,Unknown,0.057,0.013215433085155725,-0.14277655209858545,,,,,,[],"[null, null, null, null]",,0.057,,0
6271.TW,同欣電子工業股份有限公司,247.5,51741859840.0,24,Unknown,-0.031,0.27242129270897775,0.03116942889357326,,,,,,[],"[null, null, null, null]",,-0.031,,0
6272.TW,驊陞科技股份有限公司,34.95,2857650176.0,28,Unknown,-0.25,0.26402669050786104,0.11275253879399832,,,,,,[],"[null, null, null, null]",,-0.25,,0
6277.TW,宏正自動科技股份有限公司,81.0,9677151232.0,25,Unknown,0.025,0.5857954471528849,0.060710495779348526,,,,,,[],"[null, null, null, null]",,0.025,,0
6278.TW,台灣表面黏著科技股份有限公司,219.0,63287803904.0,26,Unknown,0.011,0.13279327467085883,0.05996232791002042,,,,,,[],"[null, null, null, null]",,0.011,,0
6281.TW,全國電子股份有限公司,50.9,5047900672.0,29,Unknown,0.0,0.20596307725545657,0.05545119830888454,,,,,,[],"[null, null, null, null]",,0.0,,0
6282.TW,康舒科技股份有限公司,65.8,56326983680.0,28,Unknown,0.205,0.25746047634676605,0.011174186720255597,,,,,,[],"[null, null, null, null]",,0.205,,0
6283.TW,淳安電子股份有限公司,25.1,3686361856.0,31,Unknown,-0.08900000000000001,0.15855505141643425,-0.016960475268867882,,,,,,[],"[null, null, null, null]",,-0.08900000000000001,,0
6285.TW,啟碁科技股份有限公司,314.0,151870406656.0,27,Unknown,0.028000000000000004,0.1266746323364203,0.027388693008968422,,,,,,[],"[null, null, null, null]",,0.028000000000000004,,0
6405.TW,悅城科技股份有限公司,79.7,5244259840.0,26,Unknown,-0.611,-35.55220125786163,-0.023015335513326532,,,,,,[],"[null, null, null, null]",,-0.611,,0
6409.TW,旭隼科技股份有限公司,713.0,62532239360.0,31,Unknown,-0.158,0.2925327376056045,0.07371918179067564,,,,,,[],"[null, null, null, null]",,-0.158,,0
6412.TW,群光電能科技股份有限公司,106.0,42481524736.0,28,Unknown,-0.078,0.16850875515833783,0.05302978482303323,,,,,,[],"[null, null, null, null]",,-0.078,,0
6414.TW,樺漢科技股份有限公司,375.5,54464921600.0,25,Unknown,0.077,0.20506400925003207,0.0928647664888406,,,,,,[],"[null, null, null, null]",,0.077,,0
6415.TW,矽力杰股份有限公司,606.0,235341905920.0,24,Unknown,0.187,0.5161709183992141,0.009421713385626938,,,,,,[],"[null, null, null, null]",,0.187,,0
6416.TW,瑞祺電通股份有限公司,91.5,6711342080.0,27,Unknown,-0.046,0.2306839763189699,0.0501619697194538,,,,,,[],"[null, null, null, null]",,-0.046,,0
6426.TW,統新光訊股份有限公司,267.0,10281903104.0,27,Unknown,0.561,0.2990806673370134,-0.001451156316390078,,,,,,[],"[null, null, null, null]",,0.561,,0
6431.TW,光麗生技控股股份有限公司,18.85,1835968000.0,22,Unknown,-0.217,0.1867507267287657,-0.0702899016823908,,,,,,[],"[null, null, null, null]",,-0.217,,0
6438.TW,迅得機械股份有限公司,172.5,14180591616.0,31,Unknown,0.122,0.2346952896487434,0.04078606052060016,,,,,,[],"[null, null, null, null]",,0.122,,0
6442.TW,光紅建聖股份有限公司,1885.0,146791153664.0,27,Unknown,0.199,0.5774419987333796,0.017945123525001862,,,,,,[],"[null, null, null, null]",,0.199,,0
6443.TW,元晶太陽能科技股份有限公司,42.1,21588742144.0,26,Unknown,-0.452,-0.7416216251751715,-0.1201919991218987,,,,,,[],"[null, null, null, null]",,-0.452,,0
6446.TW,藥華醫藥股份有限公司,962.0,357507760128.0,22,Unknown,0.572,0.8843363966141214,0.01282138156960722,,,,,,[],"[null, null, null, null]",,0.572,,0
6449.TW,鈺邦科技股份有限公司,411.0,37354151936.0,28,Unknown,0.247,0.3465816905298896,0.02179519648872308,,,,,,[],"[null, null, null, null]",,0.247,,0
6451.TW,訊芯科技控股股份有限公司,627.0,66570973184.0,24,Unknown,-0.214,0.16176146087390617,0.002299960525604371,,,,,,[],"[null, null, null, null]",,-0.214,,0
6456.TW,GIS Holding Limited,83.9,27704770560.0,26,Unknown,0.059,0.06526951302809116,-0.013959045014515144,,,,,,[],"[null, null, null, null]",,0.059,,0
6464.TW,台灣數位光訊科技股份有限公司,78.0,10044917760.0,20,Unknown,-0.062,0.5010631735810014,0.07114092040665473,,,,,,[],"[null, null, null, null]",,-0.062,,0
6472.TW,保瑞藥業股份有限公司,356.5,45410918400.0,22,Unknown,-0.107,0.41300853063838866,0.056269690679459236,,,,,,[],"[null, null, null, null]",,-0.107,,0
6477.TW,安集科技股份有限公司,34.25,4239729664.0,26,Unknown,0.162,0.3210848674592351,0.019469262181441366,,,,,,[],"[null, null, null, null]",,0.162,,0
6491.TW,晶碩光學股份有限公司,322.5,24768000000.0,22,Unknown,0.183,0.5225437249064516,0.07463818747353804,,,,,,[],"[null, null, null, null]",,0.183,,0
6504.TW,南六企業股份有限公司,36.5,2649900032.0,20,Unknown,-0.047,0.12694898852531705,0.028568841009417832,,,,,,[],"[null, null, null, null]",,-0.047,,0
6505.TW,台塑石化股份有限公司,53.3,507733639168.0,23,Unknown,-0.065,0.020441081476752054,0.0028430458503975794,,,,,,[],"[null, null, null, null]",,-0.065,,0
6515.TW,穎崴科技股份有限公司,8705.0,313711132672.0,24,Unknown,0.297,0.4526399360381124,0.006632896259166469,,,,,,[],"[null, null, null, null]",,0.297,,0
6525.TW,捷敏股份有限公司,120.5,15550163968.0,24,Unknown,0.118,0.26667330090069113,0.07588621893588267,,,,,,[],"[null, null, null, null]",,0.118,,0
6526.TW,達發科技股份有限公司,673.0,112731234304.0,24,Unknown,0.045,0.5192096317557969,0.029014101658476538,,,,,,[],"[null, null, null, null]",,0.045,,0
6531.TW,愛普科技股份有限公司,1125.0,183202889728.0,24,Unknown,1.154,0.4814237897999776,0.007753739044730919,,,,,,[],"[null, null, null, null]",,1.154,,0
6533.TW,晶心科技股份有限公司,221.0,11193871360.0,24,Unknown,0.203,0.9993119950317518,-0.035234826015704206,,,,,,[],"[null, null, null, null]",,0.203,,0
6534.TW,正瀚生技股份有限公司,93.0,9560399872.0,22,Unknown,0.019,0.8420378583870327,0.07038707913767049,,,,,,[],"[null, null, null, null]",,0.019,,0
6541.TW,泰福生技股份有限公司,41.4,10970435584.0,22,Unknown,1.6640000000000001,-1.0991019300647678,-0.11839770775835276,,,,,,[],"[null, null, null, null]",,1.6640000000000001,,0
6550.TW,北極星藥業集團股份有限公司,13.1,11721784320.0,22,Unknown,3.401,-6.657898625683464,-0.23521424414956665,,,,,,[],"[null, null, null, null]",,3.401,,0
6552.TW,易華電子股份有限公司,33.65,2792950016.0,24,Unknown,-0.3390000000000001,-0.16660745792829176,-0.12150457387931259,,,,,,[],"[null, null, null, null]",,-0.3390000000000001,,0
6558.TW,興能高科技股份有限公司,34.35,3221651968.0,31,Unknown,-0.147,0.17772784213449047,-0.022296099076011072,,,,,,[],"[null, null, null, null]",,-0.147,,0
6573.TW,虹揚發展科技股份有限公司,15.75,1267863936.0,24,Unknown,-0.23200000000000004,0.11363854577226444,-0.06075693116472383,,,,,,[],"[null, null, null, null]",,-0.23200000000000004,,0
6579.TW,研揚科技股份有限公司,167.5,28383078400.0,25,Unknown,0.231,0.34800236017514985,0.02546311795991985,,,,,,[],"[null, null, null, null]",,0.231,,0
6581.TW,台灣鋼聯股份有限公司,113.0,12573623296.0,35,Unknown,-0.117,0.5268304123403809,0.08078008930118742,,,,,,[],"[null, null, null, null]",,-0.117,,0
6582.TW,申豐特用應材股份有限公司,31.45,3339172352.0,11,Unknown,-0.727,-0.05497618676588036,-0.05945496318200697,,,,,,[],"[null, null, null, null]",,-0.727,,0
6585.TW,鼎基先進材料股份有限公司,98.0,7069091328.0,20,Unknown,-0.149,0.350380703662675,0.0875168947823728,,,,,,[],"[null, null, null, null]",,-0.149,,0
6589.TW,台康生技股份有限公司,44.0,13326777344.0,22,Unknown,0.695,0.19283474405962855,-0.07329348583520374,,,,,,[],"[null, null, null, null]",,0.695,,0
6591.TW,動力科技股份有限公司,58.2,2393329408.0,25,Unknown,-0.255,0.3367965684079255,0.12946154859886527,,,,,,[],"[null, null, null, null]",,-0.255,,0
6592.TW,和潤企業股份有限公司,61.4,38261440512.0,20,Unknown,0.016,0.6007755550427384,0.02925346895259202,,,,,,[],"[null, null, null, null]",,0.016,,0
6598.TW,Applied BioCode Corporation,24.2,2488219904.0,22,Unknown,0.809,0.5490172558922559,-0.10697203988170667,,,,,,[],"[null, null, null, null]",,0.809,,0
6605.TW,帝寶工業股份有限公司,141.5,23463020544.0,12,Unknown,-0.045,0.315039344058778,0.1266239814642236,,,,,,[],"[null, null, null, null]",,-0.045,,0
6606.TW,建德工業股份有限公司,26.35,2906505216.0,05,Unknown,0.111,0.4018715318153049,0.06748947647608362,,,,,,[],"[null, null, null, null]",,0.111,,0
6614.TW,資拓宏宇國際股份有限公司,40.0,3226439936.0,36,Unknown,-0.249,0.12917968836580446,0.06550104419831498,,,,,,[],"[null, null, null, null]",,-0.249,,0
6625.TW,必應創造股份有限公司,73.6,4266775040.0,20,Unknown,0.598,0.18609483178914804,0.1555630010782068,,,,,,[],"[null, null, null, null]",,0.598,,0
6641.TW,基士德科技股份有限公司,18.6,678900032.0,35,Unknown,-0.061,0.31529817181520536,-0.016499626478333973,,,,,,[],"[null, null, null, null]",,-0.061,,0
6645.TW,金萬林企業股份有限公司,11.7,706492800.0,22,Unknown,0.11,0.13981752141827727,-0.15868637192774884,,,,,,[],"[null, null, null, null]",,0.11,,0
6655.TW,科定企業股份有限公司,130.5,10251795456.0,20,Unknown,0.111,0.49896591818657016,0.02669780092292719,,,,,,[],"[null, null, null, null]",,0.111,,0
6657.TW,華安醫學股份有限公司,38.05,3344899328.0,22,Unknown,0.147,0.7599687255668492,-0.10246083443862374,,,,,,[],"[null, null, null, null]",,0.147,,0
6658.TW,聯策科技股份有限公司,207.5,7546775040.0,31,Unknown,0.273,0.2237651572076408,0.013457453300993839,,,,,,[],"[null, null, null, null]",,0.273,,0
6666.TW,羅麗芬控股股份有限公司,39.95,1893150592.0,22,Unknown,-0.083,0.654694817120287,0.09229312107863472,,,,,,[],"[null, null, null, null]",,-0.083,,0
6668.TW,中揚光電股份有限公司,40.3,4316774912.0,26,Unknown,0.204,0.1361562205185979,-0.043111134413609496,,,,,,[],"[null, null, null, null]",,0.204,,0
6669.TW,緯穎科技服務股份有限公司,5515.0,1024911933440.0,25,Unknown,0.62,0.08252556102117796,0.0615053710406676,,,,,,[],"[null, null, null, null]",,0.62,,0
6670.TW,復盛應用科技股份有限公司,272.0,37913255936.0,37,Unknown,-0.001,0.2544610637294243,0.13624789096295115,,,,,,[],"[null, null, null, null]",,-0.001,,0
6671.TW,三能集團控股股份有限公司,27.2,1652400000.0,38,Unknown,-0.159,0.380338787463231,0.1441966967299368,,,,,,[],"[null, null, null, null]",,-0.159,,0
6672.TW,騰輝電子國際集團股份有限公司,220.0,15715699712.0,28,Unknown,0.21899999999999997,0.32197527390394465,0.0265221695097823,,,,,,[],"[null, null, null, null]",,0.21899999999999997,,0
6674.TW,鋐寶科技股份有限公司,18.15,1244200576.0,27,Unknown,-0.528,0.3462588310854207,-0.07574304305184187,,,,,,[],"[null, null, null, null]",,-0.528,,0
6689.TW,伊雲谷數位科技股份有限公司,71.5,4847699968.0,36,Unknown,-0.132,0.10472182543690473,0.030232688209489066,,,,,,[],"[null, null, null, null]",,-0.132,,0
6691.TW,洋基工程股份有限公司,648.0,78146854912.0,31,Unknown,0.768,0.1908107792278328,0.050903424167788563,,,,,,[],"[null, null, null, null]",,0.768,,0
6695.TW,芯鼎科技股份有限公司,57.2,5518541824.0,24,Unknown,0.045,0.39204811463649736,-0.052669306813038295,,,,,,[],"[null, null, null, null]",,0.045,,0
6698.TW,旭暉應用材料股份有限公司,39.5,2598626048.0,31,Unknown,0.266,0.23848836646332183,0.0017437981411066437,,,,,,[],"[null, null, null, null]",,0.266,,0
6706.TW,惠特科技股份有限公司,216.5,17005829120.0,26,Unknown,-0.6780000000000002,0.1524413714925821,-0.016671199344983526,,,,,,[],"[null, null, null, null]",,-0.6780000000000002,,0
6715.TW,嘉基科技股份有限公司,453.0,30256297984.0,28,Unknown,0.174,0.37107679892977097,0.0057873486911267594,,,,,,[],"[null, null, null, null]",,0.174,,0
6719.TW,力智電子股份有限公司,243.5,25685354496.0,24,Unknown,0.0,0.3463770230714067,0.019517931961000046,,,,,,[],"[null, null, null, null]",,0.0,,0
6722.TW,輝創電子股份有限公司,37.5,3315000064.0,31,Unknown,-0.046,0.2175595308147974,0.06641383918511905,,,,,,[],"[null, null, null, null]",,-0.046,,0
6742.TW,澤米科技股份有限公司,60.3,4250845184.0,26,Unknown,-0.38299999999999995,-0.03823433344220988,-0.03346188580815539,,,,,,[],"[null, null, null, null]",,-0.38299999999999995,,0
6743.TW,安普新股份有限公司,30.05,4432374784.0,31,Unknown,-0.054000000000000006,0.19005006105336686,0.04797982597792291,,,,,,[],"[null, null, null, null]",,-0.054000000000000006,,0
6753.TW,龍德造船工業股份有限公司,130.0,15242918912.0,15,Unknown,0.071,0.19908324538301325,0.059469061783728946,,,,,,[],"[null, null, null, null]",,0.071,,0
6754.TW,匯僑室內裝修設計股份有限公司,46.55,3072300032.0,38,Unknown,-0.165,0.23828676928514564,0.1811194410736415,,,,,,[],"[null, null, null, null]",,-0.165,,0
6756.TW,威鋒電子股份有限公司,98.5,6894014976.0,24,Unknown,0.064,0.48498235609085805,-0.0176160663601857,,,,,,[],"[null, null, null, null]",,0.064,,0
6757.TW,台灣虎航股份有限公司,58.9,27066316800.0,15,Unknown,0.196,0.27665914326479585,0.12461059589395655,,,,,,[],"[null, null, null, null]",,0.196,,0
6768.TW,志強國際企業股份有限公司,87.0,17408266240.0,37,Unknown,-0.10800000000000001,0.19823265658252448,0.11327326946313386,,,,,,[],"[null, null, null, null]",,-0.10800000000000001,,0
6770.TW,力晶積成電子製造股份有限公司,87.0,371260882944.0,24,Unknown,0.221,-0.032890932662628054,-0.014397104385989621,,,,,,[],"[null, null, null, null]",,0.221,,0
6771.TW,平和環保科技股份有限公司,42.2,1315795968.0,35,Unknown,-0.16400000000000003,0.4746653806320017,0.11981080869572493,,,,,,[],"[null, null, null, null]",,-0.16400000000000003,,0
6776.TW,展碁國際股份有限公司,60.0,5494885888.0,29,Unknown,0.198,0.06053779711674908,0.04734705461261508,,,,,,[],"[null, null, null, null]",,0.198,,0
6781.TW,"AES Holding Co., Ltd.",1200.0,102502801408.0,28,Unknown,0.317,0.35907927672670614,0.03997042456052048,,,,,,[],"[null, null, null, null]",,0.317,,0
6782.TW,視陽光學股份有限公司,195.0,12284999680.0,22,Unknown,0.297,0.4523858685357075,0.09555109909625341,,,,,,[],"[null, null, null, null]",,0.297,,0
6789.TW,采鈺科技股份有限公司,547.0,174109605888.0,24,Unknown,0.08,0.27285983098414796,0.009842376055273732,,,,,,[],"[null, null, null, null]",,0.08,,0
6790.TW,永豐餘消費品實業股份有限公司,39.5,10551596032.0,09,Unknown,-0.026000000000000002,0.26037588203768963,0.08619923582048691,,,,,,[],"[null, null, null, null]",,-0.026000000000000002,,0
6792.TW,詠業科技股份有限公司,72.0,3375023360.0,27,Unknown,0.004,0.30673119561937684,0.020733491362554028,,,,,,[],"[null, null, null, null]",,0.004,,0
6794.TW,向榮生醫科技股份有限公司,82.7,5262779904.0,22,Unknown,-0.36199999999999993,0.6561537168786064,-0.02310086971140823,,,,,,[],"[null, null, null, null]",,-0.36199999999999993,,0
6796.TW,晉弘科技股份有限公司,61.9,2490482688.0,22,Unknown,0.103,0.4230687235499834,0.00794834698248379,,,,,,[],"[null, null, null, null]",,0.103,,0
6799.TW,來頡科技股份有限公司,107.5,4662618112.0,24,Unknown,-0.014000000000000002,0.4823524586888535,0.04515093808036305,,,,,,[],"[null, null, null, null]",,-0.014000000000000002,,0
6805.TW,富世達股份有限公司,2120.0,145334484992.0,28,Unknown,0.858,0.24235713309999718,0.014701604919408246,,,,,,[],"[null, null, null, null]",,0.858,,0
6806.TW,森崴能源股份有限公司,7.38,2026864768.0,35,Unknown,-0.264,-0.6594979439922432,-0.5107433675448304,,,,,,[],"[null, null, null, null]",,-0.264,,0
6807.TW,峰源集團股份有限公司,33.45,1806300032.0,38,Unknown,-0.299,0.18534242340513665,0.31768651648145063,,,,,,[],"[null, null, null, null]",,-0.299,,0
6830.TW,汎銓科技股份有限公司,683.0,35367104512.0,31,Unknown,0.245,0.2369640423620715,0.0015088775232284096,,,,,,[],"[null, null, null, null]",,0.245,,0
6831.TW,邁&#33834;科技股份有限公司,762.0,51595018240.0,25,Unknown,0.507,0.23448604924456812,0.008366595983600957,,,,,,[],"[null, null, null, null]",,0.507,,0
6834.TW,天二科技股份有限公司,77.0,6812267008.0,28,Unknown,-0.002,0.1790786920692198,0.006621180766330493,,,,,,[],"[null, null, null, null]",,-0.002,,0
6835.TW,圓裕企業股份有限公司,38.2,2510820864.0,28,Unknown,-0.038,0.2164324017223926,0.06491552536822656,,,,,,[],"[null, null, null, null]",,-0.038,,0
6838.TW,台新藥股份有限公司,25.15,3797071360.0,22,Unknown,75.468,-0.1682991047919958,-0.04762648690019954,,,,,,[],"[null, null, null, null]",,75.468,,0
6854.TW,PlayNitride Inc.,148.0,17326452736.0,24,Unknown,-0.547,0.42650421075273104,-0.0016204790824659032,,,,,,[],"[null, null, null, null]",,-0.547,,0
6861.TW,睿生光電股份有限公司,396.0,16473302016.0,22,Unknown,0.474,0.26757724994245896,0.008361292081561613,,,,,,[],"[null, null, null, null]",,0.474,,0
6862.TW,三集瑞科技國際集團股份有限公司,214.0,10700000256.0,28,Unknown,-0.098,0.4022420265893637,0.05224936049938728,,,,,,[],"[null, null, null, null]",,-0.098,,0
6863.TW,Arizon RFID Technology,110.5,8275124224.0,27,Unknown,0.011,0.22307117435201518,0.043315600387864965,,,,,,[],"[null, null, null, null]",,0.011,,0
6869.TW,雲豹能源科技股份有限公司,85.3,11374758912.0,35,Unknown,0.671,0.10796024323411725,0.0072731535234872545,,,,,,[],"[null, null, null, null]",,0.671,,0
6873.TW,泓德能源科技股份有限公司,90.2,12866938880.0,35,Unknown,-0.182,0.2567588115612778,0.04534760227325467,,,,,,[],"[null, null, null, null]",,-0.182,,0
6885.TW,全福生物科技股份有限公司,22.35,2972974592.0,22,Unknown,27.23,0.22768670309653916,-0.20679017465428742,,,,,,[],"[null, null, null, null]",,27.23,,0
6887.TW,寶綠特資源再生工程股份有限公司,36.95,2738715904.0,35,Unknown,-0.397,0.22899749339419062,0.29968721497947937,,,,,,[],"[null, null, null, null]",,-0.397,,0
6890.TW,來億興業股份有限公司,174.5,43520299008.0,37,Unknown,-0.269,0.16028651743155561,0.08853964211171673,,,,,,[],"[null, null, null, null]",,-0.269,,0
6901.TW,鑽石生技投資股份有限公司,13.15,11215109120.0,20,Unknown,0.0,0.0,-0.018418260037194635,,,,,,[],"[null, null, null, null]",,0.0,,0
6902.TW,走著瞧股份有限公司,147.0,5222902272.0,36,Unknown,0.215,0.8833543379352651,0.01632475841249899,,,,,,[],"[null, null, null, null]",,0.215,,0
6906.TW,現觀科技股份有限公司,105.0,3384926976.0,36,Unknown,0.004,0.8680330175944487,0.021349811650223247,,,,,,[],"[null, null, null, null]",,0.004,,0
6908.TW,宏碁遊戲股份有限公司,40.95,1522521088.0,29,Unknown,0.064,0.11780777509272737,0.011234855583712889,,,,,,[],"[null, null, null, null]",,0.064,,0
6909.TW,創控科技股份有限公司,52.8,3549332224.0,24,Unknown,0.144,0.5958371595846234,0.026036257719604102,,,,,,[],"[null, null, null, null]",,0.144,,0
6914.TW,阜爾運通股份有限公司,141.0,9337866240.0,20,Unknown,0.092,0.21895408549182693,0.06467597785514743,,,,,,[],"[null, null, null, null]",,0.092,,0
6916.TW,華凌光電股份有限公司,18.55,1252124928.0,26,Unknown,-0.019,0.23915386555482873,-0.048462628726246265,,,,,,[],"[null, null, null, null]",,-0.019,,0
6918.TW,愛派司生技股份有限公司,73.5,2504218624.0,22,Unknown,0.117,0.6860439937743079,0.10458883768317798,,,,,,[],"[null, null, null, null]",,0.117,,0
6919.TW,康霈生技股份有限公司,98.6,153457770496.0,22,Unknown,0.0,0.6972158687593659,-0.004632178488957489,,,,,,[],"[null, null, null, null]",,0.0,,0
6921.TW,嘉雨思科技股份有限公司,75.5,2403688960.0,24,Unknown,-0.531,0.6203339805825243,0.009820469313223112,,,,,,[],"[null, null, null, null]",,-0.531,,0
6923.TW,中台資源科技股份有限公司,77.3,7071993856.0,35,Unknown,0.042,0.383367315501061,0.043536036768770554,,,,,,[],"[null, null, null, null]",,0.042,,0
6924.TW,榮惠集團(開曼)股份有限公司,176.0,3629824000.0,28,Unknown,0.063,0.22439672696592528,0.04747847130419698,,,,,,[],"[null, null, null, null]",,0.063,,0
6928.TW,攸泰科技股份有限公司,48.2,4145200128.0,25,Unknown,-0.10400000000000001,0.2638444534119086,-0.03474586400363778,,,,,,[],"[null, null, null, null]",,-0.10400000000000001,,0
6931.TW,青松健康股份有限公司,40.0,2646080000.0,22,Unknown,0.18099999999999997,0.13160695946138704,0.01686693642328685,,,,,,[],"[null, null, null, null]",,0.18099999999999997,,0
6933.TW,艾瑪斯科技控股股份有限公司,189.5,8031919616.0,25,Unknown,-0.069,0.1248328093679711,0.031024711803040884,,,,,,[],"[null, null, null, null]",,-0.069,,0
6934.TW,心誠鎂行動醫電股份有限公司,72.6,2611622400.0,22,Unknown,-0.21600000000000003,0.6971179681534067,-0.00027504597252232707,,,,,,[],"[null, null, null, null]",,-0.21600000000000003,,0
6936.TW,永鴻國際生技股份有限公司,33.4,2431653632.0,22,Unknown,0.081,0.3245216548772688,0.06719492067684953,,,,,,[],"[null, null, null, null]",,0.081,,0
6937.TW,天虹科技股份有限公司,311.0,20984807424.0,24,Unknown,0.263,0.4187526438590983,0.016114636761723686,,,,,,[],"[null, null, null, null]",,0.263,,0
6944.TW,兆聯實業股份有限公司,932.0,71473135616.0,35,Unknown,0.548,0.22606331573357438,0.04701205178200399,,,,,,[],"[null, null, null, null]",,0.548,,0
6949.TW,沛爾生技醫藥股份有限公司,644.0,42207789056.0,22,Unknown,-0.467,-0.13973396130346233,-0.011090811100524673,,,,,,[],"[null, null, null, null]",,-0.467,,0
6951.TW,青新環境工程股份有限公司,81.1,3730599936.0,35,Unknown,0.215,0.5942683380850209,0.09265038176622141,,,,,,[],"[null, null, null, null]",,0.215,,0
6952.TW,大武山牧場科技股份有限公司,37.0,2491764992.0,20,Unknown,0.37200000000000005,0.17123899383588456,0.010154832408002494,,,,,,[],"[null, null, null, null]",,0.37200000000000005,,0
6955.TW,邦睿生技股份有限公司,145.0,3596144896.0,22,Unknown,0.188,0.7786991482401643,0.02986416590203016,,,,,,[],"[null, null, null, null]",,0.188,,0
6957.TW,裕慶金屬股份有限公司,171.5,9403173888.0,20,Unknown,0.287,0.40217944188316246,0.06701291576946479,,,,,,[],"[null, null, null, null]",,0.287,,0
6958.TW,日盛台駿國際租賃股份有限公司,17.4,6982434304.0,20,Unknown,-0.231,0.3625544125860771,0.01617477917510276,,,,,,[],"[null, null, null, null]",,-0.231,,0
6962.TW,ITH Corporation,38.1,18760308736.0,24,Unknown,-0.144,0.27733852015852406,0.10417576958042166,,,,,,[],"[null, null, null, null]",,-0.144,,0
6965.TW,中傑投資控股股份有限公司,79.1,12368075776.0,37,Unknown,-0.217,0.1160580787602373,0.053230711231640096,,,,,,[],"[null, null, null, null]",,-0.217,,0
6969.TW,成信實業股份有限公司,28.2,1236775552.0,35,Unknown,0.039,0.2993824417984717,0.010628626962319247,,,,,,[],"[null, null, null, null]",,0.039,,0
6988.TW,威力暘電子股份有限公司,15.35,712240000.0,12,Unknown,-0.08200000000000002,0.2645554420579074,-0.0752000254758815,,,,,,[],"[null, null, null, null]",,-0.08200000000000002,,0
6994.TW,富威電力股份有限公司,66.0,4775727104.0,35,Unknown,1.033,0.23935934597014907,0.13437053563500617,,,,,,[],"[null, null, null, null]",,1.033,,0
7610.TW,聯友金屬科技股份有限公司,1615.0,78465515520.0,35,Unknown,4.838,0.3077580913798906,0.0038991348625544726,,,,,,[],"[null, null, null, null]",,4.838,,0
7631.TW,聚賢研發股份有限公司,125.0,2517750016.0,31,Unknown,0.0,0.27526499971880913,0.07363964161451042,,,,,,[],"[null, null, null, null]",,0.0,,0
7705.TW,三商餐飲股份有限公司,31.35,2071209984.0,16,Unknown,0.083,0.3531894377234657,0.04147842014879168,,,,,,[],"[null, null, null, null]",,0.083,,0
7711.TW,永擎電子股份有限公司,413.0,29606397952.0,25,Unknown,0.919,0.08537838581323497,0.03765426469689442,,,,,,[],"[null, null, null, null]",,0.919,,0
7721.TW,微程式資訊股份有限公司,80.0,4429599744.0,36,Unknown,0.201,0.681708347364752,0.0070848188048694034,,,,,,[],"[null, null, null, null]",,0.201,,0
7722.TW,連加網路商業股份有限公司,280.0,19040000000.0,36,Unknown,0.155,0.3269045594997157,0.05771944651989466,,,,,,[],"[null, null, null, null]",,0.155,,0
7730.TW,暉盛科技股份有限公司,215.0,7911297536.0,24,Unknown,0.109,0.44889350104255676,0.009638922464096202,,,,,,[],"[null, null, null, null]",,0.109,,0
7732.TW,金興精密工業股份有限公司,36.05,2295663872.0,12,Unknown,0.0,0.2962976864774603,0.06748632884145468,,,,,,[],"[null, null, null, null]",,0.0,,0
7736.TW,虎山實業股份有限公司,74.3,5615222784.0,12,Unknown,-0.147,0.30294715410511486,0.06660037255339143,,,,,,[],"[null, null, null, null]",,-0.147,,0
7740.TW,熙特爾新能源股份有限公司,172.0,9150400512.0,35,Unknown,11.515999999999998,0.15470198073024546,0.04356799476396382,,,,,,[],"[null, null, null, null]",,11.515999999999998,,0
7749.TW,意騰科技股份有限公司,499.0,23196379136.0,24,Unknown,0.713,0.7612709498172618,0.02692540302552658,,,,,,[],"[null, null, null, null]",,0.713,,0
7750.TW,新代科技股份有限公司,2250.0,161432993792.0,05,Unknown,0.494,0.45752636774837674,0.018367220408405504,,,,,,[],"[null, null, null, null]",,0.494,,0
7760.TW,享溫馨企業股份有限公司,32.3,2134965376.0,16,Unknown,0.0,0.34564221548465257,0.008108280453970777,,,,,,[],"[null, null, null, null]",,0.0,,0
7765.TW,中華資安國際股份有限公司,271.0,11024550912.0,36,Unknown,0.158,0.4694779450226587,0.05381089246273033,,,,,,[],"[null, null, null]",,0.158,,0
7768.TW,頌勝科技材料股份有限公司,416.0,29147039744.0,24,Unknown,0.166,0.49543967493120333,0.008817095099080319,,,,,,[],"[null, null, null, null]",,0.166,,0
7769.TW,鴻勁精密股份有限公司,7515.0,1352174010368.0,24,Unknown,0.814,0.565354564036917,0.011546703301501234,,,,,,[],"[null, null, null]",,0.814,,0
7780.TW,大研生醫國際股份有限公司,17.6,14177929216.0,02,Unknown,0.386,0.6362387201867564,0.02389088667857434,,,,,,[],"[null, null, null, null]",,0.386,,0
7786.TW,東方風能科技股份有限公司,115.0,20166565888.0,35,Unknown,0.537,0.24828493499749732,0.10792573154105935,,,,,,[],"[null, null, null, null]",,0.537,,0
7788.TW,松川精密股份有限公司,189.5,15111865344.0,28,Unknown,0.144,0.27043187860719503,0.03017416494067243,,,,,,[],"[null, null, null, null]",,0.144,,0
7791.TW,皇家可口股份有限公司,68.0,5440000000.0,02,Unknown,-0.09,0.3451654001275591,0.07300499242651984,,,,,,[],"[null, null, null, null]",,-0.09,,0
7795.TW,長廣精機股份有限公司,410.0,32319682560.0,28,Unknown,-0.034,0.4415542899000372,0.011942609354252776,,,,,,[],"[null, null, null, null]",,-0.034,,0
7799.TW,禾榮科技股份有限公司,330.0,52138516480.0,22,Unknown,11.598000000000003,-2.5011641443538997,-0.010729995566403255,,,,,,[],"[null, null, null]",,11.598000000000003,,0
7803.TW,雲象科技股份有限公司,22.7,0.0,22,Unknown,-0.069,0.0,0.0,,,,,,[],[],,-0.069,,0
7818.TW,溢泰實業股份有限公司,65.5,11000463360.0,35,Unknown,-0.143,0.3043382919971172,0.07174556757793205,,,,,,[],"[null, null, null, null]",,-0.143,,0
7821.TW,神達數位股份有限公司,46.2,5632394240.0,12,Unknown,0.102,0.24593612446304342,0.08576236809858064,,,,,,[],"[null, null, null, null]",,0.102,,0
7822.TW,倍利科技股份有限公司,1095.0,49889038336.0,24,Unknown,1.25,0.6116356969887106,0.013462652646539043,,,,,,[],"[null, null, null, null]",,1.25,,0
7823.TW,奧義賽博科技股份有限公司,98.9,3312249088.0,36,Unknown,0.266,0.8310942643500251,-0.002711472510356661,,,,,,[],"[null, null, null, null]",,0.266,,0
7827.TW,英屬開曼群島商漢康生技(股)公司,153.5,21429422080.0,22,Unknown,0.0,1.0,-0.03751646219978885,,,,,,[],"[null, null, null, null]",,0.0,,0
8011.TW,台通光電股份有限公司,18.8,3119331328.0,27,Unknown,-0.10400000000000001,0.25896309530520706,0.05646734961641174,,,,,,[],"[null, null, null, null]",,-0.10400000000000001,,0
8016.TW,矽創電子股份有限公司,309.0,36358483968.0,24,Unknown,0.23,0.3159319512448508,0.07167877968473384,,,,,,[],"[null, null, null, null]",,0.23,,0
8021.TW,尖點科技股份有限公司,464.0,67299704832.0,31,Unknown,0.51,0.3085015682169854,0.009919242157526216,,,,,,[],"[null, null, null, null]",,0.51,,0
8028.TW,昇陽國際半導體股份有限公司,356.5,64815714304.0,24,Unknown,0.204,0.340345801067814,0.013925149271395012,,,,,,[],"[null, null, null, null]",,0.204,,0
8033.TW,雷虎科技股份有限公司,141.0,21815873536.0,20,Unknown,0.118,0.3733539869800572,-0.0016752512698633179,,,,,,[],"[null, null, null, null]",,0.118,,0
8039.TW,台虹科技股份有限公司,153.0,40341401600.0,28,Unknown,0.085,0.18659771685277438,0.009625218908272422,,,,,,[],"[null, null, null, null]",,0.085,,0
8045.TW,達運光電股份有限公司,71.3,6776481792.0,27,Unknown,0.42699999999999994,0.3893953166327856,0.011193875491059817,,,,,,[],"[null, null, null, null]",,0.42699999999999994,,0
8046.TW,南亞電路板股份有限公司,905.0,584779759616.0,28,Unknown,0.321,0.07050956280888392,0.0016824474014159694,,,,,,[],"[null, null, null, null]",,0.321,,0
8070.TW,長華電材股份有限公司,52.8,37188755456.0,29,Unknown,0.204,0.18575201329105454,0.04981627921432701,,,,,,[],"[null, null, null, null]",,0.204,,0
8072.TW,陞泰科技股份有限公司,28.4,2272000000.0,29,Unknown,0.345,0.16468776988053416,0.029923381673795272,,,,,,[],"[null, null, null, null]",,0.345,,0
8081.TW,致新科技股份有限公司,290.0,24849229824.0,24,Unknown,-0.022,0.38980001216292737,0.08236720081448495,,,,,,[],"[null, null, null, null]",,-0.022,,0
8101.TW,華冠通訊股份有限公司,14.55,719730304.0,27,Unknown,0.084,0.1879773821818219,-0.12258963561569117,,,,,,[],"[null, null, null, null]",,0.084,,0
8103.TW,瀚荃股份有限公司,113.5,8854325248.0,28,Unknown,0.233,0.37412090777690027,0.06545113520741676,,,,,,[],"[null, null, null, null]",,0.233,,0
8104.TW,錸寶科技股份有限公司,41.5,4318407168.0,26,Unknown,-0.4040000000000001,0.1569259410774373,0.01918480834855147,,,,,,[],"[null, null, null, null]",,-0.4040000000000001,,0
8105.TW,凌巨科技股份有限公司,19.3,8521816064.0,26,Unknown,0.039,0.059454645506782026,-0.023606091882589653,,,,,,[],"[null, null, null, null]",,0.039,,0
8110.TW,華東科技股份有限公司,65.2,32974245888.0,24,Unknown,0.099,0.0325773979418873,-0.008792795680658225,,,,,,[],"[null, null, null, null]",,0.099,,0
8112.TW,至上電子股份有限公司,91.4,47737491456.0,29,Unknown,1.378,0.032640514972424185,0.05800974190972401,,,,,,[],"[null, null, null, null]",,1.378,,0
8114.TW,振樺電子股份有限公司,259.5,19798501376.0,25,Unknown,-0.402,0.4823003264616121,0.32686589840649477,,,,,,[],"[null, null, null, null]",,-0.402,,0
8131.TW,福懋科技股份有限公司,75.5,33387776000.0,24,Unknown,0.32,0.09442323796312989,0.01743742131484566,,,,,,[],"[null, null, null, null]",,0.32,,0
8150.TW,南茂科技股份有限公司,106.5,74062028800.0,24,Unknown,0.254,0.11746068746863184,0.020473107571184864,,,,,,[],"[null, null, null, null]",,0.254,,0
8162.TW,微矽電子股份有限公司,80.8,5551121920.0,24,Unknown,-0.049,0.2519577995454877,0.021338403926167558,,,,,,[],"[null, null, null, null]",,-0.049,,0
8163.TW,達方電子股份有限公司,41.8,11954799616.0,25,Unknown,0.099,0.15863258199915162,0.004913159975855623,,,,,,[],"[null, null, null, null]",,0.099,,0
8201.TW,無敵科技股份有限公司,13.7,854418304.0,31,Unknown,0.321,0.24523957790571077,-0.06403456981460268,,,,,,[],"[null, null, null, null]",,0.321,,0
8210.TW,勤誠興業股份有限公司,1400.0,175446802432.0,25,Unknown,0.711,0.2859034637665513,0.023486464178323795,,,,,,[],"[null, null, null, null]",,0.711,,0
8213.TW,志超科技股份有限公司,38.85,10270094336.0,28,Unknown,0.076,0.11525627877193155,0.09360806514409198,,,,,,[],"[null, null, null, null]",,0.076,,0
8215.TW,明基材料股份有限公司,32.35,10373835776.0,26,Unknown,-0.007000000000000001,0.14699717026879378,-0.01566059221747385,,,,,,[],"[null, null, null, null]",,-0.007000000000000001,,0
8222.TW,寶一科技股份有限公司,38.25,2622955520.0,05,Unknown,-0.075,0.18521250969027536,0.01830004625009278,,,,,,[],"[null, null, null, null]",,-0.075,,0
8249.TW,菱光科技股份有限公司,55.8,7532257792.0,28,Unknown,-0.19699999999999998,0.205291665983541,0.0606912002805539,,,,,,[],"[null, null, null, null]",,-0.19699999999999998,,0
8261.TW,富鼎先進電子股份有限公司,174.0,20684771328.0,24,Unknown,0.092,0.3659901192858136,0.03837412896956762,,,,,,[],"[null, null, null, null]",,0.092,,0
8271.TW,宇瞻科技股份有限公司,248.5,0.0,24,Unknown,2.437,0.3469418146250989,3.628704926478862,,,,,,[],"[null, null, null, null]",,2.437,,0
8341.TW,日友環保科技股份有限公司,76.6,9957999616.0,35,Unknown,0.046,0.43452354817003,0.07788069584707846,,,,,,[],"[null, null, null, null]",,0.046,,0
8367.TW,建新國際股份有限公司,41.2,3797486592.0,15,Unknown,-0.002,0.32730176787048504,0.045318726590481945,,,,,,[],"[null, null, null, null]",,-0.002,,0
8374.TW,羅昇企業股份有限公司,112.0,12572054528.0,05,Unknown,0.235,0.2573869479460758,0.023769073949975617,,,,,,[],"[null, null, null, null]",,0.235,,0
8404.TW,百和興業股份有限公司(開曼),16.7,7012896256.0,20,Unknown,-0.019,0.38481488197949143,0.08072053925364814,,,,,,[],"[null, null, null, null]",,-0.019,,0
8411.TW,福貞控股股份有限公司,12.15,2653608448.0,20,Unknown,0.239,0.06433491775919775,-0.008817140352296526,,,,,,[],"[null, null, null, null]",,0.239,,0
8422.TW,可寧衛股份有限公司,27.7,31489251328.0,35,Unknown,-0.23799999999999996,0.5172359259673106,0.050813178158065936,,,,,,[],"[null, null, null, null]",,-0.23799999999999996,,0
8429.TW,金麗集團控股有限公司,6.17,1146059904.0,18,Unknown,-0.259,0.169720379658092,0.0,,,,,,[],"[null, null, null, null]",,-0.259,,0
8438.TW,昶昕實業股份有限公司,87.0,6085041152.0,35,Unknown,0.205,0.13428197425043076,0.03684733918362624,,,,,,[],"[null, null, null, null]",,0.205,,0
8442.TW,威宏控股股份有限公司,39.55,2775223552.0,20,Unknown,0.09,0.1913546797026023,0.13512007299584047,,,,,,[],"[null, null, null, null]",,0.09,,0
8443.TW,阿瘦實業股份有限公司,11.25,751500032.0,18,Unknown,-0.05,0.5651241693494068,-0.11395241468711909,,,,,,[],"[null, null, null, null]",,-0.05,,0
8454.TW,富邦媒體科技股份有限公司,241.5,63991529472.0,36,Unknown,0.007000000000000001,0.09359137079041245,0.0646118958396915,,,,,,[],"[null, null, null, null]",,0.007000000000000001,,0
8462.TW,柏文健康事業股份有限公司,141.5,11219826688.0,37,Unknown,0.205,0.31814934144162516,0.04821173013785149,,,,,,[],"[null, null, null, null]",,0.205,,0
8463.TW,潤泰精密材料股份有限公司,21.7,3255000064.0,20,Unknown,0.005,0.12757765506087226,0.067211345619709,,,,,,[],"[null, null, null, null]",,0.005,,0
8464.TW,億豐綜合工業股份有限公司,324.0,94938546176.0,38,Unknown,0.004,0.5880244782283185,0.112020987906812,,,,,,[],"[null, null, null, null]",,0.004,,0
8466.TW,美吉吉國際股份有限公司,16.2,1287019264.0,20,Unknown,-0.287,0.15092090682171352,0.03398608452205781,,,,,,[],"[null, null, null, null]",,-0.287,,0
8467.TW,波力環球企業股份有限公司,131.5,6361125376.0,37,Unknown,-0.069,0.41972609249352355,0.10949755719798789,,,,,,[],"[null, null, null, null]",,-0.069,,0
8473.TW,山林水環境工程股份有限公司,55.4,10030613504.0,35,Unknown,0.103,0.236616356999919,0.07735530724175106,,,,,,[],"[null, null, null, null]",,0.103,,0
8476.TW,台境企業股份有限公司,15.6,2515874560.0,35,Unknown,0.381,0.1846519402040342,0.025071923387999875,,,,,,[],"[null, null, null, null]",,0.381,,0
8478.TW,東哥企業股份有限公司,155.5,14612687872.0,37,Unknown,1.248,0.3904138393234333,0.06454813591959861,,,,,,[],"[null, null, null, null]",,1.248,,0
8481.TW,政伸企業股份有限公司,40.95,2727352064.0,20,Unknown,-0.084,0.47330846482015554,0.1060647296279626,,,,,,[],"[null, null, null, null]",,-0.084,,0
8482.TW,商億全球控股有限公司,49.0,5149066752.0,38,Unknown,-0.141,0.32058418200504524,0.061884247920997455,,,,,,[],"[null, null, null, null]",,-0.141,,0
8487.TW,愛爾達科技股份有限公司,82.0,2175869952.0,36,Unknown,0.584,0.2719913912930031,0.061530037025527194,,,,,,[],"[null, null, null, null]",,0.584,,0
8488.TW,吉源控股股份有限公司,10.15,746024960.0,20,Unknown,0.556,0.035940487814058654,-0.053953280428656714,,,,,,[],"[null, null, null, null]",,0.556,,0
8499.TW,鼎炫投資控股股份有限公司,301.5,12411415552.0,31,Unknown,1.043,0.4417296124371687,0.05178804713638153,,,,,,[],"[null, null, null, null]",,1.043,,0
8926.TW,台灣汽電共生股份有限公司,67.2,55794946048.0,23,Unknown,5.979,0.14242124338124887,0.008987097785168206,,,,,,[],"[null, null, null, null]",,5.979,,0
8940.TW,新天地國際實業股份有限公司,16.6,1120350592.0,16,Unknown,0.04,0.5176889148816921,0.12186173929693166,,,,,,[],"[null, null, null, null]",,0.04,,0
8996.TW,高力熱處理工業股份有限公司,1045.0,97067368448.0,05,Unknown,2.376,0.27337594024152423,0.010787433263865909,,,,,,[],"[null, null, null, null]",,2.376,,0
9103.TW,美德向邦醫療國際股份有限公司,5.16,2811741952.0,91,Unknown,0.472,0.16014487247676215,-0.002218295027370503,,,,,,[],[],,0.472,,0
9105.TW,泰金寶科技股份有限公司,9.68,101156028416.0,91,Unknown,-0.144,0.05048961371524929,0.026132086093288563,,,,,,[],"[null, null, null, null]",,-0.144,,0
9110.TW,越南製造加工出口控股有限公司,3.04,2759347200.0,91,Unknown,-0.057,0.08678141493233842,-0.0010786207720756102,,,,,,[],"[null, null]",,-0.057,,0
9136.TW,巨騰國際控股有限公司,12.15,10274800640.0,91,Unknown,-0.003,0.04677169954134923,-0.02599149370320281,,,,,,[],[],,-0.003,,0
9802.TW,鈺齊國際股份有限公司,77.7,15617078272.0,37,Unknown,0.002,0.18961585009183854,0.10436232282469024,,,,,,[],"[null, null, null, null]",,0.002,,0
9902.TW,台火開發股份有限公司,13.8,1353084544.0,20,Unknown,2.51,0.0715112254764685,0.0019144785258541019,,,,,,[],"[null, null, null, null]",,2.51,,0
9904.TW,寶成工業股份有限公司,25.8,76027101184.0,37,Unknown,-0.059,0.23121512997628416,0.08715729278604757,,,,,,[],"[null, null, null, null]",,-0.059,,0
9905.TW,大華金屬工業股份有限公司,20.85,6359249920.0,20,Unknown,0.151,0.0988915578815587,0.049314430567877175,,,,,,[],"[null, null, null, null]",,0.151,,0
9906.TW,欣巴巴事業股份有限公司,35.9,3244498432.0,14,Unknown,9.045,0.3283437237459179,0.007754793066831923,,,,,,[],"[null, null, null, null]",,9.045,,0
9907.TW,統一實業股份有限公司,16.2,25582149632.0,20,Unknown,-0.088,0.13627884283445924,0.10193984340442301,,,,,,[],"[null, null, null, null]",,-0.088,,0
9908.TW,大台北區瓦斯股份有限公司,29.3,14675344384.0,23,Unknown,-0.008,0.21276843129139433,0.0353589247350476,,,,,,[],"[null, null, null, null]",,-0.008,,0
9910.TW,豐泰企業股份有限公司,71.9,71000014848.0,37,Unknown,-0.054000000000000006,0.22449494487757768,0.10308793713082531,,,,,,[],"[null, null, null, null]",,-0.054000000000000006,,0
9911.TW,台灣櫻花股份有限公司,82.0,18046285824.0,38,Unknown,0.055,0.35320598699414724,0.09449941744711993,,,,,,[],"[null, null, null, null]",,0.055,,0
9912.TW,偉聯科技股份有限公司,12.45,674423552.0,25,Unknown,-0.025,0.4154238386008705,-0.06608955399063385,,,,,,[],"[null, null, null, null]",,-0.025,,0
9914.TW,美利達工業股份有限公司,68.0,20330911744.0,37,Unknown,-0.297,0.140993284003486,0.0616976204785821,,,,,,[],"[null, null, null, null]",,-0.297,,0
9917.TW,中興保全科技股份有限公司,115.0,51065901056.0,20,Unknown,0.01,0.3255132137835033,0.056985014782691926,,,,,,[],"[null, null, null, null]",,0.01,,0
9918.TW,欣欣天然氣股份有限公司,43.5,7743397376.0,23,Unknown,-0.087,0.2983202472521179,0.04593930966176031,,,,,,[],"[null, null, null, null]",,-0.087,,0
9919.TW,康那香企業股份有限公司,14.15,2764382976.0,20,Unknown,0.0,0.025151273374648193,-0.11870724226787041,,,,,,[],"[null, null, null, null]",,0.0,,0
9921.TW,巨大機械工業股份有限公司,69.8,27366137856.0,37,Unknown,-0.257,0.19811559946687654,0.03270691407396315,,,,,,[],"[null, null, null, null]",,-0.257,,0
9924.TW,台灣福興工業股份有限公司,42.65,6429987840.0,38,Unknown,-0.162,0.21984617597293185,0.13998700318911644,,,,,,[],"[null, null, null, null]",,-0.162,,0
9925.TW,台灣新光保全股份有限公司,40.25,15464283136.0,20,Unknown,0.072,0.332421826686859,0.05370576415085587,,,,,,[],"[null, null, null, null]",,0.072,,0
9926.TW,新海瓦斯股份有限公司,49.0,8795696128.0,23,Unknown,-0.01,0.24590807971983814,0.05066622453738688,,,,,,[],"[null, null, null, null]",,-0.01,,0
9927.TW,泰銘實業股份有限公司,68.3,8196000256.0,20,Unknown,0.039,0.12425649145351131,0.11190291757662163,,,,,,[],"[null, null, null, null]",,0.039,,0
9928.TW,中國電視事業股份有限公司,17.9,1265970048.0,20,Unknown,0.078,0.013209560707949717,-0.04698668111231773,,,,,,[],"[null, null, null, null]",,0.078,,0
9929.TW,秋雨創新股份有限公司,11.6,1174848000.0,20,Unknown,-0.023,0.14370473606162973,0.008460192011881399,,,,,,[],"[null, null, null, null]",,-0.023,,0
9930.TW,中聯資源股份有限公司,69.0,17149259776.0,35,Unknown,-0.051,0.15003356097602139,0.0821500405015744,,,,,,[],"[null, null, null, null]",,-0.051,,0
9931.TW,欣高石油氣股份有限公司,34.75,4182834944.0,23,Unknown,0.021,0.1817759193634683,0.04713539838152061,,,,,,[],"[null, null, null, null]",,0.021,,0
9933.TW,中鼎工程股份有限公司,39.65,37343768576.0,20,Unknown,-0.23200000000000004,0.10207781458269519,0.17426968411149024,,,,,,[],"[null, null, null, null]",,-0.23200000000000004,,0
9934.TW,成霖企業股份有限公司,9.96,4093729024.0,38,Unknown,0.063,0.34143533706598134,0.03649800758190586,,,,,,[],"[null, null, null, null]",,0.063,,0
9935.TW,慶豐富實業股份有限公司,18.9,3323393536.0,38,Unknown,0.016,0.26071430667359835,0.07290860014321718,,,,,,[],"[null, null, null, null]",,0.016,,0
9937.TW,全國加油站股份有限公司,55.7,17213696000.0,23,Unknown,-0.068,0.12249947832789539,0.037218689620605976,,,,,,[],"[null, null, null, null]",,-0.068,,0
9938.TW,台灣百和工業股份有限公司,44.05,13125313536.0,20,Unknown,-0.05,0.3527258993480246,0.120422653495076,,,,,,[],"[null, null, null, null]",,-0.05,,0
9939.TW,宏全國際股份有限公司,124.5,36825415680.0,20,Unknown,-0.05800000000000001,0.22251583672549508,0.06747765769909607,,,,,,[],"[null, null, null, null]",,-0.05800000000000001,,0
9940.TW,信義房屋股份有限公司,19.1,14073777152.0,20,Unknown,0.3,0.19945898049272265,0.020326684306852708,,,,,,[],"[null, null, null, null]",,0.3,,0
9941.TW,裕融企業股份有限公司,73.6,42366808064.0,20,Unknown,-0.011,0.17504401446442264,-0.020505197922027384,,,,,,[],"[null, null, null, null]",,-0.011,,0
9942.TW,茂順密封元件科技股份有限公司,120.0,9979358208.0,20,Unknown,0.134,0.39042058563000137,0.09915425076154952,,,,,,[],"[null, null, null, null]",,0.134,,0
9943.TW,好樂迪股份有限公司,55.6,6959536128.0,16,Unknown,-0.087,0.5130056621326832,0.06200162437034375,,,,,,[],"[null, null, null, null]",,-0.087,,0
9944.TW,新麗企業股份有限公司,16.9,1789846784.0,20,Unknown,0.109,0.280672163918041,0.0255263970463102,,,,,,[],"[null, null, null, null]",,0.109,,0
9945.TW,潤泰創新國際股份有限公司,23.7,67177914368.0,20,Unknown,0.255,0.24050827619540305,0.054252584195554905,,,,,,[],"[null, null, null, null]",,0.255,,0
9946.TW,三發地產股份有限公司,16.55,5369219584.0,14,Unknown,74.706,0.47246784128678365,0.01476218894841771,,,,,,[],"[null, null, null, null]",,74.706,,0
9955.TW,佳龍科技工程股份有限公司,28.85,3012973824.0,35,Unknown,0.529,0.08509607632223143,-0.003948328360693356,,,,,,[],"[null, null, null, null]",,0.529,,0
9958.TW,世紀鋼鐵結構股份有限公司,105.0,25924151296.0,10,Unknown,0.166,0.29289075310108886,0.10601122229983498,,,,,,[],"[null, null, null, null]",,0.166,,0
