Symbol,Name,Price,Market Cap,Sector,Industry,Score,Status,Fail Codes,Rev Growth,Gross Margin,ROIC,Insider Own,PEG,Z-Score
APLD,Applied Digital Corporation,26.7691,7484260864.0,Technology,Unknown,20,Fail,"FAIL_MCAP,FAIL_PRICE,FAIL_GM,FAIL_GM_TREND,FAIL_ROIC,FAIL_PS,FAIL_FLOAT,FAIL_INSIDER",2.501,0.19615,-0.11087332455147975,0.13274,0.39984006397441024,3.013978326544416
SCM,Stellus Capital Investment Corporation,9.7,280788352.0,Financial Services,Unknown,60,Fail,"FAIL_GROWTH,FAIL_ROIC,FAIL_FLOAT,FAIL_INSIDER",-0.016,1.0,0.08089822646739248,0.03912,-5.56192625,3.0
SNYR,Synergy CHC Corp.,1.32,14852448.0,Healthcare,Unknown,80,Fail,"FAIL_MCAP,FAIL_GROWTH",0.124,0.71083,0.5925802623361399,0.56452,0.3801843548387097,-0.18000112389542977
MAS,Masco Corporation,60.82,12383382528.0,Industrials,Unknown,50,Fail,"FAIL_MCAP,FAIL_PRICE,FAIL_GROWTH,FAIL_FLOAT,FAIL_INSIDER",-0.019,0.35678002,0.3922546854714322,0.00225,-8.292882631578948,3.7947972397965724
BLX,"Banco Latinoamericano de Comercio Exterior, S. A.",49.38,1819609984.0,Financial Services,Unknown,40,Fail,"FAIL_PRICE,FAIL_GROWTH,FAIL_GM,FAIL_ROIC,FAIL_PS,FAIL_INSIDER",0.121,0.0,0.0,0.0,0.6679200826446281,3.0
FRAF,Franklin Financial Services Corporation,47.88,214557904.0,Financial Services,Unknown,70,Fail,"FAIL_PRICE,FAIL_GM,FAIL_INSIDER",0.547,0.0,0.29176978144662785,0.06285,0.18466667276051188,3.0
JD,"JD.com, Inc.",28.315,40963166208.0,Consumer Cyclical,Unknown,20,Fail,"FAIL_MCAP,FAIL_PRICE,FAIL_GROWTH,FAIL_GM,FAIL_GM_TREND,FAIL_PEG,FAIL_FLOAT,FAIL_INSIDER",0.015,0.09308,,0.00802,10.094474,
PHG,Koninklijke Philips N.V.,27.79,26640594944.0,Healthcare,Unknown,30,Fail,"FAIL_MCAP,FAIL_PRICE,FAIL_GROWTH,FAIL_ROIC,FAIL_PEG,FAIL_FLOAT,FAIL_INSIDER",0.011,0.45183,0.07035544434833509,0.0,23.833621818181822,2.1380855316771115
FBLA,"FB Bancorp, Inc.",13.225,193692720.0,Financial Services,Unknown,50,Fail,"FAIL_GROWTH,FAIL_GM,FAIL_ROIC,FAIL_PS,FAIL_INSIDER",-0.189,0.0,0.04253698071081201,0.1385,-3.180615873015873,3.0
HCA,"HCA Healthcare, Inc.",511.19,114313437184.0,Healthcare,Unknown,50,Fail,"FAIL_MCAP,FAIL_PRICE,FAIL_GROWTH,FAIL_PEG,FAIL_FLOAT",0.067,0.415,0.2296729665637087,0.16158001,2.6912526865671644,2.8386792855662404
SEER,"Seer, Inc.",1.745,98454248.0,Healthcare,Unknown,50,Fail,"FAIL_GROWTH,FAIL_ROIC,FAIL_PS,FAIL_PEG,FAIL_INSIDER",0.05,0.51062,-0.33183795298873303,0.09896,20.0,-0.6586384048675868
INTS,"Intensity Therapeutics, Inc.",6.235,15798642.0,Healthcare,Unknown,30,Fail,"FAIL_MCAP,FAIL_GROWTH,FAIL_GM,FAIL_ROIC,FAIL_PS,FAIL_PEG,FAIL_INSIDER",0.0,0.0,0.0,0.083380006,100.0,-25.285505937684793
ING,ING Groep N.V.,26.23,75756994560.0,Financial Services,Unknown,40,Fail,"FAIL_MCAP,FAIL_PRICE,FAIL_GM,FAIL_PS,FAIL_FLOAT,FAIL_INSIDER",1.182,0.0,0.18550515510565563,0.0,0.09169917089678511,3.0
XRTX,XORTX Therapeutics Inc.,0.4,2784887.0,Healthcare,Unknown,30,Fail,"FAIL_MCAP,FAIL_GROWTH,FAIL_GM,FAIL_ROIC,FAIL_PS,FAIL_PEG,FAIL_INSIDER",0.0,0.0,0.0,0.10261,100.0,-13.34804404738066
MKZR,"MacKenzie Realty Capital, Inc.",3.775,7423160.0,Real Estate,Unknown,50,Fail,"FAIL_MCAP,FAIL_GROWTH,FAIL_GM_TREND,FAIL_ROIC,FAIL_INSIDER",-0.44,0.34244,0.0,0.06829,-2.272727272727273,-0.5918352610693822
FBYD,"Falcon's Beyond Global, Inc.",7.2,348552096.0,Industrials,Unknown,90,Fail,FAIL_PS,0.959,0.79882,4.810721537032702,0.55478,1.0427528675703859,8.962692672419305
CBZ,"CBIZ, Inc.",27.055,1490007296.0,Industrials,Unknown,50,Fail,"FAIL_PRICE,FAIL_GROWTH,FAIL_GM,FAIL_ROIC,FAIL_INSIDER",0.179,0.15217,0.053859351779324945,0.0506,0.8259303351955308,1.529451689509022
CNET,ZW Data Action Technologies Inc.,0.745,2435009.0,Communication Services,Unknown,50,Fail,"FAIL_MCAP,FAIL_GROWTH,FAIL_GM,FAIL_ROIC,FAIL_INSIDER",-0.47,0.048010003,-1.4157075071784497,0.12307999,-2.127659574468085,-8.200175914042765
HBT,"HBT Financial, Inc.",26.11,950721600.0,Financial Services,Unknown,50,Fail,"FAIL_PRICE,FAIL_GROWTH,FAIL_GM,FAIL_PS,FAIL_PEG",0.011,0.0,0.21296535300364744,0.54327,9.728018181818182,3.0
PBR-A,Petróleo Brasileiro S.A. - Petrobras,18.03,117789466624.0,Energy,Unknown,40,Fail,"FAIL_MCAP,FAIL_GROWTH,FAIL_GM_TREND,FAIL_ROIC,FAIL_FLOAT,FAIL_INSIDER",0.05,0.47632998,0.14541290619106173,0.0,1.15576934,1.2381687486481414
TECK,Teck Resources Limited,48.49,23784241152.0,Basic Materials,Unknown,20,Fail,"FAIL_MCAP,FAIL_PRICE,FAIL_GROWTH,FAIL_GM,FAIL_ROIC,FAIL_PEG,FAIL_FLOAT,FAIL_INSIDER",0.098,0.24701999,0.051955756205177415,0.02792,2.401922040816326,1.8605755675551194
SNA,Snap-on Incorporated,365.49,19026438144.0,Industrials,Unknown,30,Fail,"FAIL_MCAP,FAIL_PRICE,FAIL_GROWTH,FAIL_PS,FAIL_PEG,FAIL_FLOAT,FAIL_INSIDER",0.031,0.51735,0.1931885385527844,0.02362,6.147027741935484,7.657180143090535
RAAQ,Real Asset Acquisition Corp.,10.61,244030000.0,Financial Services,Unknown,40,Fail,"FAIL_GROWTH,FAIL_GM,FAIL_ROIC,FAIL_PS,FAIL_PEG,FAIL_INSIDER",0.0,0.0,0.0,0.0,42.44,20.74819002619975
WLTH,Wealthfront Corporation,7.91,1187452160.0,Technology,Unknown,50,Fail,"FAIL_GROWTH,FAIL_ROIC,FAIL_PEG,FAIL_FLOAT,FAIL_INSIDER",0.163,0.89587,0.0,0.13932,4.411600613496932,3.6397690957509083
METC,"Ramaco Resources, Inc.",13.72,926250368.0,Basic Materials,Unknown,50,Fail,"FAIL_GROWTH,FAIL_GM,FAIL_GM_TREND,FAIL_ROIC,FAIL_INSIDER",-0.251,0.1551,-0.0878440609905259,0.091350004,-3.98406374501992,1.6723173766838677
CIGL,Concorde International Group Ltd.,2.04,55050352.0,Industrials,Unknown,50,Fail,"FAIL_GROWTH,FAIL_ROIC,FAIL_PS,FAIL_PEG,FAIL_INSIDER",0.108,0.36543,-10.953799232528185,0.03882,9.25925925925926,-32.871856874406085
BGH,Barings Global Short Duration High Yield Fund,13.9,278893920.0,Financial Services,Unknown,30,Fail,"FAIL_GROWTH,FAIL_GM,FAIL_ROIC,FAIL_PS,FAIL_PEG,FAIL_FLOAT,FAIL_INSIDER",0.0,0.0,0.0,0.0008,8.63354,3.0
BLIN,"Bridgeline Digital, Inc.",0.8928,11249172.0,Technology,Unknown,60,Fail,"FAIL_MCAP,FAIL_GROWTH,FAIL_ROIC,FAIL_PEG",0.032,0.66391,-0.2849228497190968,0.27179,31.25,-7.057120432284308
NVCR,NovoCure Limited,11.905,1354722304.0,Healthcare,Unknown,50,Fail,"FAIL_GROWTH,FAIL_ROIC,FAIL_PEG,FAIL_FLOAT,FAIL_INSIDER",0.081,0.74797,-0.2406619324988586,0.09718,12.345679012345679,0.4638595522835738
CMCT,Creative Media & Community Trust Corporation,0.1665,157680.0,Real Estate,Unknown,50,Fail,"FAIL_MCAP,FAIL_GROWTH,FAIL_GM_TREND,FAIL_ROIC,FAIL_INSIDER",-0.004,0.39421,0.015171985593235304,0.018380001,-0.007250479,-1.3135162882986857
SYY,Sysco Corporation,83.2901,39890182144.0,Consumer Defensive,Unknown,30,Fail,"FAIL_MCAP,FAIL_PRICE,FAIL_GROWTH,FAIL_GM,FAIL_PEG,FAIL_FLOAT,FAIL_INSIDER",0.03,0.18462999,0.1513573883371414,0.00206,7.4833870000000005,5.150543697859554
ROG,Rogers Corporation,101.275,1805497472.0,Technology,Unknown,40,Fail,"FAIL_PRICE,FAIL_GROWTH,FAIL_GM,FAIL_ROIC,FAIL_PEG,FAIL_INSIDER",0.048,0.31672,-0.058947235768736464,0.01047,20.833333333333336,6.500924136238081
CCL,Carnival Corporation & plc,24.745,34275280896.0,Consumer Cyclical,Unknown,40,Fail,"FAIL_MCAP,FAIL_GROWTH,FAIL_ROIC,FAIL_PEG,FAIL_FLOAT,FAIL_INSIDER",0.066,0.55548,0.10699523255261345,0.07836,1.8560607575757573,1.2245423359720067
ALEC,"Alector, Inc.",2.11,232865040.0,Healthcare,Unknown,40,Fail,"FAIL_GROWTH,FAIL_GM,FAIL_ROIC,FAIL_PS,FAIL_FLOAT,FAIL_INSIDER",-0.885,0.0,-144.62091461720405,0.100509994,-1.1299435028248588,-4.9867200111349845
GRX,The Gabelli Healthcare & Wellness Trust,9.247,143310688.0,Financial Services,Unknown,30,Fail,"FAIL_GROWTH,FAIL_GM,FAIL_ROIC,FAIL_PS,FAIL_PEG,FAIL_FLOAT,FAIL_INSIDER",0.0,0.0,0.0,0.01837,100.0,3.0
SND,"Smart Sand, Inc.",4.305,170959264.0,Energy,Unknown,60,Fail,"FAIL_GROWTH,FAIL_GM,FAIL_GM_TREND,FAIL_ROIC",-0.058,0.11476,0.003913113585268323,0.34206,-24.741379310344826,2.368669078153278
BEEM,Beam Global,1.47,27973140.0,Technology,Unknown,50,Fail,"FAIL_MCAP,FAIL_GROWTH,FAIL_GM,FAIL_ROIC,FAIL_INSIDER",-0.496,0.14952,-0.2910669153146524,0.09276,-2.0161290322580645,-1.0882181681900183
WIT,Wipro Limited,2.21,23153180672.0,Technology,Unknown,40,Fail,"FAIL_MCAP,FAIL_GROWTH,FAIL_GM,FAIL_PEG,FAIL_FLOAT,FAIL_INSIDER",0.055,0.29608,0.15490956708982342,0.0,2.8701298181818182,2.4335716406557655
LYTS,LSI Industries Inc.,19.47,709159616.0,Technology,Unknown,60,Fail,"FAIL_GROWTH,FAIL_GM,FAIL_ROIC,FAIL_INSIDER",-0.005,0.25551,0.0908191481015067,0.102469996,-47.487804,4.843461224082535
CVGW,"Calavo Growers, Inc.",24.81,443455904.0,Consumer Defensive,Unknown,60,Fail,"FAIL_GROWTH,FAIL_GM,FAIL_ROIC,FAIL_INSIDER",-0.208,0.102419995,0.1232267937850257,0.06801,-1.325320576923077,6.186307563343048
ARBB,ARB IOT Group Limited,4.66,8226092.0,Technology,Unknown,80,Fail,"FAIL_MCAP,FAIL_GM",3.317,-0.041279998,,0.35493,0.3014772384684956,
RFMZ,"RiverNorth Flexible Municipal Income Fund II, Inc.",12.7854,311346944.0,Financial Services,Unknown,30,Fail,"FAIL_GROWTH,FAIL_GM,FAIL_ROIC,FAIL_PS,FAIL_PEG,FAIL_FLOAT,FAIL_INSIDER",0.0,0.0,0.0,0.00767,100.0,3.0
ES,Eversource Energy,72.4,27185954816.0,Utilities,Unknown,30,Fail,"FAIL_MCAP,FAIL_PRICE,FAIL_GROWTH,FAIL_GM_TREND,FAIL_ROIC,FAIL_FLOAT,FAIL_INSIDER",0.134,0.53622,0.06168412350544225,0.00185,1.1848651492537314,0.7632778329318378
OCUL,"Ocular Therapeutix, Inc.",8.485,1847114624.0,Healthcare,Unknown,30,Fail,"FAIL_GROWTH,FAIL_GM,FAIL_GM_TREND,FAIL_ROIC,FAIL_PS,FAIL_FLOAT,FAIL_INSIDER",-0.224,-2.92043,0.0,0.02809,-4.4642857142857135,5.316401559994007
NATR,"Nature's Sunshine Products, Inc.",23.36,408977728.0,Consumer Defensive,Unknown,70,Fail,"FAIL_GROWTH,FAIL_PEG,FAIL_INSIDER",0.047,0.72420996,0.2370350488067219,0.06033,4.688880212765957,5.553792789308578
WTS,"Watts Water Technologies, Inc.",298.3995,9948617728.0,Industrials,Unknown,40,Fail,"FAIL_MCAP,FAIL_PRICE,FAIL_GROWTH,FAIL_PS,FAIL_PEG,FAIL_INSIDER",0.157,0.49457002,0.19179969141812397,0.009980001,1.8670272611464969,9.380795994227555
UAMY,United States Antimony Corporation,9.47,1326137216.0,Basic Materials,Unknown,50,Fail,"FAIL_GM,FAIL_ROIC,FAIL_PS,FAIL_FLOAT,FAIL_INSIDER",2.383,0.26449,-0.20671964477489574,0.13486,0.419639110365086,130.81251312755242
TRNS,"Transcat, Inc.",72.35,675183808.0,Industrials,Unknown,60,Fail,"FAIL_PRICE,FAIL_ROIC,FAIL_PEG,FAIL_INSIDER",0.256,0.32453,0.044148914815675205,0.02217,3.3249080078124997,5.478308168081449
CNTX,Context Therapeutics Inc.,2.9,266449616.0,Healthcare,Unknown,40,Fail,"FAIL_GROWTH,FAIL_GM,FAIL_ROIC,FAIL_PS,FAIL_PEG,FAIL_INSIDER",0.0,0.0,0.0,0.01181,100.0,54.693789295726475
HFBL,"Home Federal Bancorp, Inc. of Louisiana",17.89,55005272.0,Financial Services,Unknown,80,Fail,"FAIL_GROWTH,FAIL_GM",0.171,0.0,0.31943647745411013,0.42334998,0.619052514619883,3.0
JCTC,Jewett-Cameron Trading Company Ltd.,1.75,6160199.0,Basic Materials,Unknown,50,Fail,"FAIL_MCAP,FAIL_GROWTH,FAIL_GM,FAIL_GM_TREND,FAIL_ROIC",-0.066,0.08552,-0.17593946622193302,0.26596,-15.15151515151515,3.7738315836892866
BRC,Brady Corporation,84.89,4008308736.0,Industrials,Unknown,50,Fail,"FAIL_MCAP,FAIL_PRICE,FAIL_GROWTH,FAIL_PEG,FAIL_INSIDER",0.077,0.51075,0.16409446485199133,0.03167,2.5818911688311688,7.0353245056698706
LAB,Standard BioTools Inc.,0.9647,370990240.0,Healthcare,Unknown,70,Fail,"FAIL_GROWTH,FAIL_PS,FAIL_INSIDER",-0.142,0.49855998,,0.025320001,-7.042253521126761,
IRHOU,Iron Horse Acquisitions Corp. II,9.96,0.0,Financial Services,Unknown,30,Fail,"FAIL_MCAP,FAIL_GROWTH,FAIL_GM,FAIL_ROIC,FAIL_PS,FAIL_PEG,FAIL_INSIDER",0.0,0.0,0.0,0.015700001,100.0,-4.326851961028954
ESCA,"Escalade, Incorporated",17.6,242945920.0,Consumer Cyclical,Unknown,70,Fail,"FAIL_GROWTH,FAIL_GM,FAIL_ROIC",-0.022,0.26918,0.07916464311898948,0.25858998,-8.080808636363637,5.956402097859308
VCTR,"Victory Capital Holdings, Inc.",68.1225,4423565824.0,Financial Services,Unknown,50,Fail,"FAIL_MCAP,FAIL_PRICE,FAIL_ROIC,FAIL_PS,FAIL_INSIDER",0.61,0.56560004,0.11743105665557461,0.098179996,0.27371626229508195,2.5732910050443256
FSLY,"Fastly, Inc.",26.1391,3967915264.0,Technology,Unknown,40,Fail,"FAIL_MCAP,FAIL_PRICE,FAIL_ROIC,FAIL_PEG,FAIL_FLOAT,FAIL_INSIDER",0.228,0.57082003,-0.09219193647323283,0.07005,4.385964912280701,3.5689959025736173
ENOV,Enovis Corporation,23.485,1344401920.0,Healthcare,Unknown,50,Fail,"FAIL_GROWTH,FAIL_ROIC,FAIL_PEG,FAIL_FLOAT,FAIL_INSIDER",0.026,0.60885,-0.4046251319088545,0.020610001,38.46153846153846,-0.3825440284058148
MTW,"The Manitowoc Company, Inc.",11.9793,424946688.0,Industrials,Unknown,50,Fail,"FAIL_GROWTH,FAIL_GM,FAIL_ROIC,FAIL_PEG,FAIL_INSIDER",0.136,0.18059999,0.025691356160598037,0.049239997,4.404154117647058,2.1087545464528685
ALFUU,Centurion Acquisition Corp.,10.89,0.0,Financial Services,Unknown,30,Fail,"FAIL_MCAP,FAIL_GROWTH,FAIL_GM,FAIL_ROIC,FAIL_PS,FAIL_PEG,FAIL_INSIDER",0.0,0.0,0.0,0.0,100.0,-0.0680074923440984
ALCYU,Alchemy Investments Acquisition Corp 1,15.0,0.0,Financial Services,Unknown,30,Fail,"FAIL_MCAP,FAIL_GROWTH,FAIL_GM,FAIL_ROIC,FAIL_PS,FAIL_PEG,FAIL_INSIDER",0.0,0.0,0.0,0.0,100.0,0.24907093714985118
PEPG,PepGen Inc.,4.93,340738400.0,Healthcare,Unknown,40,Fail,"FAIL_GROWTH,FAIL_GM,FAIL_ROIC,FAIL_PS,FAIL_PEG,FAIL_INSIDER",0.0,0.0,-0.9011795046332839,0.00715,100.0,3.9965885268225803
NXST,"Nexstar Media Group, Inc.",232.52,7051865600.0,Communication Services,Unknown,50,Fail,"FAIL_MCAP,FAIL_PRICE,FAIL_GROWTH,FAIL_ROIC,FAIL_INSIDER",-0.133,0.55385,0.035880526272779274,0.06814,-5.82756917293233,1.639798399006861
SEZL,Sezzle Inc.,67.6,2308749824.0,Financial Services,Unknown,70,Fail,"FAIL_MCAP,FAIL_PRICE,FAIL_PS",0.322,0.73175,0.5395157305569284,0.49255002,0.5643491614906831,9.263731479952344
MSGS,Madison Square Garden Sports Corp.,314.9,7579432448.0,Communication Services,Unknown,20,Fail,"FAIL_MCAP,FAIL_PRICE,FAIL_GROWTH,FAIL_GM_TREND,FAIL_ROIC,FAIL_PS,FAIL_PEG,FAIL_INSIDER",0.128,0.32784,0.007500598463842794,0.037639998,7.8125,2.9221562178550697
NEOV,NeoVolta Inc.,3.75,159667216.0,Industrials,Unknown,60,Fail,"FAIL_GM,FAIL_ROIC,FAIL_PS,FAIL_INSIDER",3.335,0.19045,0.0,0.11553001,0.29985007496251875,18.798063227374804
NNVC,"NanoViricides, Inc.",1.13,24402350.0,Healthcare,Unknown,30,Fail,"FAIL_MCAP,FAIL_GROWTH,FAIL_GM,FAIL_ROIC,FAIL_PS,FAIL_PEG,FAIL_INSIDER",0.0,0.0,0.0,0.028010001,100.0,-15.899167623476604
CHI,Calamos Convertible Opportunities and Income Fund,11.355,904172352.0,Financial Services,Unknown,50,Fail,"FAIL_GROWTH,FAIL_ROIC,FAIL_PS,FAIL_FLOAT,FAIL_INSIDER",-0.302,1.0,0.0,0.00044,-0.1716864668874172,3.0
AM,Antero Midstream Corporation,22.8,10859069440.0,Energy,Unknown,40,Fail,"FAIL_MCAP,FAIL_GROWTH,FAIL_ROIC,FAIL_PS,FAIL_PEG,FAIL_FLOAT",0.031,0.81581,0.11020774366832743,0.30824,8.552137741935484,2.3609049579288945
SCSC,"ScanSource, Inc.",34.7,761404928.0,Technology,Unknown,40,Fail,"FAIL_PRICE,FAIL_GROWTH,FAIL_GM,FAIL_ROIC,FAIL_PEG,FAIL_INSIDER",0.025,0.13746999,0.08370176371011631,0.01957,4.2839508,3.674235607556006
MTC,"MMTec, Inc.",5.94,149610112.0,Technology,Unknown,50,Fail,"FAIL_GROWTH,FAIL_ROIC,FAIL_PS,FAIL_PEG,FAIL_INSIDER",0.0,0.82208,-1.581911130151354,0.0018000001,100.0,-3.6511354967827025
ISBA,Isabella Bank Corporation,44.58,326998592.0,Financial Services,Unknown,50,Fail,"FAIL_PRICE,FAIL_GROWTH,FAIL_GM,FAIL_PS,FAIL_INSIDER",0.143,0.0,0.1746135157438004,0.07567,1.2177667132867134,3.0
WVVIP,"Willamette Valley Vineyards, Inc.",3.0,22899300.0,Consumer Defensive,Unknown,60,Fail,"FAIL_MCAP,FAIL_GROWTH,FAIL_ROIC,FAIL_INSIDER",-0.109,0.60542,0.0023319147534916138,0.00246,-2.038735871559633,1.2170974888614245
AESI,Atlas Energy Solutions Inc.,13.64,1693560448.0,Energy,Unknown,60,Fail,"FAIL_GROWTH,FAIL_GM,FAIL_ROIC,FAIL_FLOAT",-0.081,0.28377,-0.012927794764907546,0.35067,-12.345679012345679,1.4934686361140213
ISSC,"Innovative Aerosystems, Inc.",29.53,524994496.0,Industrials,Unknown,70,Fail,"FAIL_PRICE,FAIL_GM_TREND,FAIL_PS",0.366,0.50797004,0.1973204939477398,0.18732001,0.7611609836065573,10.413744168189933
LAES,SEALSQ Corp,3.03,542069440.0,Technology,Unknown,40,Fail,"FAIL_GROWTH,FAIL_GM,FAIL_ROIC,FAIL_PS,FAIL_FLOAT,FAIL_INSIDER",-0.001,0.44762,-9.158802691831385,0.03383,-1000.0,16.412823296908908
TBI,"TrueBlue, Inc.",3.51,105519864.0,Industrials,Unknown,40,Fail,"FAIL_GROWTH,FAIL_GM,FAIL_GM_TREND,FAIL_ROIC,FAIL_PEG,FAIL_INSIDER",0.083,0.22566,-0.07891043411036312,0.07753,12.048192771084336,3.507305442695163
ADPT,Adaptive Biotechnologies Corporation,13.32,2051034496.0,Healthcare,Unknown,40,Fail,"FAIL_MCAP,FAIL_ROIC,FAIL_PS,FAIL_PEG,FAIL_FLOAT,FAIL_INSIDER",0.51,0.74236,0.0,0.020569999,1.9607843137254901,1.2798788293088794
PAX,Patria Investments Limited,11.33,1806778624.0,Financial Services,Unknown,40,Fail,"FAIL_GROWTH,FAIL_GM_TREND,FAIL_ROIC,FAIL_PS,FAIL_FLOAT,FAIL_INSIDER",-0.154,0.55724,0.12279947242062117,0.03147,-1.0819327272727273,2.067958788116197
OBE,Obsidian Energy Ltd.,8.585,579987776.0,Energy,Unknown,60,Fail,"FAIL_GROWTH,FAIL_ROIC,FAIL_FLOAT,FAIL_INSIDER",-0.392,0.55566,0.0,0.10087,-0.6083474744897959,0.5505840098151722
KYTX,"Kyverna Therapeutics, Inc.",8.54,509040384.0,Healthcare,Unknown,40,Fail,"FAIL_GROWTH,FAIL_GM,FAIL_ROIC,FAIL_PS,FAIL_PEG,FAIL_INSIDER",0.0,0.0,0.0,0.091450006,100.0,6.44660805185936
LSTR,"Landstar System, Inc.",147.72,5073399808.0,Industrials,Unknown,50,Fail,"FAIL_MCAP,FAIL_PRICE,FAIL_GROWTH,FAIL_GM,FAIL_INSIDER",-0.029,0.19121,0.24394111007219735,0.0086900005,-15.38910344827586,9.688520245344655
LVLU,"Lulu's Fashion Lounge Holdings, Inc.",14.19,39332492.0,Consumer Cyclical,Unknown,70,Fail,"FAIL_MCAP,FAIL_GROWTH,FAIL_ROIC",-0.086,0.41764998,-1.1180432298823901,0.15515,-11.627906976744187,-1.8763149968191644
CNR,"Core Natural Resources, Inc.",97.51,4996361216.0,Energy,Unknown,40,Fail,"FAIL_MCAP,FAIL_PRICE,FAIL_GM,FAIL_GM_TREND,FAIL_ROIC,FAIL_INSIDER",0.818,0.14886,-0.03431364195552398,0.02456,1.2224938875305624,2.0830668501951957
CHNR,"China Natural Resources, Inc.",3.4294,4308657.0,Basic Materials,Unknown,30,Fail,"FAIL_MCAP,FAIL_GROWTH,FAIL_GM,FAIL_GM_TREND,FAIL_ROIC,FAIL_PS,FAIL_PEG",0.0,0.0,-0.03685573076017887,0.56498003,100.0,-6.126741066046419
FHTX,Foghorn Therapeutics Inc.,4.92,288805216.0,Healthcare,Unknown,60,Fail,"FAIL_GM,FAIL_GM_TREND,FAIL_ROIC,FAIL_PS",2.238,-1.76508,0.0,0.17994,0.44682752457551383,-4.489277930378274
KW,"Kennedy-Wilson Holdings, Inc.",10.875,1505801600.0,Real Estate,Unknown,70,Fail,"FAIL_GROWTH,FAIL_ROIC,FAIL_FLOAT",-0.057,0.74028,0.030090426464677505,0.1545,-17.543859649122805,0.255912963347717
GM,General Motors Company,74.0615,69089107968.0,Consumer Cyclical,Unknown,30,Fail,"FAIL_MCAP,FAIL_PRICE,FAIL_GROWTH,FAIL_GM,FAIL_ROIC,FAIL_FLOAT,FAIL_INSIDER",-0.051,0.107209995,0.019985105866446303,0.0026800002,-4.4409366666666665,1.2151650768670166
SLND,"Southland Holdings, Inc.",0.703,38041464.0,Industrials,Unknown,60,Fail,"FAIL_MCAP,FAIL_GM,FAIL_ROIC,FAIL_PEG",0.231,0.04894,-0.18744050319371636,0.76802003,4.329004329004329,0.6143385725869166
TWI,"Titan International, Inc.",7.37,471857280.0,Industrials,Unknown,30,Fail,"FAIL_GROWTH,FAIL_GM,FAIL_GM_TREND,FAIL_ROIC,FAIL_PEG,FAIL_FLOAT,FAIL_INSIDER",0.07,0.13255,0.1452138308927589,0.062129997,14.285714285714285,1.87747612888256
SLP,"Simulations Plus, Inc.",11.735,236420176.0,Healthcare,Unknown,60,Fail,"FAIL_GROWTH,FAIL_GM_TREND,FAIL_ROIC,FAIL_PS",-0.027,0.59604,0.06404161101067625,0.17315,-37.03703703703704,20.68671978845831
WALD,Waldencast plc,1.46,180976064.0,Consumer Defensive,Unknown,80,Fail,"FAIL_GROWTH,FAIL_ROIC",-0.017,0.67267996,-0.03791375385388716,0.55685,-58.8235294117647,0.23402833084488095
HUIZ,Huize Holding Limited,1.8449,18612414.0,Financial Services,Unknown,50,Fail,"FAIL_MCAP,FAIL_GM,FAIL_GM_TREND,FAIL_ROIC,FAIL_FLOAT",0.402,0.29248,-0.09141576428673023,0.15199,0.15825185074626866,0.8814909226255803
FRGT,"Freight Technologies, Inc.",1.0901,1705185.0,Technology,Unknown,50,Fail,"FAIL_MCAP,FAIL_GM,FAIL_GM_TREND,FAIL_ROIC,FAIL_INSIDER",0.302,-0.24430999,-1.9788819867999081,0.04144,0.0006759555960264901,-11.567754846609017
FFIN,"First Financial Bankshares, Inc.",28.82,4127848448.0,Financial Services,Unknown,30,Fail,"FAIL_MCAP,FAIL_PRICE,FAIL_GROWTH,FAIL_GM,FAIL_PS,FAIL_FLOAT,FAIL_INSIDER",0.145,0.0,0.4857456978653785,0.0361,1.1229300689655173,3.0
NML,Neuberger Berman Income Funds - Neuberger Energy Infrastructure and Income Fund Inc.,10.2104,578510272.0,Financial Services,Unknown,30,Fail,"FAIL_GROWTH,FAIL_GM,FAIL_ROIC,FAIL_PS,FAIL_PEG,FAIL_FLOAT,FAIL_INSIDER",0.0,0.0,0.0,0.0,113.44888,3.0
KLC,"KinderCare Learning Companies, Inc.",2.085,246694192.0,Consumer Defensive,Unknown,40,Fail,"FAIL_GROWTH,FAIL_GM,FAIL_GM_TREND,FAIL_ROIC,FAIL_PEG,FAIL_INSIDER",0.064,0.21889,-0.0035989600496368025,0.04736,15.625,0.6990338990720287
FEMY,Femasys Inc.,0.5939,35338152.0,Healthcare,Unknown,50,Fail,"FAIL_MCAP,FAIL_ROIC,FAIL_PS,FAIL_PEG,FAIL_INSIDER",0.314,0.63052,-2.734289848661377,0.08392,3.1847133757961785,-16.703183056094183
SLDP,"Solid Power, Inc.",3.13,690410176.0,Consumer Cyclical,Unknown,40,Fail,"FAIL_GROWTH,FAIL_GM,FAIL_ROIC,FAIL_PS,FAIL_FLOAT,FAIL_INSIDER",-0.424,-0.15274,-0.23214104372654412,0.104720004,-2.358490566037736,9.8209322917312
ACXP,"Acurx Pharmaceuticals, Inc.",4.735,12058705.0,Healthcare,Unknown,30,Fail,"FAIL_MCAP,FAIL_GROWTH,FAIL_GM,FAIL_ROIC,FAIL_PS,FAIL_PEG,FAIL_INSIDER",0.0,0.0,0.0,0.045050003,100.0,-13.369365485197939
BLMN,"Bloomin' Brands, Inc.",5.745,489708064.0,Consumer Cyclical,Unknown,30,Fail,"FAIL_GROWTH,FAIL_GM,FAIL_GM_TREND,FAIL_ROIC,FAIL_PEG,FAIL_FLOAT,FAIL_INSIDER",0.003,0.13479,-0.03676178080798112,0.01164,191.49999000000003,0.7541081583423339
JPM,JPMorgan Chase & Co.,287.82,776259895296.0,Financial Services,Unknown,20,Fail,"FAIL_MCAP,FAIL_PRICE,FAIL_GROWTH,FAIL_GM,FAIL_PS,FAIL_PEG,FAIL_FLOAT,FAIL_INSIDER",0.025,0.0,0.2581096829006792,0.0040700003,5.7506492,3.0
WOR,"Worthington Enterprises, Inc.",48.07,2387399168.0,Industrials,Unknown,40,Fail,"FAIL_MCAP,FAIL_PRICE,FAIL_GROWTH,FAIL_GM,FAIL_ROIC,FAIL_PEG",0.195,0.27872,0.09525669785066487,0.37888,11.738706153846154,3.6895384506318214
LEGT,Legato Merger Corp. III,10.955,282632160.0,Financial Services,Unknown,50,Fail,"FAIL_GROWTH,FAIL_GM,FAIL_ROIC,FAIL_PS,FAIL_PEG",0.0,0.0,0.0,0.19723,35.33871,
CPBI,"Central Plains Bancshares, Inc.",17.4,73171432.0,Financial Services,Unknown,70,Fail,"FAIL_GROWTH,FAIL_GM,FAIL_PS",0.175,0.0,,0.26292,0.9653259428571429,
JBI,"Janus International Group, Inc.",5.44,755388480.0,Industrials,Unknown,60,Fail,"FAIL_GROWTH,FAIL_ROIC,FAIL_FLOAT,FAIL_INSIDER",-0.02,0.38792,0.0857049092846516,0.05284,-7.157895,2.2448785112026464
AFJKU,"Aimei Health Technology Co., Ltd",35.48,0.0,Financial Services,Unknown,20,Fail,"FAIL_MCAP,FAIL_PRICE,FAIL_GROWTH,FAIL_GM,FAIL_ROIC,FAIL_PS,FAIL_PEG,FAIL_INSIDER",0.0,0.0,0.0,0.0,100.0,-0.08840051375512323
VSECU,VSE Corporation,50.75,0.0,Industrials,Unknown,40,Fail,"FAIL_MCAP,FAIL_PRICE,FAIL_GM,FAIL_ROIC,FAIL_PS,FAIL_INSIDER",0.324,0.14217,0.04426420387419814,0.0,0.6215706790123458,1.5045784667535254
KUST,"Kustom Entertainment, Inc.",0.8304,665155.0,Communication Services,Unknown,50,Fail,"FAIL_MCAP,FAIL_GROWTH,FAIL_GM,FAIL_ROIC,FAIL_PEG",0.12,0.22652,-45.71361954353805,0.18255,8.333333333333334,-9.189686919816978
SBET,"Sharplink, Inc.",7.925,1558793472.0,Financial Services,Unknown,60,Fail,"FAIL_ROIC,FAIL_PS,FAIL_FLOAT,FAIL_INSIDER",18.162,0.9322,0.0,0.00901,0.055060015416804324,1870.0681739187337
BHB,Bar Harbor Bankshares,31.37,523941760.0,Financial Services,Unknown,60,Fail,"FAIL_PRICE,FAIL_GM,FAIL_PS,FAIL_INSIDER",0.289,0.0,,0.02949,0.46989923875432527,3.0
AVR,Anteris Technologies Global Corp.,5.99,582419968.0,Healthcare,Unknown,60,Fail,"FAIL_GROWTH,FAIL_ROIC,FAIL_PS,FAIL_FLOAT",-0.422,0.70255995,0.0,0.16511999,-2.3696682464454977,
SPHR,Sphere Entertainment Co.,110.85,3935409920.0,Communication Services,Unknown,40,Fail,"FAIL_MCAP,FAIL_PRICE,FAIL_ROIC,FAIL_PS,FAIL_PEG,FAIL_INSIDER",0.279,0.52175,0.027761631076690774,0.06698,5.442627240143369,1.541549072814334
XWEL,"XWELL, Inc.",1.33,7669715.0,Healthcare,Unknown,60,Fail,"FAIL_MCAP,FAIL_GROWTH,FAIL_GM,FAIL_ROIC",-0.128,0.19334,-2.235598685516687,0.25439,-7.8125,-25.791422321004745
YQ,17 Education & Technology Group Inc.,2.6,23014446.0,Consumer Defensive,Unknown,40,Fail,"FAIL_MCAP,FAIL_GROWTH,FAIL_GM_TREND,FAIL_ROIC,FAIL_FLOAT,FAIL_INSIDER",-0.664,0.4338,-1.2536322806852962,0.10932,-1.506024096385542,-27.493378146118985
WLDN,"Willdan Group, Inc.",76.78,1136045312.0,Industrials,Unknown,80,Fail,"FAIL_PRICE,FAIL_INSIDER",0.206,0.37515,0.1950293269138239,0.03514,1.0679611650485439,4.806494841878971
ATIIU,Archimedes Tech SPAC Partners II Co.,10.9,280838496.0,Financial Services,Unknown,40,Fail,"FAIL_GROWTH,FAIL_GM,FAIL_ROIC,FAIL_PS,FAIL_PEG,FAIL_INSIDER",0.0,0.0,0.0,0.0,100.0,20.537500517355173
TTWO,"Take-Two Interactive Software, Inc.",206.11,38166511616.0,Communication Services,Unknown,30,Fail,"FAIL_MCAP,FAIL_PRICE,FAIL_ROIC,FAIL_PS,FAIL_PEG,FAIL_FLOAT,FAIL_INSIDER",0.249,0.59289,-0.900275178952008,0.01365,4.016064257028113,1.130558108365708
MIGI,Mawson Infrastructure Group Inc.,2.6,2972476.0,Financial Services,Unknown,60,Fail,"FAIL_MCAP,FAIL_GROWTH,FAIL_ROIC,FAIL_PEG",0.07,0.44731,-2.7063132829213554,1.62298,14.285714285714285,-7.193203083369402
VRSK,"Verisk Analytics, Inc.",203.96,28426432512.0,Industrials,Unknown,30,Fail,"FAIL_MCAP,FAIL_PRICE,FAIL_GROWTH,FAIL_PS,FAIL_PEG,FAIL_FLOAT,FAIL_INSIDER",0.0,0.69879997,0.3433711580050697,0.0029699998,31.47531,5.963746684288006
INDV,"Indivior Pharmaceuticals, Inc.",30.975,3873895936.0,Healthcare,Unknown,40,Fail,"FAIL_MCAP,FAIL_PRICE,FAIL_GROWTH,FAIL_PS,FAIL_FLOAT,FAIL_INSIDER",0.197,0.84019,4.377890332525875,0.00605,0.9587409137055838,3.0548961836172417
FAST,Fastenal Company,45.815,52610670592.0,Industrials,Unknown,30,Fail,"FAIL_MCAP,FAIL_PRICE,FAIL_GROWTH,FAIL_PS,FAIL_PEG,FAIL_FLOAT,FAIL_INSIDER",0.111,0.45012,0.30742430640692653,0.00174,3.786676576576577,32.89024090909043
VENU,Venu Holding Corporation,3.49,200796512.0,Consumer Cyclical,Unknown,60,Fail,"FAIL_GROWTH,FAIL_GM_TREND,FAIL_ROIC,FAIL_PS",-0.012,0.35195,0.0,0.23125,-83.33333333333334,1.8198340632113328
TV,"Grupo Televisa, S.A.B.",2.975,1594682624.0,Communication Services,Unknown,60,Fail,"FAIL_GROWTH,FAIL_ROIC,FAIL_FLOAT,FAIL_INSIDER",-0.045,0.38186002,0.0018462709395496654,0.00049,-22.22222222222222,1.0765273190749458
ZJYL,Jin Medical International Ltd.,2.2505,352309248.0,Healthcare,Unknown,60,Fail,"FAIL_GROWTH,FAIL_GM_TREND,FAIL_ROIC,FAIL_PS",-0.165,0.30177,0.012811931122024936,0.86946,-0.6819696969696969,10.31537201310665
PBHC,"Pathfinder Bancorp, Inc.",13.435,83104128.0,Financial Services,Unknown,80,Fail,"FAIL_GROWTH,FAIL_GM",-0.956,0.0,0.1697700541192925,0.22089,-1.0460251046025104,3.0
OPAD,Offerpad Solutions Inc.,0.751,35512384.0,Real Estate,Unknown,60,Fail,"FAIL_MCAP,FAIL_GROWTH,FAIL_GM,FAIL_ROIC",-0.345,0.074039996,-0.31137599025088253,0.16104999,-2.898550724637681,-1.0906976811832583
AR,Antero Resources Corporation,40.99,12646439936.0,Energy,Unknown,30,Fail,"FAIL_MCAP,FAIL_PRICE,FAIL_GROWTH,FAIL_ROIC,FAIL_PEG,FAIL_FLOAT,FAIL_INSIDER",0.111,0.66426,0.06661902517768681,0.06625,1.81910990990991,2.1103727575998854
ALX,"Alexander's, Inc.",246.92,1261092096.0,Real Estate,Unknown,60,Fail,"FAIL_PRICE,FAIL_GROWTH,FAIL_ROIC,FAIL_PS",-0.047,0.50101,0.0,0.5838,-9.534694680851064,1.5622211530677452
AGPU,Axe Compute Inc.,1.43,4852729.0,Technology,Unknown,50,Fail,"FAIL_MCAP,FAIL_GROWTH,FAIL_GM,FAIL_GM_TREND,FAIL_INSIDER",-0.074,0.48909,,0.05025,-13.513513513513514,-57.49936065171133
MTDR,Matador Resources Company,57.51,7146806272.0,Energy,Unknown,40,Fail,"FAIL_MCAP,FAIL_PRICE,FAIL_GROWTH,FAIL_ROIC,FAIL_FLOAT,FAIL_INSIDER",-0.125,0.79728997,0.11330285379678519,0.07147,-0.75546792,1.76761458012357
BHF,"Brighthouse Financial, Inc.",59.405,3397021440.0,Financial Services,Unknown,40,Fail,"FAIL_MCAP,FAIL_PRICE,FAIL_GROWTH,FAIL_ROIC,FAIL_FLOAT,FAIL_INSIDER",-0.316,0.33765,0.12752550621748934,0.01287,-0.32923031645569617,3.0
SSTI,"SoundThinking, Inc.",6.43,82470920.0,Technology,Unknown,80,Fail,"FAIL_GROWTH,FAIL_PEG",0.059,0.5481,,0.24563,16.949152542372882,
QURE,uniQure N.V.,15.4814,968042752.0,Healthcare,Unknown,30,Fail,"FAIL_GROWTH,FAIL_GM,FAIL_GM_TREND,FAIL_ROIC,FAIL_PS,FAIL_PEG,FAIL_INSIDER",0.066,0.0,-0.7424798882079383,0.05626,15.15151515151515,-0.970778079522583
BNKK,"Bonk, Inc.",2.61,14076371.0,Financial Services,Unknown,50,Fail,"FAIL_MCAP,FAIL_GM,FAIL_ROIC,FAIL_PS,FAIL_INSIDER",17.364,0.07481,0.0,0.1073,0.05759041695461875,-43.77888639265925
OXBR,Oxbridge Re Holdings Limited,0.87,6678226.0,Financial Services,Unknown,60,Fail,"FAIL_MCAP,FAIL_GM,FAIL_GM_TREND,FAIL_ROIC",2.146,-0.052410003,0.0,0.1578,0.4659832246039143,3.0
CETX,"Cemtrex, Inc.",0.6851,6904499.0,Technology,Unknown,50,Fail,"FAIL_MCAP,FAIL_GROWTH,FAIL_GM,FAIL_ROIC,FAIL_INSIDER",0.174,0.40831003,-1.1501263088127782,0.0,0.00017764647701149427,-2.815578051185031
AZN,AstraZeneca PLC,189.35,293546196992.0,Healthcare,Unknown,30,Fail,"FAIL_MCAP,FAIL_PRICE,FAIL_GROWTH,FAIL_PS,FAIL_PEG,FAIL_FLOAT,FAIL_INSIDER",0.041,0.81706,0.1603872919964626,0.00042,7.06160975609756,3.7300544937101883
SPE,"Special Opportunities Fund, Inc.",14.022,148957888.0,Financial Services,Unknown,50,Fail,"FAIL_GROWTH,FAIL_ROIC,FAIL_PS,FAIL_FLOAT,FAIL_INSIDER",-0.461,1.0,0.0,0.0,-0.10524735357917571,3.0
BOBS,"Bob's Discount Furniture, Inc.",15.0,1955505792.0,Consumer Cyclical,Unknown,60,Fail,"FAIL_GROWTH,FAIL_ROIC,FAIL_PEG,FAIL_INSIDER",0.0,0.45617,0.0894170575221091,0.035099998,16.304348,2.7077477271215
JKS,"JinkoSolar Holding Co., Ltd.",24.23,1251538560.0,Technology,Unknown,50,Fail,"FAIL_GROWTH,FAIL_GM,FAIL_GM_TREND,FAIL_ROIC,FAIL_FLOAT",-0.341,0.03125,0.024083310416003336,0.17957,-2.932551319648094,1.0192192656512582
GSL,"Global Ship Lease, Inc.",38.745,1385933824.0,Industrials,Unknown,70,Fail,"FAIL_PRICE,FAIL_GROWTH,FAIL_INSIDER",0.033,0.68981004,0.19654628511018146,0.10005999,1.0606060606060606,2.234883940257536
GTENU,"Gores Holdings X, Inc.",10.38,0.0,Unknown,Unknown,20,Fail,"FAIL_MCAP,FAIL_GROWTH,FAIL_GM,FAIL_ROIC,FAIL_PS,FAIL_PEG,FAIL_FLOAT,FAIL_INSIDER",0.0,0.0,0.0,0.0,100.0,-0.11733601658574139
SHOP,Shopify Inc.,125.73,164088168448.0,Technology,Unknown,20,Fail,"FAIL_MCAP,FAIL_PRICE,FAIL_GM,FAIL_ROIC,FAIL_PS,FAIL_PEG,FAIL_FLOAT,FAIL_INSIDER",0.306,0.4807,0.12680220045822752,0.0019200001,4.325077450980393,59.35289820422748
ANGO,"AngioDynamics, Inc.",10.475,431752128.0,Healthcare,Unknown,60,Fail,"FAIL_GROWTH,FAIL_ROIC,FAIL_PEG,FAIL_INSIDER",0.09,0.54576,0.0,0.123100005,11.11111111111111,1.6762514733189564
RDHL,RedHill Biopharma Ltd.,0.8501,4346463.0,Healthcare,Unknown,50,Fail,"FAIL_MCAP,FAIL_ROIC,FAIL_PEG,FAIL_FLOAT,FAIL_INSIDER",0.586,0.64449996,0.0,0.0,,-33.812847682214894
HTO,H2O America,57.66,2411621632.0,Utilities,Unknown,40,Fail,"FAIL_MCAP,FAIL_PRICE,FAIL_GROWTH,FAIL_ROIC,FAIL_PS,FAIL_INSIDER",-0.018,0.57025003,0.047852386354109086,0.06643,-10.970318888888889,0.8152712051298607
DB,Deutsche Bank Aktiengesellschaft,29.67,57374171136.0,Financial Services,Unknown,40,Fail,"FAIL_MCAP,FAIL_PRICE,FAIL_GROWTH,FAIL_GM,FAIL_FLOAT,FAIL_INSIDER",-0.188,0.0,,0.087069996,-0.43002494680851067,3.0
PESI,"Perma-Fix Environmental Services, Inc.",12.52,231841136.0,Industrials,Unknown,30,Fail,"FAIL_GROWTH,FAIL_GM,FAIL_GM_TREND,FAIL_ROIC,FAIL_PS,FAIL_PEG,FAIL_INSIDER",0.038,0.08828,-0.49525544528063703,0.07344,26.315789473684212,3.0545835010909963
NB,NioCorp Developments Ltd.,4.795,684378560.0,Basic Materials,Unknown,30,Fail,"FAIL_GROWTH,FAIL_GM,FAIL_ROIC,FAIL_PS,FAIL_PEG,FAIL_FLOAT,FAIL_INSIDER",0.0,0.0,-6.184137931034483,0.023,100.0,
NKX,Nuveen California AMT-Free Quality Municipal Income Fund,12.72,667900480.0,Financial Services,Unknown,40,Fail,"FAIL_GROWTH,FAIL_ROIC,FAIL_PS,FAIL_PEG,FAIL_FLOAT,FAIL_INSIDER",0.0,1.0,0.0,0.0,100.0,3.0
KIM,Kimco Realty Corporation,23.115,15653340160.0,Real Estate,Unknown,30,Fail,"FAIL_MCAP,FAIL_GROWTH,FAIL_ROIC,FAIL_PS,FAIL_PEG,FAIL_FLOAT,FAIL_INSIDER",0.032,0.69051003,0.044470291442257115,0.021710001,8.80907,1.2800603797798553
SOPH,SOPHiA GENETICS SA,4.9,351176672.0,Healthcare,Unknown,50,Fail,"FAIL_ROIC,FAIL_PS,FAIL_PEG,FAIL_FLOAT,FAIL_INSIDER",0.224,0.67394996,-1.8646839708885614,0.060900003,4.4642857142857135,-3.285922385456894
BBUC,Brookfield Business Corporation,31.305,2191247872.0,Financial Services,Unknown,30,Fail,"FAIL_MCAP,FAIL_PRICE,FAIL_GROWTH,FAIL_GM,FAIL_GM_TREND,FAIL_ROIC,FAIL_INSIDER",-0.247,0.08873,0.007595288332350562,0.01408,-4.048582995951417,0.38461001104140924
FNUC,Frontier Nuclear and Minerals Inc.,2.35,61848088.0,Basic Materials,Unknown,40,Fail,"FAIL_GROWTH,FAIL_GM,FAIL_ROIC,FAIL_PS,FAIL_PEG,FAIL_INSIDER",0.0,0.0,0.0,0.00178,100.0,6.454303645004161
MS,Morgan Stanley,160.04,254121132032.0,Financial Services,Unknown,40,Fail,"FAIL_MCAP,FAIL_PRICE,FAIL_GROWTH,FAIL_ROIC,FAIL_PS,FAIL_FLOAT",0.11,0.87059,0.13697992776857987,0.23975,1.4249843636363637,3.0
WDI,Western Asset Diversified Income Fund,13.59,705485696.0,Financial Services,Unknown,30,Fail,"FAIL_GROWTH,FAIL_GM,FAIL_ROIC,FAIL_PS,FAIL_PEG,FAIL_FLOAT,FAIL_INSIDER",0.0,0.0,0.0,4.0000003e-05,9.847826,3.0
CR,Crane Company,176.54,10194102272.0,Industrials,Unknown,30,Fail,"FAIL_MCAP,FAIL_PRICE,FAIL_GROWTH,FAIL_ROIC,FAIL_PS,FAIL_PEG,FAIL_INSIDER",0.068,0.42204,0.12283830457154582,0.14503999,4.578794264705882,5.607828233958211
BNL,"Broadstone Net Lease, Inc.",19.59,3912876032.0,Real Estate,Unknown,30,Fail,"FAIL_MCAP,FAIL_GROWTH,FAIL_ROIC,FAIL_PS,FAIL_PEG,FAIL_FLOAT,FAIL_INSIDER",0.055,0.94942003,0.03584200020414481,0.01044,7.123636363636364,0.9318516854516551
EGG,Enigmatig Limited,5.79,161223712.0,Industrials,Unknown,80,Fail,"FAIL_GROWTH,FAIL_PS",-0.403,0.68754995,0.16302282298760573,0.33071,-7.183622828784118,44.92314713884065
SDHY,PGIM Short Duration High Yield Opportunities Fund,16.07,396496000.0,Financial Services,Unknown,30,Fail,"FAIL_GROWTH,FAIL_GM,FAIL_ROIC,FAIL_PS,FAIL_PEG,FAIL_FLOAT,FAIL_INSIDER",0.0,0.0,0.0,0.0,10.642384,3.0
TBMC,"Trailblazer Holdings, Inc.",11.1,27220720.0,Financial Services,Unknown,40,Fail,"FAIL_MCAP,FAIL_GROWTH,FAIL_GM,FAIL_ROIC,FAIL_PS,FAIL_PEG",0.0,0.0,0.0,0.86429,100.0,-10.018753578308862
TMUS,"T-Mobile US, Inc.",206.77,231273611264.0,Communication Services,Unknown,40,Fail,"FAIL_MCAP,FAIL_PRICE,FAIL_GROWTH,FAIL_ROIC,FAIL_PEG,FAIL_FLOAT",0.113,0.63165003,0.07901580195082991,0.55812,1.8805992920353982,1.6764173096681008
IRT,"Independence Realty Trust, Inc.",15.95,3908621312.0,Real Estate,Unknown,30,Fail,"FAIL_MCAP,FAIL_GROWTH,FAIL_ROIC,FAIL_PS,FAIL_PEG,FAIL_FLOAT,FAIL_INSIDER",0.036,0.61095,0.0,0.0069999998,18.46064888888889,0.8586914124875275
NTZ,Natuzzi S.p.A.,2.93,32272806.0,Consumer Cyclical,Unknown,70,Fail,"FAIL_MCAP,FAIL_GROWTH,FAIL_ROIC",-0.008,0.37108,-0.053753397762270845,0.56229997,-125.0,0.8511566608866048
ASTL,Algoma Steel Group Inc.,3.655,383533024.0,Basic Materials,Unknown,40,Fail,"FAIL_GROWTH,FAIL_GM,FAIL_GM_TREND,FAIL_ROIC,FAIL_FLOAT,FAIL_INSIDER",-0.229,-0.30369,-0.7215317557135636,0.07091,-4.366812227074235,-1.0306894828929423
ATOM,Atomera Incorporated,4.5219,174980112.0,Technology,Unknown,70,Fail,"FAIL_GM,FAIL_PS,FAIL_INSIDER",1.174,0.0,,0.050819997,0.8517887563884158,20.52816346000791
NYT,The New York Times Company,80.38,13049613312.0,Communication Services,Unknown,30,Fail,"FAIL_MCAP,FAIL_PRICE,FAIL_GROWTH,FAIL_PS,FAIL_PEG,FAIL_FLOAT,FAIL_INSIDER",0.105,0.5033,0.1892279425519279,0.04754,3.6627933333333336,10.969271821453667
GPCR,Structure Therapeutics Inc.,51.8,3669605632.0,Healthcare,Unknown,10,Fail,"FAIL_MCAP,FAIL_PRICE,FAIL_GROWTH,FAIL_GM,FAIL_ROIC,FAIL_PS,FAIL_PEG,FAIL_FLOAT,FAIL_INSIDER",0.0,0.0,-0.2592397756433121,0.02299,100.0,32.93575903792502
VKTX,"Viking Therapeutics, Inc.",33.53,3874535424.0,Healthcare,Unknown,10,Fail,"FAIL_MCAP,FAIL_PRICE,FAIL_GROWTH,FAIL_GM,FAIL_ROIC,FAIL_PS,FAIL_PEG,FAIL_FLOAT,FAIL_INSIDER",0.0,0.0,0.0,0.02151,100.0,27.92214298445663
XRPNU,Armada Acquisition Corp. II,10.9,0.0,Financial Services,Unknown,30,Fail,"FAIL_MCAP,FAIL_GROWTH,FAIL_GM,FAIL_ROIC,FAIL_PS,FAIL_PEG,FAIL_INSIDER",0.0,0.0,0.0,0.01687,100.0,-0.08907277691652107
ASO,"Academy Sports and Outdoors, Inc.",51.805,3454424832.0,Consumer Cyclical,Unknown,30,Fail,"FAIL_MCAP,FAIL_PRICE,FAIL_GROWTH,FAIL_ROIC,FAIL_PEG,FAIL_FLOAT,FAIL_INSIDER",0.03,0.34419,0.12768635049826219,0.01367,3.174326,2.9985190625677274
JFU,9F Inc.,4.05,47682004.0,Technology,Unknown,60,Fail,"FAIL_MCAP,FAIL_GROWTH,FAIL_ROIC,FAIL_FLOAT",0.065,0.77099997,-0.006776240475945264,0.4696,0.19717623076923077,-0.0527206884460676
INCY,Incyte Corporation,91.985,18306347008.0,Healthcare,Unknown,40,Fail,"FAIL_MCAP,FAIL_PRICE,FAIL_GM_TREND,FAIL_PS,FAIL_FLOAT,FAIL_INSIDER",0.278,0.52884996,0.6106551227627589,0.01871,0.5161954676258992,8.312111542140794
EWBC,"East West Bancorp, Inc.",104.66,14403589120.0,Financial Services,Unknown,40,Fail,"FAIL_MCAP,FAIL_PRICE,FAIL_GM,FAIL_PS,FAIL_FLOAT,FAIL_INSIDER",0.213,0.0,0.3383180990579873,0.00974,0.5161360093896713,3.0
ASTH,"Astrana Health, Inc.",24.37,1355059840.0,Healthcare,Unknown,70,Fail,"FAIL_GM,FAIL_GM_TREND,FAIL_ROIC",0.429,0.10734,0.03811529193677081,0.22410999,1.2349244755244755,2.3856970685895007
MRX,Marex Group plc,36.41,2611991808.0,Financial Services,Unknown,50,Fail,"FAIL_MCAP,FAIL_PRICE,FAIL_GROWTH,FAIL_ROIC,FAIL_FLOAT",-0.514,0.70536005,0.1347714593936686,0.2474,-0.16512023346303503,0.4421590824468862
PCN,PIMCO Corporate & Income Strategy Fund,12.025,860532416.0,Financial Services,Unknown,40,Fail,"FAIL_GROWTH,FAIL_ROIC,FAIL_PS,FAIL_PEG,FAIL_FLOAT,FAIL_INSIDER",0.038,1.0,0.0,0.0,2.0415959736842106,3.0
CRDO,Credo Technology Group Holding Ltd,103.58,19105325056.0,Technology,Unknown,40,Fail,"FAIL_MCAP,FAIL_PRICE,FAIL_ROIC,FAIL_PS,FAIL_FLOAT,FAIL_INSIDER",2.015,0.67825997,0.07833760562443365,0.10933,0.2824421141439206,91.2333178666463
RSI,"Rush Street Interactive, Inc.",20.685,4815148544.0,Consumer Cyclical,Unknown,50,Fail,"FAIL_MCAP,FAIL_ROIC,FAIL_PS,FAIL_FLOAT,FAIL_INSIDER",0.888,0.34622002,0.0,0.07383,0.7514167792792793,10.438558037188848
FSTR,L.B. Foster Company,28.37,294849696.0,Industrials,Unknown,50,Fail,"FAIL_PRICE,FAIL_GM,FAIL_ROIC,FAIL_PEG,FAIL_INSIDER",0.251,0.21441999,0.039931302226190776,0.059759997,1.638085418326693,4.010416890335446
FVRR,Fiverr International Ltd.,10.96,404784640.0,Communication Services,Unknown,60,Fail,"FAIL_GROWTH,FAIL_ROIC,FAIL_PEG,FAIL_INSIDER",0.034,0.8157,0.0787147749580556,0.11935,5.7563023529411765,1.2772562939945766
OZKAP,Bank OZK,16.5325,0.0,Financial Services,Unknown,40,Fail,"FAIL_MCAP,FAIL_GROWTH,FAIL_GM,FAIL_PS,FAIL_FLOAT,FAIL_INSIDER",0.04,0.0,0.40987486528845085,0.00429,0.9497069,3.0
COYA,"Coya Therapeutics, Inc.",4.48,93741560.0,Healthcare,Unknown,70,Fail,"FAIL_ROIC,FAIL_PS,FAIL_INSIDER",2027.688,1.0,0.0,0.14766,0.0004931725196381297,10.39755179994927
CNX,CNX Resources Corporation,41.09,5851324928.0,Energy,Unknown,50,Fail,"FAIL_MCAP,FAIL_PRICE,FAIL_ROIC,FAIL_FLOAT,FAIL_INSIDER",0.412,0.73061997,0.11059976636272148,0.046409998,0.2505854490291262,1.5485877786310298
PTEN,"Patterson-UTI Energy, Inc.",10.685,4055761152.0,Energy,Unknown,40,Fail,"FAIL_MCAP,FAIL_GROWTH,FAIL_GM,FAIL_ROIC,FAIL_FLOAT,FAIL_INSIDER",-0.01,0.24243,-0.007192475891900283,0.027560001,-100.0,1.6879633804287977
FSUN,FirstSun Capital Bancorp,34.56,963786368.0,Financial Services,Unknown,70,Fail,"FAIL_PRICE,FAIL_GROWTH,FAIL_GM",0.108,0.0,0.38987250442136206,0.49706,0.9221902777777777,3.0
CRCL,Circle Internet Group,132.48,35170869248.0,Financial Services,Unknown,20,Fail,"FAIL_MCAP,FAIL_PRICE,FAIL_GM,FAIL_GM_TREND,FAIL_ROIC,FAIL_PS,FAIL_FLOAT,FAIL_INSIDER",0.769,0.086689994,-0.03732927458650003,0.042280003,1.3003901170351104,0.3252817688709244
ENLV,Enlivex Ltd.,1.0902,258793296.0,Healthcare,Unknown,40,Fail,"FAIL_GROWTH,FAIL_GM,FAIL_ROIC,FAIL_PS,FAIL_PEG,FAIL_INSIDER",0.0,0.0,0.0,0.00463,100.0,30.645781809488106
MNTS,Momentus Inc.,4.27,7129034.0,Industrials,Unknown,60,Fail,"FAIL_MCAP,FAIL_ROIC,FAIL_PS,FAIL_INSIDER",1.187,0.99806,0.0,0.0045,0.8424599831508003,-69.66224608658212
OTH,Off The Hook YS Inc.,2.56,60800000.0,Consumer Cyclical,Unknown,70,Fail,"FAIL_GROWTH,FAIL_GM,FAIL_ROIC",-0.072,0.091000006,0.0,0.85481,,4.49372261563717
HIVE,HIVE Digital Technologies Ltd.,2.1652,548351552.0,Financial Services,Unknown,70,Fail,"FAIL_ROIC,FAIL_FLOAT,FAIL_INSIDER",2.186,0.38557,-0.01507955372972863,0.00358,0.4574565416285453,3.9145781003606026
LFWD,Lifeward Ltd.,6.61,10076820.0,Healthcare,Unknown,50,Fail,"FAIL_MCAP,FAIL_GROWTH,FAIL_ROIC,FAIL_PEG,FAIL_INSIDER",0.011,0.36060002,-1.5082872761044872,0.01723,90.90909090909092,-12.480588707946492
VICI,VICI Properties Inc.,28.375,30327523328.0,Real Estate,Unknown,20,Fail,"FAIL_MCAP,FAIL_PRICE,FAIL_GROWTH,FAIL_ROIC,FAIL_PS,FAIL_PEG,FAIL_FLOAT,FAIL_INSIDER",0.038,0.9914,0.08150293566561431,0.0028799998,2.8609600000000004,1.8890635345305113
CUZ,Cousins Properties Incorporated,23.16,3891041792.0,Real Estate,Unknown,30,Fail,"FAIL_MCAP,FAIL_GROWTH,FAIL_ROIC,FAIL_PS,FAIL_PEG,FAIL_FLOAT,FAIL_INSIDER",0.133,0.68093,0.0,0.01007,7.2556390977443606,0.4723303741841809
ONEG,OneConstruction Group Limited,1.9283,30852800.0,Industrials,Unknown,60,Fail,"FAIL_MCAP,FAIL_GROWTH,FAIL_GM,FAIL_ROIC",-0.034,0.072519995,0.03733902634032247,0.5625,-29.41176470588235,2.6503319118037396
IBTA,"Ibotta, Inc.",26.615,648080064.0,Technology,Unknown,60,Fail,"FAIL_PRICE,FAIL_GROWTH,FAIL_GM_TREND,FAIL_ROIC",-0.1,0.79247004,-0.002412905280730373,0.57009,-22.179167,2.370165463005464
SUNE,SUNation Energy Inc.,1.34,4564864.0,Technology,Unknown,50,Fail,"FAIL_MCAP,FAIL_GM,FAIL_ROIC,FAIL_PEG,FAIL_INSIDER",0.29,0.3675,-0.45354775390203816,0.0001,3.4482758620689657,-1.3364098404273062
MAMA,"Mama's Creations, Inc.",15.53,631346304.0,Consumer Defensive,Unknown,50,Fail,"FAIL_GM,FAIL_ROIC,FAIL_PS,FAIL_PEG,FAIL_INSIDER",0.5,0.25225002,0.14715591954063315,0.094610006,2.5883334000000002,20.2032815633705
DAVA,Endava plc,4.715,256154656.0,Technology,Unknown,50,Fail,"FAIL_GROWTH,FAIL_GM,FAIL_GM_TREND,FAIL_ROIC,FAIL_INSIDER",-0.059,0.24155001,0.04074117225588666,0.01013,-3.474576271186441,2.449861940546512
HWH,HWH International Inc.,1.36,10167904.0,Consumer Cyclical,Unknown,50,Fail,"FAIL_MCAP,FAIL_GROWTH,FAIL_GM_TREND,FAIL_ROIC,FAIL_PS",-0.402,0.48556,-12.259663617586309,0.81153,-2.487562189054726,-0.3219487844018906
KNRX,Knorex Ltd.,1.12,34073888.0,Technology,Unknown,60,Fail,"FAIL_MCAP,FAIL_GROWTH,FAIL_GM,FAIL_ROIC",-0.486,0.43842,-9.356330130688843,0.36387002,-2.05761316872428,-13.329942291790797
AVX,Avax One Technology Ltd.,0.7551,69976776.0,Financial Services,Unknown,40,Fail,"FAIL_GROWTH,FAIL_GM,FAIL_ROIC,FAIL_PS,FAIL_PEG,FAIL_FLOAT",0.0,0.05544,0.0,0.19971001,100.0,-3.287448095559151
LQDA,Liquidia Corporation,36.19,3188861184.0,Healthcare,Unknown,40,Fail,"FAIL_MCAP,FAIL_PRICE,FAIL_ROIC,FAIL_PS,FAIL_FLOAT,FAIL_INSIDER",30.546,0.91636,0.0,0.13397999,0.03273751063969096,4.618647993623053
TLRY,"Tilray Brands, Inc.",6.8385,796732544.0,Healthcare,Unknown,40,Fail,"FAIL_GROWTH,FAIL_GM,FAIL_ROIC,FAIL_PEG,FAIL_FLOAT,FAIL_INSIDER",0.031,0.28026,-1.323534459143023,0.00775,32.25806451612903,-5.418855932239208
ARDC,"Ares Dynamic Credit Allocation Fund, Inc.",12.2702,292922880.0,Financial Services,Unknown,30,Fail,"FAIL_GROWTH,FAIL_GM,FAIL_ROIC,FAIL_PS,FAIL_PEG,FAIL_FLOAT,FAIL_INSIDER",0.0,0.0,0.0,0.0,9.81616,3.0
LBGJ,Li Bang International Corporation Inc.,0.0493,924276.0,Industrials,Unknown,50,Fail,"FAIL_MCAP,FAIL_GROWTH,FAIL_GM,FAIL_GM_TREND,FAIL_ROIC",-0.096,0.2925,-0.035371866401350475,4.6606297,-10.416666666666668,0.5064639296916856
VPV,Invesco Pennsylvania Value Municipal Income Trust,10.78,192661856.0,Financial Services,Unknown,50,Fail,"FAIL_GROWTH,FAIL_ROIC,FAIL_PS,FAIL_FLOAT,FAIL_INSIDER",-0.204,1.0,0.0,0.0,-4.901960784313726,3.0
BR,"Broadridge Financial Solutions, Inc.",176.19,20569956352.0,Technology,Unknown,30,Fail,"FAIL_MCAP,FAIL_PRICE,FAIL_GROWTH,FAIL_GM,FAIL_PEG,FAIL_FLOAT,FAIL_INSIDER",0.078,0.31219998,0.17058063679245158,0.0049799997,2.501491025641026,3.989620759299497
QTWO,"Q2 Holdings, Inc.",49.63,3097128960.0,Technology,Unknown,30,Fail,"FAIL_MCAP,FAIL_PRICE,FAIL_GROWTH,FAIL_ROIC,FAIL_PEG,FAIL_FLOAT,FAIL_INSIDER",0.138,0.54061,0.0891550132734841,0.01668,4.49547115942029,3.142136869565551
ENSG,"The Ensign Group, Inc.",208.24,12101405696.0,Healthcare,Unknown,30,Fail,"FAIL_MCAP,FAIL_PRICE,FAIL_GM,FAIL_ROIC,FAIL_PEG,FAIL_FLOAT,FAIL_INSIDER",0.202,0.16337,0.0890525423130221,0.035469998,1.762207128712871,3.9881918464840407
DBD,"Diebold Nixdorf, Incorporated",72.28,2592477952.0,Technology,Unknown,30,Fail,"FAIL_MCAP,FAIL_PRICE,FAIL_GROWTH,FAIL_GM,FAIL_ROIC,FAIL_PEG,FAIL_INSIDER",0.117,0.26365998,0.10194084923735165,0.01958,2.432196068376068,1.8962348018681279
UFI,"Unifi, Inc.",3.718,69084352.0,Consumer Cyclical,Unknown,60,Fail,"FAIL_GROWTH,FAIL_GM,FAIL_GM_TREND,FAIL_ROIC",-0.126,0.01,-0.02903490884349173,0.20139,-7.936507936507937,2.7486617518510466
EIM,Eaton Vance Municipal Bond Fund,9.9001,508593856.0,Financial Services,Unknown,50,Fail,"FAIL_ROIC,FAIL_PS,FAIL_PEG,FAIL_FLOAT,FAIL_INSIDER",0.651,1.0,0.0,0.0001,1.5360983102918584,3.0
NAK,Northern Dynasty Minerals Ltd.,1.29,713561984.0,Basic Materials,Unknown,30,Fail,"FAIL_GROWTH,FAIL_GM,FAIL_ROIC,FAIL_PS,FAIL_PEG,FAIL_FLOAT,FAIL_INSIDER",0.0,0.0,-0.4178863548086743,0.0152199995,100.0,2.197635312165067
BEAM,Beam Therapeutics Inc.,25.72,2619742720.0,Healthcare,Unknown,20,Fail,"FAIL_MCAP,FAIL_PRICE,FAIL_GM,FAIL_GM_TREND,FAIL_ROIC,FAIL_PS,FAIL_FLOAT,FAIL_INSIDER",2.795,-1.9312199,-0.3495945922552042,0.01227,0.35778175313059035,5.110860558467854
CEPU,Central Puerto S.A.,15.46,2457211904.0,Utilities,Unknown,40,Fail,"FAIL_MCAP,FAIL_GROWTH,FAIL_GM_TREND,FAIL_ROIC,FAIL_FLOAT,FAIL_INSIDER",0.113,0.35881,0.03946133671955742,0.00011,1.0524166371681416,0.6349797499454193
LNG,"Cheniere Energy, Inc.",253.68,54600757248.0,Energy,Unknown,40,Fail,"FAIL_MCAP,FAIL_PRICE,FAIL_GROWTH,FAIL_GM_TREND,FAIL_FLOAT,FAIL_INSIDER",0.123,0.53220004,0.23419244451733418,0.01013,0.8550741463414634,2.346956450444388
ELVN,"Enliven Therapeutics, Inc.",27.1201,1621793024.0,Healthcare,Unknown,30,Fail,"FAIL_PRICE,FAIL_GROWTH,FAIL_GM,FAIL_ROIC,FAIL_PS,FAIL_PEG,FAIL_INSIDER",0.0,0.0,-0.33136805842100453,0.08208,100.0,58.0372541634738
THO,"THOR Industries, Inc.",79.84,4218638848.0,Consumer Cyclical,Unknown,20,Fail,"FAIL_MCAP,FAIL_PRICE,FAIL_GROWTH,FAIL_GM,FAIL_ROIC,FAIL_PEG,FAIL_FLOAT,FAIL_INSIDER",0.053,0.13955,0.06455421421323124,0.04658,2.675692641509434,3.504679220323527
ARRY,"Array Technologies, Inc.",6.905,1055422336.0,Technology,Unknown,40,Fail,"FAIL_GROWTH,FAIL_GM,FAIL_GM_TREND,FAIL_ROIC,FAIL_FLOAT,FAIL_INSIDER",-0.179,0.25548,-0.004310758982638563,0.00555,-5.5865921787709505,1.410675544569239
BSAA,BEST SPAC I Acquisition Corp.,10.25,75844872.0,Financial Services,Unknown,40,Fail,"FAIL_GROWTH,FAIL_GM,FAIL_ROIC,FAIL_PS,FAIL_PEG,FAIL_INSIDER",0.0,0.0,-0.011595729905115926,0.0,73.21429,297.49013078060733
EQH,"Equitable Holdings, Inc.",39.27,11252113408.0,Financial Services,Unknown,30,Fail,"FAIL_MCAP,FAIL_PRICE,FAIL_GROWTH,FAIL_GM,FAIL_ROIC,FAIL_FLOAT,FAIL_INSIDER",-0.142,0.11328,0.0,0.0065499996,-7.042253521126761,3.0
LITB,"LightInTheBox Holding Co., Ltd.",2.42,44501536.0,Consumer Cyclical,Unknown,60,Fail,"FAIL_MCAP,FAIL_GROWTH,FAIL_ROIC,FAIL_FLOAT",-0.027,0.64101,0.0,0.54452,-3.7345681481481483,-2.2832529197771225
HSDT,Solana Company,2.075,109565408.0,Financial Services,Unknown,80,Fail,"FAIL_ROIC,FAIL_PS",12.667,0.49627998,0.0,0.21457,0.07894529091339701,-53.731297022849674
AMBA,"Ambarella, Inc.",53.83,2317407744.0,Technology,Unknown,60,Fail,"FAIL_MCAP,FAIL_PRICE,FAIL_PEG,FAIL_INSIDER",0.201,0.59967,,0.04895,4.975124378109452,
TPVG,TriplePoint Venture Growth BDC Corp.,5.27,213388336.0,Financial Services,Unknown,60,Fail,"FAIL_GROWTH,FAIL_ROIC,FAIL_FLOAT,FAIL_INSIDER",-0.127,1.0,0.0,0.01446,-0.3401316535433071,3.0
TEO,Telecom Argentina S.A.,11.3,4867335168.0,Communication Services,Unknown,50,Fail,"FAIL_MCAP,FAIL_ROIC,FAIL_PEG,FAIL_FLOAT,FAIL_INSIDER",0.606,0.75416,0.1405708535549589,0.00066,1.6501650165016502,0.8614727089177636
ZURA,Zura Bio Limited,6.24,592055616.0,Healthcare,Unknown,50,Fail,"FAIL_GROWTH,FAIL_GM,FAIL_ROIC,FAIL_PS,FAIL_PEG",0.0,0.0,0.0,0.23246,100.0,17.0382044372374
BRFH,"Barfresh Food Group, Inc.",2.61,42033668.0,Consumer Defensive,Unknown,50,Fail,"FAIL_MCAP,FAIL_GROWTH,FAIL_ROIC,FAIL_PS,FAIL_PEG",0.163,0.31865,0.0,0.55571,6.134969325153374,-17.129151734357603
GNTX,Gentex Corporation,21.12,4624074240.0,Consumer Cyclical,Unknown,60,Fail,"FAIL_MCAP,FAIL_GROWTH,FAIL_FLOAT,FAIL_INSIDER",0.19,0.342,0.1726947635954031,0.0029499999,0.6388385263157894,8.7561912671504
ACMR,"ACM Research, Inc.",47.486,3121140480.0,Technology,Unknown,10,Fail,"FAIL_MCAP,FAIL_PRICE,FAIL_GROWTH,FAIL_GM,FAIL_GM_TREND,FAIL_ROIC,FAIL_PEG,FAIL_FLOAT,FAIL_INSIDER",0.094,0.44387,0.12753914155114796,0.14791,3.6873736170212768,3.3430950823706755
FLNA,"Filana Therapeutics, Inc.",1.93,93234240.0,Healthcare,Unknown,40,Fail,"FAIL_GROWTH,FAIL_GM,FAIL_ROIC,FAIL_PS,FAIL_PEG,FAIL_INSIDER",0.0,0.0,0.0,0.12788999,100.0,-6.729292054530375
CAI,"Caris Life Sciences, Inc.",18.395,5198057472.0,Healthcare,Unknown,60,Fail,"FAIL_MCAP,FAIL_ROIC,FAIL_PS,FAIL_FLOAT",1.254,0.66628,-0.05382835295301338,0.48583,0.7974481658692185,4.134313762266024
TBBK,"The Bancorp, Inc.",52.73,2315776512.0,Financial Services,Unknown,30,Fail,"FAIL_MCAP,FAIL_PRICE,FAIL_GROWTH,FAIL_GM,FAIL_PS,FAIL_PEG,FAIL_INSIDER",0.023,0.0,0.4505226560308588,0.045500003,4.6597739130434785,3.0
QDEL,QuidelOrtho Corporation,17.73,1207089664.0,Healthcare,Unknown,50,Fail,"FAIL_GROWTH,FAIL_ROIC,FAIL_PEG,FAIL_FLOAT,FAIL_INSIDER",0.022,0.4681,-0.2060629784793852,0.01011,45.45454545454546,-0.009064044309766095
BHFAO,"Brighthouse Financial, Inc.",16.1958,0.0,Financial Services,Unknown,40,Fail,"FAIL_MCAP,FAIL_GROWTH,FAIL_ROIC,FAIL_PS,FAIL_FLOAT,FAIL_INSIDER",-0.316,0.33765,0.12752550621748934,0.0,-0.04064757911392405,3.0
TREX,"Trex Company, Inc.",37.75,3991585536.0,Industrials,Unknown,30,Fail,"FAIL_MCAP,FAIL_PRICE,FAIL_GROWTH,FAIL_GM_TREND,FAIL_PS,FAIL_FLOAT,FAIL_INSIDER",-0.039,0.39169997,0.15636098476668,0.009380001,-5.437914102564103,8.880404057149356
AUGO,Aura Minerals Inc.,73.95,6177376256.0,Basic Materials,Unknown,60,Fail,"FAIL_MCAP,FAIL_PRICE,FAIL_ROIC,FAIL_PS",0.875,0.58029,-0.3023006326834047,0.47691002,1.1428571428571428,2.9451626102150175
SSM,Sono Group N.V.,6.9,10104415.0,Consumer Cyclical,Unknown,60,Fail,"FAIL_MCAP,FAIL_GROWTH,FAIL_PS,FAIL_PEG",0.0,0.43563998,,0.28655002,6.634616,-85.91811271574332
RAY,Raytech Holding Limited,4.18,12438919.0,Consumer Defensive,Unknown,60,Fail,"FAIL_MCAP,FAIL_GROWTH,FAIL_GM,FAIL_ROIC",-0.131,0.25359,0.0,0.28715,-0.4311945267175572,3.164141701698157
BBAI,"BigBear.ai Holdings, Inc.",3.8377,1826962304.0,Technology,Unknown,30,Fail,"FAIL_GROWTH,FAIL_GM,FAIL_GM_TREND,FAIL_ROIC,FAIL_PS,FAIL_FLOAT,FAIL_INSIDER",-0.377,0.22306,-0.43318292554504023,0.0057599996,-2.652519893899204,1.7629264319069509
ACH,"Accendra Health, Inc.",2.285,174658128.0,Healthcare,Unknown,60,Fail,"FAIL_GROWTH,FAIL_ROIC,FAIL_FLOAT,FAIL_INSIDER",-0.737,0.46679002,0.003824641960940474,0.03628,-1.3568521031207599,0.3576217887632932
ZS,"Zscaler, Inc.",157.025,25248159744.0,Technology,Unknown,50,Fail,"FAIL_MCAP,FAIL_PRICE,FAIL_ROIC,FAIL_PEG,FAIL_FLOAT",0.259,0.76632005,-0.024544002067626334,0.35194,3.861003861003861,3.889497446572272
LFCR,"Lifecore Biomedical, Inc.",4.33,162229296.0,Healthcare,Unknown,60,Fail,"FAIL_GROWTH,FAIL_ROIC,FAIL_PEG,FAIL_INSIDER",0.0,0.31367,-0.1360656898516191,0.01986,100.0,-0.2070465568070906
SCD,LMP Capital and Income Fund Inc.,15.19,347947232.0,Financial Services,Unknown,50,Fail,"FAIL_ROIC,FAIL_PS,FAIL_PEG,FAIL_FLOAT,FAIL_INSIDER",0.334,1.0,0.0,0.00014,2.9940119760479043,3.0
LPX,Louisiana-Pacific Corporation,75.445,5268350464.0,Industrials,Unknown,20,Fail,"FAIL_MCAP,FAIL_PRICE,FAIL_GROWTH,FAIL_GM,FAIL_GM_TREND,FAIL_ROIC,FAIL_FLOAT,FAIL_INSIDER",-0.166,0.2175,0.08548418944458548,0.096190006,-2.185038373493976,5.919500619152753
AXS,AXIS Capital Holdings Limited,101.625,7828960768.0,Financial Services,Unknown,40,Fail,"FAIL_MCAP,FAIL_PRICE,FAIL_GROWTH,FAIL_ROIC,FAIL_FLOAT,FAIL_INSIDER",0.178,0.32583,0.14997448824718765,0.00802,0.46228901685393253,3.0
XPEL,"XPEL, Inc.",37.88,1045646528.0,Consumer Cyclical,Unknown,70,Fail,"FAIL_PRICE,FAIL_GROWTH,FAIL_INSIDER",0.137,0.42213002,0.20475517687324707,0.09404001,1.4945748905109488,9.715588453945944
OII,"Oceaneering International, Inc.",34.22,3414308096.0,Energy,Unknown,40,Fail,"FAIL_MCAP,FAIL_PRICE,FAIL_GROWTH,FAIL_GM,FAIL_FLOAT,FAIL_INSIDER",-0.063,0.20417,0.3183727586225317,0.020450002,-1.556374285714286,4.080151677531177
ATRC,"AtriCure, Inc.",29.3325,1461048960.0,Healthcare,Unknown,50,Fail,"FAIL_PRICE,FAIL_GROWTH,FAIL_ROIC,FAIL_PEG,FAIL_INSIDER",0.131,0.74977994,-0.012131030093345287,0.03737,7.633587786259541,5.7564211265350895
BIO-B,"Bio-Rad Laboratories, Inc.",268.55,7248269824.0,Healthcare,Unknown,50,Fail,"FAIL_MCAP,FAIL_PRICE,FAIL_GROWTH,FAIL_ROIC,FAIL_PEG",0.039,0.52013,0.09594621058847413,0.98127997,2.4724946153846155,3.3161047940794393
FSK,FS KKR Capital Corp.,10.145,2841274112.0,Financial Services,Unknown,50,Fail,"FAIL_MCAP,FAIL_GROWTH,FAIL_ROIC,FAIL_FLOAT,FAIL_INSIDER",-0.145,1.0,0.008930738648252773,0.00184,-17.491380689655173,3.0
IDAI,T Stamp Inc.,2.57,13481271.0,Technology,Unknown,70,Fail,"FAIL_MCAP,FAIL_GM_TREND,FAIL_ROIC",0.707,0.65213996,-2.307367716769842,0.16994,1.4144271570014144,-11.95268437548938
REYN,Reynolds Consumer Products Inc.,21.095,4437197312.0,Consumer Cyclical,Unknown,40,Fail,"FAIL_MCAP,FAIL_GROWTH,FAIL_GM,FAIL_ROIC,FAIL_PEG,FAIL_FLOAT",0.014,0.24563,0.10003222622812141,0.74167,10.536962857142855,2.4355857744103426
SOPA,Society Pass Incorporated,0.6571,8455132.0,Communication Services,Unknown,60,Fail,"FAIL_MCAP,FAIL_GROWTH,FAIL_ROIC,FAIL_INSIDER",-0.176,0.45747003,0.0,0.0375,-5.6818181818181825,-8.744731696636677
ABAT,American Battery Technology Company,3.115,410274304.0,Industrials,Unknown,50,Fail,"FAIL_GM,FAIL_ROIC,FAIL_PS,FAIL_FLOAT,FAIL_INSIDER",13.318,-1.09766,0.0,0.0419,0.07508634930169696,11.90082316510207
PD,"PagerDuty, Inc.",6.94,647130048.0,Technology,Unknown,70,Fail,"FAIL_GROWTH,FAIL_FLOAT,FAIL_INSIDER",0.027,0.85032,0.5284822569788978,0.05788,1.3745296296296297,0.9023352728340079
HRI,Herc Holdings Inc.,106.435,3551763456.0,Industrials,Unknown,50,Fail,"FAIL_MCAP,FAIL_PRICE,FAIL_ROIC,FAIL_PEG,FAIL_INSIDER",0.271,0.33318,0.03601347266603334,0.02153,130.91635793357932,0.6695071456232322
GMED,"Globus Medical, Inc.",87.35,11814353920.0,Healthcare,Unknown,40,Fail,"FAIL_MCAP,FAIL_PRICE,FAIL_ROIC,FAIL_PS,FAIL_FLOAT,FAIL_INSIDER",0.257,0.68072,0.1146323107230536,0.00672,0.8670491439688716,11.340116877230857
IIIV,"i3 Verticals, Inc.",22.55,698851968.0,Technology,Unknown,60,Fail,"FAIL_GROWTH,FAIL_ROIC,FAIL_PEG,FAIL_INSIDER",0.009,0.67888,0.020764829138123178,0.023810001,313.19444444444446,4.261549625941528
TRUG,"TruGolf Holdings, Inc.",0.5925,2996535.0,Consumer Cyclical,Unknown,60,Fail,"FAIL_MCAP,FAIL_GROWTH,FAIL_ROIC,FAIL_INSIDER",-0.342,0.61646,0.0,0.03866,-2.923976608187134,-0.7974402684650659
MBINL,Merchants Bancorp,24.22,0.0,Financial Services,Unknown,40,Fail,"FAIL_MCAP,FAIL_GROWTH,FAIL_GM,FAIL_ROIC,FAIL_PS,FAIL_INSIDER",-0.176,0.0,0.13294207545369646,0.0,-5.6818181818181825,3.0
CF,"CF Industries Holdings, Inc.",124.09,19354892288.0,Basic Materials,Unknown,60,Fail,"FAIL_MCAP,FAIL_PRICE,FAIL_FLOAT,FAIL_INSIDER",0.228,0.38452998,0.2948922327737963,0.00714,0.606073947368421,3.4644846357799852
NCEW,New Century Logistics (BVI) Limited,9.3366,29877120.0,Industrials,Unknown,50,Fail,"FAIL_MCAP,FAIL_GROWTH,FAIL_GM,FAIL_GM_TREND,FAIL_ROIC",-0.156,0.00369,-1.3591259608546402,0.66991997,-6.410256410256411,2.4365898500652152
WEC,"WEC Energy Group, Inc.",116.235,37838139392.0,Utilities,Unknown,20,Fail,"FAIL_MCAP,FAIL_PRICE,FAIL_GROWTH,FAIL_ROIC,FAIL_PS,FAIL_PEG,FAIL_FLOAT,FAIL_INSIDER",0.111,0.42378,0.06644714223186995,0.00149,2.1770523423423422,1.1377581717350023
FGMCU,FG Merger II Corp.,10.69,110062096.0,Financial Services,Unknown,40,Fail,"FAIL_GROWTH,FAIL_GM,FAIL_ROIC,FAIL_PS,FAIL_PEG,FAIL_INSIDER",0.0,0.0,0.0,0.0,100.0,383.9163082669928
SOLS,"Solstice Advanced Materials, Inc.",75.51,11987027968.0,Basic Materials,Unknown,10,Fail,"FAIL_MCAP,FAIL_PRICE,FAIL_GROWTH,FAIL_GM_TREND,FAIL_ROIC,FAIL_PS,FAIL_PEG,FAIL_FLOAT,FAIL_INSIDER",0.081,0.32167,0.08817729790382109,0.00023,6.256525061728396,2.904714128141633
SCL,Stepan Company,45.68,1033979392.0,Basic Materials,Unknown,40,Fail,"FAIL_PRICE,FAIL_GROWTH,FAIL_GM,FAIL_ROIC,FAIL_PEG,FAIL_INSIDER",0.054,0.11573,0.037724660592918124,0.04656,4.126467962962963,2.528196208278862
TRAK,"ReposiTrak, Inc.",7.98,145263232.0,Technology,Unknown,80,Fail,"FAIL_GROWTH,FAIL_PEG",0.067,0.84990996,0.3272314129811974,0.33757,3.21904,16.15551417198539
FC,Franklin Covey Co.,11.97,143519728.0,Consumer Defensive,Unknown,80,Fail,"FAIL_GROWTH,FAIL_ROIC",-0.073,0.76035005,0.0930656252891295,0.18427,-13.698630136986301,2.269153916650451
COCH,"Envoy Medical, Inc.",0.8998,69177624.0,Healthcare,Unknown,50,Fail,"FAIL_GROWTH,FAIL_GM,FAIL_GM_TREND,FAIL_ROIC,FAIL_PS",-0.25,-2.9423099,0.0,0.36885,-4.0,-38.68559071821867
VRCA,Verrica Pharmaceuticals Inc.,6.16,105821320.0,Healthcare,Unknown,80,Fail,"FAIL_GM_TREND,FAIL_ROIC",13.802,0.65438,0.0,0.48249,0.07245326764237067,-6.106163488984342
RAIN,"Rain Enhancement Technologies Holdco, Inc.",3.5016,28674022.0,Industrials,Unknown,40,Fail,"FAIL_MCAP,FAIL_GROWTH,FAIL_GM,FAIL_ROIC,FAIL_PS,FAIL_PEG",0.0,0.0,0.0,0.73614,100.0,-21.00336882407522
YAAS,Youxin Technology Ltd,0.935,12073828.0,Technology,Unknown,30,Fail,"FAIL_MCAP,FAIL_GROWTH,FAIL_GM,FAIL_GM_TREND,FAIL_ROIC,FAIL_PS,FAIL_INSIDER",-0.18,0.33359,0.0,0.13248,-5.555555555555555,-0.3993605156019074
AGH,Aureus Greenway Holdings Inc.,4.955,91870472.0,Consumer Cyclical,Unknown,50,Fail,"FAIL_GROWTH,FAIL_GM,FAIL_GM_TREND,FAIL_ROIC,FAIL_PS",-0.229,-0.51637,-0.09799965057538824,0.43473,-4.366812227074235,13.0535885981706
TCPC,BlackRock TCP Capital Corp.,3.635,306543328.0,Financial Services,Unknown,60,Fail,"FAIL_GROWTH,FAIL_ROIC,FAIL_FLOAT,FAIL_INSIDER",-0.283,1.0,-0.01864403264801018,0.00319,-3.53356890459364,3.0
SCZM,Santacruz Silver Mining Ltd.,8.11,740817024.0,Basic Materials,Unknown,60,Fail,"FAIL_GROWTH,FAIL_PEG,FAIL_FLOAT,FAIL_INSIDER",0.022,0.38731998,1.4444109191222032,0.07086,5.7599431818181825,4.390766455340965
F,Ford Motor Company,11.9498,47673430016.0,Consumer Cyclical,Unknown,30,Fail,"FAIL_MCAP,FAIL_GROWTH,FAIL_GM,FAIL_GM_TREND,FAIL_ROIC,FAIL_FLOAT,FAIL_INSIDER",-0.048,0.0581,-0.040610925991340106,0.0027700001,-20.833333333333336,0.785459770969813
CISS,C3is Inc.,0.806,2169141.0,Industrials,Unknown,60,Fail,"FAIL_MCAP,FAIL_GROWTH,FAIL_ROIC,FAIL_INSIDER",0.121,0.58308,0.0,0.0179,0.0008368288429752066,0.43206792022596047
BELFA,Bel Fuse Inc.,191.105,2418684672.0,Technology,Unknown,40,Fail,"FAIL_MCAP,FAIL_PRICE,FAIL_GROWTH,FAIL_GM,FAIL_ROIC,FAIL_PEG",0.174,0.39147,0.14532528721150442,0.2218,2.367035862068966,5.527410105055504
TSEM,Tower Semiconductor Ltd.,141.865,15952398336.0,Technology,Unknown,20,Fail,"FAIL_MCAP,FAIL_PRICE,FAIL_GROWTH,FAIL_GM,FAIL_PS,FAIL_PEG,FAIL_FLOAT,FAIL_INSIDER",0.137,0.23233,,4.0000003e-05,5.337685401459853,
NPFD,Nuveen Variable Rate Preferred & Income Fund,19.34,467334464.0,Financial Services,Unknown,40,Fail,"FAIL_GROWTH,FAIL_ROIC,FAIL_PS,FAIL_PEG,FAIL_FLOAT,FAIL_INSIDER",0.064,1.0,0.0,0.0,1.5576675,3.0
NEN,New England Realty Associates Limited Partnership,61.98,216481136.0,Real Estate,Unknown,70,Fail,"FAIL_PRICE,FAIL_GROWTH,FAIL_ROIC",0.159,0.67569,0.0,0.3442,1.1848367924528302,0.9501918165240988
STRK,Strategy Inc,77.4464,0.0,Technology,Unknown,10,Fail,"FAIL_MCAP,FAIL_PRICE,FAIL_GROWTH,FAIL_GM_TREND,FAIL_ROIC,FAIL_PS,FAIL_PEG,FAIL_FLOAT,FAIL_INSIDER",0.019,0.68691003,-0.06674371873585697,0.0,52.631578947368425,-0.10000438668484117
TIGR,UP Fintech Holding Limited,7.2,1280622848.0,Financial Services,Unknown,90,Fail,FAIL_FLOAT,0.795,0.86709,0.24808696499752367,0.25773,0.10911571069182391,0.42114196062243114
TSQ,"Townsquare Media, Inc.",5.45,89710352.0,Communication Services,Unknown,60,Fail,"FAIL_GROWTH,FAIL_GM,FAIL_GM_TREND,FAIL_ROIC",-0.074,0.23602,0.062978753177449,0.20196,-0.6241410810810811,0.2781929490646556
JRI,Nuveen Real Asset Income and Growth Fund,12.38,342975616.0,Financial Services,Unknown,30,Fail,"FAIL_GROWTH,FAIL_GM,FAIL_ROIC,FAIL_PS,FAIL_PEG,FAIL_FLOAT,FAIL_INSIDER",0.0,0.0,0.0,0.0,6.159204,3.0
WHLRD,"Wheeler Real Estate Investment Trust, Inc.",37.7,35186656.0,Real Estate,Unknown,60,Fail,"FAIL_MCAP,FAIL_PRICE,FAIL_GROWTH,FAIL_ROIC",-0.088,0.66760004,0.08757217241175783,0.26376,-11.363636363636365,-0.2667587532474856
TBBB,BBB Foods Inc.,33.7,3867641600.0,Consumer Defensive,Unknown,30,Fail,"FAIL_MCAP,FAIL_PRICE,FAIL_GM,FAIL_ROIC,FAIL_PEG,FAIL_FLOAT,FAIL_INSIDER",0.344,0.16178,0.07760858937407375,0.0,,2.446506589348451
KARO,Karooooo Ltd.,47.535,1468513024.0,Technology,Unknown,90,Fail,FAIL_PRICE,0.216,0.69207,0.33795883784955255,0.79045,1.1228032407407407,2.8532011176061376
BGIN,Bgin Blockchain Limited,2.81,317912000.0,Technology,Unknown,70,Fail,"FAIL_GROWTH,FAIL_GM,FAIL_GM_TREND",-0.67,0.17813,0.8882641379932972,0.52014,-1.492537313432836,7.1977256616916065
WM,"Waste Management, Inc.",235.63,95038013440.0,Industrials,Unknown,20,Fail,"FAIL_MCAP,FAIL_PRICE,FAIL_GROWTH,FAIL_ROIC,FAIL_PS,FAIL_PEG,FAIL_FLOAT,FAIL_INSIDER",0.071,0.40438,0.10490992326701595,0.0028,4.953332394366198,2.963335802740715
CABA,"Cabaletta Bio, Inc.",2.915,280613056.0,Healthcare,Unknown,30,Fail,"FAIL_GROWTH,FAIL_GM,FAIL_ROIC,FAIL_PS,FAIL_PEG,FAIL_FLOAT,FAIL_INSIDER",0.0,0.0,0.0,0.01572,100.0,1.3582502782521146
DAN,Dana Incorporated,32.8,3575200000.0,Consumer Cyclical,Unknown,20,Fail,"FAIL_MCAP,FAIL_PRICE,FAIL_GROWTH,FAIL_GM,FAIL_ROIC,FAIL_PEG,FAIL_FLOAT,FAIL_INSIDER",0.052,0.08027001,0.10176941373103626,0.01516,19.23076923076923,1.4622109759276922
IVDA,"Iveda Solutions, Inc.",0.2999,3340808.0,Industrials,Unknown,50,Fail,"FAIL_MCAP,FAIL_GROWTH,FAIL_GM,FAIL_ROIC,FAIL_INSIDER",-0.311,0.22801,-4.934565030294966,0.00282,-3.215434083601286,-14.328251217966692
MOH,"Molina Healthcare, Inc.",147.32,7586980352.0,Healthcare,Unknown,20,Fail,"FAIL_MCAP,FAIL_PRICE,FAIL_GROWTH,FAIL_GM,FAIL_GM_TREND,FAIL_PEG,FAIL_FLOAT,FAIL_INSIDER",0.071,0.09354,0.16596679421498803,0.01588,2.3235492957746477,4.195327149485936
SHPH,"Shuttle Pharmaceuticals Holdings, Inc.",0.968,5412368.0,Healthcare,Unknown,30,Fail,"FAIL_MCAP,FAIL_GROWTH,FAIL_GM,FAIL_ROIC,FAIL_PS,FAIL_PEG,FAIL_INSIDER",0.0,0.0,0.0,0.0094,100.0,-27.433865842160827
BMI,"Badger Meter, Inc.",150.01,4420762112.0,Technology,Unknown,40,Fail,"FAIL_MCAP,FAIL_PRICE,FAIL_GROWTH,FAIL_GM,FAIL_PEG,FAIL_INSIDER",0.076,0.41681,0.28259654599079176,0.00567,4.129321447368421,13.121931278748402
ERO,Ero Copper Corp.,25.37,2645494016.0,Basic Materials,Unknown,50,Fail,"FAIL_MCAP,FAIL_PRICE,FAIL_PS,FAIL_FLOAT,FAIL_INSIDER",1.613,0.43855,0.1909817855720438,0.08371,0.06216781153130812,3.163956356116818
COE,51Talk Online Education Group,19.3001,113088456.0,Consumer Defensive,Unknown,80,Fail,"FAIL_ROIC,FAIL_FLOAT",0.875,0.75277,0.0,0.36907002,1.1428571428571428,-10.018590445548318
LCCCU,Lakeshore Acquisition III Corp.,10.4,0.0,Financial Services,Unknown,30,Fail,"FAIL_MCAP,FAIL_GROWTH,FAIL_GM,FAIL_ROIC,FAIL_PS,FAIL_PEG,FAIL_INSIDER",0.0,0.0,0.0,0.033689998,100.0,-0.04980214554672886
AFB,"AllianceBernstein National Municipal Income Fund, Inc.",10.785,310014144.0,Financial Services,Unknown,40,Fail,"FAIL_GROWTH,FAIL_ROIC,FAIL_PS,FAIL_PEG,FAIL_FLOAT,FAIL_INSIDER",0.071,1.0,0.0,0.0,12.658450704225352,3.0
PPL,PPL Corporation,38.145,28658597888.0,Utilities,Unknown,20,Fail,"FAIL_MCAP,FAIL_PRICE,FAIL_GROWTH,FAIL_ROIC,FAIL_PS,FAIL_PEG,FAIL_FLOAT,FAIL_INSIDER",0.028,0.43475,0.05516484633135785,0.00137,8.568059285714286,1.0153911920228464
JVA,"Coffee Holding Co., Inc.",4.32,24661148.0,Consumer Defensive,Unknown,50,Fail,"FAIL_MCAP,FAIL_GM,FAIL_GM_TREND,FAIL_ROIC,FAIL_INSIDER",0.2,0.16621,0.04478668909396549,0.12737,0.8640000000000001,4.564826346525274
GEG,"Great Elm Group, Inc.",1.99,65161664.0,Financial Services,Unknown,70,Fail,"FAIL_GROWTH,FAIL_GM,FAIL_GM_TREND",-0.141,-0.11704001,0.20004609817555574,0.3129,-7.092198581560285,-27.403260894374654
FIZZ,National Beverage Corp.,34.59,3238734592.0,Consumer Defensive,Unknown,70,Fail,"FAIL_MCAP,FAIL_PRICE,FAIL_GROWTH",-0.009,0.3738,0.5580901060406067,0.7468,-19.216666666666672,12.775512367605515
SWX,"Southwest Gas Holdings, Inc.",85.8,6200691200.0,Utilities,Unknown,30,Fail,"FAIL_MCAP,FAIL_PRICE,FAIL_GROWTH,FAIL_ROIC,FAIL_PS,FAIL_FLOAT,FAIL_INSIDER",-0.131,0.46315,0.05498336266298947,0.11047,-2.0152673282442746,1.097637264002349
MSDL,Morgan Stanley Direct Lending Fund,14.8,1284805888.0,Financial Services,Unknown,30,Fail,"FAIL_GROWTH,FAIL_GM,FAIL_ROIC,FAIL_PS,FAIL_PEG,FAIL_FLOAT,FAIL_INSIDER",0.0,0.0,0.06814836694329825,0.00522,10.571429,3.0
MNST,Monster Beverage Corporation,75.51,73869221888.0,Consumer Defensive,Unknown,30,Fail,"FAIL_MCAP,FAIL_PRICE,FAIL_GROWTH,FAIL_ROIC,FAIL_PS,FAIL_PEG,FAIL_FLOAT",0.176,0.55848,0.0,0.28549,2.2115159090909096,28.958730875781196
ST,Sensata Technologies Holding plc,34.55,5037374464.0,Technology,Unknown,20,Fail,"FAIL_MCAP,FAIL_PRICE,FAIL_GROWTH,FAIL_GM,FAIL_ROIC,FAIL_PEG,FAIL_FLOAT,FAIL_INSIDER",0.011,0.2927,0.013617714355834871,0.01169,149.56709090909092,2.1365393262709675
SRZN,"Surrozen, Inc.",25.2,215999808.0,Healthcare,Unknown,40,Fail,"FAIL_PRICE,FAIL_GROWTH,FAIL_GM,FAIL_ROIC,FAIL_PS,FAIL_INSIDER",-0.902,0.0,0.0,0.04143,-1.1086474501108647,-7.120643543614223
MTD,Mettler-Toledo International Inc.,1201.36,24541915136.0,Healthcare,Unknown,40,Fail,"FAIL_MCAP,FAIL_PRICE,FAIL_GROWTH,FAIL_PS,FAIL_PEG,FAIL_INSIDER",0.081,0.59374,0.44914015662552653,0.00447,3.5321753086419756,9.555672823298316
TLSI,"TriSalus Life Sciences, Inc.",3.87,231470848.0,Healthcare,Unknown,60,Fail,"FAIL_ROIC,FAIL_PS,FAIL_PEG,FAIL_FLOAT",0.598,0.84573996,0.0,0.34559,1.6722408026755853,-15.501096603610774
BHFAP,"Brighthouse Financial, Inc.",15.75,2611302656.0,Financial Services,Unknown,50,Fail,"FAIL_MCAP,FAIL_GROWTH,FAIL_ROIC,FAIL_FLOAT,FAIL_INSIDER",-0.316,0.33765,0.12752550621748934,0.0,-0.0395287246835443,3.0
MNY,MoneyHero Limited,1.41,60988916.0,Communication Services,Unknown,50,Fail,"FAIL_GROWTH,FAIL_GM,FAIL_GM_TREND,FAIL_ROIC,FAIL_PEG",0.009,0.25019,-5.863085443204872,0.63305,111.11111111111113,-5.259994559166965
KIDZ,"Classover Holdings, Inc.",2.53,3107930.0,Consumer Defensive,Unknown,70,Fail,"FAIL_MCAP,FAIL_ROIC,FAIL_PEG",0.315,0.57799,0.0,0.15720001,3.1746031746031744,854653.1676470588
SGI,Somnigroup International Inc.,76.895,16174141440.0,Consumer Cyclical,Unknown,50,Fail,"FAIL_MCAP,FAIL_PRICE,FAIL_ROIC,FAIL_FLOAT,FAIL_INSIDER",0.547,0.44300997,0.06217724366498232,0.104499996,0.7639992687385739,2.435481269175601
ALG,Alamo Group Inc.,168.3,2040013824.0,Industrials,Unknown,40,Fail,"FAIL_MCAP,FAIL_PRICE,FAIL_GROWTH,FAIL_GM,FAIL_ROIC,FAIL_INSIDER",-0.03,0.24806,0.10930228255305677,0.01401,-6.53085,5.481960023744352
ANGX,"Angel Studios, Inc.",3.3,556489152.0,Communication Services,Unknown,70,Fail,"FAIL_ROIC,FAIL_FLOAT,FAIL_INSIDER",2.543,0.61171,-6.348288674855125,0.052270003,0.39323633503735744,-1.4059790266276777
VRRM,Verra Mobility Corporation,14.7,2345597440.0,Technology,Unknown,40,Fail,"FAIL_MCAP,FAIL_GROWTH,FAIL_GM_TREND,FAIL_ROIC,FAIL_FLOAT,FAIL_INSIDER",0.164,0.58432996,0.14060202497930488,0.00939,1.0545193292682926,2.116585076208109
CLFD,"Clearfield, Inc.",29.08,402662592.0,Technology,Unknown,50,Fail,"FAIL_PRICE,FAIL_GROWTH,FAIL_GM,FAIL_ROIC,FAIL_PEG",0.156,0.34404,0.02592152883616033,0.18113,4.14245,6.538104411351114
PBR,Petróleo Brasileiro S.A. - Petrobras,19.775,127437340672.0,Energy,Unknown,40,Fail,"FAIL_MCAP,FAIL_GROWTH,FAIL_GM_TREND,FAIL_ROIC,FAIL_FLOAT,FAIL_INSIDER",0.05,0.47632998,0.14541290619106173,0.00013,1.2676282,1.2775302529510357
MDBH,"MDB Capital Holdings, LLC",2.84,28793714.0,Financial Services,Unknown,40,Fail,"FAIL_MCAP,FAIL_GROWTH,FAIL_GM,FAIL_PS,FAIL_PEG,FAIL_INSIDER",0.0,-0.39743,0.23977445917545961,0.11862001,1.986014,10.065105290262576
MNSO,MINISO Group Holding Limited,17.23,5367760896.0,Consumer Cyclical,Unknown,70,Fail,"FAIL_MCAP,FAIL_FLOAT,FAIL_INSIDER",0.282,0.45041,0.3816719371918353,0.00031,0.6049434751773051,2.7042034849829175
CURV,Torrid Holdings Inc.,1.265,125484136.0,Consumer Cyclical,Unknown,80,Fail,"FAIL_GROWTH,FAIL_INSIDER",-0.108,0.35566002,0.19044412691353935,0.07118,-9.25925925925926,1.7168874562410634
FOUR,"Shift4 Payments, Inc.",44.6,4556498432.0,Technology,Unknown,60,Fail,"FAIL_MCAP,FAIL_PRICE,FAIL_GM,FAIL_ROIC",0.339,0.34162998,0.05697502340611881,0.28676,1.2181796460176988,1.0745923726190973
NTHI,"NeOnc Technologies Holdings, Inc.",8.32,202748384.0,Healthcare,Unknown,60,Fail,"FAIL_GROWTH,FAIL_ROIC,FAIL_PS,FAIL_PEG",0.0,1.0,0.0,0.63935,100.0,-18.45810106431412
DLY,DoubleLine Yield Opportunities Fund,14.011,680085312.0,Financial Services,Unknown,30,Fail,"FAIL_GROWTH,FAIL_GM,FAIL_ROIC,FAIL_PS,FAIL_PEG,FAIL_FLOAT,FAIL_INSIDER",0.0,0.0,0.0,0.0,13.602913,3.0
ATLC,Atlanticus Holdings Corporation,52.95,801744000.0,Financial Services,Unknown,80,Fail,"FAIL_PRICE,FAIL_ROIC",0.501,0.71130997,0.0535662157518436,0.65757006,0.17732992015968063,3.0
FCFS,"FirstCash Holdings, Inc.",192.53,8497148416.0,Financial Services,Unknown,50,Fail,"FAIL_MCAP,FAIL_PRICE,FAIL_GROWTH,FAIL_ROIC,FAIL_INSIDER",0.198,0.58992,0.08895958214882113,0.11845,1.3122452525252524,3.4999198403215432
MOBX,"Mobix Labs, Inc.",0.4602,47436096.0,Technology,Unknown,50,Fail,"FAIL_MCAP,FAIL_GROWTH,FAIL_GM,FAIL_ROIC,FAIL_FLOAT",-0.408,0.45266,-14.869533994168911,0.16914,-2.450980392156863,-9.229294482978784
RZLV,Rezolve AI PLC,2.72,1084811008.0,Technology,Unknown,70,Fail,"FAIL_ROIC,FAIL_PS,FAIL_FLOAT",4.255,0.95631,0.0,0.43335,0.23501762632197415,-34.88386376525037
SRV,NXG Cushing Midstream Energy Fund,44.71,208688800.0,Financial Services,Unknown,20,Fail,"FAIL_PRICE,FAIL_GROWTH,FAIL_GM,FAIL_ROIC,FAIL_PS,FAIL_PEG,FAIL_FLOAT,FAIL_INSIDER",0.0,0.0,0.0,0.0001,406.45453,3.0
ONEW,OneWater Marine Inc.,8.27,137393184.0,Consumer Cyclical,Unknown,50,Fail,"FAIL_GROWTH,FAIL_GM,FAIL_GM_TREND,FAIL_ROIC,FAIL_PEG",0.013,0.23066,-0.055664960312504105,0.29646,76.92307692307692,1.323170545285476
CRK,"Comstock Resources, Inc.",20.33,5977461760.0,Energy,Unknown,70,Fail,"FAIL_MCAP,FAIL_ROIC,FAIL_FLOAT",1.143,0.62027,0.10925728819237399,0.74901,0.12438131233595802,1.6680462294499243
NGS,"Natural Gas Services Group, Inc.",36.66,460776480.0,Energy,Unknown,50,Fail,"FAIL_PRICE,FAIL_GROWTH,FAIL_ROIC,FAIL_PEG,FAIL_INSIDER",0.135,0.57698,0.06313490443491168,0.0519,1.8473165925925925,2.2132696139188215
ARIS,Aris Mining Corporation,17.73,3657952256.0,Basic Materials,Unknown,50,Fail,"FAIL_MCAP,FAIL_ROIC,FAIL_PS,FAIL_FLOAT,FAIL_INSIDER",1.042,0.55317,0.05960998957430957,0.022820001,0.4150086372360844,2.8105037848876053
MVBF,MVB Financial Corp.,24.55,312324928.0,Financial Services,Unknown,70,Fail,"FAIL_GROWTH,FAIL_GM,FAIL_INSIDER",-0.209,0.0,0.4671580668984748,0.10461,-0.5702141626794259,3.0
BUI,"BlackRock Utilities, Infrastructure & Power Opportunities Trust",26.515,613370240.0,Financial Services,Unknown,20,Fail,"FAIL_PRICE,FAIL_GROWTH,FAIL_GM,FAIL_ROIC,FAIL_PS,FAIL_PEG,FAIL_FLOAT,FAIL_INSIDER",0.0,0.0,0.0,0.0,5.892222,3.0
WTO,UTime Limited,3.025,5119658.0,Technology,Unknown,30,Fail,"FAIL_MCAP,FAIL_GROWTH,FAIL_GM,FAIL_GM_TREND,FAIL_ROIC,FAIL_PEG,FAIL_INSIDER",0.0,0.06743,0.0,0.00107,100.0,-16.392383257929474
OYSEU,Oyster Enterprises II Acquisiti,10.31,0.0,Financial Services,Unknown,30,Fail,"FAIL_MCAP,FAIL_GROWTH,FAIL_GM,FAIL_ROIC,FAIL_PS,FAIL_PEG,FAIL_INSIDER",0.0,0.0,0.0,0.0,100.0,-0.044373582205393315
D,"Dominion Energy, Inc.",62.34,54783496192.0,Utilities,Unknown,40,Fail,"FAIL_MCAP,FAIL_PRICE,FAIL_ROIC,FAIL_PS,FAIL_FLOAT,FAIL_INSIDER",0.204,0.49019,0.06175718842309272,0.00125,0.8806577450980393,0.7050628817717067
HQL,Abrdn Life Sciences Investors,16.42,486010528.0,Financial Services,Unknown,50,Fail,"FAIL_GROWTH,FAIL_ROIC,FAIL_PS,FAIL_FLOAT,FAIL_INSIDER",-0.699,1.0,0.0,3.0000001e-05,-0.08419606580829757,3.0
STT,State Street Corporation,122.555,34231136256.0,Financial Services,Unknown,20,Fail,"FAIL_MCAP,FAIL_PRICE,FAIL_GROWTH,FAIL_GM,FAIL_ROIC,FAIL_PEG,FAIL_FLOAT,FAIL_INSIDER",0.076,0.0,0.0,0.00496,1.7154955263157894,3.0
WHD,"Cactus, Inc.",46.37,3194885632.0,Energy,Unknown,50,Fail,"FAIL_MCAP,FAIL_PRICE,FAIL_GROWTH,FAIL_FLOAT,FAIL_INSIDER",-0.04,0.37015998,0.17859017907402974,0.01122,-4.810166,6.427559727678892
IZM,ICZOOM Group Inc.,0.509,6117218.0,Technology,Unknown,50,Fail,"FAIL_MCAP,FAIL_GROWTH,FAIL_GM,FAIL_ROIC,FAIL_INSIDER",0.072,0.03312,-0.06357096393257808,0.05096,0.7069444444444445,4.634891035648127
LOOP,"Loop Industries, Inc.",1.325,64047264.0,Basic Materials,Unknown,70,Fail,"FAIL_ROIC,FAIL_PS,FAIL_PEG",0.654,1.0,0.0,0.48384,1.5290519877675839,-13.752820979189416
WLAC,Willow Lane Acquisition Corp.,10.8,186609680.0,Financial Services,Unknown,40,Fail,"FAIL_GROWTH,FAIL_GM,FAIL_ROIC,FAIL_PS,FAIL_PEG,FAIL_INSIDER",0.0,0.0,0.0,0.00832,54.0,20.819821008509315
GEOS,Geospace Technologies Corporation,12.12,156201568.0,Energy,Unknown,50,Fail,"FAIL_GROWTH,FAIL_GM,FAIL_GM_TREND,FAIL_ROIC,FAIL_INSIDER",-0.313,0.15574001,-0.09534151915027411,0.03142,-3.1948881789137378,4.85008157192431
WTI,"W&T Offshore, Inc.",3.0,446331648.0,Energy,Unknown,50,Fail,"FAIL_GROWTH,FAIL_GM_TREND,FAIL_ROIC,FAIL_PEG,FAIL_FLOAT",0.011,0.35284,-0.2180845589765228,0.33933997,90.90909090909092,-0.2845459899540481
STEP,StepStone Group Inc.,46.71,5838594560.0,Financial Services,Unknown,30,Fail,"FAIL_MCAP,FAIL_PRICE,FAIL_GM,FAIL_ROIC,FAIL_PS,FAIL_FLOAT,FAIL_INSIDER",0.73,-0.46383998,-0.5972006777954371,0.09431,1.36986301369863,1.2809450577026125
BTMD,biote Corp.,1.38,66034800.0,Healthcare,Unknown,70,Fail,"FAIL_GROWTH,FAIL_ROIC,FAIL_INSIDER",-0.069,0.71461,0.0,0.13332,-0.27027026086956524,1.127373018885094
SEMR,"Semrush Holdings, Inc.",11.92,1805355136.0,Technology,Unknown,70,Fail,"FAIL_GROWTH,FAIL_ROIC,FAIL_PEG",0.146,0.80546,-1.1960412958989963,0.45028,6.8493150684931505,7.647171551818291
ESOA,Energy Services of America Corporation,12.955,241740816.0,Industrials,Unknown,50,Fail,"FAIL_GROWTH,FAIL_GM,FAIL_GM_TREND,FAIL_ROIC,FAIL_PEG",0.134,0.10014,0.014752966724102232,0.26809,7.4368544776119405,3.1430531277221103
NHPAP,"National Healthcare Properties, Inc.",19.45,0.0,Real Estate,Unknown,50,Fail,"FAIL_MCAP,FAIL_GROWTH,FAIL_ROIC,FAIL_PS,FAIL_INSIDER",-0.037,0.36047,0.0023729628887375243,0.0,-27.027027027027028,-1.6852871176768867
STNE,StoneCo Ltd.,13.98,3667553024.0,Technology,Unknown,60,Fail,"FAIL_MCAP,FAIL_GROWTH,FAIL_FLOAT,FAIL_INSIDER",0.112,0.74884003,,0.02121,0.7705025892857141,
BRCB,"Black Rock Coffee Bar, Inc.",16.75,292764064.0,Consumer Cyclical,Unknown,70,Fail,"FAIL_ROIC,FAIL_PEG,FAIL_INSIDER",0.253,0.50914,-0.03566490158416187,0.01872,3.952569169960474,1.2970683689476337
VNCE,Vince Holding Corp.,2.34,31214256.0,Consumer Cyclical,Unknown,60,Fail,"FAIL_MCAP,FAIL_GROWTH,FAIL_ROIC,FAIL_PEG",0.062,0.49986,-0.08691885175333644,0.56773996,16.129032258064516,-5.7232179858680015
RPT,Rithm Property Trust Inc.,13.81,104561192.0,Real Estate,Unknown,70,Fail,"FAIL_ROIC,FAIL_PS,FAIL_INSIDER",1.08,0.89255,0.06836924150873502,0.01165,0.9259259259259259,3.0
FATE,"Fate Therapeutics, Inc.",1.08,125564536.0,Healthcare,Unknown,40,Fail,"FAIL_GROWTH,FAIL_GM,FAIL_ROIC,FAIL_PS,FAIL_FLOAT,FAIL_INSIDER",-0.264,0.0,0.0,0.01889,-3.7878787878787876,-6.918725564216714
SCHL,Scholastic Corporation,33.68,856876224.0,Communication Services,Unknown,60,Fail,"FAIL_PRICE,FAIL_GROWTH,FAIL_ROIC,FAIL_PEG",0.012,0.56122,0.020634920634920638,0.23161,83.33333333333334,2.152981997823292
HASI,"HA Sustainable Infrastructure Capital, Inc.",36.55,4685146112.0,Financial Services,Unknown,30,Fail,"FAIL_MCAP,FAIL_PRICE,FAIL_GROWTH,FAIL_ROIC,FAIL_PS,FAIL_FLOAT,FAIL_INSIDER",-0.098,1.0,0.05082129109865591,0.01926,-2.6451006122448977,3.0
RM,Regional Management Corp.,31.03,301388352.0,Financial Services,Unknown,60,Fail,"FAIL_PRICE,FAIL_GROWTH,FAIL_ROIC,FAIL_INSIDER",0.096,0.60701,0.05327416011423654,0.09137,0.72635775,3.0
LNSR,"LENSAR, Inc.",6.87,82059032.0,Healthcare,Unknown,60,Fail,"FAIL_GROWTH,FAIL_GM_TREND,FAIL_ROIC,FAIL_PEG",0.057,0.46148998,0.0,0.1902,17.543859649122805,-1.2746378025550058
MVIS,"MicroVision, Inc.",0.628,192532144.0,Technology,Unknown,40,Fail,"FAIL_GROWTH,FAIL_GM,FAIL_ROIC,FAIL_PS,FAIL_FLOAT,FAIL_INSIDER",-0.865,0.0,-1.2754386619840585,0.0139999995,-1.1560693641618498,-12.412415147272531
HMC,"Honda Motor Co., Ltd.",25.15,32999258112.0,Consumer Cyclical,Unknown,30,Fail,"FAIL_MCAP,FAIL_PRICE,FAIL_GROWTH,FAIL_GM,FAIL_ROIC,FAIL_FLOAT,FAIL_INSIDER",-0.034,0.20478001,0.07697760893225326,0.0,-3.147684411764706,1.478754000170067
CIB,Grupo Cibest S.A.,68.51,17810132992.0,Financial Services,Unknown,30,Fail,"FAIL_MCAP,FAIL_PRICE,FAIL_GROWTH,FAIL_GM,FAIL_PS,FAIL_FLOAT,FAIL_INSIDER",-0.002,0.0,,0.0,-44.66101499999999,3.0
UVV,Universal Corporation,52.84,1316957568.0,Consumer Defensive,Unknown,50,Fail,"FAIL_PRICE,FAIL_GROWTH,FAIL_GM,FAIL_ROIC,FAIL_INSIDER",-0.081,0.18702999,0.07458942611644159,0.03254,-1.9243234567901237,2.894866327351566
IXHL,Incannex Healthcare Inc.,3.12,43597832.0,Healthcare,Unknown,30,Fail,"FAIL_MCAP,FAIL_GROWTH,FAIL_GM,FAIL_ROIC,FAIL_PS,FAIL_PEG,FAIL_INSIDER",0.0,0.0,0.0,0.10564,100.0,
GRAL,"GRAIL, Inc.",50.505,2036935424.0,Healthcare,Unknown,30,Fail,"FAIL_MCAP,FAIL_PRICE,FAIL_GROWTH,FAIL_ROIC,FAIL_PS,FAIL_PEG,FAIL_INSIDER",0.14,0.48458,-0.17125087071641396,0.04032,7.142857142857142,-1.5353108570922338
AXGN,"Axogen, Inc.",31.08,1612979840.0,Healthcare,Unknown,40,Fail,"FAIL_PRICE,FAIL_ROIC,FAIL_PS,FAIL_PEG,FAIL_FLOAT,FAIL_INSIDER",0.213,0.7431,0.0,0.026010001,4.694835680751174,9.906840206490156
IKT,"Inhibikase Therapeutics, Inc.",1.855,224950384.0,Healthcare,Unknown,40,Fail,"FAIL_GROWTH,FAIL_GM,FAIL_ROIC,FAIL_PS,FAIL_PEG,FAIL_INSIDER",0.0,0.0,0.0,0.08007,3.9468086,35.00574428812969
NUAI,"New Era Energy & Digital, Inc.",5.185,294379360.0,Technology,Unknown,70,Fail,"FAIL_ROIC,FAIL_PS,FAIL_PEG",0.286,1.0,0.0,0.25259,3.4965034965034967,0.7425056369820686
UG,"United-Guardian, Inc.",6.4,29403642.0,Consumer Defensive,Unknown,80,Fail,"FAIL_MCAP,FAIL_GROWTH",-0.26,0.50595003,0.28834943449505546,0.36014998,-0.5724508076923077,13.064513500736751
TOMZ,"TOMI Environmental Solutions, Inc.",0.6135,12440065.0,Industrials,Unknown,60,Fail,"FAIL_MCAP,FAIL_GROWTH,FAIL_GM_TREND,FAIL_ROIC",-0.209,0.40989,-0.6349572111955714,0.36139,-4.784688995215311,-6.634618105637801
HIMS,"Hims & Hers Health, Inc.",24.21,5518397440.0,Healthcare,Unknown,40,Fail,"FAIL_MCAP,FAIL_GM_TREND,FAIL_ROIC,FAIL_PEG,FAIL_FLOAT,FAIL_INSIDER",0.284,0.73835,0.07634702038727391,0.06789,1.671499647887324,3.43137711956025
SLXN,Silexion Therapeutics Corp,1.5503,5163717.0,Healthcare,Unknown,40,Fail,"FAIL_MCAP,FAIL_GROWTH,FAIL_GM,FAIL_ROIC,FAIL_PS,FAIL_INSIDER",0.0,0.0,0.0,0.10812,0.0044409754,-40.25331939752492
G,Genpact Limited,38.58,6651748864.0,Technology,Unknown,30,Fail,"FAIL_MCAP,FAIL_PRICE,FAIL_GROWTH,FAIL_GM,FAIL_PEG,FAIL_FLOAT,FAIL_INSIDER",0.056,0.36044,0.17575486452443081,0.0064499998,2.201049821428571,3.0843910182460386
HAO,Haoxi Health Technology Limited,1.22,72521472.0,Communication Services,Unknown,60,Fail,"FAIL_GROWTH,FAIL_GM,FAIL_GM_TREND,FAIL_INSIDER",-0.646,0.028280001,,0.00733,-0.014307158513931887,
VVX,"V2X, Inc.",68.83,2145668224.0,Industrials,Unknown,30,Fail,"FAIL_MCAP,FAIL_PRICE,FAIL_GROWTH,FAIL_GM,FAIL_ROIC,FAIL_PEG,FAIL_INSIDER",0.053,0.08334,0.07797903545219355,0.013830001,5.300731698113208,2.3628433624692367
NRXP,"NRx Pharmaceuticals, Inc.",1.8599,59279364.0,Healthcare,Unknown,50,Fail,"FAIL_GROWTH,FAIL_ROIC,FAIL_PS,FAIL_PEG,FAIL_INSIDER",0.0,0.59916997,0.0,0.086160004,100.0,-133.98524181984655
DDC,DDC Enterprise Limited,2.299,66034192.0,Consumer Defensive,Unknown,80,Fail,"FAIL_GROWTH,FAIL_ROIC",-0.089,0.31711,-0.7793786879808315,0.53354,-0.04846427865168539,-5.463098373009007
SLDE,"Slide Insurance Holdings, Inc.",17.73,2204183040.0,Financial Services,Unknown,70,Fail,"FAIL_MCAP,FAIL_ROIC,FAIL_FLOAT",0.455,0.67572,0.0,0.44147,0.11597331868131869,3.0
DSWL,"Deswell Industries, Inc.",3.22,51311472.0,Technology,Unknown,70,Fail,"FAIL_GROWTH,FAIL_GM,FAIL_ROIC",-0.055,0.22184,0.032372752400535325,0.71211,-0.7505827818181818,3.565366482716999
NFGC,New Found Gold Corp.,1.995,686280256.0,Basic Materials,Unknown,40,Fail,"FAIL_GROWTH,FAIL_GM,FAIL_ROIC,FAIL_PS,FAIL_PEG,FAIL_FLOAT",0.0,0.0,0.0,0.32301998,100.0,47.5472616393364
BEP,Brookfield Renewable Partners L.P.,31.52,20354125824.0,Utilities,Unknown,30,Fail,"FAIL_MCAP,FAIL_PRICE,FAIL_GROWTH,FAIL_PS,FAIL_PEG,FAIL_FLOAT,FAIL_INSIDER",0.075,0.5469,0.548807271252872,0.0002,13.333333333333334,0.22769071560403426
TW,Tradeweb Markets Inc.,125.36,27388450816.0,Financial Services,Unknown,30,Fail,"FAIL_MCAP,FAIL_PRICE,FAIL_GROWTH,FAIL_PS,FAIL_PEG,FAIL_FLOAT,FAIL_INSIDER",0.125,0.93741995,0.20232026443010903,0.00139,2.6461216000000003,17.69873734007215
PLBY,"Playboy, Inc.",1.75,188575408.0,Consumer Cyclical,Unknown,60,Fail,"FAIL_GROWTH,FAIL_ROIC,FAIL_PEG,FAIL_FLOAT",0.042,0.70992994,-0.3349304557537753,0.17311001,23.80952380952381,-3.218560432111421
CRUS,"Cirrus Logic, Inc.",134.98,6888081408.0,Technology,Unknown,40,Fail,"FAIL_MCAP,FAIL_PRICE,FAIL_GROWTH,FAIL_PEG,FAIL_FLOAT,FAIL_INSIDER",0.045,0.52869,0.21381772754121214,0.0060900003,3.9571973333333332,12.984337942256252
ISRG,"Intuitive Surgical, Inc.",480.935,170794565632.0,Healthcare,Unknown,20,Fail,"FAIL_MCAP,FAIL_PRICE,FAIL_GROWTH,FAIL_ROIC,FAIL_PS,FAIL_PEG,FAIL_FLOAT,FAIL_INSIDER",0.188,0.65996003,0.0,0.00565,3.2505272872340423,42.616666832552944
VANI,"Vivani Medical, Inc.",1.2099,98251240.0,Healthcare,Unknown,50,Fail,"FAIL_GROWTH,FAIL_GM,FAIL_ROIC,FAIL_PS,FAIL_PEG",0.0,0.0,0.0,0.35799,100.0,-3.187751844359062
VALU,"Value Line, Inc.",35.75,335687968.0,Financial Services,Unknown,60,Fail,"FAIL_PRICE,FAIL_GROWTH,FAIL_ROIC,FAIL_PS",-0.077,0.82149005,0.06498010551043774,0.91981006,-2.0543615584415584,6.434954204089253
TR,"Tootsie Roll Industries, Inc.",41.89,3149132032.0,Consumer Defensive,Unknown,40,Fail,"FAIL_MCAP,FAIL_PRICE,FAIL_GROWTH,FAIL_ROIC,FAIL_PS,FAIL_PEG",0.015,0.35281,0.12118959426383931,0.59378,20.997492666666666,7.261699237506546
FNB,F.N.B. Corporation,16.02,5725372416.0,Financial Services,Unknown,50,Fail,"FAIL_MCAP,FAIL_GM,FAIL_PS,FAIL_FLOAT,FAIL_INSIDER",0.264,0.0,0.18390657891442327,0.01418,0.3889860606060606,3.0
VOYA,"Voya Financial, Inc.",68.235,6493442560.0,Financial Services,Unknown,30,Fail,"FAIL_MCAP,FAIL_PRICE,FAIL_GROWTH,FAIL_ROIC,FAIL_PEG,FAIL_FLOAT,FAIL_INSIDER",0.05,0.55916,0.13872708438853262,0.00365,2.1696344,3.0
TOVX,"Theriva Biologics, Inc.",0.1791,6391783.0,Healthcare,Unknown,30,Fail,"FAIL_MCAP,FAIL_GROWTH,FAIL_GM,FAIL_ROIC,FAIL_PS,FAIL_PEG,FAIL_INSIDER",0.0,0.0,-4.852905569007264,0.01633,100.0,-14.806937294324214
MLKN,"MillerKnoll, Inc.",17.81,1220248064.0,Consumer Cyclical,Unknown,60,Fail,"FAIL_GROWTH,FAIL_ROIC,FAIL_FLOAT,FAIL_INSIDER",-0.016,0.38721,0.028964612148255017,0.01611,-62.5,1.6135123344729179
LAMR,Lamar Advertising Company,132.5,13426308096.0,Real Estate,Unknown,20,Fail,"FAIL_MCAP,FAIL_PRICE,FAIL_GROWTH,FAIL_ROIC,FAIL_PS,FAIL_PEG,FAIL_FLOAT,FAIL_INSIDER",0.023,0.67047,0.1275152294341015,0.02201,9.98417652173913,1.7783421853869648
RRC,Range Resources Corporation,43.1,10211933184.0,Energy,Unknown,30,Fail,"FAIL_MCAP,FAIL_PRICE,FAIL_GROWTH,FAIL_ROIC,FAIL_PS,FAIL_FLOAT,FAIL_INSIDER",0.163,0.49644002,0.13020625789476284,0.01235,0.9650261349693252,2.5869318621433055
FSV,FirstService Corporation,141.42,6503189504.0,Real Estate,Unknown,40,Fail,"FAIL_MCAP,FAIL_PRICE,FAIL_GROWTH,FAIL_ROIC,FAIL_PEG,FAIL_INSIDER",0.013,0.33582002,0.09343854139114026,0.09001,34.316910769230766,3.4160235479722383
JBSS,"John B. Sanfilippo & Son, Inc.",75.8516,886463232.0,Consumer Defensive,Unknown,40,Fail,"FAIL_PRICE,FAIL_GROWTH,FAIL_GM,FAIL_ROIC,FAIL_PEG,FAIL_INSIDER",0.046,0.1906,0.1346293615105519,0.01868,2.7528345652173916,5.448680642629731
EDF,Virtus Stone Harbor Emerging Markets Income Fund,5.14,164622544.0,Financial Services,Unknown,30,Fail,"FAIL_GROWTH,FAIL_GM,FAIL_ROIC,FAIL_PS,FAIL_PEG,FAIL_FLOAT,FAIL_INSIDER",0.0,0.0,0.0,0.0,5.840909,3.0
IRS,IRSA Inversiones y Representaciones Sociedad Anónima,14.49,1186829568.0,Real Estate,Unknown,60,Fail,"FAIL_GROWTH,FAIL_ROIC,FAIL_FLOAT,FAIL_INSIDER",-0.024,0.61626,-0.01175033678556377,0.0,-1.4205882083333334,0.07182279094777905
EDBL,Edible Garden AG Incorporated,2.215,1135555.0,Consumer Defensive,Unknown,40,Fail,"FAIL_MCAP,FAIL_GROWTH,FAIL_GM,FAIL_GM_TREND,FAIL_ROIC,FAIL_INSIDER",0.09,0.081099994,0.0,0.08189999,0.0006165107777777777,-6.2094515101132695
RYZ,Ryerson Holding Corporation,20.692,1070147584.0,Industrials,Unknown,40,Fail,"FAIL_GROWTH,FAIL_GM,FAIL_GM_TREND,FAIL_ROIC,FAIL_PEG,FAIL_INSIDER",0.097,0.17111,-0.016211302850488708,0.06469,10.309278350515463,2.9315593855343867
UPBD,"Upbound Group, Inc.",17.85,1037399232.0,Technology,Unknown,50,Fail,"FAIL_GROWTH,FAIL_GM,FAIL_ROIC,FAIL_FLOAT,FAIL_INSIDER",0.109,0.48384997,0.06159674949715893,0.09581,1.3100918348623853,2.333918682989154
SPNT,SiriusPoint Ltd.,20.48,2395961088.0,Financial Services,Unknown,50,Fail,"FAIL_MCAP,FAIL_GROWTH,FAIL_GM,FAIL_FLOAT,FAIL_INSIDER",0.194,0.2319,0.2174704448786041,0.12038,0.2900192422680412,3.0
XOS,"Xos, Inc.",2.015,22838398.0,Industrials,Unknown,50,Fail,"FAIL_MCAP,FAIL_GROWTH,FAIL_GM,FAIL_ROIC,FAIL_PEG",0.045,0.03147,-0.6995910475536656,0.45394,22.22222222222222,-3.220016795925158
PDI,PIMCO Dynamic Income Fund,17.6598,7377444352.0,Financial Services,Unknown,20,Fail,"FAIL_MCAP,FAIL_GROWTH,FAIL_GM,FAIL_ROIC,FAIL_PS,FAIL_PEG,FAIL_FLOAT,FAIL_INSIDER",0.0,0.0,0.0,2.0000001e-05,7.5148087,3.0
ANIX,"Anixa Biosciences, Inc.",2.82,94130200.0,Healthcare,Unknown,30,Fail,"FAIL_GROWTH,FAIL_GM,FAIL_GM_TREND,FAIL_ROIC,FAIL_PS,FAIL_PEG,FAIL_INSIDER",0.0,0.0,0.0,0.05382,100.0,3.240854022142809
ITRM,Iterum Therapeutics plc,0.1751,9331355.0,Healthcare,Unknown,20,Fail,"FAIL_MCAP,FAIL_GROWTH,FAIL_GM,FAIL_ROIC,FAIL_PS,FAIL_PEG,FAIL_FLOAT,FAIL_INSIDER",0.0,0.29744,-1.2827405892935735,0.00784,100.0,-16.58016800000923
VSTM,"Verastem, Inc.",5.67,427063264.0,Healthcare,Unknown,30,Fail,"FAIL_GROWTH,FAIL_GM_TREND,FAIL_ROIC,FAIL_PS,FAIL_PEG,FAIL_FLOAT,FAIL_INSIDER",0.0,0.85120004,0.0,0.00763,100.0,-14.446935399238933
BIRD,"Allbirds, Inc.",3.22,26446156.0,Consumer Cyclical,Unknown,50,Fail,"FAIL_MCAP,FAIL_GROWTH,FAIL_GM_TREND,FAIL_ROIC,FAIL_INSIDER",-0.233,0.38766,-1.0817718171005817,0.08635,-4.291845493562231,-3.4986018514571695
UFPT,"UFP Technologies, Inc.",199.82,1541271680.0,Healthcare,Unknown,40,Fail,"FAIL_PRICE,FAIL_GROWTH,FAIL_GM,FAIL_ROIC,FAIL_PEG,FAIL_INSIDER",0.034,0.2827,0.13695671328040523,0.042379998,6.724323823529412,6.417188647563568
BA,The Boeing Company,206.8,162512568320.0,Industrials,Unknown,40,Fail,"FAIL_MCAP,FAIL_PRICE,FAIL_GM,FAIL_ROIC,FAIL_FLOAT,FAIL_INSIDER",0.571,0.04828,0.09376934357348682,0.00046999997,1.4545045534150616,1.5255137276033135
PW,Power REIT,0.8714,2953750.0,Real Estate,Unknown,60,Fail,"FAIL_MCAP,FAIL_GROWTH,FAIL_GM_TREND,FAIL_ROIC",-0.64,0.31385002,0.0,0.28146,-1.5625,-2.6083466052222435
MATW,Matthews International Corporation,24.555,764300928.0,Industrials,Unknown,70,Fail,"FAIL_GROWTH,FAIL_ROIC,FAIL_INSIDER",-0.291,0.35277,-0.09848431391429993,0.04725,-1.1884710309278352,2.0030636075687793
HBANZ,Huntington Bancshares Incorporated,20.93,0.0,Financial Services,Unknown,30,Fail,"FAIL_MCAP,FAIL_GROWTH,FAIL_GM,FAIL_PS,FAIL_PEG,FAIL_FLOAT,FAIL_INSIDER",0.103,0.0,0.20176736694799768,0.0,9.708737864077671,3.0
ASML,ASML Holding N.V.,1376.815,540618358784.0,Technology,Unknown,30,Fail,"FAIL_MCAP,FAIL_PRICE,FAIL_GROWTH,FAIL_PS,FAIL_PEG,FAIL_FLOAT,FAIL_INSIDER",0.049,0.52830005,0.8559603262795035,8.0000005e-05,9.963923061224488,12.514779496598553
MLP,"Maui Land & Pineapple Company, Inc.",15.8,311935936.0,Real Estate,Unknown,60,Fail,"FAIL_GM_TREND,FAIL_ROIC,FAIL_PS,FAIL_PEG",0.494,0.30866,0.0,0.66450995,2.0242914979757085,9.223936619380572
AQMS,"Aqua Metals, Inc.",4.4,13117381.0,Industrials,Unknown,30,Fail,"FAIL_MCAP,FAIL_GROWTH,FAIL_GM,FAIL_ROIC,FAIL_PS,FAIL_PEG,FAIL_INSIDER",0.0,0.0,-1.459049030369166,0.12212,100.0,-15.541387935212079
OTTR,Otter Tail Corporation,87.07,3652893440.0,Industrials,Unknown,40,Fail,"FAIL_MCAP,FAIL_PRICE,FAIL_GROWTH,FAIL_ROIC,FAIL_PEG,FAIL_INSIDER",0.016,0.43202,0.12263744734576604,0.02037,8.308205625,2.244803910402289
SRE,Sempra,95.7,62519291904.0,Utilities,Unknown,20,Fail,"FAIL_MCAP,FAIL_PRICE,FAIL_GROWTH,FAIL_GM_TREND,FAIL_ROIC,FAIL_PS,FAIL_FLOAT,FAIL_INSIDER",-0.002,0.41184,0.016234636650232805,0.0011100001,-173.99999999999997,1.1044569192027218
SILC,Silicom Ltd.,19.25,109658880.0,Technology,Unknown,60,Fail,"FAIL_GROWTH,FAIL_GM,FAIL_PEG,FAIL_INSIDER",0.167,0.30562,,0.098129995,5.9880239520958085,
TWIN,"Twin Disc, Incorporated",15.13,218199680.0,Industrials,Unknown,60,Fail,"FAIL_GROWTH,FAIL_GM,FAIL_ROIC,FAIL_PEG",0.003,0.27873,-0.020247393409290226,0.22143999,33.17982666666667,2.586703147399735
FLGT,"Fulgent Genetics, Inc.",15.34,479077888.0,Healthcare,Unknown,70,Fail,"FAIL_GROWTH,FAIL_ROIC,FAIL_PEG",0.093,0.4056,-0.057565726634132425,0.33004,10.75268817204301,3.8385973310554666
GCO,Genesco Inc.,26.1,281760608.0,Consumer Cyclical,Unknown,50,Fail,"FAIL_PRICE,FAIL_GROWTH,FAIL_ROIC,FAIL_PEG,FAIL_INSIDER",0.072,0.46256,-0.029946829763442356,0.091850005,13.888888888888891,2.4749930219396292
BTX,BlackRock Innovation and Growth Term Trust,6.512,760017472.0,Financial Services,Unknown,30,Fail,"FAIL_GROWTH,FAIL_GM,FAIL_ROIC,FAIL_PS,FAIL_PEG,FAIL_FLOAT,FAIL_INSIDER",0.0,0.0,0.0,2.0000001e-05,17.6,3.0
ISD,"PGIM High Yield Bond Fund, Inc.",13.38,445498656.0,Financial Services,Unknown,30,Fail,"FAIL_GROWTH,FAIL_GM,FAIL_ROIC,FAIL_PS,FAIL_PEG,FAIL_FLOAT,FAIL_INSIDER",0.0,0.0,0.0,0.0,9.695652,3.0
BDTX,"Black Diamond Therapeutics, Inc.",2.135,121641440.0,Healthcare,Unknown,60,Fail,"FAIL_GROWTH,FAIL_ROIC,FAIL_PEG,FAIL_INSIDER",0.0,1.0,0.0,0.0059100003,5.7702703,-5.037218300166009
ARE,"Alexandria Real Estate Equities, Inc.",48.675,8435395072.0,Real Estate,Unknown,40,Fail,"FAIL_MCAP,FAIL_PRICE,FAIL_GROWTH,FAIL_ROIC,FAIL_FLOAT,FAIL_INSIDER",-0.052,0.69418997,0.0,0.01327,-19.23076923076923,0.28589799346404154
TRTX,"TPG RE Finance Trust, Inc.",8.065,631925376.0,Real Estate,Unknown,50,Fail,"FAIL_GROWTH,FAIL_ROIC,FAIL_PS,FAIL_FLOAT,FAIL_INSIDER",-0.211,0.72827005,0.05752957226805715,0.06437,-0.6705745023696683,3.0
IMTX,Immatics N.V.,9.645,1293361536.0,Healthcare,Unknown,40,Fail,"FAIL_GROWTH,FAIL_GM,FAIL_GM_TREND,FAIL_ROIC,FAIL_PS,FAIL_FLOAT",-0.649,-2.80873,-1.2710672629647097,0.17052001,-1.5408320493066254,7.872496851837188
SRBK,"SR Bancorp, Inc.",16.615,130703824.0,Financial Services,Unknown,50,Fail,"FAIL_GROWTH,FAIL_GM,FAIL_ROIC,FAIL_PS,FAIL_PEG",0.06,0.0,0.11325077945281485,0.1736,5.128086166666667,3.0
UHG,"United Homes Group, Inc.",1.16,68238360.0,Consumer Cyclical,Unknown,70,Fail,"FAIL_GROWTH,FAIL_GM,FAIL_ROIC",-0.085,0.17657,0.005273976645732815,0.55379003,-11.764705882352942,2.2345373838270945
IMMX,"Immix Biopharma, Inc.",9.9364,526183360.0,Healthcare,Unknown,50,Fail,"FAIL_GROWTH,FAIL_GM,FAIL_ROIC,FAIL_PS,FAIL_PEG",0.0,0.0,0.0,0.22368,100.0,25.322721703487083
ECO,Okeanis Eco Tankers Corp.,47.59,1859015424.0,Industrials,Unknown,70,Fail,"FAIL_PRICE,FAIL_ROIC,FAIL_PS",0.489,0.57321,0.0,0.53124,0.25814606339468305,
BBU,Brookfield Business Partners L.P.,31.135,2760924928.0,Industrials,Unknown,50,Fail,"FAIL_MCAP,FAIL_PRICE,FAIL_GROWTH,FAIL_GM,FAIL_INSIDER",-0.045,0.19325,,0.05183,-22.22222222222222,
GVA,Granite Construction Incorporated,121.5,5303451648.0,Industrials,Unknown,30,Fail,"FAIL_MCAP,FAIL_PRICE,FAIL_GROWTH,FAIL_GM,FAIL_ROIC,FAIL_PEG,FAIL_INSIDER",0.192,0.16075,0.1193891751082811,0.011779999,1.6394106770833334,2.8732514930000628
CD,Chaince Digital Holdings Inc.,4.455,315747232.0,Financial Services,Unknown,60,Fail,"FAIL_GROWTH,FAIL_GM,FAIL_ROIC,FAIL_PS",-0.016,-0.30127,-0.37879557266769304,0.42994,-62.5,-9.971974243707297
LIFE,Ethos Technologies Inc.,11.24,705997888.0,Financial Services,Unknown,80,Fail,"FAIL_ROIC,FAIL_INSIDER",0.655,0.98263,0.0,0.123100005,0.1505289923664122,1.6514129246718068
NXDT,NexPoint Diversified Real Estate Trust,4.565,223778160.0,Real Estate,Unknown,80,Fail,"FAIL_GROWTH,FAIL_ROIC",-0.254,0.63664,-0.014699904949523997,0.27773002,-3.937007874015748,3.0
SYM,Symbotic Inc.,51.02,30728110080.0,Industrials,Unknown,20,Fail,"FAIL_MCAP,FAIL_PRICE,FAIL_GM,FAIL_ROIC,FAIL_PS,FAIL_PEG,FAIL_FLOAT,FAIL_INSIDER",0.294,0.19845,0.0,0.13916999,3.4013605442176873,9.72039153680796
EOT,Eaton Vance National Municipal Opportunities Trust,17.7799,277809536.0,Financial Services,Unknown,30,Fail,"FAIL_GROWTH,FAIL_GM,FAIL_ROIC,FAIL_PS,FAIL_PEG,FAIL_FLOAT,FAIL_INSIDER",0.0,0.0,0.0,0.0,100.0,3.0
CBUS,"Cibus, Inc.",2.9794,201456432.0,Healthcare,Unknown,70,Fail,"FAIL_GROWTH,FAIL_ROIC,FAIL_PS",-0.631,1.0,-2.1798043374669764,0.26531,-1.5847860538827259,-4.785239421039544
AGM-A,Federal Agricultural Mortgage Corporation,121.0,1718052864.0,Financial Services,Unknown,50,Fail,"FAIL_PRICE,FAIL_GROWTH,FAIL_ROIC,FAIL_PS,FAIL_INSIDER",-0.058,1.0,0.035241433372828146,0.07907,-1.2552387068965516,3.0
STG,Sunlands Technology Group,4.65,62758976.0,Consumer Defensive,Unknown,80,Fail,"FAIL_GROWTH,FAIL_INSIDER",0.065,0.86033,1.284167351851081,0.0804,0.17279823076923076,0.3587848686121945
TBHC,"The Brand House Collective, Inc.",0.9821,22059326.0,Consumer Cyclical,Unknown,50,Fail,"FAIL_MCAP,FAIL_GROWTH,FAIL_GM,FAIL_GM_TREND,FAIL_ROIC",-0.096,0.24147,-0.10011771767325855,0.42133,-10.416666666666668,0.20292202579709806
PUMP,ProPetro Holding Corp.,14.94,1821028736.0,Energy,Unknown,60,Fail,"FAIL_GROWTH,FAIL_GM,FAIL_ROIC,FAIL_FLOAT",-0.096,0.23715,-0.1397012382846984,0.20587,-10.416666666666668,3.416933811454684
AXP,American Express Company,297.54,204960923648.0,Financial Services,Unknown,40,Fail,"FAIL_MCAP,FAIL_PRICE,FAIL_GROWTH,FAIL_PS,FAIL_PEG,FAIL_FLOAT",0.106,0.63469005,0.3974504943249798,0.22228001,1.8262728301886793,3.0
JILL,"J.Jill, Inc.",15.68,238770672.0,Consumer Cyclical,Unknown,80,Fail,"FAIL_GROWTH,FAIL_INSIDER",-0.005,0.69417,0.18257238128230607,0.057150003,-14.3853206,1.9996574466666301
PDC,Perpetuals.com Ltd,4.92,15008810.0,Technology,Unknown,70,Fail,"FAIL_MCAP,FAIL_GM_TREND,FAIL_ROIC",0.731,0.51572,-11.866620958768463,0.18979,1.3679890560875514,-17.713912230850685
CTNM,"Contineum Therapeutics, Inc.",12.5,456618112.0,Healthcare,Unknown,40,Fail,"FAIL_GROWTH,FAIL_GM,FAIL_ROIC,FAIL_PS,FAIL_PEG,FAIL_INSIDER",0.0,0.0,-0.23170049675954865,0.01026,100.0,18.215310569959975
GRAN,Grande Group Limited,1.66,41344376.0,Financial Services,Unknown,70,Fail,"FAIL_MCAP,FAIL_GROWTH,FAIL_PS",-0.832,0.70267,7.996053640685206,0.76328003,-1.2019230769230769,12.771236691214881
LODE,Comstock Inc.,2.89,206264720.0,Basic Materials,Unknown,50,Fail,"FAIL_GROWTH,FAIL_GM,FAIL_GM_TREND,FAIL_PS,FAIL_INSIDER",-0.903,0.10845,,0.018170001,-1.1074197120708749,-2.9537267647272416
TRT,Trio-Tech International,6.5064,56928504.0,Technology,Unknown,70,Fail,"FAIL_GM,FAIL_GM_TREND,FAIL_ROIC",0.816,0.19684,0.0002533404919453997,0.44837,1.2254901960784315,6.8816373065352625
OXSQ,Oxford Square Capital Corp.,1.7078,149450816.0,Financial Services,Unknown,40,Fail,"FAIL_GROWTH,FAIL_ROIC,FAIL_PS,FAIL_PEG,FAIL_FLOAT,FAIL_INSIDER",0.019,1.0,0.0,0.0747,52.631578947368425,3.0
ANTA,Antalpha Platform Holding Compa,7.38,174739952.0,Financial Services,Unknown,100,Pass,,1.096,0.91700995,,0.89536005,0.08978102189781022,
OWLT,"Owlet, Inc.",5.34,147457808.0,Healthcare,Unknown,70,Fail,"FAIL_ROIC,FAIL_PEG,FAIL_INSIDER",0.296,0.50641996,0.0,0.050890002,3.3783783783783785,-5.161282686972497
BSY,"Bentley Systems, Incorporated",37.53,11392495616.0,Technology,Unknown,40,Fail,"FAIL_MCAP,FAIL_PRICE,FAIL_GROWTH,FAIL_ROIC,FAIL_PEG,FAIL_FLOAT",0.119,0.8152,0.12331198465962218,0.45071998,3.7103310924369755,3.4936363870023963
HIFS,Hingham Institution for Savings,266.92,582486208.0,Financial Services,Unknown,50,Fail,"FAIL_PRICE,FAIL_GM,FAIL_ROIC,FAIL_PS,FAIL_INSIDER",0.551,0.0,0.09206010203843305,0.053340003,0.23584630671506351,3.0
FCHL,Fitness Champs Holdings Limited,0.203,3451000.0,Consumer Defensive,Unknown,60,Fail,"FAIL_MCAP,FAIL_GROWTH,FAIL_GM_TREND,FAIL_ROIC",-0.029,0.32996,0.14856533446149914,0.63655,-34.48275862068965,2.805846963714984
ESNT,Essent Group Ltd.,58.56,5660708864.0,Financial Services,Unknown,30,Fail,"FAIL_MCAP,FAIL_PRICE,FAIL_GROWTH,FAIL_ROIC,FAIL_PS,FAIL_FLOAT,FAIL_INSIDER",-0.008,0.80126,0.11705341503009083,0.05466,-10.60869625,3.0
SEGG,Sports Entertainment Gaming Global Corporation,0.955,14428993.0,Consumer Cyclical,Unknown,30,Fail,"FAIL_MCAP,FAIL_GROWTH,FAIL_GM,FAIL_GM_TREND,FAIL_ROIC,FAIL_PS,FAIL_INSIDER",-0.314,0.2958,-1.0632437243589221,0.13912,-3.1847133757961785,-8.74713038781909
OWL,Blue Owl Capital Inc.,9.3,14511696896.0,Financial Services,Unknown,30,Fail,"FAIL_MCAP,FAIL_GROWTH,FAIL_ROIC,FAIL_PS,FAIL_PEG,FAIL_FLOAT,FAIL_INSIDER",0.197,0.58893,0.07649267575854551,0.00099,4.720812182741117,1.5373718189893129
FERG,Ferguson Enterprises Inc.,227.12,45601427456.0,Industrials,Unknown,40,Fail,"FAIL_MCAP,FAIL_PRICE,FAIL_GROWTH,FAIL_PEG,FAIL_FLOAT,FAIL_INSIDER",0.036,0.30624,,0.017970001,6.203430555555556,
PHVS,Pharvaris N.V.,26.28,1707134592.0,Healthcare,Unknown,30,Fail,"FAIL_PRICE,FAIL_GROWTH,FAIL_GM,FAIL_ROIC,FAIL_PS,FAIL_PEG,FAIL_INSIDER",0.0,0.0,0.0,0.05316,100.0,40.89051147582135
SUZ,Suzano S.A.,10.13,12521661440.0,Basic Materials,Unknown,40,Fail,"FAIL_MCAP,FAIL_GROWTH,FAIL_GM_TREND,FAIL_ROIC,FAIL_FLOAT,FAIL_INSIDER",-0.075,0.32377,-0.033486203262427544,0.0002,-0.6653530666666666,
ESS,"Essex Property Trust, Inc.",248.815,17203056640.0,Real Estate,Unknown,30,Fail,"FAIL_MCAP,FAIL_PRICE,FAIL_GROWTH,FAIL_PS,FAIL_PEG,FAIL_FLOAT,FAIL_INSIDER",0.032,0.68583,,0.0117999995,7.483608124999999,1.644376008865234
LRN,"Stride, Inc.",88.4975,3881378816.0,Consumer Defensive,Unknown,70,Fail,"FAIL_MCAP,FAIL_PRICE,FAIL_INSIDER",0.478,0.39305001,0.23912983432924007,0.03151,0.2843950836820084,5.686964933707963
FFIC,Flushing Financial Corporation,14.81,501816480.0,Financial Services,Unknown,50,Fail,"FAIL_GROWTH,FAIL_GM,FAIL_ROIC,FAIL_PEG,FAIL_INSIDER",0.0,0.0,0.09673205490321235,0.04084,27.425926,3.0
COUR,"Coursera, Inc.",5.915,1001489920.0,Consumer Defensive,Unknown,50,Fail,"FAIL_GROWTH,FAIL_ROIC,FAIL_PEG,FAIL_FLOAT,FAIL_INSIDER",0.099,0.54574,0.0,0.04936,10.1010101010101,1.521118125171562
WYY,WidePoint Corporation,4.865,48119724.0,Technology,Unknown,40,Fail,"FAIL_MCAP,FAIL_GROWTH,FAIL_GM,FAIL_GM_TREND,FAIL_ROIC,FAIL_PEG",0.043,0.13653,-0.14411540513900806,0.16354999,23.255813953488374,0.7099305275631389
DAAQU,Digital Asset Acquisition Corp.,10.4,0.0,Financial Services,Unknown,30,Fail,"FAIL_MCAP,FAIL_GROWTH,FAIL_GM,FAIL_ROIC,FAIL_PS,FAIL_PEG,FAIL_INSIDER",0.0,0.0,0.0,0.0,100.0,-0.045909756267861875
FTS,Fortis Inc.,57.76,29307422720.0,Utilities,Unknown,20,Fail,"FAIL_MCAP,FAIL_PRICE,FAIL_GROWTH,FAIL_GM_TREND,FAIL_ROIC,FAIL_PEG,FAIL_FLOAT,FAIL_INSIDER",0.044,0.45596,0.05492890233946311,0.00206,5.293254772727273,0.7242812155043818
AGNCN,AGNC Investment Corp.,25.65,8809518080.0,Real Estate,Unknown,40,Fail,"FAIL_MCAP,FAIL_PRICE,FAIL_ROIC,FAIL_PS,FAIL_FLOAT,FAIL_INSIDER",5.461,1.0,0.0,0.0,0.18311664530305805,3.0
MD,"Pediatrix Medical Group, Inc.",19.86,1705524864.0,Healthcare,Unknown,60,Fail,"FAIL_GROWTH,FAIL_GM,FAIL_FLOAT,FAIL_INSIDER",-0.017,0.25796,0.17140606337686437,0.022149999,-6.021831176470588,2.0745362222808033
RHP,"Ryman Hospitality Properties, Inc.",92.67,5838768640.0,Real Estate,Unknown,30,Fail,"FAIL_MCAP,FAIL_PRICE,FAIL_GROWTH,FAIL_ROIC,FAIL_PEG,FAIL_FLOAT,FAIL_INSIDER",0.124,0.34302,0.10910518973019799,0.03082,1.9823308064516127,1.2035094619988043
BTO,John Hancock Financial Opportunities Fund,33.76,669014336.0,Financial Services,Unknown,40,Fail,"FAIL_PRICE,FAIL_GROWTH,FAIL_ROIC,FAIL_PS,FAIL_FLOAT,FAIL_INSIDER",-0.016,1.0,0.0,0.00043000001,-5.977336875,3.0
PFAI,Pinnacle Food Group Limited,2.54,29718000.0,Consumer Defensive,Unknown,50,Fail,"FAIL_MCAP,FAIL_ROIC,FAIL_PS,FAIL_PEG,FAIL_INSIDER",0.289,0.52762,0.0,0.118599996,3.4602076124567476,4.838372100460161
FDX,FedEx Corporation,353.965,83519971328.0,Industrials,Unknown,30,Fail,"FAIL_MCAP,FAIL_PRICE,FAIL_GROWTH,FAIL_GM,FAIL_ROIC,FAIL_FLOAT,FAIL_INSIDER",0.139,0.27618,0.07810531045742322,0.07559,1.4076897122302157,2.781713099963192
VZLA,Vizsla Silver Corp.,3.385,1167615872.0,Basic Materials,Unknown,40,Fail,"FAIL_GROWTH,FAIL_GM,FAIL_PS,FAIL_PEG,FAIL_FLOAT,FAIL_INSIDER",0.0,0.0,,0.04186,100.0,109.60463355425138
INGN,"Inogen, Inc.",6.165,167887440.0,Healthcare,Unknown,60,Fail,"FAIL_GROWTH,FAIL_ROIC,FAIL_PEG,FAIL_INSIDER",0.02,0.44244,-0.2773256712931059,0.12420999,50.0,1.4989314026298688
AGYS,"Agilysys, Inc.",68.19,1916701440.0,Technology,Unknown,50,Fail,"FAIL_PRICE,FAIL_GROWTH,FAIL_ROIC,FAIL_PEG,FAIL_INSIDER",0.156,0.61665,0.10262525910438336,0.04513,4.085190384615385,8.219994803335881
IDA,"IDACORP, Inc.",140.73,7725940736.0,Utilities,Unknown,20,Fail,"FAIL_MCAP,FAIL_PRICE,FAIL_GROWTH,FAIL_ROIC,FAIL_PS,FAIL_PEG,FAIL_FLOAT,FAIL_INSIDER",0.018,0.35424998,0.07118826507445551,0.00495,13.251411666666668,1.3344534542395965
BKD,Brookdale Senior Living Inc.,14.515,3451976960.0,Healthcare,Unknown,40,Fail,"FAIL_MCAP,FAIL_GROWTH,FAIL_GM,FAIL_ROIC,FAIL_FLOAT,FAIL_INSIDER",-0.04,0.2769,-0.005039380554293238,0.02764,-25.0,-0.14734899149819825
WWW,"Wolverine World Wide, Inc.",16.64,1363945728.0,Consumer Cyclical,Unknown,50,Fail,"FAIL_GROWTH,FAIL_ROIC,FAIL_PEG,FAIL_FLOAT,FAIL_INSIDER",0.046,0.47307998,0.13309727469274585,0.021270001,3.1731502173913047,2.928159056164752
FTAI,FTAI Aviation Ltd.,243.89,25016596480.0,Industrials,Unknown,40,Fail,"FAIL_MCAP,FAIL_PRICE,FAIL_PS,FAIL_PEG,FAIL_FLOAT,FAIL_INSIDER",0.327,0.40087003,0.20263173618681898,0.015,1.6249258409785932,5.493991934484565
GCT,GigaCloud Technology Inc.,43.18,1600110208.0,Technology,Unknown,60,Fail,"FAIL_PRICE,FAIL_GM,FAIL_GM_TREND,FAIL_INSIDER",0.226,0.23309,0.2389134050689934,0.118769996,0.532206017699115,3.6696926123756164
ONFO,"Onfolio Holdings, Inc.",0.6622,3882620.0,Communication Services,Unknown,70,Fail,"FAIL_MCAP,FAIL_ROIC,FAIL_PEG",0.363,0.6029,-0.39033964482522227,0.25778,2.7548209366391188,-2.59543405878686
VLY,Valley National Bancorp,11.795,6577311744.0,Financial Services,Unknown,50,Fail,"FAIL_MCAP,FAIL_GM,FAIL_PS,FAIL_FLOAT,FAIL_INSIDER",0.383,0.0,0.18600465651390968,0.01465,0.3049143080939948,3.0
BB,BlackBerry Limited,3.335,1968141952.0,Technology,Unknown,60,Fail,"FAIL_GROWTH,FAIL_ROIC,FAIL_FLOAT,FAIL_INSIDER",-0.013,0.74963,-0.02094770297601849,0.00278,-64.13461538461539,0.312384778988362
SYRE,"Spyre Therapeutics, Inc.",42.835,3364267776.0,Healthcare,Unknown,10,Fail,"FAIL_MCAP,FAIL_PRICE,FAIL_GROWTH,FAIL_GM,FAIL_ROIC,FAIL_PS,FAIL_PEG,FAIL_FLOAT,FAIL_INSIDER",0.0,0.0,0.0,0.066989996,100.0,30.42189043335729
B,Barrick Mining Corporation,40.91,68948811776.0,Basic Materials,Unknown,50,Fail,"FAIL_MCAP,FAIL_PRICE,FAIL_PS,FAIL_FLOAT,FAIL_INSIDER",0.645,0.51256,0.29705819403200906,0.00836,0.2164722015503876,3.681156985371816
ATS,ATS Corporation,32.4199,3143130112.0,Industrials,Unknown,20,Fail,"FAIL_MCAP,FAIL_PRICE,FAIL_GROWTH,FAIL_GM,FAIL_ROIC,FAIL_PEG,FAIL_FLOAT,FAIL_INSIDER",0.167,0.26048002,0.001623475847046896,0.00775,13.866509580838324,1.6090620565032683
DTSS,Datasea Inc.,0.92,9611382.0,Technology,Unknown,60,Fail,"FAIL_MCAP,FAIL_GROWTH,FAIL_GM,FAIL_ROIC",-0.365,0.07368,-1.0320486896321264,0.42651,-2.73972602739726,0.24691066495517333
MYSE,"Myseum, Inc.",1.65,7036142.0,Technology,Unknown,50,Fail,"FAIL_MCAP,FAIL_GM,FAIL_ROIC,FAIL_PS,FAIL_INSIDER",4.29,0.0,0.0,0.06874,0.2331002331002331,-9.37976005785885
KSPI,Joint Stock Company Kaspi.kz,72.63,14613682176.0,Technology,Unknown,60,Fail,"FAIL_MCAP,FAIL_PRICE,FAIL_PS,FAIL_FLOAT",0.52,0.70094,0.935998881886152,0.44024,0.12295165384615385,0.8978815773375102
GUTS,"Fractyl Health, Inc.",0.4348,66686168.0,Healthcare,Unknown,40,Fail,"FAIL_GROWTH,FAIL_ROIC,FAIL_PS,FAIL_PEG,FAIL_FLOAT,FAIL_INSIDER",0.0,1.0,0.0,0.013660001,100.0,-7.155249597017661
VS,Versus Systems Inc.,1.09,5342829.0,Technology,Unknown,60,Fail,"FAIL_MCAP,FAIL_GROWTH,FAIL_ROIC,FAIL_PEG",0.0,0.99245,0.0,0.64163,100.0,63.68635020520871
SOS,SOS Limited,1.3007,11593152.0,Financial Services,Unknown,30,Fail,"FAIL_MCAP,FAIL_GM,FAIL_GM_TREND,FAIL_ROIC,FAIL_PEG,FAIL_FLOAT,FAIL_INSIDER",0.481,0.012669999,-0.10727333130551156,0.087349996,2.079002079002079,0.6796599450966311
LGHL,Lion Group Holding Ltd.,1.222,619640.0,Financial Services,Unknown,20,Fail,"FAIL_MCAP,FAIL_GROWTH,FAIL_GM,FAIL_GM_TREND,FAIL_ROIC,FAIL_PEG,FAIL_FLOAT,FAIL_INSIDER",0.0,0.0,0.0,0.0,100.0,-6.1634603464841184
EM,Smart Share Global Limited,1.145,290370368.0,Consumer Cyclical,Unknown,40,Fail,"FAIL_GROWTH,FAIL_GM_TREND,FAIL_ROIC,FAIL_PEG,FAIL_FLOAT,FAIL_INSIDER",0.117,0.42421,-0.0072153549406575165,0.066750005,8.547008547008547,-1.7499775717196646
DSGN,"Design Therapeutics, Inc.",10.795,614923776.0,Healthcare,Unknown,50,Fail,"FAIL_GROWTH,FAIL_GM,FAIL_ROIC,FAIL_PS,FAIL_PEG",0.0,0.0,0.0,0.33354,100.0,35.97216419363213
PPBT,Purple Biotech Ltd,3.95,4102525.0,Healthcare,Unknown,30,Fail,"FAIL_MCAP,FAIL_GROWTH,FAIL_GM,FAIL_PS,FAIL_PEG,FAIL_FLOAT,FAIL_INSIDER",0.0,0.0,,0.06511,100.0,-5.358264252420447
EVC,Entravision Communications Corporation,3.095,284626784.0,Communication Services,Unknown,50,Fail,"FAIL_GM,FAIL_GM_TREND,FAIL_ROIC,FAIL_PEG,FAIL_FLOAT",0.256,0.25129998,-0.3153137459332714,0.25941,3.90625,-1.5327657290667147
HIT,"Health In Tech, Inc.",1.8,102435848.0,Technology,Unknown,90,Fail,FAIL_GM_TREND,0.904,0.67070997,0.1888731570020231,0.74614996,0.9955752212389379,26.17807388491589
ACTU,"Actuate Therapeutics, Inc. Common stock",2.66,61827256.0,Healthcare,Unknown,50,Fail,"FAIL_GROWTH,FAIL_GM,FAIL_ROIC,FAIL_PS,FAIL_PEG",0.0,0.0,0.0,0.16567,7.8235297,-25.46661472626792
COHU,"Cohu, Inc.",30.03,1408056448.0,Technology,Unknown,40,Fail,"FAIL_PRICE,FAIL_GM,FAIL_GM_TREND,FAIL_ROIC,FAIL_PEG,FAIL_INSIDER",0.299,0.42745999,-0.0810470729050196,0.02784,3.3444816053511706,2.866296463605963
GLMD,Galmed Pharmaceuticals Ltd.,0.6117,4025836.0,Healthcare,Unknown,30,Fail,"FAIL_MCAP,FAIL_GROWTH,FAIL_GM,FAIL_ROIC,FAIL_PS,FAIL_PEG,FAIL_INSIDER",0.0,0.0,0.0,0.00994,100.0,-14.273959149761819
GKOS,Glaukos Corporation,103.26,5997218304.0,Healthcare,Unknown,30,Fail,"FAIL_MCAP,FAIL_PRICE,FAIL_ROIC,FAIL_PS,FAIL_PEG,FAIL_FLOAT,FAIL_INSIDER",0.357,0.77965,-0.2737291573402957,0.03516,2.801120448179272,14.07345956203424
POCI,"Precision Optics Corporation, Inc.",4.25,32810974.0,Healthcare,Unknown,50,Fail,"FAIL_MCAP,FAIL_GM,FAIL_GM_TREND,FAIL_ROIC,FAIL_PEG",0.628,0.096990004,-0.4434886005586435,0.24392,1.5923566878980893,-1.1403938081557374
COLB,"Columbia Banking System, Inc.",26.38,7796626944.0,Financial Services,Unknown,30,Fail,"FAIL_MCAP,FAIL_PRICE,FAIL_GM,FAIL_ROIC,FAIL_PS,FAIL_FLOAT,FAIL_INSIDER",0.512,0.0,0.13631297234925602,0.0055299997,0.22401494140624997,3.0
UTI,"Universal Technical Institute, Inc.",36.72,2020353024.0,Consumer Defensive,Unknown,40,Fail,"FAIL_MCAP,FAIL_PRICE,FAIL_GROWTH,FAIL_ROIC,FAIL_PEG,FAIL_INSIDER",0.096,0.56346,0.14016427963552905,0.026819998,3.9843754166666665,4.001309385257598
AEMD,"Aethlon Medical, Inc.",2.2,2893242.0,Healthcare,Unknown,30,Fail,"FAIL_MCAP,FAIL_GROWTH,FAIL_GM,FAIL_ROIC,FAIL_PS,FAIL_PEG,FAIL_INSIDER",0.0,0.0,0.0,0.02359,100.0,-36.51179718029625
CAAS,"China Automotive Systems, Inc.",4.2821,129193968.0,Consumer Cyclical,Unknown,70,Fail,"FAIL_GROWTH,FAIL_GM,FAIL_ROIC",0.177,0.16620001,0.08633090630543556,0.64765,0.21795185310734463,1.7957276408032024
BXMT,"Blackstone Mortgage Trust, Inc.",19.1,3222908160.0,Real Estate,Unknown,50,Fail,"FAIL_MCAP,FAIL_ROIC,FAIL_PS,FAIL_FLOAT,FAIL_INSIDER",0.494,1.0,0.05551869473422535,0.01204,0.6041245344129554,3.0
TSBK,"Timberland Bancorp, Inc.",38.01,299683232.0,Financial Services,Unknown,50,Fail,"FAIL_PRICE,FAIL_GROWTH,FAIL_GM,FAIL_PS,FAIL_INSIDER",0.107,0.0,1.5687552960849682,0.07041,0.9226847663551402,3.0
PLTS,Platinum Analytics Cayman Limited,17.5,316034432.0,Technology,Unknown,70,Fail,"FAIL_GROWTH,FAIL_ROIC,FAIL_PS",-0.777,0.64542997,-0.6859547303503007,0.3266,-22.52252252252252,172.94051087829533
FCNCA,"First Citizens BancShares, Inc.",1799.07,22069606400.0,Financial Services,Unknown,50,Fail,"FAIL_MCAP,FAIL_PRICE,FAIL_GROWTH,FAIL_GM,FAIL_PEG",0.062,0.0,0.15607895047768044,0.24403,1.7560672580645162,3.0
JMG,JM Group Limited,6.61,134265632.0,Consumer Cyclical,Unknown,90,Fail,FAIL_GM,0.324,0.14175001,8.962367351335391,0.40172002,1.3600822839506173,2.8934409737362277
STAA,STAAR Surgical Company,18.73,927373760.0,Healthcare,Unknown,50,Fail,"FAIL_GROWTH,FAIL_ROIC,FAIL_PS,FAIL_PEG,FAIL_INSIDER",0.181,0.76185,-0.19587978327881964,0.00495,5.52486187845304,5.5576528083094985
DARE,"Daré Bioscience, Inc.",1.425,20362150.0,Healthcare,Unknown,50,Fail,"FAIL_MCAP,FAIL_GROWTH,FAIL_GM,FAIL_ROIC,FAIL_INSIDER",-0.946,0.0,0.0,0.087340005,-1.0570824524312896,-14.341998578560835
GPK,Graphic Packaging Holding Company,9.545,2822846976.0,Consumer Cyclical,Unknown,20,Fail,"FAIL_MCAP,FAIL_GROWTH,FAIL_GM,FAIL_GM_TREND,FAIL_ROIC,FAIL_PEG,FAIL_FLOAT,FAIL_INSIDER",0.004,0.18719,0.07006278488161821,0.0095999995,16.12331,1.4183884337353665
ASTE,"Astec Industries, Inc.",53.89,1234070272.0,Industrials,Unknown,40,Fail,"FAIL_PRICE,FAIL_GROWTH,FAIL_GM,FAIL_ROIC,FAIL_PEG,FAIL_INSIDER",0.116,0.26539,0.05463438885978286,0.01053,2.7652913793103444,3.2951904333335835
LICN,Lichen International Limited,2.98,48653940.0,Industrials,Unknown,50,Fail,"FAIL_MCAP,FAIL_GROWTH,FAIL_GM_TREND,FAIL_ROIC,FAIL_INSIDER",-0.212,0.56598,-0.1434734599865618,0.0,-4.716981132075472,8.344942045670289
XWIN,"Nova LifeStyle, Inc.",6.1971,266929104.0,Consumer Cyclical,Unknown,60,Fail,"FAIL_GM,FAIL_ROIC,FAIL_PS,FAIL_INSIDER",2.732,0.25539,-1.0891121810069726,0.14806,0.7561127379209369,15.908879187611232
DTIL,"Precision BioSciences, Inc.",7.345,181617584.0,Healthcare,Unknown,70,Fail,"FAIL_ROIC,FAIL_PS,FAIL_INSIDER",52.611,1.0,0.0,0.05328,0.0190074319058752,-2.9262341677771304
CARL,"Carlsmed, Inc.",11.21,299665632.0,Healthcare,Unknown,70,Fail,"FAIL_ROIC,FAIL_PS,FAIL_PEG",0.612,0.7531,0.0,0.43552,1.6339869281045754,5.378222339898711
PAXS,PIMCO Access Income Fund,14.565,663712448.0,Financial Services,Unknown,30,Fail,"FAIL_GROWTH,FAIL_GM,FAIL_ROIC,FAIL_PS,FAIL_PEG,FAIL_FLOAT,FAIL_INSIDER",0.0,0.0,0.0,0.0,7.2462683,3.0
ELPW,Elong Power Holding Limited,2.76,3911637.0,Industrials,Unknown,40,Fail,"FAIL_MCAP,FAIL_GROWTH,FAIL_GM,FAIL_ROIC,FAIL_PS,FAIL_INSIDER",-0.415,0.0,-2.2740151667616884,0.02379,-2.4096385542168677,-7.68551963788885
LE,"Lands' End, Inc.",13.68,417938624.0,Consumer Cyclical,Unknown,80,Fail,"FAIL_GROWTH,FAIL_ROIC",-0.004,0.48839,0.0623054910613962,0.72246003,-92.4324325,2.5279536700231073
WRD,WeRide Inc.,6.23,2133406336.0,Technology,Unknown,40,Fail,"FAIL_MCAP,FAIL_GM,FAIL_GM_TREND,FAIL_ROIC,FAIL_FLOAT,FAIL_INSIDER",1.442,0.32991,-0.8548878917555341,0.05361,0.6934812760055479,0.491737616476797
SWBI,"Smith & Wesson Brands, Inc.",14.03,624247232.0,Industrials,Unknown,40,Fail,"FAIL_GROWTH,FAIL_GM,FAIL_GM_TREND,FAIL_ROIC,FAIL_PEG,FAIL_INSIDER",0.171,0.26659,0.03604073173228963,0.021,3.4186159064327484,4.77429327123199
ABNB,"Airbnb, Inc.",133.2,79855263744.0,Consumer Cyclical,Unknown,30,Fail,"FAIL_MCAP,FAIL_PRICE,FAIL_GROWTH,FAIL_PS,FAIL_PEG,FAIL_FLOAT,FAIL_INSIDER",0.12,0.82959,0.5494698737850432,0.01364,2.7611939166666666,4.280715514887362
FGNXP,FG Nexus Inc.,24.3,0.0,Financial Services,Unknown,40,Fail,"FAIL_MCAP,FAIL_GM,FAIL_GM_TREND,FAIL_ROIC,FAIL_PS,FAIL_INSIDER",1.282,-0.46091998,-0.3207854676291274,0.0,0.78003120124805,-0.3193342407439548
BWA,BorgWarner Inc.,52.49,11229086720.0,Consumer Cyclical,Unknown,20,Fail,"FAIL_MCAP,FAIL_PRICE,FAIL_GROWTH,FAIL_GM,FAIL_ROIC,FAIL_PEG,FAIL_FLOAT,FAIL_INSIDER",0.039,0.18595,0.055426104193268086,0.0111,10.514824615384615,2.9894033681398504
MED,"Medifast, Inc.",10.09,110901944.0,Consumer Cyclical,Unknown,70,Fail,"FAIL_GROWTH,FAIL_ROIC,FAIL_INSIDER",-0.369,0.71331,-0.391173263733767,0.03203,-2.710027100271003,4.384776474104834
HYMC,Hycroft Mining Holding Corporation,36.97,3365602560.0,Basic Materials,Unknown,30,Fail,"FAIL_MCAP,FAIL_PRICE,FAIL_GROWTH,FAIL_GM,FAIL_PS,FAIL_PEG,FAIL_FLOAT",0.0,0.0,,0.37162,100.0,36.98057182531251
DLO,DLocal Limited,11.68,3442417920.0,Technology,Unknown,60,Fail,"FAIL_MCAP,FAIL_GM,FAIL_GM_TREND,FAIL_FLOAT",0.521,0.38603002,0.3411352433983028,0.15248999,0.4003290403071017,5.081367821376318
CDXS,"Codexis, Inc.",1.475,134032296.0,Healthcare,Unknown,50,Fail,"FAIL_GM,FAIL_GM_TREND,FAIL_ROIC,FAIL_FLOAT,FAIL_INSIDER",0.813,0.1242,-0.536793297558179,0.07571,1.2300123001230012,-4.737488465676395
NOMA,Nomadar Corp.,4.44,67369904.0,Consumer Cyclical,Unknown,60,Fail,"FAIL_GROWTH,FAIL_ROIC,FAIL_PS,FAIL_PEG",0.0,0.60482,0.0,0.74824,100.0,-422.30860588585097
NSA,National Storage Affiliates Trust,39.1,5756857856.0,Real Estate,Unknown,20,Fail,"FAIL_MCAP,FAIL_PRICE,FAIL_GROWTH,FAIL_ROIC,FAIL_PS,FAIL_PEG,FAIL_FLOAT,FAIL_INSIDER",0.022,0.72603995,0.06309668712282279,0.080290005,25.75757454545455,1.0199336398077499
BWG,Legg Mason BW Global Income Opportunities Fund Inc.,7.85,131815912.0,Financial Services,Unknown,30,Fail,"FAIL_GROWTH,FAIL_GM,FAIL_ROIC,FAIL_PS,FAIL_PEG,FAIL_FLOAT,FAIL_INSIDER",0.0,0.0,0.0,0.00023,8.532608,3.0
CARS,Cars.com Inc.,8.045,481197760.0,Communication Services,Unknown,40,Fail,"FAIL_GROWTH,FAIL_GM_TREND,FAIL_ROIC,FAIL_PEG,FAIL_FLOAT,FAIL_INSIDER",0.019,0.66725,0.04356991235792132,0.12028,13.231907894736842,0.2413933516679621
COSM,Cosmos Health Inc.,0.3376,12608017.0,Healthcare,Unknown,60,Fail,"FAIL_MCAP,FAIL_GM,FAIL_ROIC,FAIL_PEG",0.379,0.11406,-0.42095778574825726,0.38581002,2.638522427440633,-2.611335617387949
AUST,Austin Gold Corp.,1.41,19307130.0,Basic Materials,Unknown,40,Fail,"FAIL_MCAP,FAIL_GROWTH,FAIL_GM,FAIL_ROIC,FAIL_PS,FAIL_PEG",0.0,0.0,-0.23066838102023843,0.47255,100.0,87.64567949019978
WTM,"White Mountains Insurance Group, Ltd.",2198.128,5450647040.0,Financial Services,Unknown,70,Fail,"FAIL_MCAP,FAIL_PRICE,FAIL_INSIDER",3.48,0.6261,0.20941378199981256,0.03365,0.014685683908045977,3.0
DJCO,Daily Journal Corporation,490.09,675207744.0,Technology,Unknown,50,Fail,"FAIL_PRICE,FAIL_GROWTH,FAIL_GM,FAIL_GM_TREND,FAIL_INSIDER",0.104,0.31188,0.28763345989933187,0.044,0.6959686826923077,5.740350841007547
AFCG,Advanced Flower Capital Inc.,2.6,61174992.0,Real Estate,Unknown,80,Fail,"FAIL_ROIC,FAIL_PS",1.201,1.0,-0.06022425144617158,0.34590998,0.832639467110741,3.0
DCH,Dauch Corporation,5.39,1271958784.0,Consumer Cyclical,Unknown,40,Fail,"FAIL_GROWTH,FAIL_GM,FAIL_ROIC,FAIL_PEG,FAIL_FLOAT,FAIL_INSIDER",0.002,0.120699994,-0.6481252334323898,0.02912,500.0,1.4775558370489814
NECB,"Northeast Community Bancorp, Inc.",23.07,311068832.0,Financial Services,Unknown,70,Fail,"FAIL_GROWTH,FAIL_GM,FAIL_INSIDER",0.097,0.0,0.35973706180630677,0.12933,0.7318001649484536,3.0
VMET,Versamet Royalties Corporation,10.78,1137670784.0,Basic Materials,Unknown,80,Fail,"FAIL_ROIC,FAIL_PS",4.652,0.56543,0.07148977393077753,0.68245006,0.11034680137575237,4.13820295994204
GTE,Gran Tierra Energy Inc.,8.19,289096960.0,Energy,Unknown,60,Fail,"FAIL_GROWTH,FAIL_GM_TREND,FAIL_ROIC,FAIL_INSIDER",-0.1,0.55461,-0.1414606218202398,0.03773,-10.0,-0.8419321467968686
ENSC,"Ensysce Biosciences, Inc.",0.52,1888796.0,Healthcare,Unknown,40,Fail,"FAIL_MCAP,FAIL_GROWTH,FAIL_GM,FAIL_GM_TREND,FAIL_ROIC,FAIL_INSIDER",-0.856,-1.3544,0.0,0.00291,-1.1682242990654206,-35.166472908257305
CABO,"Cable One, Inc.",95.8,543395072.0,Communication Services,Unknown,60,Fail,"FAIL_PRICE,FAIL_GROWTH,FAIL_ROIC,FAIL_INSIDER",-0.061,0.73885,-0.028076586002841977,0.09631,-16.393442622950822,0.48008796694091593
GIC,Global Industrial Company,30.23,1163672960.0,Industrials,Unknown,80,Fail,"FAIL_PRICE,FAIL_GROWTH",0.143,0.35544997,0.20633773401604144,0.53182,1.142695104895105,6.279121866730904
SAR,Saratoga Investment Corp.,22.755,368268256.0,Financial Services,Unknown,60,Fail,"FAIL_GROWTH,FAIL_ROIC,FAIL_FLOAT,FAIL_INSIDER",-0.118,1.0,0.07193748953191324,0.13385001,-0.7968552542372882,3.0
USNA,"USANA Health Sciences, Inc.",17.43,318635328.0,Consumer Defensive,Unknown,70,Fail,"FAIL_GROWTH,FAIL_ROIC,FAIL_PEG",0.059,0.78292,0.11128074674534338,0.42743,5.093512711864407,3.7812549620467735
ALLY,Ally Financial Inc.,37.67,11643484160.0,Financial Services,Unknown,40,Fail,"FAIL_MCAP,FAIL_PRICE,FAIL_GROWTH,FAIL_GM,FAIL_FLOAT,FAIL_INSIDER",0.12,0.0,0.22552166808874508,0.10383,1.3245429166666667,3.0
FCBC,"First Community Bankshares, Inc.",39.88,760712128.0,Financial Services,Unknown,50,Fail,"FAIL_PRICE,FAIL_GROWTH,FAIL_GM,FAIL_PS,FAIL_PEG",0.078,0.0,0.1682040033550567,0.15346,1.929366153846154,3.0
LGND,Ligand Pharmaceuticals Incorporated,208.985,4167399168.0,Healthcare,Unknown,40,Fail,"FAIL_MCAP,FAIL_PRICE,FAIL_GM_TREND,FAIL_ROIC,FAIL_PS,FAIL_INSIDER",0.394,0.64291,0.09904687433647327,0.023559999,0.8638742131979696,6.275785135193545
WATT,Energous Corporation,13.1899,28689960.0,Technology,Unknown,60,Fail,"FAIL_MCAP,FAIL_GM,FAIL_ROIC,FAIL_INSIDER",4.53,0.36382,0.0,0.0694,0.22075055187637968,-159.42035053252596
LITE,Lumentum Holdings Inc.,715.18,51063853056.0,Technology,Unknown,20,Fail,"FAIL_MCAP,FAIL_PRICE,FAIL_GM,FAIL_ROIC,FAIL_PS,FAIL_PEG,FAIL_FLOAT,FAIL_INSIDER",0.655,0.37118,0.007001128249180377,0.00585,3.1740633587786258,10.298232738234832
SN,"SharkNinja, Inc.",103.31,14591800320.0,Consumer Cyclical,Unknown,60,Fail,"FAIL_MCAP,FAIL_PRICE,FAIL_GROWTH,FAIL_FLOAT",0.176,0.49014,0.2639710834150394,0.40992,1.1882360227272728,5.890374381894066
PLUG,Plug Power Inc.,2.3181,3231327232.0,Industrials,Unknown,20,Fail,"FAIL_MCAP,FAIL_GROWTH,FAIL_GM,FAIL_ROIC,FAIL_PS,FAIL_PEG,FAIL_FLOAT,FAIL_INSIDER",0.176,-0.3756,-1.0135845485707475,0.04522,5.6818181818181825,-4.647667019487285
ZBRA,Zebra Technologies Corporation,211.5,10714640384.0,Technology,Unknown,30,Fail,"FAIL_MCAP,FAIL_PRICE,FAIL_GROWTH,FAIL_GM,FAIL_ROIC,FAIL_PEG,FAIL_INSIDER",0.106,0.48054,0.08113752319109462,0.0072500003,2.44220679245283,3.063587057225751
CHY,Calamos Convertible and High Income Fund,11.73,938693376.0,Financial Services,Unknown,50,Fail,"FAIL_GROWTH,FAIL_ROIC,FAIL_PS,FAIL_FLOAT,FAIL_INSIDER",-0.285,1.0,0.0,0.05465,-0.1758884456140351,3.0
LANDP,Gladstone Land Corporation,20.015,0.0,Real Estate,Unknown,50,Fail,"FAIL_MCAP,FAIL_GM_TREND,FAIL_ROIC,FAIL_PS,FAIL_INSIDER",0.965,0.72494006,0.0,0.0,1.0362694300518134,-0.0678697549654124
AON,Aon plc,316.5025,68027547648.0,Financial Services,Unknown,30,Fail,"FAIL_MCAP,FAIL_PRICE,FAIL_GROWTH,FAIL_PS,FAIL_PEG,FAIL_FLOAT,FAIL_INSIDER",0.037,0.47197,0.1812862904321116,0.02843,5.025923513513514,1.743801236123653
NG,NovaGold Resources Inc.,8.73,3834927104.0,Basic Materials,Unknown,30,Fail,"FAIL_MCAP,FAIL_GROWTH,FAIL_GM,FAIL_ROIC,FAIL_PS,FAIL_PEG,FAIL_FLOAT",0.0,0.0,-0.36194717931756293,0.23218,100.0,3.81834422804892
RANI,"Rani Therapeutics Holdings, Inc.",1.2,147174656.0,Healthcare,Unknown,50,Fail,"FAIL_GROWTH,FAIL_PS,FAIL_PEG,FAIL_FLOAT,FAIL_INSIDER",0.0,1.0,,0.057329997,100.0,-5.561078363159085
WULF,TeraWulf Inc.,15.455,6553972736.0,Financial Services,Unknown,30,Fail,"FAIL_MCAP,FAIL_GROWTH,FAIL_GM_TREND,FAIL_ROIC,FAIL_PS,FAIL_PEG,FAIL_FLOAT",0.024,0.50929,-0.27878719599093643,0.26728,41.66666666666667,0.4547999829331487
GIFT,"Giftify, Inc.",0.8951,27715798.0,Communication Services,Unknown,60,Fail,"FAIL_MCAP,FAIL_GROWTH,FAIL_GM,FAIL_ROIC",-0.191,0.1602,-0.6304086538177821,0.30918,-5.2356020942408374,-1.664996618977674
CSCO,"Cisco Systems, Inc.",79.085,312472305664.0,Technology,Unknown,40,Fail,"FAIL_MCAP,FAIL_PRICE,FAIL_GROWTH,FAIL_PEG,FAIL_FLOAT,FAIL_INSIDER",0.097,0.64814,0.17481555139762078,0.00061,2.9327672164948453,3.290532404439486
LVS,Las Vegas Sands Corp.,54.445,36812140544.0,Consumer Cyclical,Unknown,70,Fail,"FAIL_MCAP,FAIL_PRICE,FAIL_FLOAT",0.26,0.79980004,0.1843661169468457,0.57722,0.8910801923076923,2.458034710599171
GLO,Clough Global Opportunities Fund,5.7,243767472.0,Financial Services,Unknown,50,Fail,"FAIL_GROWTH,FAIL_ROIC,FAIL_PS,FAIL_FLOAT,FAIL_INSIDER",-0.186,1.0,0.0,0.0001,-0.27361749462365587,3.0
MT,ArcelorMittal S.A.,52.22,40019976192.0,Basic Materials,Unknown,20,Fail,"FAIL_MCAP,FAIL_PRICE,FAIL_GROWTH,FAIL_GM,FAIL_ROIC,FAIL_PEG,FAIL_FLOAT,FAIL_INSIDER",0.017,0.074650005,0.060215290739082175,0.0,7.473879999999999,2.1669584180660735
NFG,National Fuel Gas Company,92.15,8756684800.0,Energy,Unknown,30,Fail,"FAIL_MCAP,FAIL_PRICE,FAIL_GROWTH,FAIL_ROIC,FAIL_PS,FAIL_FLOAT,FAIL_INSIDER",0.186,0.65967005,0.10789744685108338,0.012920001,0.6909763978494623,1.769268470258709
TS,Tenaris S.A.,55.735,28136136704.0,Energy,Unknown,40,Fail,"FAIL_MCAP,FAIL_PRICE,FAIL_GROWTH,FAIL_PEG,FAIL_FLOAT,FAIL_INSIDER",0.053,0.37874,,0.0,2.8732343396226416,
BELFB,Bel Fuse Inc.,209.57,2652383488.0,Technology,Unknown,30,Fail,"FAIL_MCAP,FAIL_PRICE,FAIL_GROWTH,FAIL_GM,FAIL_ROIC,FAIL_PEG,FAIL_INSIDER",0.174,0.39147,0.14532528721150442,0.02093,2.5901618965517246,5.86405004974083
NVCT,"Nuvectis Pharma, Inc.",8.51,225444400.0,Healthcare,Unknown,50,Fail,"FAIL_GROWTH,FAIL_GM,FAIL_ROIC,FAIL_PS,FAIL_PEG",0.0,0.0,0.0,0.41587,100.0,3.599312383608475
RNA,"Atrium Therapeutics, Inc.",12.9,200143072.0,Healthcare,Unknown,40,Fail,"FAIL_GROWTH,FAIL_GM,FAIL_GM_TREND,FAIL_ROIC,FAIL_PS,FAIL_INSIDER",-0.711,-1.37765,0.0,0.0279,-1.4064697609001409,1.842048364487589
HLF,Herbalife Ltd.,15.28,1579425792.0,Consumer Defensive,Unknown,70,Fail,"FAIL_GROWTH,FAIL_FLOAT,FAIL_INSIDER",0.063,0.77874,0.3081001861287291,0.02009,1.102453015873016,2.441075878402932
LRHC,La Rosa Holdings Corp.,0.6604,353314.0,Real Estate,Unknown,30,Fail,"FAIL_MCAP,FAIL_GROWTH,FAIL_GM,FAIL_GM_TREND,FAIL_ROIC,FAIL_PEG,FAIL_INSIDER",0.032,0.084759995,-2.2323315413633487,0.03132,31.25,-0.8305537437152202
LXEO,"Lexeo Therapeutics, Inc.",6.06,442303200.0,Healthcare,Unknown,40,Fail,"FAIL_GROWTH,FAIL_GM,FAIL_ROIC,FAIL_PS,FAIL_PEG,FAIL_INSIDER",0.0,0.0,-1.0702328014648181,0.008450001,100.0,4.785431463124803
ACV,Virtus Diversified Income & Convertible Fund,25.565,265277456.0,Financial Services,Unknown,20,Fail,"FAIL_PRICE,FAIL_GROWTH,FAIL_GM,FAIL_ROIC,FAIL_PS,FAIL_PEG,FAIL_FLOAT,FAIL_INSIDER",0.0,0.0,0.0,7e-05,6.1306953,3.0
MUFG,"Mitsubishi UFJ Financial Group, Inc.",16.895,190703960064.0,Financial Services,Unknown,40,Fail,"FAIL_MCAP,FAIL_GROWTH,FAIL_GM,FAIL_ROIC,FAIL_FLOAT,FAIL_INSIDER",0.117,0.0,0.0,2.0000001e-05,1.3622804273504272,3.0
LH,Labcorp Holdings Inc.,270.38,22414501888.0,Healthcare,Unknown,20,Fail,"FAIL_MCAP,FAIL_PRICE,FAIL_GROWTH,FAIL_GM,FAIL_ROIC,FAIL_PEG,FAIL_FLOAT,FAIL_INSIDER",0.056,0.2876,0.07221408387263052,0.00343,4.611474821428572,3.111706323174253
ITRN,Ituran Location and Control Ltd.,51.0,1014572608.0,Technology,Unknown,70,Fail,"FAIL_PRICE,FAIL_GROWTH,FAIL_GM",0.128,0.49740002,,0.26229,1.3645120312499999,
GOAI,"Eva Live, Inc.",4.4,137906064.0,Technology,Unknown,90,Fail,FAIL_ROIC,0.472,0.59381,-1.9702988522284457,0.75644994,0.35853980932203394,22.60803442940545
SHIM,Shimmick Corporation,3.1193,112405720.0,Industrials,Unknown,70,Fail,"FAIL_GROWTH,FAIL_GM,FAIL_ROIC",-0.03,0.06816,0.0,0.8783,-33.333333333333336,-0.3189103826559605
VEL,"Velocity Financial, Inc.",17.672,693365888.0,Financial Services,Unknown,60,Fail,"FAIL_GROWTH,FAIL_ROIC,FAIL_PS,FAIL_INSIDER",-0.044,0.70676005,0.051573214195091296,0.02844,-1.4604959772727275,3.0
GBFH,GBank Financial Holdings Inc.,25.0,359402816.0,Financial Services,Unknown,70,Fail,"FAIL_PRICE,FAIL_GM,FAIL_PS",0.29,0.0,0.34783435101128163,0.36734,0.5986589655172414,3.0
KLTR,"Kaltura, Inc.",1.205,186162256.0,Technology,Unknown,70,Fail,"FAIL_GROWTH,FAIL_ROIC,FAIL_FLOAT",-0.001,0.70592004,-0.671357676275611,0.42486,-1000.0,-2.1727497571874816
GRNT,"Granite Ridge Resources, Inc.",5.335,701365312.0,Energy,Unknown,50,Fail,"FAIL_GROWTH,FAIL_ROIC,FAIL_PEG,FAIL_FLOAT,FAIL_INSIDER",0.001,0.78954005,0.044753481562306484,0.085760005,296.38887,1.3002879927852773
OTEX,Open Text Corporation,23.0,5851659776.0,Technology,Unknown,50,Fail,"FAIL_MCAP,FAIL_GROWTH,FAIL_ROIC,FAIL_FLOAT,FAIL_INSIDER",-0.006,0.76228,0.0825644875955446,0.02082,-22.41715333333333,1.087481074186824
AXIA,AXIA Energia SA,11.17,25119655936.0,Utilities,Unknown,40,Fail,"FAIL_MCAP,FAIL_GROWTH,FAIL_GM_TREND,FAIL_ROIC,FAIL_FLOAT,FAIL_INSIDER",-0.113,0.42918,0.0050537911483369054,0.0,-2.2988269026548673,0.3203142073570191
EXK,Endeavour Silver Corp.,9.72,2874528512.0,Basic Materials,Unknown,50,Fail,"FAIL_MCAP,FAIL_ROIC,FAIL_PS,FAIL_FLOAT,FAIL_INSIDER",3.092,0.33326,-0.18424487787673266,0.0019200001,0.3234152652005175,2.327297814092875
IOBT,"IO Biotech, Inc.",0.1785,12842868.0,Healthcare,Unknown,30,Fail,"FAIL_MCAP,FAIL_GROWTH,FAIL_GM,FAIL_ROIC,FAIL_PS,FAIL_PEG,FAIL_INSIDER",0.0,0.0,0.0,0.06627,100.0,-10.891495826814868
BRK-B,Berkshire Hathaway Inc.,486.31,1049133449216.0,Financial Services,Unknown,40,Fail,"FAIL_MCAP,FAIL_PRICE,FAIL_GROWTH,FAIL_GM,FAIL_ROIC,FAIL_INSIDER",-0.007,0.26146,0.08984722599442284,0.0026800002,-22.388932857142855,3.0
OIA,Invesco Municipal Income Opportunities Trust,6.11,291305408.0,Financial Services,Unknown,40,Fail,"FAIL_GROWTH,FAIL_ROIC,FAIL_PS,FAIL_PEG,FAIL_FLOAT,FAIL_INSIDER",0.008,1.0,0.0,0.0,125.0,3.0
NIVF,NewGenIvf Group Limited,1.735,986375.0,Healthcare,Unknown,40,Fail,"FAIL_MCAP,FAIL_GROWTH,FAIL_GM,FAIL_GM_TREND,FAIL_ROIC,FAIL_INSIDER",-0.129,0.21221,-0.05898587061258044,0.00056,-0.00027668976744186043,1.233529772254859
VTVT,vTv Therapeutics Inc.,35.875,141276400.0,Healthcare,Unknown,40,Fail,"FAIL_PRICE,FAIL_GROWTH,FAIL_GM,FAIL_ROIC,FAIL_PS,FAIL_PEG",0.0,0.0,0.0,0.23599,100.0,-8.318999825471975
FTAIN,FTAI Aviation Ltd.,25.17,0.0,Industrials,Unknown,40,Fail,"FAIL_MCAP,FAIL_PRICE,FAIL_PS,FAIL_PEG,FAIL_FLOAT,FAIL_INSIDER",0.327,0.40087003,0.20263173618681898,0.0,3.0581039755351678,1.7782732149332452
CLOV,"Clover Health Investments, Corp.",1.9499,1023048768.0,Healthcare,Unknown,40,Fail,"FAIL_GM,FAIL_GM_TREND,FAIL_ROIC,FAIL_PEG,FAIL_FLOAT,FAIL_INSIDER",0.447,0.18461001,0.0,0.0327,2.237136465324385,-0.024647028877678334
ASRT,"Assertio Holdings, Inc.",13.5,86626880.0,Healthcare,Unknown,60,Fail,"FAIL_GROWTH,FAIL_GM_TREND,FAIL_ROIC,FAIL_INSIDER",-0.579,0.70195,-0.1720906956146547,0.02574,-1.7271157167530224,-2.4023054113211324
EVRG,"Evergy, Inc.",82.225,18934902784.0,Utilities,Unknown,20,Fail,"FAIL_MCAP,FAIL_PRICE,FAIL_GROWTH,FAIL_ROIC,FAIL_PS,FAIL_PEG,FAIL_FLOAT,FAIL_INSIDER",0.066,0.52266,0.057342762185101426,0.00221,3.4039159090909092,0.8577469781038991
PATH,"UiPath, Inc.",12.444,6654425600.0,Technology,Unknown,40,Fail,"FAIL_MCAP,FAIL_GROWTH,FAIL_ROIC,FAIL_PEG,FAIL_FLOAT,FAIL_INSIDER",0.136,0.83242,-0.14687877321137638,0.09395,1.7596154411764704,3.9015038185671247
BAYAU,Bayview Acquisition Corp,12.0,0.0,Financial Services,Unknown,30,Fail,"FAIL_MCAP,FAIL_GROWTH,FAIL_GM,FAIL_ROIC,FAIL_PS,FAIL_PEG,FAIL_INSIDER",0.0,0.0,0.0,0.0,100.0,-0.23510025376130883
ESBA,"Empire State Realty OP, L.P.",4.95,1364640128.0,Real Estate,Unknown,60,Fail,"FAIL_GROWTH,FAIL_ROIC,FAIL_PEG,FAIL_INSIDER",0.008,0.52459997,0.07510262983020584,0.0,24.75,0.563909320848652
RVYL,Ryvyl Inc.,5.5,6966476.0,Technology,Unknown,60,Fail,"FAIL_MCAP,FAIL_GROWTH,FAIL_GM,FAIL_ROIC",-0.016,0.4106,-1.3883894361537583,0.16552,-62.5,-2.2514344772158723
TSSI,"TSS, Inc.",10.8618,313309024.0,Technology,Unknown,60,Fail,"FAIL_GM,FAIL_GM_TREND,FAIL_PEG,FAIL_INSIDER",0.218,0.14265999,0.5199434582496545,0.14575,2.6223564220183486,3.0804477062813884
GRCE,"Grace Therapeutics, Inc.",4.458,68983216.0,Healthcare,Unknown,50,Fail,"FAIL_GROWTH,FAIL_GM,FAIL_ROIC,FAIL_PS,FAIL_PEG",0.0,0.0,0.0,0.27061,100.0,2.9793264169905216
MBINN,Merchants Bancorp,20.1,0.0,Financial Services,Unknown,40,Fail,"FAIL_MCAP,FAIL_GROWTH,FAIL_GM,FAIL_ROIC,FAIL_PS,FAIL_INSIDER",-0.176,0.0,0.13294207545369646,0.0,-0.2577980681818182,3.0
AMSC,American Superconductor Corporation,30.91,1471695744.0,Industrials,Unknown,60,Fail,"FAIL_PRICE,FAIL_ROIC,FAIL_PS,FAIL_INSIDER",0.214,0.30871,0.11812676612623461,0.03637,0.4751291588785047,4.1940585015827265
TRC,Tejon Ranch Co.,18.37,494041984.0,Industrials,Unknown,30,Fail,"FAIL_GROWTH,FAIL_GM,FAIL_GM_TREND,FAIL_ROIC,FAIL_PS,FAIL_PEG,FAIL_INSIDER",0.103,0.13319999,-0.013461589943239342,0.085839994,16.213594174757283,2.8698551834290225
TIGO,Millicom International Cellular S.A.,73.25,12239635456.0,Communication Services,Unknown,60,Fail,"FAIL_MCAP,FAIL_PRICE,FAIL_GROWTH,FAIL_FLOAT",0.157,0.7747,0.15951315966888246,0.44362,0.5958626751592356,1.5295885591799903
RYTM,"Rhythm Pharmaceuticals, Inc.",85.75,5855442432.0,Healthcare,Unknown,30,Fail,"FAIL_MCAP,FAIL_PRICE,FAIL_ROIC,FAIL_PS,FAIL_PEG,FAIL_FLOAT,FAIL_INSIDER",0.369,0.89728,-0.8005926649944755,0.00789,2.710027100271003,12.86638220059725
MLCO,Melco Resorts & Entertainment Limited,5.615,2193697024.0,Consumer Cyclical,Unknown,50,Fail,"FAIL_MCAP,FAIL_GROWTH,FAIL_ROIC,FAIL_FLOAT,FAIL_INSIDER",0.086,0.37937,0.12649270108560132,0.0,1.4193629069767444,0.408730177140503
EBF,"Ennis, Inc.",20.69,530279584.0,Industrials,Unknown,70,Fail,"FAIL_GROWTH,FAIL_PEG,FAIL_INSIDER",0.004,0.30777,0.15403921834112594,0.03902,31.15964,9.548639551547907
NCI,Neo-Concept International Group Holdings Limited,5.297,100187560.0,Consumer Cyclical,Unknown,60,Fail,"FAIL_GROWTH,FAIL_GM,FAIL_ROIC,FAIL_INSIDER",-0.24,0.2718,0.0970186383852837,0.1481,-0.7882440000000001,2.5874592201734217
LRE,"Lead Real Estate Co., Ltd",1.445,19712548.0,Real Estate,Unknown,70,Fail,"FAIL_MCAP,FAIL_GROWTH,FAIL_GM",0.122,0.19788,,0.90116,0.30369904918032786,
OPTT,"Ocean Power Technologies, Inc.",0.3646,71082392.0,Industrials,Unknown,30,Fail,"FAIL_GROWTH,FAIL_GM,FAIL_GM_TREND,FAIL_ROIC,FAIL_PS,FAIL_FLOAT,FAIL_INSIDER",-0.825,-0.26281,-0.9519413428490011,0.06412,-1.2121212121212122,-6.39397924902771
FINW,FinWise Bancorp,15.77,215354512.0,Financial Services,Unknown,90,Fail,FAIL_GM,0.69,0.0,0.3330716915786464,0.30369,0.20225727536231886,3.0
GSUN,Golden Sun Technology Group Limited,0.3694,3704664.0,Consumer Defensive,Unknown,50,Fail,"FAIL_MCAP,FAIL_GM,FAIL_GM_TREND,FAIL_ROIC,FAIL_INSIDER",3.046,0.0226,-0.4460833365066066,0.026719999,0.32829940906106375,-0.4175438959240667
META,"Meta Platforms, Inc.",619.8,1567818383360.0,Communication Services,Unknown,50,Fail,"FAIL_MCAP,FAIL_PRICE,FAIL_PS,FAIL_FLOAT,FAIL_INSIDER",0.238,0.81999,0.23100364195276843,0.00089,1.1095873949579833,8.339880246538092
ALF,Centurion Acquisition Corp.,10.76,386687520.0,Financial Services,Unknown,40,Fail,"FAIL_GROWTH,FAIL_GM,FAIL_ROIC,FAIL_PS,FAIL_PEG,FAIL_INSIDER",0.0,0.0,0.0,0.0,32.60606,16.80810286128227
MFIN,Medallion Financial Corp.,9.12,212602560.0,Financial Services,Unknown,90,Fail,FAIL_GROWTH,0.186,0.74577004,0.17239286726143088,0.31659,0.2754621344086021,3.0
WYFI,"WhiteFiber, Inc.",15.06,576195456.0,Technology,Unknown,80,Fail,"FAIL_ROIC,FAIL_PEG",0.643,0.61059,-0.02023363235019371,0.71546,1.5552099533437014,5.984959272251076
ABTS,Abits Group Inc.,2.57,8127488.0,Financial Services,Unknown,60,Fail,"FAIL_MCAP,FAIL_GROWTH,FAIL_ROIC,FAIL_PEG",0.06,0.52326,-0.09430235998407412,0.21034999,16.666666666666668,-4.337729406547962
SMBK,"SmartFinancial, Inc.",37.94,646092224.0,Financial Services,Unknown,50,Fail,"FAIL_PRICE,FAIL_GROWTH,FAIL_GM,FAIL_PS,FAIL_INSIDER",0.101,0.0,0.7837473945891702,0.11801,1.2605489108910888,3.0
WYNN,"Wynn Resorts, Limited",102.99,10740135936.0,Consumer Cyclical,Unknown,40,Fail,"FAIL_MCAP,FAIL_PRICE,FAIL_GROWTH,FAIL_ROIC,FAIL_PEG,FAIL_FLOAT",0.015,0.68184996,0.08689580058396279,0.27027,21.866241333333335,1.2271381295049653
DRIO,DarioHealth Corp.,9.0,60825716.0,Healthcare,Unknown,80,Fail,"FAIL_GROWTH,FAIL_ROIC",-0.325,0.6809,-0.7434301725668796,0.23202999,-3.076923076923077,-4.952251212860133
TGEN,Tecogen Inc.,2.055,61334520.0,Industrials,Unknown,70,Fail,"FAIL_GM_TREND,FAIL_ROIC,FAIL_PEG",0.276,0.38092,-0.5324371441358051,0.38929,3.623188405797101,0.06206678507871666
SFM,"Sprouts Farmers Market, Inc.",84.37,8215059968.0,Consumer Defensive,Unknown,40,Fail,"FAIL_MCAP,FAIL_PRICE,FAIL_GROWTH,FAIL_PEG,FAIL_FLOAT,FAIL_INSIDER",0.076,0.39032,0.16995526861232893,0.004,2.0906432894736846,4.6256061305204295
DRH,DiamondRock Hospitality Company,9.515,1949924224.0,Real Estate,Unknown,40,Fail,"FAIL_GROWTH,FAIL_GM,FAIL_GM_TREND,FAIL_ROIC,FAIL_FLOAT,FAIL_INSIDER",-0.016,0.27772,0.0637296749366509,0.0154,-13.515625,0.9504963602513964
CLLS,Cellectis S.A.,3.49,351062560.0,Healthcare,Unknown,70,Fail,"FAIL_ROIC,FAIL_PS,FAIL_INSIDER",1.059,1.0,-0.3698497028128668,0.0,0.9442870632672333,-0.13494837774115703
FGBIP,"First Guaranty Bancshares, Inc.",17.9,0.0,Financial Services,Unknown,30,Fail,"FAIL_MCAP,FAIL_GROWTH,FAIL_GM,FAIL_ROIC,FAIL_PS,FAIL_PEG,FAIL_INSIDER",0.034,0.0,0.0,0.0,2.0225532352941173,3.0
BQ,Boqii Holding Limited,1.1499,5036119.0,Consumer Cyclical,Unknown,50,Fail,"FAIL_MCAP,FAIL_GROWTH,FAIL_GM,FAIL_ROIC,FAIL_INSIDER",-0.167,0.24049,-0.25921191082014483,0.00127,-5.9880239520958085,-12.159659823510054
BAFN,BayFirst Financial Corp.,6.1499,25276114.0,Financial Services,Unknown,70,Fail,"FAIL_MCAP,FAIL_GROWTH,FAIL_GM",-0.681,0.0,0.8641920138798465,0.15446,-1.4684287812041115,3.0
PMN,"ProMIS Neurosciences, Inc.",18.0,38743992.0,Healthcare,Unknown,40,Fail,"FAIL_MCAP,FAIL_GROWTH,FAIL_GM,FAIL_ROIC,FAIL_PS,FAIL_PEG",0.0,0.0,0.0,0.25061,100.0,4.436990865592558
NRP,Natural Resource Partners L.P.,117.48,1556658432.0,Energy,Unknown,50,Fail,"FAIL_PRICE,FAIL_GROWTH,FAIL_GM_TREND,FAIL_ROIC,FAIL_PS",-0.253,0.88211,0.0,0.24763,-0.46249786561264816,9.014072401101588
AMD,"Advanced Micro Devices, Inc.",199.89,325902827520.0,Technology,Unknown,40,Fail,"FAIL_MCAP,FAIL_PRICE,FAIL_ROIC,FAIL_PEG,FAIL_FLOAT,FAIL_INSIDER",0.341,0.52493,0.07139901118541049,0.00423,2.24592991202346,15.068765910178783
ADBE,Adobe Inc.,248.8663,102159613952.0,Technology,Unknown,50,Fail,"FAIL_MCAP,FAIL_PRICE,FAIL_GROWTH,FAIL_FLOAT,FAIL_INSIDER",0.12,0.89396006,0.5720171357397987,0.00248,1.2085581666666667,7.393116071170842
CTEV,Claritev Corporation,16.452,272325408.0,Healthcare,Unknown,60,Fail,"FAIL_GROWTH,FAIL_ROIC,FAIL_PEG,FAIL_INSIDER",0.062,0.73750997,0.0032619184233535553,0.097399995,16.129032258064516,-0.4622432591539468
AVGO,Broadcom Inc.,318.972,1512333508608.0,Technology,Unknown,30,Fail,"FAIL_MCAP,FAIL_PRICE,FAIL_GROWTH,FAIL_PS,FAIL_PEG,FAIL_FLOAT,FAIL_INSIDER",0.164,0.76725996,0.20262624198718288,0.01973,3.7839518292682923,11.149858017547647
VTN,Invesco Trust for Investment Grade New York Municipals,11.38,166318352.0,Financial Services,Unknown,50,Fail,"FAIL_GROWTH,FAIL_ROIC,FAIL_PS,FAIL_FLOAT,FAIL_INSIDER",-0.234,1.0,0.0,0.0,-4.273504273504273,3.0
QBTS,D-Wave Quantum Inc.,16.68,6170160640.0,Technology,Unknown,30,Fail,"FAIL_MCAP,FAIL_GROWTH,FAIL_ROIC,FAIL_PS,FAIL_PEG,FAIL_FLOAT,FAIL_INSIDER",0.192,0.82588,0.0,0.0144299995,5.208333333333334,56.63196804708522
SAIA,"Saia, Inc.",329.21,8779873280.0,Industrials,Unknown,30,Fail,"FAIL_MCAP,FAIL_PRICE,FAIL_GROWTH,FAIL_GM,FAIL_ROIC,FAIL_PEG,FAIL_INSIDER",0.001,0.23659,0.09342253585211749,0.00215,346.17244999999997,8.059462174040366
ELV,"Elevance Health, Inc.",294.77,65057112064.0,Healthcare,Unknown,30,Fail,"FAIL_MCAP,FAIL_PRICE,FAIL_GROWTH,FAIL_GM,FAIL_ROIC,FAIL_FLOAT,FAIL_INSIDER",0.095,0.25563,0.10301217650095189,0.002,1.2312865263157895,3.0
PSQH,"PSQ Holdings, Inc.",0.7145,35515168.0,Technology,Unknown,80,Fail,"FAIL_MCAP,FAIL_ROIC",1.09,0.69249,-2.4039543173825333,0.16951999,0.9174311926605503,-3.31606687729412
SST,"System1, Inc.",1.7601,17597354.0,Industrials,Unknown,50,Fail,"FAIL_MCAP,FAIL_GROWTH,FAIL_GM,FAIL_GM_TREND,FAIL_ROIC",-0.313,0.02874,-0.21129653486179895,0.4912,-3.1948881789137378,-2.6975391583332833
DFH,"Dream Finders Homes, Inc.",14.73,1366276992.0,Consumer Cyclical,Unknown,70,Fail,"FAIL_GROWTH,FAIL_GM,FAIL_ROIC",-0.223,0.20708999,0.07005306903401347,0.18552,-0.3086626457399103,2.5543518874087687
SMC,Summit Midstream Corporation,30.23,370678848.0,Energy,Unknown,70,Fail,"FAIL_PRICE,FAIL_ROIC,FAIL_PEG",0.405,0.47022998,-0.3497687023615473,0.21919,2.4691358024691357,0.41237750494557324
SLSN,"Solesence, Inc.",0.88,62072424.0,Consumer Defensive,Unknown,80,Fail,"FAIL_GROWTH,FAIL_GM",-0.135,0.24771999,0.16892954110309846,0.73209,-6.518518518518518,-0.27807952189625773
AES,The AES Corporation,14.21,10125461504.0,Utilities,Unknown,40,Fail,"FAIL_MCAP,FAIL_GROWTH,FAIL_GM,FAIL_PEG,FAIL_FLOAT,FAIL_INSIDER",0.047,0.18400998,0.1552753391859537,0.0047999998,2.307942340425532,0.44438345936475265
PAPL,Pineapple Financial Inc.,0.67,17479398.0,Financial Services,Unknown,70,Fail,"FAIL_MCAP,FAIL_GROWTH,FAIL_PS",-0.058,1.0,,0.69438004,-17.241379310344826,0.1731494879054214
KYNB,"Kyntra Bio, Inc.",7.025,28419252.0,Healthcare,Unknown,50,Fail,"FAIL_MCAP,FAIL_GROWTH,FAIL_ROIC,FAIL_PS,FAIL_INSIDER",-0.593,0.91366,0.0,0.01647,-1.6863406408094437,-14.028867398807616
KNSA,"Kiniksa Pharmaceuticals International, plc",46.01,3521392640.0,Healthcare,Unknown,40,Fail,"FAIL_MCAP,FAIL_PRICE,FAIL_GM_TREND,FAIL_ROIC,FAIL_PS,FAIL_INSIDER",0.65,0.54658,0.12459528346202672,0.034730002,0.9437948307692308,11.761734467255495
BMNR,"Bitmine Immersion Technologies, Inc.",21.875,9950116864.0,Financial Services,Unknown,40,Fail,"FAIL_MCAP,FAIL_GM,FAIL_ROIC,FAIL_PS,FAIL_FLOAT,FAIL_INSIDER",0.909,0.22108999,0.0,0.01683,1.1001100110011,58.67211477205474
DDS,"Dillard's, Inc.",600.71,9371076608.0,Consumer Cyclical,Unknown,70,Fail,"FAIL_MCAP,FAIL_PRICE,FAIL_GROWTH",-0.03,0.40320998,0.38313844838616534,0.32667,-5.4994966666666665,8.816841203164355
GABC,"German American Bancorp, Inc.",39.17,1468739200.0,Financial Services,Unknown,60,Fail,"FAIL_PRICE,FAIL_GM,FAIL_PS,FAIL_INSIDER",0.453,0.0,0.1740289529960016,0.043520004,0.2825751214128035,3.0
VSH,"Vishay Intertechnology, Inc.",17.67,2399484160.0,Technology,Unknown,20,Fail,"FAIL_MCAP,FAIL_GROWTH,FAIL_GM,FAIL_GM_TREND,FAIL_ROIC,FAIL_PEG,FAIL_FLOAT,FAIL_INSIDER",0.121,0.19383,-0.008531594770032977,0.03255,8.264462809917356,2.071442307128109
NEWP,New Pacific Metals Corp.,4.03,742068160.0,Basic Materials,Unknown,40,Fail,"FAIL_GROWTH,FAIL_GM,FAIL_ROIC,FAIL_PS,FAIL_PEG,FAIL_FLOAT",0.0,0.0,0.0,0.40416,100.0,479.25583788455043
HIG,"The Hartford Insurance Group, Inc.",133.83,37325225984.0,Financial Services,Unknown,50,Fail,"FAIL_MCAP,FAIL_PRICE,FAIL_GROWTH,FAIL_FLOAT,FAIL_INSIDER",0.067,0.37432998,0.17213122230414327,0.00357,1.499596641791045,3.0
DVA,DaVita Inc.,152.02,10162384896.0,Healthcare,Unknown,50,Fail,"FAIL_MCAP,FAIL_PRICE,FAIL_GROWTH,FAIL_ROIC,FAIL_PEG",0.099,0.32255,0.1305497772787306,0.50653,1.6146746464646464,1.5544178041890675
OAKUU,Oak Woods Acquisition Corporation,12.07,0.0,Financial Services,Unknown,30,Fail,"FAIL_MCAP,FAIL_GROWTH,FAIL_GM,FAIL_ROIC,FAIL_PS,FAIL_PEG,FAIL_INSIDER",0.0,0.0,-0.06207053894144087,0.0,100.0,-0.48137585734187904
LSAK,"Lesaka Technologies, Inc.",5.43,456589152.0,Technology,Unknown,60,Fail,"FAIL_GROWTH,FAIL_GM,FAIL_ROIC,FAIL_PEG",0.014,0.29728,-0.16928057375594394,0.21989,71.42857142857142,1.9110818382159782
QTTB,Q32 Bio Inc.,5.925,76183928.0,Healthcare,Unknown,60,Fail,"FAIL_GROWTH,FAIL_ROIC,FAIL_PEG,FAIL_INSIDER",0.0,0.64352,0.0,0.05407,100.0,-3.7906517782178524
ARQQ,Arqit Quantum Inc.,13.965,218578208.0,Technology,Unknown,50,Fail,"FAIL_GROWTH,FAIL_GM,FAIL_ROIC,FAIL_PS,FAIL_PEG",0.0,0.37736,0.0,0.75728995,100.0,-5.992036278058515
ENGS,Energys Group Limited,0.94,13430589.0,Industrials,Unknown,60,Fail,"FAIL_MCAP,FAIL_GROWTH,FAIL_GM,FAIL_ROIC",-0.432,0.20447999,-0.08564412004190854,0.32212,-2.314814814814815,-0.2222994606983233
WKEY,WISeKey International Holding AG,6.555,73844160.0,Technology,Unknown,50,Fail,"FAIL_GROWTH,FAIL_GM,FAIL_ROIC,FAIL_PEG,FAIL_INSIDER",0.023,0.46280998,0.0,0.0024899999,43.47826086956522,-1.8301548507199799
IOVA,"Iovance Biotherapeutics, Inc.",4.025,1658145536.0,Healthcare,Unknown,40,Fail,"FAIL_GROWTH,FAIL_ROIC,FAIL_PS,FAIL_PEG,FAIL_FLOAT,FAIL_INSIDER",0.177,0.34276,-0.6771783361590844,0.00402,5.649717514124294,-0.36951037013412863
NNOX,Nano-X Imaging Ltd.,2.49,162803408.0,Healthcare,Unknown,20,Fail,"FAIL_GROWTH,FAIL_GM,FAIL_GM_TREND,FAIL_ROIC,FAIL_PS,FAIL_PEG,FAIL_FLOAT,FAIL_INSIDER",0.137,-0.98041,-0.3584417953112303,0.00215,7.2992700729927,1.7177206869947503
CMTV,Community Bancorp,39.745,222755344.0,Financial Services,Unknown,50,Fail,"FAIL_PRICE,FAIL_GROWTH,FAIL_GM,FAIL_PS,FAIL_INSIDER",0.14,0.0,0.17198379985884196,0.14313,0.9369401428571428,3.0
HBCP,"Home Bancorp, Inc.",58.43,457585312.0,Financial Services,Unknown,50,Fail,"FAIL_PRICE,FAIL_GROWTH,FAIL_GM,FAIL_PS,FAIL_INSIDER",0.105,0.0,0.16588679349419105,0.1381,0.9480002857142857,3.0
GOOGL,Alphabet Inc.,310.18,3752247427072.0,Communication Services,Unknown,30,Fail,"FAIL_MCAP,FAIL_PRICE,FAIL_GROWTH,FAIL_PS,FAIL_PEG,FAIL_FLOAT,FAIL_INSIDER",0.18,0.59652,0.2991620465631596,0.00575,1.5926267777777778,15.037989522940977
NNN,"NNN REIT, Inc.",44.72,8494091776.0,Real Estate,Unknown,20,Fail,"FAIL_MCAP,FAIL_PRICE,FAIL_GROWTH,FAIL_ROIC,FAIL_PS,FAIL_PEG,FAIL_FLOAT,FAIL_INSIDER",0.091,0.95963997,0.0,0.01058,2.374051318681319,1.1608650185506812
HRZN,Horizon Technology Finance Corporation,4.385,209623680.0,Financial Services,Unknown,60,Fail,"FAIL_GROWTH,FAIL_ROIC,FAIL_FLOAT,FAIL_INSIDER",-0.122,1.0,0.07575122738644366,0.01121,-8.196721311475411,3.0
HBAN,Huntington Bancshares Incorporated,15.255,30964482048.0,Financial Services,Unknown,40,Fail,"FAIL_MCAP,FAIL_GROWTH,FAIL_GM,FAIL_PS,FAIL_FLOAT,FAIL_INSIDER",0.103,0.0,0.20176736694799768,0.00805,1.0655165048543689,3.0
INGM,Ingram Micro Holding Corporation,21.97,5164590592.0,Technology,Unknown,40,Fail,"FAIL_MCAP,FAIL_GROWTH,FAIL_GM,FAIL_GM_TREND,FAIL_ROIC,FAIL_INSIDER",0.115,0.06687,0.0851975841741434,0.01158,1.3744134782608695,3.1478175588333572
WLACU,Willow Lane Acquisition Corp.,12.0,0.0,Financial Services,Unknown,30,Fail,"FAIL_MCAP,FAIL_GROWTH,FAIL_GM,FAIL_ROIC,FAIL_PS,FAIL_PEG,FAIL_INSIDER",0.0,0.0,0.0,0.0,100.0,-0.1057976585067169
FLNG,FLEX LNG Ltd.,30.065,1626287360.0,Energy,Unknown,60,Fail,"FAIL_PRICE,FAIL_GROWTH,FAIL_ROIC,FAIL_PS",-0.037,0.74903,0.0789395531019774,0.42793,-5.888170810810811,0.9017081448636346
CIEN,Ciena Corporation,393.505,55666577408.0,Technology,Unknown,20,Fail,"FAIL_MCAP,FAIL_PRICE,FAIL_GM,FAIL_ROIC,FAIL_PS,FAIL_PEG,FAIL_FLOAT,FAIL_INSIDER",0.331,0.42125,0.05999401644477198,0.00659,7.669915407854985,11.310637509795193
HTB,"HomeTrust Bancshares, Inc.",41.8,729160512.0,Financial Services,Unknown,50,Fail,"FAIL_PRICE,FAIL_GROWTH,FAIL_GM,FAIL_PS,FAIL_INSIDER",-0.016,0.0,,0.10357001,-7.022849375,3.0
CLYM,"Climb Bio, Inc.",7.14,486836832.0,Healthcare,Unknown,40,Fail,"FAIL_GROWTH,FAIL_GM,FAIL_ROIC,FAIL_PS,FAIL_PEG,FAIL_INSIDER",0.0,0.0,0.0,0.00821,100.0,37.13836216096166
CPSH,CPS Technologies Corporation,3.91,70347864.0,Technology,Unknown,70,Fail,"FAIL_GM,FAIL_ROIC,FAIL_PEG",0.383,0.16227,0.013332785084026072,0.1825,3.402959268929504,9.417947450811495
WKC,World Kinect Corporation,23.015,1278685184.0,Energy,Unknown,60,Fail,"FAIL_GROWTH,FAIL_GM,FAIL_ROIC,FAIL_INSIDER",-0.075,0.02567,-0.2879933925737803,0.041490003,-13.333333333333334,6.463791321969352
WRN,Western Copper and Gold Corporation,2.58,582101312.0,Basic Materials,Unknown,30,Fail,"FAIL_GROWTH,FAIL_GM,FAIL_ROIC,FAIL_PS,FAIL_PEG,FAIL_FLOAT,FAIL_INSIDER",0.0,0.0,0.0,0.12788999,100.0,109.08850326332019
LGCY,Legacy Education Inc.,13.745,173366864.0,Consumer Defensive,Unknown,100,Pass,,0.407,0.46512002,0.1981929559853924,0.25276,0.5628583046683047,5.833739873070556
SINT,"Sintx Technologies, Inc.",2.7,10400281.0,Healthcare,Unknown,60,Fail,"FAIL_MCAP,FAIL_GROWTH,FAIL_ROIC,FAIL_PS",-0.74,0.52047,-2.5445498727146494,0.17357,-1.3513513513513513,-44.13905256625523
FMAO,"Farmers & Merchants Bancorp, Inc.",24.445,336117376.0,Financial Services,Unknown,80,Fail,"FAIL_GM,FAIL_INSIDER",0.2,0.0,0.1638260483192513,0.088319995,0.5029835,3.0
FGMC,FG Merger II Corp.,10.09,103884624.0,Financial Services,Unknown,50,Fail,"FAIL_GROWTH,FAIL_GM,FAIL_ROIC,FAIL_PS,FAIL_PEG",0.0,0.0,0.0,0.18871,100.9,362.3251859196576
SKE,Skeena Resources Limited,28.64,3468113152.0,Basic Materials,Unknown,10,Fail,"FAIL_MCAP,FAIL_PRICE,FAIL_GROWTH,FAIL_GM,FAIL_ROIC,FAIL_PS,FAIL_PEG,FAIL_FLOAT,FAIL_INSIDER",0.0,0.0,-24.499236641221373,0.015140001,100.0,6.135411652549424
ALTI,"AlTi Global, Inc.",3.58,528318624.0,Financial Services,Unknown,50,Fail,"FAIL_GROWTH,FAIL_GM,FAIL_GM_TREND,FAIL_ROIC,FAIL_PEG",0.105,0.19166,-0.2356134107179058,0.5801,9.523809523809524,0.5508379170558598
AACG,ATA Creativity Global,0.99,31454736.0,Consumer Defensive,Unknown,50,Fail,"FAIL_MCAP,FAIL_GROWTH,FAIL_ROIC,FAIL_PEG,FAIL_INSIDER",0.001,0.52702,-0.46637406534376885,0.05505,1000.0,-1.740944824147232
CNEY,CN Energy Group. Inc.,0.8277,4654783.0,Basic Materials,Unknown,50,Fail,"FAIL_MCAP,FAIL_GROWTH,FAIL_GM,FAIL_ROIC,FAIL_INSIDER",-0.024,0.0182,-0.10449866880152832,0.0999,-41.66666666666667,0.8356656807339107
LSPD,Lightspeed Commerce Inc.,9.125,1252871168.0,Technology,Unknown,40,Fail,"FAIL_GROWTH,FAIL_GM,FAIL_ROIC,FAIL_PEG,FAIL_FLOAT,FAIL_INSIDER",0.115,0.4284,-0.5930645317304357,0.10114,8.695652173913043,2.4009805624992437
CXM,"Sprinklr, Inc.",5.975,1473949696.0,Technology,Unknown,40,Fail,"FAIL_GROWTH,FAIL_GM_TREND,FAIL_ROIC,FAIL_PEG,FAIL_FLOAT,FAIL_INSIDER",0.089,0.67404,0.11709317298618259,0.06935,7.459425280898876,1.8858966602369232
MMT,MFS Multimarket Income Trust,4.53,248907056.0,Financial Services,Unknown,50,Fail,"FAIL_GROWTH,FAIL_ROIC,FAIL_PS,FAIL_FLOAT,FAIL_INSIDER",-0.014,1.0,0.0,0.0,-7.891986428571427,3.0
ORIS,Oriental Rise Holdings Limited,0.4241,780609.0,Consumer Defensive,Unknown,50,Fail,"FAIL_MCAP,FAIL_GROWTH,FAIL_GM,FAIL_GM_TREND,FAIL_ROIC",-0.35,0.17634001,0.08225638452711256,0.19313999,,2.522722055007527
PLTR,Palantir Technologies Inc.,154.0699,368485236736.0,Technology,Unknown,40,Fail,"FAIL_MCAP,FAIL_PRICE,FAIL_PS,FAIL_PEG,FAIL_FLOAT,FAIL_INSIDER",0.7,0.82366997,0.22520109411283754,0.03585,3.4390602857142856,157.97304743817054
SGRY,"Surgery Partners, Inc.",12.28,1589275648.0,Healthcare,Unknown,40,Fail,"FAIL_GROWTH,FAIL_GM,FAIL_ROIC,FAIL_PEG,FAIL_FLOAT,FAIL_INSIDER",0.024,0.23121001,0.059937731994578684,0.01525,41.66666666666667,0.7119474856490697
STRS,Stratus Properties Inc.,30.29,244705504.0,Real Estate,Unknown,50,Fail,"FAIL_PRICE,FAIL_GROWTH,FAIL_GM,FAIL_ROIC,FAIL_PS",-0.441,0.12826,-0.012787862456672476,0.19017,-2.2675736961451247,0.7467603951517121
ORCL,Oracle Corporation,153.36,441152667648.0,Technology,Unknown,50,Fail,"FAIL_MCAP,FAIL_PRICE,FAIL_GM_TREND,FAIL_ROIC,FAIL_FLOAT",0.217,0.67084,0.13700693714138665,0.40549,1.2690482488479264,2.29823206566931
MZTI,The Marzetti Company,139.8705,3844480512.0,Consumer Defensive,Unknown,70,Fail,"FAIL_MCAP,FAIL_PRICE,FAIL_GM",0.202,0.24072,0.1979896931232717,0.29181,1.0587587623762376,12.46265797068977
PLAY,"Dave & Buster's Entertainment, Inc.",13.58,470957984.0,Communication Services,Unknown,60,Fail,"FAIL_GROWTH,FAIL_GM_TREND,FAIL_ROIC,FAIL_INSIDER",-0.011,0.40181,0.04961697580113511,0.02182,-90.90909090909092,0.8921063378008494
GEL,"Genesis Energy, L.P.",17.54,2148024320.0,Energy,Unknown,40,Fail,"FAIL_MCAP,FAIL_GROWTH,FAIL_ROIC,FAIL_PEG,FAIL_FLOAT,FAIL_INSIDER",0.105,0.35365,0.09173615903198093,0.11344,9.523809523809524,0.8371322554152121
FT,Franklin Universal Trust,8.23,206835472.0,Financial Services,Unknown,50,Fail,"FAIL_GROWTH,FAIL_ROIC,FAIL_PS,FAIL_FLOAT,FAIL_INSIDER",-0.271,1.0,0.0,0.0,-0.3944026568265682,3.0
GROW,"U.S. Global Investors, Inc.",3.27,41818116.0,Financial Services,Unknown,30,Fail,"FAIL_MCAP,FAIL_GROWTH,FAIL_GM_TREND,FAIL_ROIC,FAIL_PS,FAIL_PEG,FAIL_INSIDER",0.125,0.42470002,-0.016044227545553798,0.06422,,10.916766191880665
CTBI,"Community Trust Bancorp, Inc.",58.17,1055830400.0,Financial Services,Unknown,50,Fail,"FAIL_PRICE,FAIL_GROWTH,FAIL_GM,FAIL_PS,FAIL_INSIDER",0.138,0.0,0.34200581780024386,0.013150001,0.7762831521739131,3.0
SER,"Serina Therapeutics, Inc.",1.28,13805522.0,Healthcare,Unknown,40,Fail,"FAIL_MCAP,FAIL_GROWTH,FAIL_GM,FAIL_ROIC,FAIL_PS,FAIL_PEG",0.0,0.0,0.0,0.47299,100.0,-12.5378103053891
RPD,"Rapid7, Inc.",6.2901,414474272.0,Technology,Unknown,50,Fail,"FAIL_GROWTH,FAIL_ROIC,FAIL_PEG,FAIL_FLOAT,FAIL_INSIDER",0.005,0.70337,0.035901953696744926,0.02564,34.945,0.0641674064995641
CIVB,"Civista Bancshares, Inc.",21.95,455404800.0,Financial Services,Unknown,60,Fail,"FAIL_GROWTH,FAIL_GM,FAIL_ROIC,FAIL_INSIDER",0.153,0.0,0.14150391965943293,0.02098,0.5434244444444445,3.0
REGCO,Regency Centers Corporation,22.015,0.0,Real Estate,Unknown,30,Fail,"FAIL_MCAP,FAIL_GROWTH,FAIL_ROIC,FAIL_PS,FAIL_PEG,FAIL_FLOAT,FAIL_INSIDER",0.089,0.71623003,0.0,0.0,11.235955056179774,0.08575737486831107
CLDI,"Calidi Biotherapeutics, Inc.",0.3021,2868658.0,Healthcare,Unknown,30,Fail,"FAIL_MCAP,FAIL_GROWTH,FAIL_GM,FAIL_GM_TREND,FAIL_ROIC,FAIL_PS,FAIL_INSIDER",0.0,0.0,0.0,0.103240006,0.83916664,-16.759968620444454
FORM,"FormFactor, Inc.",97.0,7558040576.0,Technology,Unknown,20,Fail,"FAIL_MCAP,FAIL_PRICE,FAIL_GROWTH,FAIL_GM,FAIL_ROIC,FAIL_PEG,FAIL_FLOAT,FAIL_INSIDER",0.136,0.39183998,0.05890557608524055,0.00874,10.33674338235294,25.453590337763583
BNC,CEA Industries Inc.,3.18,140120144.0,Industrials,Unknown,40,Fail,"FAIL_GROWTH,FAIL_GM,FAIL_GM_TREND,FAIL_ROIC,FAIL_PS,FAIL_INSIDER",-0.039,-0.32837,-215.86144947260973,0.12084,-25.641025641025642,67.08300395930613
EWCZ,"European Wax Center, Inc.",5.76,314133568.0,Consumer Defensive,Unknown,70,Fail,"FAIL_GROWTH,FAIL_ROIC,FAIL_INSIDER",-0.093,0.73946,0.07956581339095477,0.092580006,-3.0967743010752686,0.7283191186949962
HSY,The Hershey Company,215.85,43771170816.0,Consumer Defensive,Unknown,10,Fail,"FAIL_MCAP,FAIL_PRICE,FAIL_GROWTH,FAIL_GM_TREND,FAIL_ROIC,FAIL_PS,FAIL_PEG,FAIL_FLOAT,FAIL_INSIDER",0.07,0.33549,0.1107777994540261,0.00415,7.1214125714285705,4.691339289586144
TKLF,"Tokyo Lifestyle Co., Ltd.",2.28,9650741.0,Consumer Cyclical,Unknown,60,Fail,"FAIL_MCAP,FAIL_GM,FAIL_GM_TREND,FAIL_ROIC",0.943,0.091000006,0.08250105852951835,0.63852,0.021980139978791093,2.0347547685464797
DOCU,"DocuSign, Inc.",47.9,9593064448.0,Technology,Unknown,40,Fail,"FAIL_MCAP,FAIL_PRICE,FAIL_GROWTH,FAIL_PEG,FAIL_FLOAT,FAIL_INSIDER",0.084,0.79496,0.7267932205842151,0.01016,3.987679285714285,3.2589839890720587
GBLI,"Global Indemnity Group, LLC",29.58,424497856.0,Financial Services,Unknown,60,Fail,"FAIL_PRICE,FAIL_GROWTH,FAIL_GM,FAIL_PEG",0.079,0.14479999,,0.35311002,2.139602151898734,3.0
LESL,"Leslie's, Inc.",1.135,10574313.0,Consumer Cyclical,Unknown,50,Fail,"FAIL_MCAP,FAIL_GROWTH,FAIL_GM_TREND,FAIL_ROIC,FAIL_INSIDER",-0.16,0.34519002,-0.32050181330908534,0.02053,-6.25,0.13421185986860307
CNOBP,"ConnectOne Bancorp, Inc.",24.6,0.0,Financial Services,Unknown,50,Fail,"FAIL_MCAP,FAIL_GM,FAIL_ROIC,FAIL_PS,FAIL_INSIDER",0.597,0.0,0.1238127760515694,0.0,0.1308127906197655,3.0
FMBH,"First Mid Bancshares, Inc.",39.1875,1043934592.0,Financial Services,Unknown,40,Fail,"FAIL_PRICE,FAIL_GROWTH,FAIL_GM,FAIL_PS,FAIL_PEG,FAIL_INSIDER",0.051,0.0,0.17136532715820801,0.0971,2.006220392156863,3.0
UMBF,UMB Financial Corporation,109.42,8330744320.0,Financial Services,Unknown,40,Fail,"FAIL_MCAP,FAIL_PRICE,FAIL_GM,FAIL_PS,FAIL_FLOAT,FAIL_INSIDER",0.676,0.0,34.75080448070584,0.05298,0.17423455621301773,3.0
TT,Trane Technologies plc,429.39,95212519424.0,Industrials,Unknown,30,Fail,"FAIL_MCAP,FAIL_PRICE,FAIL_GROWTH,FAIL_PS,FAIL_PEG,FAIL_FLOAT,FAIL_INSIDER",0.056,0.36161,0.27608238197597007,0.00282,5.835371428571428,6.822684497707566
VREX,Varex Imaging Corporation,11.3,473689600.0,Healthcare,Unknown,60,Fail,"FAIL_GROWTH,FAIL_ROIC,FAIL_PEG,FAIL_INSIDER",0.049,0.34153,-0.0432476792618465,0.01548,20.408163265306122,1.6266915926410705
AKAN,Akanda Corp.,0.7706,1619436.0,Healthcare,Unknown,40,Fail,"FAIL_MCAP,FAIL_GROWTH,FAIL_GM,FAIL_GM_TREND,FAIL_ROIC,FAIL_INSIDER",0.0,0.24906,0.0,0.0,0.0049767504,-10.897758298469196
CNL,Collective Mining Ltd.,16.4,1515918464.0,Basic Materials,Unknown,50,Fail,"FAIL_GROWTH,FAIL_GM,FAIL_ROIC,FAIL_PS,FAIL_PEG",0.0,0.0,0.0,0.43140998,100.0,160.1029260740163
PAYC,"Paycom Software, Inc.",125.84,6909385728.0,Technology,Unknown,50,Fail,"FAIL_MCAP,FAIL_PRICE,FAIL_GROWTH,FAIL_PEG,FAIL_INSIDER",0.102,0.87181,0.314016252657841,0.12553,1.5268879411764706,1.7369195200544563
PHR,"Phreesia, Inc.",11.055,666472832.0,Healthcare,Unknown,60,Fail,"FAIL_ROIC,FAIL_PEG,FAIL_FLOAT,FAIL_INSIDER",0.457,0.682,-0.2826024619285025,0.04828,2.1881838074398248,1.24859140452348
WGO,"Winnebago Industries, Inc.",33.19,936642560.0,Consumer Cyclical,Unknown,30,Fail,"FAIL_PRICE,FAIL_GROWTH,FAIL_GM,FAIL_GM_TREND,FAIL_ROIC,FAIL_PEG,FAIL_INSIDER",0.123,0.13122,0.029324718484128848,0.0347,2.1081047154471544,3.359363546373559
ODV,Osisko Development Corp.,3.33,995141120.0,Basic Materials,Unknown,70,Fail,"FAIL_ROIC,FAIL_PS,FAIL_FLOAT",26.385,0.37549,-0.1346217590849092,0.27563998,0.0379003221527383,0.8210174501981755
ELWT,"Elauwit Connection, Inc.",6.37,42168100.0,Communication Services,Unknown,70,Fail,"FAIL_MCAP,FAIL_GM,FAIL_ROIC",1.784,0.25441,0.0,0.66261,0.5605381165919282,-0.4792025169847405
INTJ,Intelligent Group Limited,7.39,11362125.0,Industrials,Unknown,50,Fail,"FAIL_MCAP,FAIL_GROWTH,FAIL_GM_TREND,FAIL_ROIC,FAIL_INSIDER",-0.208,0.62866,-0.10019298171027075,0.01283,-4.8076923076923075,2.5611369690193313
YMAT,"J-Star Holding Co., Ltd.",0.3154,5613997.0,Basic Materials,Unknown,80,Fail,"FAIL_MCAP,FAIL_ROIC",0.307,0.3007,0.06674260752457105,1.22027,0.25684039087947885,1.1505924033097594
RUSHB,"Rush Enterprises, Inc.",59.99,5021228032.0,Consumer Cyclical,Unknown,40,Fail,"FAIL_MCAP,FAIL_PRICE,FAIL_GROWTH,FAIL_GM,FAIL_ROIC,FAIL_FLOAT",-0.118,0.19754,0.08828001772561449,0.49325,-1.5547089830508478,4.1018539161064
CADL,"Candel Therapeutics, Inc.",5.08,372094400.0,Healthcare,Unknown,30,Fail,"FAIL_GROWTH,FAIL_GM,FAIL_ROIC,FAIL_PS,FAIL_PEG,FAIL_FLOAT,FAIL_INSIDER",0.0,0.0,0.0,0.12560001,100.0,0.5973025040444506
AEO,"American Eagle Outfitters, Inc.",17.675,2996124416.0,Consumer Cyclical,Unknown,40,Fail,"FAIL_MCAP,FAIL_GROWTH,FAIL_GM_TREND,FAIL_PEG,FAIL_FLOAT,FAIL_INSIDER",0.097,0.36845002,,0.0684,1.6717108247422678,
DSP,Viant Technology Inc.,12.08,767206528.0,Technology,Unknown,60,Fail,"FAIL_GM,FAIL_ROIC,FAIL_PEG,FAIL_INSIDER",0.223,0.45783,0.0,0.029189998,1.5047333183856504,3.5692522458084657
MOVE,Movano Inc.,15.47,17665658.0,Healthcare,Unknown,40,Fail,"FAIL_MCAP,FAIL_GM,FAIL_GM_TREND,FAIL_ROIC,FAIL_PS,FAIL_PEG",0.6,-2.7020001,0.0,0.26318002,1.6666666666666667,-21.87935762711713
ICMB,"Investcorp Credit Management BDC, Inc.",2.0,28839526.0,Financial Services,Unknown,60,Fail,"FAIL_MCAP,FAIL_GROWTH,FAIL_ROIC,FAIL_FLOAT",-0.364,1.0,0.028247750739132153,0.26156,-0.18315017857142857,3.0
ITOC,iTonic Holdings Ltd.,0.2986,7380794.0,Healthcare,Unknown,60,Fail,"FAIL_MCAP,FAIL_GROWTH,FAIL_ROIC,FAIL_PS",-0.679,0.82857,-2.509002306277347,0.20593001,-1.4727540500736376,8.951564151220536
NL,"NL Industries, Inc.",5.6736,277227616.0,Industrials,Unknown,80,Fail,"FAIL_GROWTH,FAIL_INSIDER",-0.019,0.30438,0.2975521068384587,0.00322,-14.930526315789473,2.823016909779989
BRT,BRT Apartments Corp.,14.155,256171040.0,Real Estate,Unknown,80,Fail,"FAIL_GROWTH,FAIL_ROIC",-0.047,0.54481,0.01883048208579847,0.20950001,-21.27659574468085,0.4028286504752663
APC,ARKO Petroleum Corp.,18.63,1538283264.0,Energy,Unknown,40,Fail,"FAIL_GROWTH,FAIL_GM,FAIL_ROIC,FAIL_PEG,FAIL_FLOAT,FAIL_INSIDER",0.0,0.048460003,0.0875074652162976,0.00159,26.614285,7.0653742227605045
GOLD,"Gold.com, Inc.",46.77,1315988096.0,Financial Services,Unknown,60,Fail,"FAIL_PRICE,FAIL_GM,FAIL_GM_TREND,FAIL_ROIC",1.362,0.01843,0.035674861812263405,0.30915,0.715400146842878,6.212133665090565
QNRX,"Quoin Pharmaceuticals, Ltd.",8.05,13010249.0,Healthcare,Unknown,30,Fail,"FAIL_MCAP,FAIL_GROWTH,FAIL_GM,FAIL_ROIC,FAIL_PS,FAIL_PEG,FAIL_INSIDER",0.0,0.0,0.0,0.0354,100.0,-4.897050379876573
COGT,"Cogent Biosciences, Inc.",34.69,5630492672.0,Healthcare,Unknown,10,Fail,"FAIL_MCAP,FAIL_PRICE,FAIL_GROWTH,FAIL_GM,FAIL_ROIC,FAIL_PS,FAIL_PEG,FAIL_FLOAT,FAIL_INSIDER",0.0,0.0,0.0,0.0030399999,100.0,9.376597606487007
VMAR,Vision Marine Technologies Inc.,2.27,2262497.0,Consumer Cyclical,Unknown,70,Fail,"FAIL_MCAP,FAIL_GM_TREND,FAIL_ROIC",152.535,0.30592,-0.4375694000783236,0.18090999,0.006555872422722654,-2.0375867309387234
STZ,"Constellation Brands, Inc.",153.175,26666829824.0,Consumer Defensive,Unknown,50,Fail,"FAIL_MCAP,FAIL_PRICE,FAIL_GROWTH,FAIL_ROIC,FAIL_FLOAT",-0.098,0.52141,0.006520886648546067,0.19861001,-2.453705306122449,2.4209353492774177
LBTYK,Liberty Global Ltd.,11.885,3981816320.0,Communication Services,Unknown,40,Fail,"FAIL_MCAP,FAIL_GROWTH,FAIL_ROIC,FAIL_PEG,FAIL_FLOAT,FAIL_INSIDER",0.096,0.65758,-0.38875134062531363,0.14224,10.416666666666668,-0.2412160074920333
NXPL,NextPlat Corp,0.4608,12121338.0,Technology,Unknown,50,Fail,"FAIL_MCAP,FAIL_GROWTH,FAIL_GM,FAIL_GM_TREND,FAIL_ROIC",-0.105,0.19293,-2.565262222220334,0.46518,-9.523809523809524,-0.6449683117663132
PAYS,"Paysign, Inc.",3.25,178889392.0,Technology,Unknown,90,Fail,FAIL_ROIC,0.416,0.59823,0.041674225133174536,0.36973998,0.6009615384615384,1.2115101379962179
DIBS,"1stdibs.Com, Inc.",5.52,202111200.0,Communication Services,Unknown,60,Fail,"FAIL_GROWTH,FAIL_ROIC,FAIL_PEG,FAIL_INSIDER",0.009,0.73017,-0.17973190544135145,0.12226,111.11111111111113,0.46875729241706454
FUSE,Fusemachines Inc.,1.355,39211352.0,Technology,Unknown,50,Fail,"FAIL_MCAP,FAIL_GROWTH,FAIL_GM_TREND,FAIL_ROIC,FAIL_PEG",0.019,0.56661,0.0,0.32983002,52.631578947368425,-18.774494942659572
AMR,"Alpha Metallurgical Resources, Inc.",193.35,2486098944.0,Basic Materials,Unknown,30,Fail,"FAIL_MCAP,FAIL_PRICE,FAIL_GROWTH,FAIL_GM,FAIL_GM_TREND,FAIL_ROIC,FAIL_INSIDER",-0.157,0.09616999,-0.04992520517588308,0.13505,-6.369426751592357,4.501565577501507
ATLO,Ames National Corporation,26.43,235019984.0,Financial Services,Unknown,60,Fail,"FAIL_PRICE,FAIL_GM,FAIL_PS,FAIL_INSIDER",0.316,0.0,0.4553544682041569,0.01248,0.3908375632911392,3.0
FISK,"Empire State Realty OP, L.P.",4.95,1390272896.0,Real Estate,Unknown,60,Fail,"FAIL_GROWTH,FAIL_ROIC,FAIL_PEG,FAIL_INSIDER",0.008,0.52459997,0.07510262983020584,0.0,24.75,0.5697200511390551
FISI,"Financial Institutions, Inc.",30.6,615994752.0,Financial Services,Unknown,40,Fail,"FAIL_PRICE,FAIL_GROWTH,FAIL_GM,FAIL_ROIC,FAIL_PEG,FAIL_INSIDER",0.0,0.0,0.06745773741905228,0.02665,8.476455,3.0
USPH,"U.S. Physical Therapy, Inc.",76.07,1156577280.0,Healthcare,Unknown,40,Fail,"FAIL_PRICE,FAIL_GROWTH,FAIL_GM,FAIL_ROIC,FAIL_PEG,FAIL_INSIDER",0.125,0.22115,0.0860500039736784,0.02316,4.28563384,2.7526567610648436
CCEP,Coca-Cola Europacific Partners PLC,98.37,44506071040.0,Consumer Defensive,Unknown,50,Fail,"FAIL_MCAP,FAIL_PRICE,FAIL_GROWTH,FAIL_PEG,FAIL_FLOAT",0.002,0.35577,,0.54861,100.99589999999999,
MAGN,Magnera Corporation,10.65,379140000.0,Consumer Defensive,Unknown,50,Fail,"FAIL_GROWTH,FAIL_GM,FAIL_ROIC,FAIL_PEG,FAIL_INSIDER",0.128,0.1102,-0.006510932717948399,0.01149,7.8125,1.6723379842389028
SMMT,Summit Therapeutics Inc.,15.58,12080306176.0,Healthcare,Unknown,40,Fail,"FAIL_MCAP,FAIL_GROWTH,FAIL_GM,FAIL_PS,FAIL_PEG,FAIL_FLOAT",0.0,0.0,,0.82621,100.0,70.52571633753269
ESEA,Euroseas Ltd.,69.18,488125856.0,Industrials,Unknown,70,Fail,"FAIL_PRICE,FAIL_GROWTH,FAIL_ROIC",0.077,0.76077,0.0,0.59411,0.45559916883116885,2.633696629092034
NHPBP,"National Healthcare Properties, Inc.",18.55,0.0,Real Estate,Unknown,50,Fail,"FAIL_MCAP,FAIL_GROWTH,FAIL_ROIC,FAIL_PS,FAIL_INSIDER",-0.037,0.36047,0.0023729628887375243,0.0,-27.027027027027028,-1.6852871176768867
KELYA,"Kelly Services, Inc.",8.53,291824320.0,Industrials,Unknown,60,Fail,"FAIL_GROWTH,FAIL_GM,FAIL_ROIC,FAIL_INSIDER",-0.119,0.20066,-0.194190749875007,0.04768,-8.403361344537815,2.7672670297296227
SSII,"SS Innovations International, Inc.",4.9796,996574976.0,Healthcare,Unknown,80,Fail,"FAIL_ROIC,FAIL_PS",0.791,0.46003,-0.21226595939626533,0.82245004,1.264222503160556,16.17717808629063
CHKP,Check Point Software Technologies Ltd.,153.185,16445132800.0,Technology,Unknown,50,Fail,"FAIL_MCAP,FAIL_PRICE,FAIL_GROWTH,FAIL_PEG,FAIL_FLOAT",0.059,0.87917,,0.23197001,2.6989145762711866,
ZKIN,"ZK International Group Co., Ltd.",1.76,30399262.0,Basic Materials,Unknown,50,Fail,"FAIL_MCAP,FAIL_GROWTH,FAIL_GM,FAIL_ROIC,FAIL_INSIDER",-0.435,0.05671,-0.07412266858086965,0.059019998,-2.2988505747126435,0.4691468311421778
WING,Wingstop Inc.,193.835,5386064896.0,Consumer Cyclical,Unknown,40,Fail,"FAIL_MCAP,FAIL_PRICE,FAIL_GROWTH,FAIL_PS,FAIL_PEG,FAIL_INSIDER",0.086,0.48683,0.5950009040581286,0.00892,3.6236261627906976,3.3807599517263363
BIOX,Bioceres Crop Solutions Corp.,0.3832,24325080.0,Basic Materials,Unknown,70,Fail,"FAIL_MCAP,FAIL_GROWTH,FAIL_ROIC",-0.164,0.39424,-0.06443052533870984,0.25535,-6.097560975609755,0.16376646004078615
BKTI,BK Technologies Corporation,80.94,306398624.0,Technology,Unknown,70,Fail,"FAIL_PRICE,FAIL_GROWTH,FAIL_GM",-0.011,0.48790002,0.5717189010227519,0.21305001,-21.39006363636364,12.47451519056155
DKL,"Delek Logistics Partners, LP",52.5951,2814487040.0,Energy,Unknown,70,Fail,"FAIL_MCAP,FAIL_PRICE,FAIL_ROIC",0.219,0.33284,0.14999412924154168,0.64273,0.727758401826484,1.4156153708159103
ICLR,ICON Public Limited Company,98.445,7656276992.0,Healthcare,Unknown,20,Fail,"FAIL_MCAP,FAIL_PRICE,FAIL_GROWTH,FAIL_GM,FAIL_ROIC,FAIL_PEG,FAIL_FLOAT,FAIL_INSIDER",0.006,0.28155002,0.07779597185850408,0.00667,22.11253333333333,1.603771904848433
EVGO,"EVgo, Inc.",1.985,621470784.0,Consumer Cyclical,Unknown,70,Fail,"FAIL_ROIC,FAIL_FLOAT,FAIL_INSIDER",0.755,0.40837002,-2.0691232409462748,0.053260002,1.3245033112582782,0.7387914624959885
UVE,"Universal Insurance Holdings, Inc.",33.46,938515584.0,Financial Services,Unknown,60,Fail,"FAIL_PRICE,FAIL_GROWTH,FAIL_GM,FAIL_INSIDER",0.06,0.22930999,0.771701239625184,0.11258,0.8823839000000001,3.0
LIEN,"Chicago Atlantic BDC, Inc.",10.035,229004624.0,Financial Services,Unknown,60,Fail,"FAIL_ROIC,FAIL_PS,FAIL_FLOAT,FAIL_INSIDER",3.745,1.0,0.0,0.00455,0.01522484512683578,3.0
ZCMD,Zhongchao Inc.,1.73,6650540.0,Healthcare,Unknown,70,Fail,"FAIL_MCAP,FAIL_GROWTH,FAIL_ROIC",-0.329,0.52486,0.11544818836379159,0.26143998,-3.0395136778115504,3.2366731347167477
PBI,Pitney Bowes Inc.,10.085,1622859648.0,Industrials,Unknown,70,Fail,"FAIL_GROWTH,FAIL_FLOAT,FAIL_INSIDER",-0.075,0.54097,0.21369842831556105,0.00985,-1.6007937333333333,2.1524282173367717
TM,Toyota Motor Corporation,211.5617,275736559616.0,Consumer Cyclical,Unknown,30,Fail,"FAIL_MCAP,FAIL_PRICE,FAIL_GROWTH,FAIL_GM,FAIL_GM_TREND,FAIL_FLOAT,FAIL_INSIDER",0.086,0.17597,,0.0,1.3812576744186047,
OM,"Outset Medical, Inc.",3.38,61893296.0,Healthcare,Unknown,70,Fail,"FAIL_GROWTH,FAIL_ROIC,FAIL_INSIDER",-0.02,0.39133,-0.3497912832884829,0.02706,-50.0,-5.346691501224611
BTBD,"BT Brands, Inc.",1.4101,8678776.0,Consumer Cyclical,Unknown,50,Fail,"FAIL_MCAP,FAIL_GROWTH,FAIL_GM,FAIL_GM_TREND,FAIL_ROIC",-0.114,0.18159,-0.24294128876956564,0.48771998,-8.771929824561402,1.5657436297196368
NAVI,Navient Corporation,8.18,777833472.0,Financial Services,Unknown,60,Fail,"FAIL_GROWTH,FAIL_ROIC,FAIL_FLOAT,FAIL_INSIDER",-0.549,1.0,0.038055528360237505,0.02858,-1.821493624772313,3.0
MMSI,"Merit Medical Systems, Inc.",69.13,4108529408.0,Healthcare,Unknown,30,Fail,"FAIL_MCAP,FAIL_PRICE,FAIL_GROWTH,FAIL_ROIC,FAIL_PEG,FAIL_FLOAT,FAIL_INSIDER",0.109,0.48702,0.07572404052945378,0.023139998,2.977559174311927,3.8317484820710574
RBCAA,"Republic Bancorp, Inc.",67.79,1324684416.0,Financial Services,Unknown,60,Fail,"FAIL_PRICE,FAIL_GROWTH,FAIL_GM,FAIL_PS",0.1,0.0,0.1988790118797451,0.51583,1.0087798,3.0
PWR,"Quanta Services, Inc.",576.36,86234652672.0,Industrials,Unknown,10,Fail,"FAIL_MCAP,FAIL_PRICE,FAIL_GROWTH,FAIL_GM,FAIL_ROIC,FAIL_PS,FAIL_PEG,FAIL_FLOAT,FAIL_INSIDER",0.197,0.15010999,0.08298607176037005,0.009380001,4.302478172588833,5.047423129890833
JFB,JFB Construction Holdings,17.19,120081160.0,Real Estate,Unknown,50,Fail,"FAIL_GROWTH,FAIL_GM,FAIL_GM_TREND,FAIL_ROIC,FAIL_PS",-0.37,0.19728,0.0,0.60553,-2.7027027027027026,31.493939715673427
UDR,"UDR, Inc.",35.44,13342771200.0,Real Estate,Unknown,20,Fail,"FAIL_MCAP,FAIL_PRICE,FAIL_GROWTH,FAIL_ROIC,FAIL_PS,FAIL_PEG,FAIL_FLOAT,FAIL_INSIDER",0.015,0.66621,0.06456691872021575,0.00476,20.908554,0.9452380693706084
T,AT&T Inc.,27.505,194995306496.0,Communication Services,Unknown,30,Fail,"FAIL_MCAP,FAIL_PRICE,FAIL_GROWTH,FAIL_ROIC,FAIL_PEG,FAIL_FLOAT,FAIL_INSIDER",0.036,0.59554,0.11836948237938731,0.00084,2.5132491666666668,1.0037519011419274
CSR,Centerspace,60.26,1068851840.0,Real Estate,Unknown,40,Fail,"FAIL_PRICE,FAIL_GROWTH,FAIL_ROIC,FAIL_PS,FAIL_PEG,FAIL_INSIDER",0.003,0.58741003,0.0,0.0062,196.9281,0.2818313945831252
WGS,GeneDx Holdings Corp.,72.45,2121969152.0,Healthcare,Unknown,40,Fail,"FAIL_MCAP,FAIL_PRICE,FAIL_ROIC,FAIL_PS,FAIL_PEG,FAIL_INSIDER",0.265,0.69742996,-0.04110987831602781,0.12393,3.7735849056603774,3.3347517140766034
SU,Suncor Energy Inc.,61.8,73586024448.0,Energy,Unknown,40,Fail,"FAIL_MCAP,FAIL_PRICE,FAIL_GROWTH,FAIL_ROIC,FAIL_FLOAT,FAIL_INSIDER",-0.039,0.59078,0.11560309847802563,0.00014999999,-4.476314358974359,2.302480864885129
ARLO,"Arlo Technologies, Inc.",14.58,1557952000.0,Industrials,Unknown,50,Fail,"FAIL_GROWTH,FAIL_ROIC,FAIL_PEG,FAIL_FLOAT,FAIL_INSIDER",0.162,0.43991002,0.0,0.03469,6.428570987654321,5.498959179109859
MWG,Multi Ways Holdings Limited,1.92,9855360.0,Industrials,Unknown,70,Fail,"FAIL_MCAP,FAIL_GM,FAIL_ROIC",0.876,0.26361,-0.038633167734926796,0.55251,1.1415525114155252,0.8390417966310626
MDV,"Modiv Industrial, Inc.",14.47,148679216.0,Real Estate,Unknown,50,Fail,"FAIL_GROWTH,FAIL_ROIC,FAIL_PS,FAIL_PEG,FAIL_INSIDER",0.018,0.92627996,0.0,0.08744001,55.555555555555564,-0.3395545913576148
KIO,KKR Income Opportunities Fund,10.993,450549920.0,Financial Services,Unknown,30,Fail,"FAIL_GROWTH,FAIL_GM,FAIL_ROIC,FAIL_PS,FAIL_PEG,FAIL_FLOAT,FAIL_INSIDER",0.0,0.0,0.0,0.0005,20.74151,3.0
MGA,Magna International Inc.,55.21,15540523008.0,Consumer Cyclical,Unknown,20,Fail,"FAIL_MCAP,FAIL_PRICE,FAIL_GROWTH,FAIL_GM,FAIL_ROIC,FAIL_PEG,FAIL_FLOAT,FAIL_INSIDER",0.021,0.14255999,0.060822198319000105,0.0587,8.972858095238093,2.545498255373283
SUPN,"Supernus Pharmaceuticals, Inc.",49.72,2862962688.0,Healthcare,Unknown,30,Fail,"FAIL_MCAP,FAIL_PRICE,FAIL_ROIC,FAIL_PS,FAIL_PEG,FAIL_FLOAT,FAIL_INSIDER",0.215,0.89629,-0.03956918345833637,0.043420002,4.651162790697675,5.529473423598377
LCTX,"Lineage Cell Therapeutics, Inc.",1.53,352401120.0,Healthcare,Unknown,40,Fail,"FAIL_GM,FAIL_GM_TREND,FAIL_ROIC,FAIL_PS,FAIL_FLOAT,FAIL_INSIDER",1.304,-0.22802,-0.6118042499857574,0.04992,0.7668711656441718,0.7011280462805228
JBIO,"Jade Biosciences, Inc.",14.0,690428032.0,Healthcare,Unknown,40,Fail,"FAIL_GROWTH,FAIL_GM,FAIL_ROIC,FAIL_PS,FAIL_PEG,FAIL_INSIDER",0.0,0.0,-0.464019013182678,0.01364,100.0,23.367550360719672
GOTU,Gaotu Techedu Inc.,2.02,488944960.0,Consumer Defensive,Unknown,70,Fail,"FAIL_PEG,FAIL_FLOAT,FAIL_INSIDER",0.214,0.67434996,,0.11875,4.672897196261682,
ZJK,"ZJK Industrial Co., Ltd.",1.92,122538712.0,Industrials,Unknown,100,Pass,,0.522,0.39598,0.16532787048627193,1.01926,0.5254515325670498,4.801779900176023
LTH,"Life Time Group Holdings, Inc.",25.955,5756951040.0,Consumer Cyclical,Unknown,40,Fail,"FAIL_MCAP,FAIL_PRICE,FAIL_GROWTH,FAIL_ROIC,FAIL_FLOAT,FAIL_INSIDER",0.123,0.4763,0.05150159070435384,0.12755,1.2711823577235772,1.2382120552240155
CVM,CEL-SCI Corporation,3.655,30913870.0,Healthcare,Unknown,30,Fail,"FAIL_MCAP,FAIL_GROWTH,FAIL_GM,FAIL_ROIC,FAIL_PS,FAIL_PEG,FAIL_INSIDER",0.0,0.0,0.0,0.08118,100.0,-27.928114256151176
MRBK,Meridian Corporation,18.695,221087072.0,Financial Services,Unknown,80,Fail,"FAIL_GROWTH,FAIL_GM",0.067,0.0,0.40313586601913615,0.19871001,1.4763483582089552,3.0
GOOD,Gladstone Commercial Corporation,12.21,596253248.0,Real Estate,Unknown,50,Fail,"FAIL_GROWTH,FAIL_ROIC,FAIL_PS,FAIL_PEG,FAIL_INSIDER",0.163,0.78141,0.0,0.01202,5.350569938650307,-0.16625501341932616
AZO,"AutoZone, Inc.",3408.31,56301875200.0,Consumer Cyclical,Unknown,50,Fail,"FAIL_MCAP,FAIL_PRICE,FAIL_GROWTH,FAIL_PEG,FAIL_INSIDER",0.0,0.52146,0.3355061504918465,0.00246,23.876078,2.7188520123837483
BEPC,Brookfield Renewable Corporation,40.62,7321350144.0,Utilities,Unknown,40,Fail,"FAIL_MCAP,FAIL_PRICE,FAIL_GROWTH,FAIL_ROIC,FAIL_FLOAT,FAIL_INSIDER",-0.05,0.59898,-0.04684428114121705,0.00044,-20.0,-0.1481263162425355
PAAS,Pan American Silver Corp.,52.6566,22210893824.0,Basic Materials,Unknown,50,Fail,"FAIL_MCAP,FAIL_PRICE,FAIL_PS,FAIL_FLOAT,FAIL_INSIDER",0.447,0.51865,0.1542866994963528,0.00068999996,0.4601562639821029,5.76753981583088
VG,"Venture Global, Inc.",13.82,33955328000.0,Energy,Unknown,50,Fail,"FAIL_MCAP,FAIL_GM_TREND,FAIL_ROIC,FAIL_FLOAT,FAIL_INSIDER",1.917,0.49924,0.09963649362512322,0.01928,0.07836065727699529,1.144053335765825
YUMC,"Yum China Holdings, Inc.",53.55,18863638528.0,Consumer Cyclical,Unknown,20,Fail,"FAIL_MCAP,FAIL_PRICE,FAIL_GROWTH,FAIL_GM,FAIL_ROIC,FAIL_PEG,FAIL_FLOAT,FAIL_INSIDER",0.088,0.20556,0.13384548023723283,0.00399,2.424393295454546,4.157572233891077
FLUX,"Flux Power Holdings, Inc.",1.25,26675170.0,Industrials,Unknown,70,Fail,"FAIL_MCAP,FAIL_GROWTH,FAIL_ROIC",-0.161,0.32446,0.0,0.21229,-6.211180124223602,-2.7228472350558413
PMO,Putnam Municipal Opportunities Trust,10.58,296856416.0,Financial Services,Unknown,40,Fail,"FAIL_GROWTH,FAIL_ROIC,FAIL_PS,FAIL_PEG,FAIL_FLOAT,FAIL_INSIDER",0.006,1.0,0.0,0.00017000001,97.96295833333333,3.0
SKYH,Sky Harbour Group Corporation,9.62,732526208.0,Real Estate,Unknown,60,Fail,"FAIL_GM,FAIL_GM_TREND,FAIL_ROIC,FAIL_PS",0.782,-0.65045,0.0,0.38638002,1.278772378516624,0.8832392051712943
SMCI,"Super Micro Computer, Inc.",30.985,18605932544.0,Technology,Unknown,40,Fail,"FAIL_MCAP,FAIL_PRICE,FAIL_GM,FAIL_GM_TREND,FAIL_FLOAT,FAIL_INSIDER",1.234,0.0802,0.18727765881459768,0.13854,0.18328029983792543,4.508710163421299
SGML,Sigma Lithium Corporation,10.9401,1218551808.0,Basic Materials,Unknown,30,Fail,"FAIL_GM,FAIL_GM_TREND,FAIL_ROIC,FAIL_PS,FAIL_PEG,FAIL_FLOAT,FAIL_INSIDER",0.366,0.092089996,-0.14282597621930526,0.04555,2.73224043715847,2.175900406251208
COLA,Columbus Acquisition Corp,10.5,83415056.0,Financial Services,Unknown,50,Fail,"FAIL_GROWTH,FAIL_GM,FAIL_ROIC,FAIL_PS,FAIL_PEG",0.0,0.0,0.0,0.44929,70.0,195.16917285541342
STBA,"S&T Bancorp, Inc.",39.64,1514184448.0,Financial Services,Unknown,40,Fail,"FAIL_PRICE,FAIL_GROWTH,FAIL_GM,FAIL_PS,FAIL_PEG,FAIL_INSIDER",0.029,0.0,0.17067032017672243,0.01675,3.914139310344827,3.0
GLQ,Clough Global Equity Fund,7.775,145688880.0,Financial Services,Unknown,50,Fail,"FAIL_GROWTH,FAIL_ROIC,FAIL_PS,FAIL_FLOAT,FAIL_INSIDER",-0.297,1.0,0.0,0.00058,-0.14074436363636364,3.0
GUT,The Gabelli Utility Trust,5.9935,531635360.0,Financial Services,Unknown,60,Fail,"FAIL_ROIC,FAIL_PS,FAIL_FLOAT,FAIL_INSIDER",0.219,1.0,0.0,0.01084,0.4146602739726028,3.0
YMT,Yimutian Inc.,0.43,49182140.0,Technology,Unknown,50,Fail,"FAIL_MCAP,FAIL_GROWTH,FAIL_ROIC,FAIL_FLOAT,FAIL_INSIDER",-0.228,0.84863997,0.0,0.0,-4.385964912280701,-47.03311957461056
IMCR,Immunocore Holdings plc,30.84,1563436288.0,Healthcare,Unknown,50,Fail,"FAIL_PRICE,FAIL_ROIC,FAIL_PS,FAIL_PEG,FAIL_INSIDER",0.243,0.96533996,-0.03683565248009184,0.00068000006,4.11522633744856,1.4732218422149028
HUBC,HUB Cyber Security Ltd.,0.2959,646166.0,Technology,Unknown,50,Fail,"FAIL_MCAP,FAIL_GROWTH,FAIL_GM,FAIL_ROIC,FAIL_INSIDER",-0.038,0.16678,0.0,0.0062599997,-26.315789473684212,-17.279442428135813
BNAI,"Brand Engagement Network, Inc.",42.925,250426672.0,Technology,Unknown,40,Fail,"FAIL_PRICE,FAIL_GM,FAIL_GM_TREND,FAIL_ROIC,FAIL_PS,FAIL_PEG",0.202,0.0,-5.7784508554266685,0.28911,4.95049504950495,-0.8850073582700422
PCSC,Perceptive Capital Solutions Corp,11.15,123402624.0,Financial Services,Unknown,40,Fail,"FAIL_GROWTH,FAIL_GM,FAIL_ROIC,FAIL_PS,FAIL_PEG,FAIL_INSIDER",0.0,0.0,0.0,0.03212,139.375,12.784272504847044
CAN,Canaan Inc.,0.4625,313738272.0,Technology,Unknown,60,Fail,"FAIL_GM,FAIL_ROIC,FAIL_FLOAT,FAIL_INSIDER",1.211,0.0777,-1.266249994030395,0.11103,0.8257638315441783,-0.6449357281889004
ACIU,AC Immune SA,3.17,318902016.0,Healthcare,Unknown,70,Fail,"FAIL_GROWTH,FAIL_ROIC,FAIL_PS",-0.703,1.0,-0.6237011147245433,0.3751,-1.4224751066856332,-0.857500535028098
VIVS,"VivoSim Labs, Inc.",1.82,4746491.0,Healthcare,Unknown,30,Fail,"FAIL_MCAP,FAIL_GROWTH,FAIL_GM,FAIL_GM_TREND,FAIL_ROIC,FAIL_PS,FAIL_INSIDER",0.083,0.0,-20.311409466784486,0.02091,0.12458927710843373,-31.87301923033356
VRME,"VerifyMe, Inc.",0.8799,10948744.0,Industrials,Unknown,70,Fail,"FAIL_MCAP,FAIL_GROWTH,FAIL_ROIC",-0.074,0.34939,0.0,0.19352,-13.513513513513514,-5.436275633917262
AEI,Alset Inc.,2.0009,77845528.0,Real Estate,Unknown,70,Fail,"FAIL_GROWTH,FAIL_ROIC,FAIL_PS",-0.799,0.44487998,-0.07098894720119882,0.90472,-1.2515644555694618,4.231035255666828
IAC,IAC Inc.,38.245,2961426944.0,Communication Services,Unknown,40,Fail,"FAIL_MCAP,FAIL_PRICE,FAIL_GROWTH,FAIL_ROIC,FAIL_FLOAT,FAIL_INSIDER",-0.105,0.66164,0.010450205685349195,0.03313,-9.523809523809524,1.151374951618073
TIMB,TIM S.A.,25.44,12153544704.0,Communication Services,Unknown,30,Fail,"FAIL_MCAP,FAIL_PRICE,FAIL_GROWTH,FAIL_ROIC,FAIL_PEG,FAIL_FLOAT,FAIL_INSIDER",0.044,0.53928,0.1339501898798129,0.00011,3.441558636363637,1.041326223772492
OCGN,"Ocugen, Inc.",2.355,772198080.0,Healthcare,Unknown,40,Fail,"FAIL_GROWTH,FAIL_GM,FAIL_PS,FAIL_PEG,FAIL_FLOAT,FAIL_INSIDER",0.0,0.0,,0.025910001,100.0,-9.42200152665274
SUNC,SunocoCorp LLC,61.5,3168307712.0,Energy,Unknown,20,Fail,"FAIL_MCAP,FAIL_PRICE,FAIL_GROWTH,FAIL_GM,FAIL_ROIC,FAIL_PEG,FAIL_FLOAT,FAIL_INSIDER",0.0,0.11079001,0.06174100941503318,0.00046999997,6.856187,1.1777149574780914
MINE,Mayfair Gold Corp.,3.21,214420320.0,Basic Materials,Unknown,50,Fail,"FAIL_GROWTH,FAIL_GM,FAIL_ROIC,FAIL_PS,FAIL_PEG",0.0,0.0,0.0,0.19302,100.0,166.5999427325541
STX,Seagate Technology Holdings plc,420.315,94161223680.0,Technology,Unknown,40,Fail,"FAIL_MCAP,FAIL_PRICE,FAIL_GM,FAIL_PEG,FAIL_FLOAT,FAIL_INSIDER",0.215,0.38775003,0.48771977654448445,0.0027700001,2.2114857674418604,7.281698248593341
CHSN,Chanson International Holding,2.435,94913328.0,Consumer Cyclical,Unknown,50,Fail,"FAIL_GROWTH,FAIL_GM_TREND,FAIL_ROIC,FAIL_PS,FAIL_INSIDER",0.152,0.40945,0.04145183357571717,0.0032300001,0.16346669736842107,3.0810498997221196
KEN,Kenon Holdings Ltd.,86.8947,4531579392.0,Utilities,Unknown,30,Fail,"FAIL_MCAP,FAIL_PRICE,FAIL_GROWTH,FAIL_GM,FAIL_ROIC,FAIL_PS,FAIL_PEG",0.118,0.26942,0.05405993657088908,0.62365,8.474576271186441,2.8715514359589736
AZZ,AZZ Inc.,123.29,3705737984.0,Industrials,Unknown,30,Fail,"FAIL_MCAP,FAIL_PRICE,FAIL_GROWTH,FAIL_GM,FAIL_ROIC,FAIL_PEG,FAIL_INSIDER",0.055,0.24114999,0.09889350055335569,0.01792,2.104823090909091,3.429640554939442
UHAL,U-Haul Holding Company,44.8,8511009280.0,Industrials,Unknown,20,Fail,"FAIL_MCAP,FAIL_PRICE,FAIL_GROWTH,FAIL_GM,FAIL_GM_TREND,FAIL_ROIC,FAIL_PEG,FAIL_FLOAT",0.019,0.28601,0.04316223369613438,0.60415,50.167971052631586,1.390054326960131
JFR,Nuveen Floating Rate Income Fund,7.3099,1176655744.0,Financial Services,Unknown,50,Fail,"FAIL_GROWTH,FAIL_ROIC,FAIL_PS,FAIL_FLOAT,FAIL_INSIDER",-0.073,1.0,0.0,0.00046,-1.788135890410959,3.0
CWEN,"Clearway Energy, Inc.",39.91,4825279488.0,Utilities,Unknown,40,Fail,"FAIL_MCAP,FAIL_PRICE,FAIL_ROIC,FAIL_PS,FAIL_FLOAT,FAIL_INSIDER",0.211,0.62911,0.025222172149616945,0.0135699995,1.3227057819905215,0.42490834464071225
M,"Macy's, Inc.",17.615,4683530752.0,Consumer Cyclical,Unknown,40,Fail,"FAIL_MCAP,FAIL_GROWTH,FAIL_ROIC,FAIL_PEG,FAIL_FLOAT,FAIL_INSIDER",0.002,0.4038,0.07481227973394144,0.00607,51.808820000000004,2.5141801830104202
AIMD,"Ainos, Inc.",1.52,10613666.0,Technology,Unknown,50,Fail,"FAIL_MCAP,FAIL_GROWTH,FAIL_ROIC,FAIL_PS,FAIL_PEG",0.0,0.82689005,-0.6030743349791547,0.61104,100.0,-3.6982709085788366
IGR,CBRE Global Real Estate Income Fund,4.645,703252160.0,Financial Services,Unknown,50,Fail,"FAIL_GROWTH,FAIL_ROIC,FAIL_PS,FAIL_FLOAT,FAIL_INSIDER",-0.153,1.0,0.0,0.0,-0.867413660130719,3.0
UTMD,"Utah Medical Products, Inc.",64.51,206668880.0,Healthcare,Unknown,50,Fail,"FAIL_PRICE,FAIL_GROWTH,FAIL_GM_TREND,FAIL_PS,FAIL_INSIDER",-0.012,0.57116,0.32318089479190637,0.071779996,-15.4477975,27.34538268325624
DSGX,The Descartes Systems Group Inc.,70.47,6059491840.0,Technology,Unknown,30,Fail,"FAIL_MCAP,FAIL_PRICE,FAIL_GROWTH,FAIL_ROIC,FAIL_PEG,FAIL_FLOAT,FAIL_INSIDER",0.151,0.77083,0.12450595516266418,8.0000005e-05,2.6218470198675496,15.04569955805442
LEG,"Leggett & Platt, Incorporated",10.09,1371005056.0,Consumer Cyclical,Unknown,50,Fail,"FAIL_GROWTH,FAIL_GM,FAIL_ROIC,FAIL_FLOAT,FAIL_INSIDER",-0.112,0.18439,0.14093368805271692,0.022809999,-0.5330726785714285,3.0404686740011826
NXPI,NXP Semiconductors N.V.,193.98,49017356288.0,Technology,Unknown,30,Fail,"FAIL_MCAP,FAIL_PRICE,FAIL_GROWTH,FAIL_ROIC,FAIL_PEG,FAIL_FLOAT,FAIL_INSIDER",0.072,0.55382997,0.1296783981340025,0.0012800001,3.388888888888889,2.788435328249418
UPWK,Upwork Inc.,12.4,1620120448.0,Communication Services,Unknown,50,Fail,"FAIL_GROWTH,FAIL_ROIC,FAIL_PEG,FAIL_FLOAT,FAIL_INSIDER",0.036,0.77817,0.13779880270761946,0.07536,4.100529166666667,2.704408661182166
TOP,TOP Financial Group Limited,0.87,32249338.0,Financial Services,Unknown,60,Fail,"FAIL_MCAP,FAIL_ROIC,FAIL_PS,FAIL_PEG",0.557,0.50431997,-0.2488790064668313,0.74139,1.7953321364452424,2.201625655287666
WY,Weyerhaeuser Company,23.71,17091613696.0,Real Estate,Unknown,30,Fail,"FAIL_MCAP,FAIL_GROWTH,FAIL_GM,FAIL_GM_TREND,FAIL_ROIC,FAIL_FLOAT,FAIL_INSIDER",-0.098,0.14844,0.04562126519678549,0.00387,-5.3764173469387755,2.0957452020047933
ZDGE,"Zedge, Inc.",2.946,38327772.0,Communication Services,Unknown,70,Fail,"FAIL_MCAP,FAIL_GROWTH,FAIL_PEG",0.183,0.93408996,,0.17567,5.46448087431694,
LULU,lululemon athletica inc.,166.115,19699439616.0,Consumer Cyclical,Unknown,40,Fail,"FAIL_MCAP,FAIL_PRICE,FAIL_GROWTH,FAIL_PEG,FAIL_FLOAT,FAIL_INSIDER",0.071,0.58413,0.4507824489619142,0.0462,1.6270152112676057,7.17906575500318
RCG,"RENN Fund, Inc.",3.2,22450516.0,Financial Services,Unknown,50,Fail,"FAIL_MCAP,FAIL_GROWTH,FAIL_ROIC,FAIL_PS,FAIL_FLOAT",-0.462,1.0,0.0,0.20121999,-0.6296733766233766,3.0
UAL,"United Airlines Holdings, Inc.",94.28,30522015744.0,Industrials,Unknown,30,Fail,"FAIL_MCAP,FAIL_PRICE,FAIL_GROWTH,FAIL_ROIC,FAIL_PEG,FAIL_FLOAT,FAIL_INSIDER",0.048,0.33963,0.10555083768544102,0.00648,1.925653541666667,1.3475456191275565
CIA,"Citizens, Inc.",4.73,237904096.0,Financial Services,Unknown,60,Fail,"FAIL_GROWTH,FAIL_GM,FAIL_ROIC,FAIL_INSIDER",0.135,0.27585,0.0,0.109840006,1.2513227407407408,3.0
SMTI,Sanara MedTech Inc.,19.01,169866848.0,Healthcare,Unknown,90,Fail,FAIL_PEG,0.215,0.9225,,0.65282995,4.651162790697675,2.4470852287444784
XTIA,"XTI Aerospace, Inc.",2.3599,81437304.0,Industrials,Unknown,60,Fail,"FAIL_GM_TREND,FAIL_ROIC,FAIL_PS,FAIL_INSIDER",1.706,0.53467,-6.218459620225448,0.0029300002,4.90095427901524e-05,-7.618255119075148
TNC,Tennant Company,64.49,1168943616.0,Industrials,Unknown,60,Fail,"FAIL_PRICE,FAIL_GROWTH,FAIL_ROIC,FAIL_INSIDER",-0.113,0.40241,0.06125428486497266,0.01729,-2.41825407079646,3.159284063849194
STEX,Streamex Corp.,1.81,363051424.0,Financial Services,Unknown,50,Fail,"FAIL_GROWTH,FAIL_ROIC,FAIL_PS,FAIL_PEG,FAIL_INSIDER",0.0,1.0,0.0,0.08465,100.0,-380.4556233870223
JMM,Nuveen Multi-Market Income Fund,5.8601,55450316.0,Financial Services,Unknown,40,Fail,"FAIL_GROWTH,FAIL_ROIC,FAIL_PS,FAIL_PEG,FAIL_FLOAT,FAIL_INSIDER",0.02,1.0,0.0,0.0,6.104271,3.0
SPWH,"Sportsman's Warehouse Holdings, Inc.",1.35,51949480.0,Consumer Cyclical,Unknown,60,Fail,"FAIL_GROWTH,FAIL_ROIC,FAIL_PEG,FAIL_INSIDER",0.022,0.31438,-0.02909244620835144,0.04225,45.45454545454546,1.7439388044959583
BTOG,Bit Origin Ltd,2.634,3923719.0,Financial Services,Unknown,40,Fail,"FAIL_MCAP,FAIL_GROWTH,FAIL_ROIC,FAIL_PS,FAIL_PEG,FAIL_INSIDER",0.0,1.0,0.0,0.008669999,100.0,
CRM,"Salesforce, Inc.",194.33,182087204864.0,Technology,Unknown,30,Fail,"FAIL_MCAP,FAIL_PRICE,FAIL_GROWTH,FAIL_ROIC,FAIL_PEG,FAIL_FLOAT,FAIL_INSIDER",0.121,0.77676004,0.10124032284566652,0.02684,2.061659917355372,2.8687685857363614
WASH,"Washington Trust Bancorp, Inc.",32.11,611372736.0,Financial Services,Unknown,50,Fail,"FAIL_PRICE,FAIL_GROWTH,FAIL_GM,FAIL_PEG,FAIL_INSIDER",0.0,0.0,0.1579121730126223,0.01204,11.848708,3.0
SNDR,"Schneider National, Inc.",23.84,4180022528.0,Industrials,Unknown,40,Fail,"FAIL_MCAP,FAIL_GROWTH,FAIL_GM,FAIL_ROIC,FAIL_PEG,FAIL_FLOAT",0.045,0.16556999,0.03998961080045367,0.50176996,8.979284444444444,3.265201250871628
TC,Token Cat Limited,10.275,20386318.0,Communication Services,Unknown,50,Fail,"FAIL_MCAP,FAIL_GROWTH,FAIL_ROIC,FAIL_FLOAT,FAIL_INSIDER",-0.388,0.7327,0.0,2.0000001e-05,-2.5773195876288657,-52.07770141234941
WWD,"Woodward, Inc.",376.98,22617589760.0,Industrials,Unknown,30,Fail,"FAIL_MCAP,FAIL_PRICE,FAIL_GM,FAIL_PS,FAIL_PEG,FAIL_FLOAT,FAIL_INSIDER",0.29,0.28104,0.16237515282757506,0.00247,1.6392573793103449,9.092107646905358
RELY,"Remitly Global, Inc.",15.655,3297794304.0,Technology,Unknown,50,Fail,"FAIL_MCAP,FAIL_ROIC,FAIL_PEG,FAIL_FLOAT,FAIL_INSIDER",0.257,0.60205,0.1449460014877822,0.05617,1.9649805447470818,4.966796599044259
PICS,PicS N.V.,15.28,1980097664.0,Technology,Unknown,70,Fail,"FAIL_ROIC,FAIL_FLOAT,FAIL_INSIDER",0.937,0.93196,0.0,0.0,0.33280332977588045,3.0
LCCC,Lakeshore Acquisition III Corp.,10.28,91543400.0,Financial Services,Unknown,50,Fail,"FAIL_GROWTH,FAIL_GM,FAIL_ROIC,FAIL_PS,FAIL_PEG",0.0,0.0,0.0,0.22514999,33.16129,22.00884845686291
PCSA,"Processa Pharmaceuticals, Inc.",3.07,6955907.0,Healthcare,Unknown,40,Fail,"FAIL_MCAP,FAIL_GROWTH,FAIL_GM,FAIL_PS,FAIL_PEG,FAIL_INSIDER",0.0,0.0,,0.14604001,100.0,-47.27842937287328
BOW,Bowhead Specialty Holdings Inc.,22.26,729759680.0,Financial Services,Unknown,80,Fail,"FAIL_ROIC,FAIL_INSIDER",0.271,0.32099,0.13773574134160055,0.04068,0.5166051660516605,3.0
NICE,NICE Ltd.,118.87,7229968896.0,Technology,Unknown,50,Fail,"FAIL_MCAP,FAIL_PRICE,FAIL_GROWTH,FAIL_FLOAT,FAIL_INSIDER",0.09,0.66414,0.1706946656400649,3.0000001e-05,1.367264888888889,5.584391568637931
HQY,"HealthEquity, Inc.",79.625,6885599744.0,Healthcare,Unknown,20,Fail,"FAIL_MCAP,FAIL_PRICE,FAIL_GROWTH,FAIL_ROIC,FAIL_PS,FAIL_PEG,FAIL_FLOAT,FAIL_INSIDER",0.072,0.67718005,0.05029421638622358,0.02185,5.072948194444445,3.811580195170123
MLSS,Milestone Scientific Inc.,0.2864,22519320.0,Healthcare,Unknown,60,Fail,"FAIL_MCAP,FAIL_GROWTH,FAIL_ROIC,FAIL_FLOAT",-0.061,0.71862,-2.311101085748997,0.22659999,-16.393442622950822,-15.606759165941513
SELF,"Global Self Storage, Inc.",5.07,57484888.0,Real Estate,Unknown,50,Fail,"FAIL_GROWTH,FAIL_ROIC,FAIL_PS,FAIL_PEG,FAIL_INSIDER",0.008,0.62216,0.0,0.09008,39.609377499999994,2.3059463233156925
HY,"Hyster-Yale, Inc.",30.8,551322688.0,Industrials,Unknown,40,Fail,"FAIL_PRICE,FAIL_GROWTH,FAIL_GM,FAIL_GM_TREND,FAIL_ROIC,FAIL_INSIDER",-0.135,0.16788,-0.015961838363452895,0.14917,-7.407407407407407,2.4681027103932753
XPOF,"Xponential Fitness, Inc.",5.74,292596480.0,Consumer Cyclical,Unknown,70,Fail,"FAIL_GROWTH,FAIL_ROIC,FAIL_INSIDER",-0.003,0.66580003,-0.014597579236638581,0.09219,-333.33333333333337,-1.9480500525539737
METCB,"Ramaco Resources, Inc.",10.745,918752000.0,Basic Materials,Unknown,50,Fail,"FAIL_GROWTH,FAIL_GM,FAIL_GM_TREND,FAIL_ROIC,FAIL_INSIDER",-0.251,0.1551,-0.0878440609905259,0.11405,-3.98406374501992,1.6654695832947966
SOTK,Sono-Tek Corporation,4.23,66454944.0,Technology,Unknown,70,Fail,"FAIL_GROWTH,FAIL_GM,FAIL_ROIC",-0.036,0.49909002,0.06659425801028403,0.16123,-11.75,9.26169433010355
BATRA,"Atlanta Braves Holdings, Inc.",47.65,3045544448.0,Communication Services,Unknown,20,Fail,"FAIL_MCAP,FAIL_PRICE,FAIL_GROWTH,FAIL_ROIC,FAIL_PS,FAIL_PEG,FAIL_FLOAT,FAIL_INSIDER",0.176,0.3019,0.017064362399658566,0.06869,5.6818181818181825,1.5060436049769126
SPWR,SunPower Inc.,1.16,138667216.0,Technology,Unknown,70,Fail,"FAIL_GM,FAIL_ROIC,FAIL_FLOAT",11.645,0.43557,-0.9069574296426368,0.44076002,0.016602261914984973,-3.6289443871006988
WTG,Wintergreen Acquisition Corp.,10.26,74934680.0,Financial Services,Unknown,50,Fail,"FAIL_GROWTH,FAIL_GM,FAIL_ROIC,FAIL_PS,FAIL_PEG",0.0,0.0,0.0,0.32161,51.3,388.1138377486917
KOSS,Koss Corporation,3.9797,37673584.0,Technology,Unknown,60,Fail,"FAIL_MCAP,FAIL_GROWTH,FAIL_GM,FAIL_ROIC",-0.196,0.36376,-0.058415037518927446,0.43527,-5.1020408163265305,4.923648326560293
DFIN,"Donnelley Financial Solutions, Inc.",45.41,1205048960.0,Technology,Unknown,50,Fail,"FAIL_PRICE,FAIL_GROWTH,FAIL_ROIC,FAIL_PEG,FAIL_INSIDER",0.104,0.63442004,0.08050330448041244,0.0535,3.7968228846153846,3.9084605268306016
AIOT,"PowerFleet, Inc.",2.99,401100384.0,Technology,Unknown,50,Fail,"FAIL_GROWTH,FAIL_ROIC,FAIL_PEG,FAIL_FLOAT,FAIL_INSIDER",0.066,0.54633,-0.04158394378430505,0.07019,15.15151515151515,0.5302952375270822
URG,Ur-Energy Inc.,1.325,526459904.0,Energy,Unknown,30,Fail,"FAIL_GROWTH,FAIL_GM,FAIL_GM_TREND,FAIL_ROIC,FAIL_PS,FAIL_FLOAT,FAIL_INSIDER",-0.539,-1.99787,0.0,0.07108,-1.8552875695732836,-0.5705973253186116
TRSG,Tungray Technologies Inc.,1.0799,17660130.0,Industrials,Unknown,70,Fail,"FAIL_MCAP,FAIL_GM_TREND,FAIL_ROIC",0.37,0.45079,-0.11553906135398045,0.82555,0.5837297297297297,2.266054688631739
MPWR,"Monolithic Power Systems, Inc.",1077.89,52943802368.0,Technology,Unknown,50,Fail,"FAIL_MCAP,FAIL_PRICE,FAIL_PS,FAIL_PEG,FAIL_INSIDER",0.208,0.55179,0.24101197301893995,0.040430002,4.014069471153846,50.56330838784074
YMM,Full Truck Alliance Co. Ltd.,8.425,8811659264.0,Technology,Unknown,50,Fail,"FAIL_MCAP,FAIL_GROWTH,FAIL_PEG,FAIL_FLOAT,FAIL_INSIDER",0.006,0.59459,,0.00519,23.01912666666667,
LGN,Legence Corp.,53.085,5727266304.0,Industrials,Unknown,40,Fail,"FAIL_MCAP,FAIL_PRICE,FAIL_GM,FAIL_ROIC,FAIL_PEG,FAIL_INSIDER",0.262,0.21235001,0.024286941040675157,0.00233,3.8167938931297707,2.582651661631083
AEYE,"AudioEye, Inc.",5.735,71220768.0,Technology,Unknown,70,Fail,"FAIL_GROWTH,FAIL_ROIC,FAIL_PEG",0.079,0.78281,0.0,0.35853,12.658227848101266,-1.57243915200839
DOO,BRP Inc.,63.09,4639526912.0,Consumer Cyclical,Unknown,20,Fail,"FAIL_MCAP,FAIL_PRICE,FAIL_GROWTH,FAIL_GM,FAIL_GM_TREND,FAIL_ROIC,FAIL_PEG,FAIL_INSIDER",0.14,0.21806999,0.04415870669723164,0.02777,1.8621605714285712,2.0182965033896867
AAPG,Ascentage Pharma Group Internat,24.02,2247078400.0,Healthcare,Unknown,40,Fail,"FAIL_MCAP,FAIL_GROWTH,FAIL_ROIC,FAIL_PS,FAIL_FLOAT,FAIL_INSIDER",-0.716,0.90866,-0.4877440516354799,0.0,-1.3966480446927376,-2.4122222918923844
BBCP,"Concrete Pumping Holdings, Inc.",6.79,343298112.0,Industrials,Unknown,70,Fail,"FAIL_GROWTH,FAIL_ROIC,FAIL_PEG",0.048,0.3825,0.03987404049192313,0.28264,15.717591666666667,0.8859187531248142
XBIO,"Xenetic Biosciences, Inc.",2.96,6781526.0,Healthcare,Unknown,70,Fail,"FAIL_MCAP,FAIL_ROIC,FAIL_INSIDER",0.672,1.0,0.0,0.102419995,1.4880952380952381,-28.99969289823831
BWXT,"BWX Technologies, Inc.",209.955,19199352832.0,Industrials,Unknown,10,Fail,"FAIL_MCAP,FAIL_PRICE,FAIL_GROWTH,FAIL_GM,FAIL_ROIC,FAIL_PS,FAIL_PEG,FAIL_FLOAT,FAIL_INSIDER",0.187,0.22913,0.13333203427077664,0.00451,3.1274485561497327,5.958439689144238
COLL,"Collegium Pharmaceutical, Inc.",34.895,1108028288.0,Healthcare,Unknown,50,Fail,"FAIL_PRICE,FAIL_GROWTH,FAIL_ROIC,FAIL_PEG,FAIL_INSIDER",0.129,0.88472,0.13413004325823782,0.02108,1.5636062015503875,1.406738199390365
STLD,"Steel Dynamics, Inc.",169.81,24791705600.0,Basic Materials,Unknown,10,Fail,"FAIL_MCAP,FAIL_PRICE,FAIL_GROWTH,FAIL_GM,FAIL_GM_TREND,FAIL_ROIC,FAIL_PEG,FAIL_FLOAT,FAIL_INSIDER",0.14,0.13161,0.10025545147930785,0.06529,1.518058357142857,5.063750014486564
CYD,China Yuchai International Limited,40.7,1526995840.0,Consumer Cyclical,Unknown,80,Fail,"FAIL_PRICE,FAIL_GM",0.23,0.16494,,0.6888,0.8507525217391304,
EDAP,EDAP TMS S.A.,3.81,142463856.0,Healthcare,Unknown,60,Fail,"FAIL_GROWTH,FAIL_ROIC,FAIL_PEG,FAIL_INSIDER",0.06,0.43238,-0.7517357235673745,0.04421,16.666666666666668,1.0323377272187577
GRBK,"Green Brick Partners, Inc.",64.48,2809077760.0,Consumer Cyclical,Unknown,60,Fail,"FAIL_MCAP,FAIL_PRICE,FAIL_GROWTH,FAIL_INSIDER",-0.026,0.30537,0.15786478913025312,0.08382,-3.507779615384615,5.980396725366004
EIKN,"Eikon Therapeutics, Inc.",12.89,695858112.0,Healthcare,Unknown,40,Fail,"FAIL_GROWTH,FAIL_GM,FAIL_ROIC,FAIL_PS,FAIL_PEG,FAIL_INSIDER",0.0,0.0,0.0,0.14824,100.0,-2.5501987863241067
RXST,"RxSight, Inc.",7.42,306196224.0,Healthcare,Unknown,70,Fail,"FAIL_GROWTH,FAIL_ROIC,FAIL_INSIDER",-0.189,0.76599,-0.14590990030982925,0.056399997,-5.291005291005291,3.142060946638737
ASPC,A SPAC III Acquisition Corp.,10.92,25526396.0,Financial Services,Unknown,40,Fail,"FAIL_MCAP,FAIL_GROWTH,FAIL_GM,FAIL_ROIC,FAIL_PS,FAIL_PEG",0.0,0.0,0.0,0.76364,57.473686,28.160346953582952
UMAC,"Unusual Machines, Inc.",21.5738,839003136.0,Technology,Unknown,60,Fail,"FAIL_GM,FAIL_ROIC,FAIL_PS,FAIL_INSIDER",1.444,0.34884998,-0.25829001611642766,0.06968,0.6925207756232686,65.12064006010306
FBIO,"Fortress Biotech, Inc.",3.22,99942160.0,Healthcare,Unknown,70,Fail,"FAIL_GM_TREND,FAIL_ROIC,FAIL_PEG",0.205,0.3199,-2.6364098788119157,0.20468001,4.878048780487805,-8.71590831785139
HPI,John Hancock Preferred Income Fund,16.06,429880640.0,Financial Services,Unknown,50,Fail,"FAIL_GROWTH,FAIL_ROIC,FAIL_PS,FAIL_FLOAT,FAIL_INSIDER",-0.019,1.0,0.0,0.00052,-6.1698042105263164,3.0
LUMN,"Lumen Technologies, Inc.",6.565,6733350912.0,Communication Services,Unknown,50,Fail,"FAIL_MCAP,FAIL_GROWTH,FAIL_ROIC,FAIL_FLOAT,FAIL_INSIDER",-0.087,0.46476,-0.058823423809709625,0.08349,-11.49425287356322,-0.34271313590725255
NUVB,Nuvation Bio Inc.,4.3299,1505061376.0,Healthcare,Unknown,70,Fail,"FAIL_ROIC,FAIL_PS,FAIL_FLOAT",6.331,0.85218,-0.9595949443425383,0.18787001,0.15795293002685198,0.5318681958974757
CRTO,Criteo S.A.,17.79,909991808.0,Communication Services,Unknown,80,Fail,"FAIL_GROWTH,FAIL_INSIDER",-0.022,0.53955,0.15989360326038074,0.02387,-3.063016590909091,2.2551542097235577
BOSC,B.O.S. Better Online Solutions Ltd.,5.055,31270228.0,Technology,Unknown,50,Fail,"FAIL_MCAP,FAIL_GROWTH,FAIL_GM,FAIL_ROIC,FAIL_INSIDER",0.159,0.23657,0.131545567772845,0.110869996,0.6233813836477987,0.5848302527621854
CAKE,The Cheesecake Factory Incorporated,57.361,2859967488.0,Consumer Cyclical,Unknown,40,Fail,"FAIL_MCAP,FAIL_PRICE,FAIL_GROWTH,FAIL_ROIC,FAIL_PEG,FAIL_INSIDER",0.044,0.40388,0.06719626146757827,0.08284,4.260323636363637,2.4209644705331286
DBX,"Dropbox, Inc.",25.34,6345840640.0,Technology,Unknown,50,Fail,"FAIL_MCAP,FAIL_PRICE,FAIL_GROWTH,FAIL_FLOAT,FAIL_INSIDER",-0.012,0.80151004,0.6378435850193616,0.08129,-11.353046666666668,0.3399557283945662
IMTE,Integrated Media Technology Limited,0.57,1964467.0,Technology,Unknown,40,Fail,"FAIL_MCAP,FAIL_GROWTH,FAIL_GM,FAIL_ROIC,FAIL_PS,FAIL_PEG",0.0,0.0,0.031377465030259837,0.1619,100.0,-4.197610061389252
KZIA,Kazia Therapeutics Limited,7.67,86947048.0,Healthcare,Unknown,50,Fail,"FAIL_GROWTH,FAIL_ROIC,FAIL_PS,FAIL_FLOAT,FAIL_INSIDER",-0.272,1.0,0.0,0.13272001,-3.676470588235294,-37.04980204668036
KT,KT Corporation,22.14,10677344256.0,Communication Services,Unknown,40,Fail,"FAIL_MCAP,FAIL_GROWTH,FAIL_GM_TREND,FAIL_PEG,FAIL_FLOAT,FAIL_INSIDER",0.041,0.56649,,0.0,3.9416056097560968,
CERS,Cerus Corporation,1.885,362243808.0,Healthcare,Unknown,50,Fail,"FAIL_GROWTH,FAIL_ROIC,FAIL_PEG,FAIL_FLOAT,FAIL_INSIDER",0.137,0.54473996,-0.05028540079896598,0.0466,7.2992700729927,-4.213233069726191
MTVA,MetaVia Inc.,1.5751,5221714.0,Healthcare,Unknown,40,Fail,"FAIL_MCAP,FAIL_GROWTH,FAIL_GM,FAIL_ROIC,FAIL_PS,FAIL_PEG",0.0,0.0,0.0,0.55505,100.0,-16.592371124615795
HESM,Hess Midstream LP,39.515,8234231808.0,Energy,Unknown,20,Fail,"FAIL_MCAP,FAIL_PRICE,FAIL_GROWTH,FAIL_GM_TREND,FAIL_PS,FAIL_PEG,FAIL_FLOAT,FAIL_INSIDER",0.021,0.77142,0.23289676352785144,0.00853,6.579254285714285,2.3813402778222628
SVM,Silvercorp Metals Inc.,10.205,2253705216.0,Basic Materials,Unknown,50,Fail,"FAIL_MCAP,FAIL_PS,FAIL_PEG,FAIL_FLOAT,FAIL_INSIDER",0.508,0.66753,0.1830357323915375,0.0372,1.968503937007874,5.709461564326396
BATL,Battalion Oil Corporation,12.18,222364960.0,Energy,Unknown,60,Fail,"FAIL_GROWTH,FAIL_GM_TREND,FAIL_ROIC,FAIL_INSIDER",-0.039,0.4732,-0.05163341071532072,0.00373,-25.641025641025642,-0.1357676466462277
PMTS,CPI Card Group Inc.,13.99,160331504.0,Financial Services,Unknown,70,Fail,"FAIL_GM_TREND,FAIL_ROIC,FAIL_INSIDER",0.223,0.31294,0.14629697798108407,0.048499998,0.5018833632286995,2.6796364805711583
ANAB,"AnaptysBio, Inc.",65.36,1878985984.0,Healthcare,Unknown,60,Fail,"FAIL_PRICE,FAIL_ROIC,FAIL_PS,FAIL_INSIDER",1.511,0.42043,0.0,0.05806,0.6618133686300464,2.752782424307254
YUM,"Yum! Brands, Inc.",161.77,44915900416.0,Consumer Cyclical,Unknown,30,Fail,"FAIL_MCAP,FAIL_PRICE,FAIL_GROWTH,FAIL_PS,FAIL_PEG,FAIL_FLOAT,FAIL_INSIDER",0.065,0.46165,0.37537371806217185,0.0015199999,4.484268769230769,2.654917674067506
VVOS,"Vivos Therapeutics, Inc.",1.3164,15033478.0,Healthcare,Unknown,80,Fail,"FAIL_MCAP,FAIL_GM_TREND",0.757,0.55731,,0.23482999,1.321003963011889,-9.545475659472157
EH,EHang Holdings Limited,11.33,815588416.0,Industrials,Unknown,60,Fail,"FAIL_ROIC,FAIL_PEG,FAIL_FLOAT,FAIL_INSIDER",0.484,0.62007,-0.3844247374547538,0.0063899998,2.066115702479339,-0.47814506126798245
INDB,Independent Bank Corp.,73.74,3655827456.0,Financial Services,Unknown,40,Fail,"FAIL_MCAP,FAIL_PRICE,FAIL_GM,FAIL_ROIC,FAIL_PS,FAIL_INSIDER",0.471,0.0,0.1244473230709013,0.0072399997,0.352613736730361,3.0
AMWD,American Woodmark Corporation,39.4,574042048.0,Consumer Cyclical,Unknown,40,Fail,"FAIL_PRICE,FAIL_GROWTH,FAIL_GM,FAIL_GM_TREND,FAIL_ROIC,FAIL_INSIDER",-0.184,0.15328,0.07808766124875513,0.01699,-1.8459521739130436,2.5481810978005526
BRW,Saba Capital Income & Opportunities Fund,6.49,278335872.0,Financial Services,Unknown,50,Fail,"FAIL_GROWTH,FAIL_ROIC,FAIL_PS,FAIL_FLOAT,FAIL_INSIDER",-0.331,1.0,0.0,0.0,-0.15082500604229604,3.0
LNKS,Linkers Industries Limited,0.5975,8027413.0,Industrials,Unknown,50,Fail,"FAIL_MCAP,FAIL_GROWTH,FAIL_GM,FAIL_GM_TREND,FAIL_ROIC",-0.029,0.081149995,-0.07864216341225616,0.5331,-34.48275862068965,1.574723314456762
SJM,The J. M. Smucker Company,101.17,10794264576.0,Consumer Defensive,Unknown,20,Fail,"FAIL_MCAP,FAIL_PRICE,FAIL_GROWTH,FAIL_GM_TREND,FAIL_ROIC,FAIL_PEG,FAIL_FLOAT,FAIL_INSIDER",0.07,0.3421,-0.0561749861394397,0.02231,14.285714285714285,0.9427795553066869
AEG,Aegon Ltd.,7.05,10680591360.0,Financial Services,Unknown,40,Fail,"FAIL_MCAP,FAIL_GROWTH,FAIL_ROIC,FAIL_PEG,FAIL_FLOAT,FAIL_INSIDER",0.0,0.38594002,0.06366860692042696,0.0,7.9213486,3.0
TMC,TMC the metals company Inc.,5.885,3147505408.0,Basic Materials,Unknown,30,Fail,"FAIL_MCAP,FAIL_GROWTH,FAIL_GM,FAIL_ROIC,FAIL_PS,FAIL_PEG,FAIL_FLOAT",0.0,0.0,0.0,0.49060002,100.0,4.44906741036602
ESLT,Elbit Systems Ltd.,960.025,44605542400.0,Industrials,Unknown,30,Fail,"FAIL_MCAP,FAIL_PRICE,FAIL_GROWTH,FAIL_GM,FAIL_ROIC,FAIL_PS,FAIL_PEG",0.113,0.24229999,0.09587946539681519,0.42141998,8.633939380530972,4.708965975271866
SRPT,"Sarepta Therapeutics, Inc.",16.97,1781676416.0,Healthcare,Unknown,40,Fail,"FAIL_GROWTH,FAIL_GM,FAIL_GM_TREND,FAIL_ROIC,FAIL_FLOAT,FAIL_INSIDER",-0.327,-0.07435,-0.48921024319868645,0.05152,-3.0581039755351678,-1.0355766981058117
HGV,Hilton Grand Vacations Inc.,41.91,3585111040.0,Consumer Cyclical,Unknown,20,Fail,"FAIL_MCAP,FAIL_PRICE,FAIL_GROWTH,FAIL_GM,FAIL_GM_TREND,FAIL_ROIC,FAIL_PEG,FAIL_INSIDER",0.037,0.23244,0.03273061224489796,0.020969998,12.726997297297297,1.3112112743974502
DSL,DoubleLine Income Solutions Fund,10.9596,1255689856.0,Financial Services,Unknown,30,Fail,"FAIL_GROWTH,FAIL_GM,FAIL_ROIC,FAIL_PS,FAIL_PEG,FAIL_FLOAT,FAIL_INSIDER",0.0,0.0,0.0,0.0,11.416251,3.0
SUIG,SUI Group Holdings Limited,1.405,107908032.0,Financial Services,Unknown,50,Fail,"FAIL_ROIC,FAIL_PS,FAIL_PEG,FAIL_FLOAT,FAIL_INSIDER",0.334,1.0,0.0,0.09139,2.9940119760479043,3.0
FOR,Forestar Group Inc.,25.145,1279681408.0,Real Estate,Unknown,60,Fail,"FAIL_PRICE,FAIL_GROWTH,FAIL_GM,FAIL_ROIC",0.09,0.21573,0.0725771591596784,0.62351,0.8544003333333333,1.7686470411073654
CTXR,"Citius Pharmaceuticals, Inc.",0.764,17095590.0,Healthcare,Unknown,40,Fail,"FAIL_MCAP,FAIL_GROWTH,FAIL_ROIC,FAIL_PS,FAIL_PEG,FAIL_INSIDER",0.0,0.7999,-0.6061198982769477,0.022030002,100.0,-3.4850608291841243
BUSEP,First Busey Corporation,25.69,0.0,Financial Services,Unknown,30,Fail,"FAIL_MCAP,FAIL_PRICE,FAIL_GM,FAIL_ROIC,FAIL_PS,FAIL_FLOAT,FAIL_INSIDER",0.705,0.0,0.14821670732361658,0.0,1.4184397163120568,3.0
GRO,Brazil Potash Corp.,3.855,205730128.0,Basic Materials,Unknown,40,Fail,"FAIL_GROWTH,FAIL_GM,FAIL_ROIC,FAIL_PS,FAIL_PEG,FAIL_INSIDER",0.0,0.0,-0.3997631944297887,0.04975,100.0,19.391650705924658
TVRD,"Tvardi Therapeutics, Inc.",3.48,32647078.0,Healthcare,Unknown,40,Fail,"FAIL_MCAP,FAIL_GROWTH,FAIL_GM,FAIL_ROIC,FAIL_PS,FAIL_PEG",0.0,0.0,0.0,0.34660998,100.0,-4.141643458260276
RAND,Rand Capital Corporation,10.74,31895802.0,Financial Services,Unknown,60,Fail,"FAIL_MCAP,FAIL_GROWTH,FAIL_PS,FAIL_FLOAT",-0.399,1.0,0.15242669422910654,0.75998,-2.506265664160401,3.0
BBVA,"Banco Bilbao Vizcaya Argentaria, S.A.",21.0,119252377600.0,Financial Services,Unknown,30,Fail,"FAIL_MCAP,FAIL_GROWTH,FAIL_GM,FAIL_PS,FAIL_PEG,FAIL_FLOAT,FAIL_INSIDER",0.003,0.0,0.4258416367261922,0.00017999999,34.82587333333334,3.0
FMST,Foremost Clean Energy Ltd.,2.045,29837328.0,Basic Materials,Unknown,40,Fail,"FAIL_MCAP,FAIL_GROWTH,FAIL_GM,FAIL_ROIC,FAIL_PS,FAIL_PEG",0.0,0.0,0.0,0.25379,100.0,3.978772040436196
WAI,Top KingWin Ltd,2.11,4865537.0,Financial Services,Unknown,50,Fail,"FAIL_MCAP,FAIL_GM,FAIL_GM_TREND,FAIL_ROIC,FAIL_INSIDER",1.529,0.23206,-0.11792974796266335,0.00049,0.0002141838979725311,0.9484553112912691
PGY,Pagaya Technologies Ltd.,10.985,906552832.0,Technology,Unknown,60,Fail,"FAIL_GROWTH,FAIL_GM,FAIL_FLOAT,FAIL_INSIDER",0.198,0.42431998,0.2804710291324663,0.12093,0.5965569696969697,2.0885880671912265
TRST,TrustCo Bank Corp NY,42.34,780073024.0,Financial Services,Unknown,50,Fail,"FAIL_PRICE,FAIL_GROWTH,FAIL_GM,FAIL_PS,FAIL_INSIDER",0.113,0.0,0.1771009896526237,0.035380002,1.1528931858407079,3.0
RYM,"RYTHM, Inc.",18.0,38684320.0,Consumer Defensive,Unknown,60,Fail,"FAIL_MCAP,FAIL_GROWTH,FAIL_ROIC,FAIL_PEG",0.0,0.58959997,-0.513439591032675,0.46729,100.0,-4.986677729113603
TZOO,Travelzoo,6.285,68709744.0,Communication Services,Unknown,60,Fail,"FAIL_GROWTH,FAIL_GM_TREND,FAIL_ROIC,FAIL_PEG",0.087,0.80292,0.0,0.35712,1.7619848275862071,3.337811893984926
OLED,Universal Display Corporation,94.795,4506767360.0,Technology,Unknown,40,Fail,"FAIL_MCAP,FAIL_PRICE,FAIL_GROWTH,FAIL_ROIC,FAIL_PEG,FAIL_INSIDER",0.066,0.74882007,0.12432224310581591,0.080469996,2.827338333333333,15.462099203266655
LOVE,The Lovesac Company,10.81,158010928.0,Consumer Cyclical,Unknown,60,Fail,"FAIL_GROWTH,FAIL_ROIC,FAIL_PEG,FAIL_INSIDER",0.002,0.572,0.030376624174840088,0.10363,174.35483999999997,1.9377603038484876
SENEA,Seneca Foods Corporation,144.82,996513536.0,Consumer Defensive,Unknown,50,Fail,"FAIL_PRICE,FAIL_GROWTH,FAIL_GM,FAIL_ROIC,FAIL_PEG",0.011,0.12575,0.06953317964062122,0.15361,10.13507,4.107757585007474
SAH,"Sonic Automotive, Inc.",61.205,2091539200.0,Consumer Cyclical,Unknown,50,Fail,"FAIL_MCAP,FAIL_PRICE,FAIL_GROWTH,FAIL_GM,FAIL_ROIC",-0.006,0.15725,0.04699461561270149,0.35891998,-29.826996666666666,3.388422825779929
NUCL,Eagle Nuclear Energy Corp.,5.02,158380992.0,Energy,Unknown,40,Fail,"FAIL_GROWTH,FAIL_GM,FAIL_ROIC,FAIL_PS,FAIL_PEG,FAIL_FLOAT",0.0,0.0,0.0,0.2194,100.0,96.9732923003774
NVEC,NVE Corporation,67.73,327621344.0,Technology,Unknown,70,Fail,"FAIL_PRICE,FAIL_PS,FAIL_INSIDER",0.229,0.79153,0.24217962612408464,0.013099999,1.0128910917030567,100.6858771738841
EVV,Eaton Vance Limited Duration Income Fund,9.475,1101027840.0,Financial Services,Unknown,50,Fail,"FAIL_GROWTH,FAIL_ROIC,FAIL_PS,FAIL_FLOAT,FAIL_INSIDER",-0.029,1.0,0.0,5e-05,-4.804766896551723,3.0
YB,Yuanbao Inc.,19.6,903171968.0,Technology,Unknown,80,Fail,"FAIL_ROIC,FAIL_INSIDER",0.336,0.95759004,0.0,0.0301,0.09937536011904761,2.098345709639753
RITM,Rithm Capital Corp.,9.215,5122443264.0,Real Estate,Unknown,50,Fail,"FAIL_MCAP,FAIL_GROWTH,FAIL_ROIC,FAIL_FLOAT,FAIL_INSIDER",-0.083,1.0,0.060393340372443885,0.00527,-1.067539518072289,3.0
KRMD,"KORU Medical Systems, Inc.",4.31,199650640.0,Healthcare,Unknown,60,Fail,"FAIL_ROIC,FAIL_PS,FAIL_PEG,FAIL_INSIDER",0.233,0.62256,-0.5746639067182748,0.09187,4.291845493562231,10.98243655753081
SKYT,"SkyWater Technology, Inc.",27.62,1343041536.0,Technology,Unknown,70,Fail,"FAIL_PRICE,FAIL_GM,FAIL_ROIC",1.266,0.19660999,0.0627677801063963,0.27417,0.08941289889415482,3.7053996858501552
NUE,Nucor Corporation,163.0,37303959552.0,Basic Materials,Unknown,10,Fail,"FAIL_MCAP,FAIL_PRICE,FAIL_GROWTH,FAIL_GM,FAIL_GM_TREND,FAIL_ROIC,FAIL_PEG,FAIL_FLOAT,FAIL_INSIDER",0.086,0.12027001,0.08423128000225098,0.03191,2.520410581395349,4.429142780641868
CCIF,Carlyle Credit Income Fund,3.1999,67833472.0,Financial Services,Unknown,30,Fail,"FAIL_GROWTH,FAIL_GM,FAIL_ROIC,FAIL_PS,FAIL_PEG,FAIL_FLOAT,FAIL_INSIDER",0.0,0.0,0.0,0.00509,100.0,3.0
ABX,"Abacus Global Management, Inc.",9.94,971663360.0,Financial Services,Unknown,80,Fail,"FAIL_ROIC,FAIL_PS",1.165,0.87732005,-0.0021813208580149512,0.62472,0.23700522746781116,1.4572991130046589
SHOO,"Steven Madden, Ltd.",33.15,2417026560.0,Consumer Cyclical,Unknown,40,Fail,"FAIL_MCAP,FAIL_PRICE,FAIL_ROIC,FAIL_PEG,FAIL_FLOAT,FAIL_INSIDER",0.294,0.42633,0.04580808052177899,0.02125,1.789763605442177,4.50779664656404
RHLD,"Resolute Holdings Management, Inc.",156.43,1333721984.0,Industrials,Unknown,70,Fail,"FAIL_PRICE,FAIL_GROWTH,FAIL_PEG",0.167,0.56316,3.631480132461954,0.51293,5.9880239520958085,6.722221956642523
MSCI,MSCI Inc.,556.225,40868098048.0,Financial Services,Unknown,30,Fail,"FAIL_MCAP,FAIL_PRICE,FAIL_GROWTH,FAIL_PS,FAIL_PEG,FAIL_FLOAT,FAIL_INSIDER",0.106,0.82441,0.4361815099591424,0.03582,3.3444267924528304,5.763624240155591
CB,Chubb Limited,330.43,130041004032.0,Financial Services,Unknown,20,Fail,"FAIL_MCAP,FAIL_PRICE,FAIL_GROWTH,FAIL_GM,FAIL_ROIC,FAIL_PEG,FAIL_FLOAT,FAIL_INSIDER",0.055,0.29548,0.12674881708251673,0.093669996,2.339492909090909,3.0
BF-B,Brown-Forman Corporation,23.02,10559357952.0,Consumer Defensive,Unknown,50,Fail,"FAIL_MCAP,FAIL_GROWTH,FAIL_PEG,FAIL_FLOAT,FAIL_INSIDER",0.02,0.59335,0.15394364940312263,0.02944,6.6918605,3.8082287997456126
DRCT,"Direct Digital Holdings, Inc.",0.9699,2522788.0,Communication Services,Unknown,60,Fail,"FAIL_MCAP,FAIL_GROWTH,FAIL_ROIC,FAIL_INSIDER",-0.12,0.31429002,-0.4051042333198377,0.09764,-8.333333333333334,0.6722522204957717
NAC,Nuveen California Quality Municipal Income Fund,11.965,1857379584.0,Financial Services,Unknown,40,Fail,"FAIL_GROWTH,FAIL_ROIC,FAIL_PS,FAIL_PEG,FAIL_FLOAT,FAIL_INSIDER",0.0,1.0,0.0,0.0,100.0,3.0
HP,"Helmerich & Payne, Inc.",36.12,3672181504.0,Energy,Unknown,40,Fail,"FAIL_MCAP,FAIL_PRICE,FAIL_ROIC,FAIL_PEG,FAIL_FLOAT,FAIL_INSIDER",0.502,0.31878,0.015348220618130556,0.040159997,1.99203187250996,1.8068372220445474
CASY,"Casey's General Stores, Inc.",676.05,25059098624.0,Consumer Cyclical,Unknown,30,Fail,"FAIL_MCAP,FAIL_PRICE,FAIL_GROWTH,FAIL_GM,FAIL_ROIC,FAIL_PEG,FAIL_INSIDER",0.003,0.24535999,0.0994996920875479,0.00514,129.28858333333335,6.0386843551190665
ZGM,Zenta Group Company Limited,1.72,20311204.0,Industrials,Unknown,60,Fail,"FAIL_MCAP,FAIL_GROWTH,FAIL_PS,FAIL_FLOAT",-0.27,0.78080004,0.16905307980555237,1.3808,-0.637037037037037,30.255272485415087
RDIB,"Reading International, Inc.",10.5705,240132800.0,Communication Services,Unknown,70,Fail,"FAIL_GROWTH,FAIL_GM,FAIL_ROIC",-0.132,0.14462,-0.03870531609014029,0.82194,-7.575757575757575,0.04221025867365641
IBRX,"ImmunityBio, Inc.",8.785,9026819072.0,Healthcare,Unknown,60,Fail,"FAIL_MCAP,FAIL_ROIC,FAIL_PS,FAIL_FLOAT",4.07,0.99334997,0.0,0.63673997,0.2457002457002457,-5.728079869925421
HTCR,"HeartCore Enterprises, Inc.",0.2419,6149051.0,Technology,Unknown,50,Fail,"FAIL_MCAP,FAIL_GROWTH,FAIL_GM,FAIL_GM_TREND,FAIL_ROIC",-0.816,0.33139,-0.8038145863469742,0.65847,-1.2254901960784315,-0.15853947194284768
LFVN,LifeVantage Corporation,4.7199,60383376.0,Consumer Defensive,Unknown,90,Fail,FAIL_GROWTH,-0.278,0.78745,0.3740624054200898,0.16292,-0.28296762589928054,3.074783874953845
LADR,Ladder Capital Corp,10.065,1281489792.0,Real Estate,Unknown,50,Fail,"FAIL_GROWTH,FAIL_ROIC,FAIL_PS,FAIL_FLOAT,FAIL_INSIDER",-0.264,0.72183,0.05312098289294111,0.123959996,-0.7475490151515151,3.0
MSI,"Motorola Solutions, Inc.",470.445,78354964480.0,Technology,Unknown,40,Fail,"FAIL_MCAP,FAIL_PRICE,FAIL_GROWTH,FAIL_PEG,FAIL_FLOAT,FAIL_INSIDER",0.123,0.51798,0.22124118412237237,0.00455,2.9974577235772357,4.1118370832810776
BAK,Braskem S.A.,4.715,1878852992.0,Basic Materials,Unknown,40,Fail,"FAIL_GROWTH,FAIL_GM,FAIL_GM_TREND,FAIL_ROIC,FAIL_FLOAT,FAIL_INSIDER",-0.186,0.044120003,-0.15488776599675363,0.0,-5.376344086021505,0.2833999705713341
WFG,West Fraser Timber Co. Ltd.,63.54,4983807488.0,Basic Materials,Unknown,30,Fail,"FAIL_MCAP,FAIL_PRICE,FAIL_GROWTH,FAIL_GM,FAIL_GM_TREND,FAIL_ROIC,FAIL_FLOAT",-0.171,0.23398,-0.15431112532809335,0.32342997,-5.847953216374268,2.6892072360867934
CVGI,"Commercial Vehicle Group, Inc.",3.435,117571240.0,Consumer Cyclical,Unknown,70,Fail,"FAIL_GROWTH,FAIL_GM,FAIL_ROIC",-0.052,0.11297,-0.014434876290112222,0.16705999,-19.23076923076923,2.0357294581862972
EDUC,Educational Development Corporation,1.3734,11788168.0,Communication Services,Unknown,60,Fail,"FAIL_MCAP,FAIL_GROWTH,FAIL_GM_TREND,FAIL_ROIC",-0.366,0.59723,-0.04939798356020411,0.25566998,-0.07983955464480874,1.3243966449786229
NXRT,"NexPoint Residential Trust, Inc.",25.7,1322656768.0,Real Estate,Unknown,50,Fail,"FAIL_PRICE,FAIL_GROWTH,FAIL_ROIC,FAIL_PS,FAIL_INSIDER",-0.026,0.60183996,0.0,0.13416,-38.46153846153846,0.5928912204353409
EBS,Emergent BioSolutions Inc.,8.075,424098688.0,Healthcare,Unknown,70,Fail,"FAIL_GROWTH,FAIL_ROIC,FAIL_INSIDER",-0.236,0.49441,0.10150821549381236,0.02633,-0.36791508474576273,1.52304716933492
OVBC,Ohio Valley Banc Corp.,41.5,195506576.0,Financial Services,Unknown,60,Fail,"FAIL_PRICE,FAIL_GROWTH,FAIL_GM,FAIL_PS",-0.034,0.0,0.28473378364321095,0.20042999,-3.68757794117647,3.0
SION,"Sionna Therapeutics, Inc.",35.41,1593381760.0,Healthcare,Unknown,30,Fail,"FAIL_PRICE,FAIL_GROWTH,FAIL_GM,FAIL_ROIC,FAIL_PS,FAIL_PEG,FAIL_INSIDER",0.0,0.0,0.0,0.068720005,100.0,48.84525541858609
MRM,MEDIROM Healthcare Technologies Inc.,1.26,9956458.0,Consumer Cyclical,Unknown,60,Fail,"FAIL_MCAP,FAIL_GROWTH,FAIL_GM,FAIL_ROIC",-0.067,0.25054002,0.06188933104303989,0.26417,-0.508269447761194,0.8871823710342808
RYAN,"Ryan Specialty Holdings, Inc.",34.2,9054917632.0,Financial Services,Unknown,20,Fail,"FAIL_MCAP,FAIL_PRICE,FAIL_GROWTH,FAIL_ROIC,FAIL_PS,FAIL_PEG,FAIL_FLOAT,FAIL_INSIDER",0.136,0.41839,0.09366999319514185,0.13442999,5.350438235294118,3.0
BFC,Bank First Corporation,133.1,1490943360.0,Financial Services,Unknown,40,Fail,"FAIL_PRICE,FAIL_GROWTH,FAIL_GM,FAIL_PS,FAIL_PEG,FAIL_INSIDER",0.094,0.0,0.2455139919452334,0.09507,1.9584475531914896,3.0
KEX,Kirby Corporation,128.13,6944646144.0,Industrials,Unknown,50,Fail,"FAIL_MCAP,FAIL_PRICE,FAIL_ROIC,FAIL_FLOAT,FAIL_INSIDER",0.206,0.34112,0.08798163032606925,0.00882,0.9841618932038835,3.2823063412778626
GSHD,"Goosehead Insurance, Inc.",44.99,1657623808.0,Financial Services,Unknown,50,Fail,"FAIL_PRICE,FAIL_GROWTH,FAIL_PS,FAIL_PEG,FAIL_INSIDER",0.122,0.46148,0.29340130631059635,0.04326,3.5458702459016394,3.0
ATEX,Anterix Inc.,37.51,702670592.0,Communication Services,Unknown,40,Fail,"FAIL_PRICE,FAIL_GROWTH,FAIL_ROIC,FAIL_PS,FAIL_PEG,FAIL_INSIDER",0.004,1.0,-0.5131778965638966,0.02305,21.5574725,0.3945694776016151
TBN,Tamboran Resources Corporation,31.46,712239040.0,Energy,Unknown,50,Fail,"FAIL_PRICE,FAIL_GROWTH,FAIL_GM,FAIL_PS,FAIL_PEG",0.0,0.0,,0.26762,100.0,6.781501600397238
AVXL,Anavex Life Sciences Corp.,4.3474,402881216.0,Healthcare,Unknown,30,Fail,"FAIL_GROWTH,FAIL_GM,FAIL_ROIC,FAIL_PS,FAIL_PEG,FAIL_FLOAT,FAIL_INSIDER",0.0,0.0,0.0,0.031170001,100.0,21.485752805480963
ONBPO,Old National Bancorp,25.0,0.0,Financial Services,Unknown,30,Fail,"FAIL_MCAP,FAIL_PRICE,FAIL_GM,FAIL_ROIC,FAIL_PS,FAIL_FLOAT,FAIL_INSIDER",0.414,0.0,0.1353308177636476,0.00561,0.6777382367149759,3.0
HII,"Huntington Ingalls Industries, Inc.",431.2814,16924641280.0,Industrials,Unknown,30,Fail,"FAIL_MCAP,FAIL_PRICE,FAIL_GROWTH,FAIL_GM,FAIL_ROIC,FAIL_PEG,FAIL_INSIDER",0.157,0.12696,0.09509232300702807,0.0076800003,1.7837762420382166,3.171197076867997
SWZ,"Total Return Securities, Inc.",0.0,101846560.0,Unknown,Unknown,30,Fail,"FAIL_GROWTH,FAIL_GM,FAIL_ROIC,FAIL_PS,FAIL_PEG,FAIL_FLOAT,FAIL_INSIDER",0.0,0.0,0.0,0.0,100.0,3.0
NERV,"Minerva Neurosciences, Inc.",7.92,342733248.0,Healthcare,Unknown,40,Fail,"FAIL_GROWTH,FAIL_GM,FAIL_ROIC,FAIL_PS,FAIL_PEG,FAIL_INSIDER",0.0,0.0,0.0,0.03597,100.0,-17.875584596740296
HCKT,"The Hackett Group, Inc.",13.35,338828736.0,Technology,Unknown,60,Fail,"FAIL_GROWTH,FAIL_GM,FAIL_ROIC,FAIL_INSIDER",-0.034,0.38944998,0.10889741607551,0.12375,-8.53580588235294,4.061547916246264
CMCSA,Comcast Corporation,28.835,105071697920.0,Communication Services,Unknown,30,Fail,"FAIL_MCAP,FAIL_PRICE,FAIL_GROWTH,FAIL_ROIC,FAIL_PEG,FAIL_FLOAT,FAIL_INSIDER",0.012,0.71747,0.12354734542147638,0.0075700004,4.458101166666667,1.5036895095847747
HST,"Host Hotels & Resorts, Inc.",18.98,13223159808.0,Real Estate,Unknown,30,Fail,"FAIL_MCAP,FAIL_GROWTH,FAIL_GM,FAIL_GM_TREND,FAIL_ROIC,FAIL_FLOAT,FAIL_INSIDER",0.128,0.28832,0.08739579924147624,0.0149,1.348011328125,1.8908663456143757
JUNS,"Jupiter Neurosciences, Inc.",0.3828,13178410.0,Healthcare,Unknown,40,Fail,"FAIL_MCAP,FAIL_GROWTH,FAIL_GM,FAIL_ROIC,FAIL_PS,FAIL_PEG",0.0,0.0,0.0,0.54101,100.0,-2.634233560008642
NXTT,Next Technology Holding Inc.,2.15,10497496.0,Technology,Unknown,60,Fail,"FAIL_MCAP,FAIL_GROWTH,FAIL_GM_TREND,FAIL_ROIC",0.0,0.52306,-0.000148765925857836,0.43627998,0.0054561608,1.8866120181616106
NOTV,"Inotiv, Inc.",0.3749,12895293.0,Healthcare,Unknown,30,Fail,"FAIL_MCAP,FAIL_GROWTH,FAIL_GM,FAIL_GM_TREND,FAIL_ROIC,FAIL_PEG,FAIL_INSIDER",0.008,0.23491,-0.04249740422076082,0.12816,125.0,-1.164845809510942
CVR,Chicago Rivet & Machine Co.,14.25,13767381.0,Industrials,Unknown,50,Fail,"FAIL_MCAP,FAIL_GROWTH,FAIL_GM,FAIL_ROIC,FAIL_PEG",0.056,0.08334,-0.31750651103481703,0.23688,17.857142857142854,4.7730025974738375
SAIH,SAIHEAT Limited,7.58,14473184.0,Technology,Unknown,30,Fail,"FAIL_MCAP,FAIL_GROWTH,FAIL_GM,FAIL_GM_TREND,FAIL_ROIC,FAIL_PEG,FAIL_INSIDER",0.196,-0.30784,-0.4939728936356255,0.01512,5.1020408163265305,-1.3709633072340774
LTC,"LTC Properties, Inc.",38.89,1886544512.0,Real Estate,Unknown,50,Fail,"FAIL_PRICE,FAIL_GM_TREND,FAIL_ROIC,FAIL_PS,FAIL_INSIDER",0.59,0.72283995,0.0836330135827856,0.02271,0.2615684745762712,1.8629339564104388
SHMD,SCHMID Group N.V.,6.91,384216512.0,Industrials,Unknown,50,Fail,"FAIL_GROWTH,FAIL_GM,FAIL_GM_TREND,FAIL_ROIC,FAIL_PS",-0.375,0.19799,-3.5318378455140667,0.72192,-2.6666666666666665,-1.1873458574199336
CHEF,"The Chefs' Warehouse, Inc.",62.05,2525076992.0,Consumer Defensive,Unknown,30,Fail,"FAIL_MCAP,FAIL_PRICE,FAIL_GROWTH,FAIL_GM,FAIL_ROIC,FAIL_PEG,FAIL_INSIDER",0.105,0.24198,0.06954198043876024,0.11310001,3.5175738095238094,3.7793434857656263
REE,REE Automotive Ltd.,0.5906,16924262.0,Consumer Cyclical,Unknown,40,Fail,"FAIL_MCAP,FAIL_GROWTH,FAIL_GM,FAIL_ROIC,FAIL_PS,FAIL_PEG",0.0,0.0,-72.99909221579186,0.25157,100.0,-12.418330930120344
NCNA,NuCana plc,1.78,7408130.0,Healthcare,Unknown,30,Fail,"FAIL_MCAP,FAIL_GROWTH,FAIL_GM,FAIL_ROIC,FAIL_PS,FAIL_FLOAT,FAIL_INSIDER",0.0,0.0,0.0,1.0000001e-05,0.004479565,-25.596580301393605
ITRG,Integra Resources Corp.,3.04,612524416.0,Basic Materials,Unknown,50,Fail,"FAIL_GROWTH,FAIL_ROIC,FAIL_PEG,FAIL_FLOAT,FAIL_INSIDER",0.0,0.39888,-0.06866203839304845,0.07323,20.266666,2.8758653200871622
TOPS,Top Ships Inc.,3.4401,15914584.0,Energy,Unknown,70,Fail,"FAIL_MCAP,FAIL_GROWTH,FAIL_ROIC",0.041,0.63446,0.0,0.72877,0.36480382926829263,-0.5953196549104098
GMEX,GMEX Robotics Corporation,0.8801,1063468.0,Technology,Unknown,40,Fail,"FAIL_MCAP,FAIL_GROWTH,FAIL_GM,FAIL_ROIC,FAIL_PEG,FAIL_INSIDER",0.089,0.39271,-0.06969813349979449,0.04188,11.235955056179774,0.1480903060944358
CRNX,"Crinetics Pharmaceuticals, Inc.",37.44,3920167424.0,Healthcare,Unknown,0,Fail,"FAIL_MCAP,FAIL_PRICE,FAIL_GROWTH,FAIL_GM,FAIL_GM_TREND,FAIL_ROIC,FAIL_PS,FAIL_PEG,FAIL_FLOAT,FAIL_INSIDER",0.0,0.0,-0.5505011039368622,0.02031,100.0,15.287295437589867
INEO,INNEOVA Holdings Limited,0.4712,7796298.0,Consumer Cyclical,Unknown,50,Fail,"FAIL_MCAP,FAIL_GROWTH,FAIL_GM,FAIL_ROIC,FAIL_PEG",0.103,0.18061,0.0034002992337839218,1.1322399,9.708737864077671,2.051485650221773
VEON,VEON Ltd.,48.73,3362155520.0,Communication Services,Unknown,50,Fail,"FAIL_MCAP,FAIL_PRICE,FAIL_GROWTH,FAIL_FLOAT,FAIL_INSIDER",0.173,0.88043,0.2021008467348928,0.00061,0.31090098265895955,0.5606335356369123
GRFS,"Grifols, S.A.",7.875,6467926528.0,Healthcare,Unknown,40,Fail,"FAIL_MCAP,FAIL_GROWTH,FAIL_ROIC,FAIL_PEG,FAIL_FLOAT,FAIL_INSIDER",0.003,0.38799998,0.03346438044588461,0.0,41.66666666666667,1.011997422403735
VOR,Vor Biopharma Inc.,13.04,541418688.0,Healthcare,Unknown,40,Fail,"FAIL_GROWTH,FAIL_GM,FAIL_ROIC,FAIL_PS,FAIL_PEG,FAIL_INSIDER",0.0,0.0,0.0,0.05652,100.0,0.405277386569475
CLAR,Clarus Corporation,2.675,102724880.0,Consumer Cyclical,Unknown,70,Fail,"FAIL_GROWTH,FAIL_ROIC,FAIL_INSIDER",-0.084,0.3318,-0.14204565874043992,0.08805,-11.904761904761905,0.29069872858650636
ARTV,"Artiva Biotherapeutics, Inc.",5.78,141869552.0,Healthcare,Unknown,50,Fail,"FAIL_GROWTH,FAIL_GM,FAIL_ROIC,FAIL_PS,FAIL_PEG",0.0,0.0,-0.4185245085842249,0.27708,100.0,2.0144614281250752
J,Jacobs Solutions Inc.,129.52,15294798848.0,Industrials,Unknown,20,Fail,"FAIL_MCAP,FAIL_PRICE,FAIL_GROWTH,FAIL_GM,FAIL_ROIC,FAIL_PEG,FAIL_FLOAT,FAIL_INSIDER",0.123,0.24445999,0.08130394774055096,0.00616,2.7783857723577237,2.961987625468679
INGR,Ingredion Incorporated,112.105,7122045952.0,Consumer Defensive,Unknown,30,Fail,"FAIL_MCAP,FAIL_PRICE,FAIL_GROWTH,FAIL_GM,FAIL_ROIC,FAIL_FLOAT,FAIL_INSIDER",-0.024,0.25322,0.14471660015877874,0.00856,-4.17803375,3.8740122617989536
ISOU,IsoEnergy Ltd.,11.8901,720018880.0,Energy,Unknown,50,Fail,"FAIL_GROWTH,FAIL_GM,FAIL_ROIC,FAIL_PS,FAIL_PEG",0.0,0.0,-0.0026420628606032798,0.35071,100.0,27.741377324412507
ENGN,enGene Holdings Inc.,7.36,493042464.0,Healthcare,Unknown,40,Fail,"FAIL_GROWTH,FAIL_GM,FAIL_ROIC,FAIL_PS,FAIL_PEG,FAIL_INSIDER",0.0,0.0,-0.7653545626803613,0.00093000004,100.0,2.3658128825046485
DSS,"DSS, Inc.",0.9801,9793667.0,Consumer Cyclical,Unknown,40,Fail,"FAIL_MCAP,FAIL_GROWTH,FAIL_GM,FAIL_GM_TREND,FAIL_ROIC,FAIL_PEG",0.142,-0.17069,-0.7327447994497279,0.60715,7.042253521126761,-5.396213521287349
MXC,Mexco Energy Corporation,11.23,22976580.0,Energy,Unknown,60,Fail,"FAIL_MCAP,FAIL_GROWTH,FAIL_ROIC,FAIL_PS",-0.268,0.80203,0.100536355096519,0.65249,-0.6983830223880596,9.992212559724344
FURY,Fury Gold Mines Limited,0.5857,113371008.0,Basic Materials,Unknown,30,Fail,"FAIL_GROWTH,FAIL_GM,FAIL_ROIC,FAIL_PS,FAIL_PEG,FAIL_FLOAT,FAIL_INSIDER",0.0,0.0,-1.4737043839908872,0.072270006,100.0,1.5294265679444745
CGBD,"Carlyle Secured Lending, Inc.",11.24,819429504.0,Financial Services,Unknown,50,Fail,"FAIL_GROWTH,FAIL_ROIC,FAIL_PS,FAIL_FLOAT,FAIL_INSIDER",0.187,1.0,0.0586576692408657,0.00624,0.5951183422459893,3.0
NBR,Nabors Industries Ltd.,80.36,1179137280.0,Energy,Unknown,70,Fail,"FAIL_PRICE,FAIL_GROWTH,FAIL_INSIDER",0.093,0.39888,0.2434291932778343,0.0484,0.4968867204301075,0.997842642729762
SWIM,"Latham Group, Inc.",5.96,695930880.0,Industrials,Unknown,50,Fail,"FAIL_GROWTH,FAIL_ROIC,FAIL_PEG,FAIL_FLOAT,FAIL_INSIDER",0.145,0.33355,0.05014481564415792,0.07241,4.567049655172414,1.9166800980938308
CMI,Cummins Inc.,546.255,75473575936.0,Industrials,Unknown,30,Fail,"FAIL_MCAP,FAIL_PRICE,FAIL_GROWTH,FAIL_GM,FAIL_PEG,FAIL_FLOAT,FAIL_INSIDER",0.011,0.25759,0.18177341223664795,0.0034,24.24782454545455,4.796873360605532
SOMN,The Southern Company,52.065,0.0,Utilities,Unknown,20,Fail,"FAIL_MCAP,FAIL_PRICE,FAIL_GROWTH,FAIL_ROIC,FAIL_PS,FAIL_PEG,FAIL_FLOAT,FAIL_INSIDER",0.101,0.48469,0.06337070718831554,0.0,9.9009900990099,0.4518899306447469
BN,Brookfield Corporation,39.64,89081077760.0,Financial Services,Unknown,50,Fail,"FAIL_MCAP,FAIL_PRICE,FAIL_GROWTH,FAIL_PEG,FAIL_FLOAT",0.035,0.4,,0.17372,23.113702857142854,
CMCL,Caledonia Mining Corporation Plc,23.9,461384320.0,Basic Materials,Unknown,80,Fail,"FAIL_ROIC,FAIL_INSIDER",0.529,0.58919,0.10588487159378876,0.13944,0.17648275047258977,3.062973302442102
PSNY,Polestar Automotive Holding UK PLC,17.345,1587201280.0,Consumer Cyclical,Unknown,50,Fail,"FAIL_GM,FAIL_GM_TREND,FAIL_ROIC,FAIL_PEG,FAIL_FLOAT",0.261,-0.32676998,-1.816632242374835,0.77156997,3.8314176245210727,-3.8818037734590543
LASE,Laser Photonics Corporation,0.8788,20014848.0,Industrials,Unknown,70,Fail,"FAIL_MCAP,FAIL_GM_TREND,FAIL_PEG",0.283,0.35224998,,0.25609,3.53356890459364,0.378827040589385
MTH,Meritage Homes Corporation,62.985,4434566144.0,Consumer Cyclical,Unknown,20,Fail,"FAIL_MCAP,FAIL_PRICE,FAIL_GROWTH,FAIL_GM,FAIL_GM_TREND,FAIL_ROIC,FAIL_FLOAT,FAIL_INSIDER",-0.115,0.20101,0.07179275468660114,0.024619998,-0.8625128695652174,4.132603911494442
NTST,NETSTREIT Corp.,20.0075,2203086080.0,Real Estate,Unknown,30,Fail,"FAIL_MCAP,FAIL_GROWTH,FAIL_ROIC,FAIL_PS,FAIL_PEG,FAIL_FLOAT,FAIL_INSIDER",0.196,0.90037,0.021061290699462536,0.0057200002,12.759885204081632,1.234545918938414
QRVO,"Qorvo, Inc.",77.07,7144826880.0,Technology,Unknown,20,Fail,"FAIL_MCAP,FAIL_PRICE,FAIL_GROWTH,FAIL_GM,FAIL_ROIC,FAIL_PEG,FAIL_FLOAT,FAIL_INSIDER",0.084,0.44684,0.031048079009464064,0.011390001,2.527547976190476,2.6661632050854083
DIT,AMCON Distributing Company,115.3,75026752.0,Consumer Defensive,Unknown,50,Fail,"FAIL_PRICE,FAIL_GROWTH,FAIL_GM,FAIL_ROIC,FAIL_PEG",0.034,0.08329,0.015251261209633299,0.74427,20.80476470588235,8.244677218447753
GPATU,GP-Act III Acquisition Corp.,10.87,0.0,Financial Services,Unknown,30,Fail,"FAIL_MCAP,FAIL_GROWTH,FAIL_GM,FAIL_ROIC,FAIL_PS,FAIL_PEG,FAIL_INSIDER",0.0,0.0,0.0,0.0,100.0,-0.0716629287446828
YYGH,YY Group Holding Limited,0.0456,3141209.0,Consumer Cyclical,Unknown,60,Fail,"FAIL_MCAP,FAIL_GM,FAIL_ROIC,FAIL_PEG",0.337,0.15019,-0.4558331770267965,0.51181,2.9673590504451037,1.9591329562302153
CSL,Carlisle Companies Incorporated,341.19,14256888832.0,Industrials,Unknown,50,Fail,"FAIL_MCAP,FAIL_PRICE,FAIL_GROWTH,FAIL_PEG,FAIL_INSIDER",0.004,0.35709998,0.22551307052360858,0.011729999,49.678215,5.19191498443519
ECPG,"Encore Capital Group, Inc.",68.78,1534046848.0,Financial Services,Unknown,70,Fail,"FAIL_PRICE,FAIL_ROIC,FAIL_INSIDER",0.783,1.0,0.09771772973976471,0.04117,0.08051478927203065,1.2151257880482342
NBXG,Neuberger Berman Income Funds - Neuberger Next Generation Connectivity Fund Inc.,13.23,1042014528.0,Financial Services,Unknown,30,Fail,"FAIL_GROWTH,FAIL_GM,FAIL_ROIC,FAIL_PS,FAIL_PEG,FAIL_FLOAT,FAIL_INSIDER",0.0,0.0,0.0,0.0,3.242647,3.0
LUXE,LuxExperience B.V.,8.29,1137898624.0,Consumer Cyclical,Unknown,100,Pass,,1.901,0.46671,,0.87027,0.007885827459231984,
PTNM,Pitanium Limited,10.39,239099888.0,Consumer Defensive,Unknown,70,Fail,"FAIL_GROWTH,FAIL_ROIC,FAIL_PS",-0.239,0.79418,-1.1876732729837995,0.83281,-14.490934728033475,7.4233058034062
GHY,"PGIM Global High Yield Fund, Inc",11.9416,489050656.0,Financial Services,Unknown,30,Fail,"FAIL_GROWTH,FAIL_GM,FAIL_ROIC,FAIL_PS,FAIL_PEG,FAIL_FLOAT,FAIL_INSIDER",0.0,0.0,0.0,0.0,8.716496,3.0
FBK,FB Financial Corporation,51.48,2752248320.0,Financial Services,Unknown,60,Fail,"FAIL_MCAP,FAIL_PRICE,FAIL_GM,FAIL_PS",0.439,0.0,0.3397921798016205,0.15738,0.4786388382687927,3.0
SIGIP,"Selective Insurance Group, Inc.",16.48,0.0,Financial Services,Unknown,30,Fail,"FAIL_MCAP,FAIL_GROWTH,FAIL_GM,FAIL_ROIC,FAIL_PS,FAIL_FLOAT,FAIL_INSIDER",0.086,0.22048001,0.11205582641590585,0.0,0.3409749186046512,3.0
RMI,"RiverNorth Opportunistic Municipal Income Fund, Inc.",15.43,98359152.0,Financial Services,Unknown,30,Fail,"FAIL_GROWTH,FAIL_GM,FAIL_ROIC,FAIL_PS,FAIL_PEG,FAIL_FLOAT,FAIL_INSIDER",0.0,0.0,0.0,0.01403,100.0,3.0
BCH,Banco de Chile,38.87,19632668672.0,Financial Services,Unknown,30,Fail,"FAIL_MCAP,FAIL_PRICE,FAIL_GROWTH,FAIL_GM,FAIL_PS,FAIL_FLOAT,FAIL_INSIDER",-0.062,0.0,,0.0,-2.4394377419354836,3.0
HAYW,"Hayward Holdings, Inc.",14.15,3073488384.0,Industrials,Unknown,40,Fail,"FAIL_MCAP,FAIL_GROWTH,FAIL_ROIC,FAIL_PEG,FAIL_FLOAT,FAIL_INSIDER",0.068,0.48299,0.08993262568143971,0.02261,3.0601210294117642,2.412983490008473
MGYR,"Magyar Bancorp, Inc.",17.9199,116084960.0,Financial Services,Unknown,70,Fail,"FAIL_GROWTH,FAIL_GM,FAIL_PS",0.161,0.0,0.1609463071547744,0.16307,0.6433741614906832,3.0
NNDM,Nano Dimension Ltd.,1.615,352655040.0,Technology,Unknown,50,Fail,"FAIL_GM,FAIL_GM_TREND,FAIL_ROIC,FAIL_FLOAT,FAIL_INSIDER",0.724,0.35613,-0.17469409609800074,0.054,1.38121546961326,4.555582299122626
MAYS,"J.W. Mays, Inc.",44.0,88694320.0,Real Estate,Unknown,50,Fail,"FAIL_PRICE,FAIL_GROWTH,FAIL_GM,FAIL_GM_TREND,FAIL_PS",-0.077,0.26522,,0.84006,-12.987012987012987,
GCTS,"GCT Semiconductor Holding, Inc.",1.2499,90578920.0,Technology,Unknown,50,Fail,"FAIL_GROWTH,FAIL_GM,FAIL_GM_TREND,FAIL_ROIC,FAIL_PS",-0.835,-0.00205,0.0,0.18781,-1.1976047904191616,-42.352373151802986
FSBW,"FS Bancorp, Inc.",38.03,285927136.0,Financial Services,Unknown,50,Fail,"FAIL_PRICE,FAIL_GROWTH,FAIL_GM,FAIL_ROIC,FAIL_INSIDER",0.064,0.0,0.14095698330736287,0.14924,1.38512515625,3.0
FTRE,Fortrea Holdings Inc.,9.84,920040000.0,Healthcare,Unknown,40,Fail,"FAIL_GROWTH,FAIL_GM,FAIL_GM_TREND,FAIL_ROIC,FAIL_FLOAT,FAIL_INSIDER",-0.052,0.18499,-0.5943932898209017,0.0054400004,-19.23076923076923,-0.544287754878731
EMPD,Empery Digital Inc.,4.595,165495792.0,Consumer Cyclical,Unknown,60,Fail,"FAIL_GROWTH,FAIL_GM,FAIL_ROIC,FAIL_PS",-0.816,-0.92936,0.0,0.25689,-0.0001624066911764706,-44.39065975474821
PAC,"Grupo Aeroportuario del Pacífico, S.A.B. de C.V.",235.21,11884631040.0,Industrials,Unknown,60,Fail,"FAIL_MCAP,FAIL_PRICE,FAIL_FLOAT,FAIL_INSIDER",1.87,0.77057,0.207689541827459,0.0,0.1137258128342246,1.4355622832816306
SLNG,"Stabilis Solutions, Inc.",3.3,61367796.0,Energy,Unknown,70,Fail,"FAIL_GROWTH,FAIL_GM,FAIL_ROIC",-0.233,0.26399,-0.03854375012718389,0.82171994,-4.291845493562231,2.3804399379113246
CAPS,Capstone Holding Corp.,0.6984,6346970.0,Basic Materials,Unknown,50,Fail,"FAIL_MCAP,FAIL_GROWTH,FAIL_GM,FAIL_ROIC,FAIL_PEG",0.108,0.21866,-0.05692640233738883,0.38189,9.25925925925926,-4.826150102578813
NIQ,NIQ Global Intelligence plc,11.02,3252084736.0,Unknown,Unknown,10,Fail,"FAIL_MCAP,FAIL_GROWTH,FAIL_GM,FAIL_GM_TREND,FAIL_ROIC,FAIL_PS,FAIL_PEG,FAIL_FLOAT,FAIL_INSIDER",0.0,0.0,0.04531504913665353,0.0,100.0,0.580238655206854
LASR,"nLIGHT, Inc.",70.6909,3943938816.0,Technology,Unknown,30,Fail,"FAIL_MCAP,FAIL_PRICE,FAIL_GM,FAIL_ROIC,FAIL_PS,FAIL_FLOAT,FAIL_INSIDER",0.713,0.29833,-0.1360655566187178,0.05155,1.402524544179523,26.485657447283025
CTSO,Cytosorbents Corporation,0.6551,41143100.0,Healthcare,Unknown,50,Fail,"FAIL_MCAP,FAIL_GROWTH,FAIL_ROIC,FAIL_PEG,FAIL_FLOAT",0.101,0.70799005,-0.5594877965125874,0.15604,9.9009900990099,-8.71772050904701
SGHT,"Sight Sciences, Inc.",3.76,203062496.0,Healthcare,Unknown,70,Fail,"FAIL_GROWTH,FAIL_ROIC,FAIL_PEG",0.069,0.86173,-2.6099954121087148,0.21278,14.492753623188404,-1.52191463658315
AWRE,"Aware, Inc.",1.29,27866260.0,Technology,Unknown,70,Fail,"FAIL_MCAP,FAIL_GROWTH,FAIL_ROIC",-0.028,0.9235,-0.3002742224502822,0.44447,-35.71428571428571,-0.788720478083384
LUNG,Pulmonx Corporation,1.53,64622920.0,Healthcare,Unknown,70,Fail,"FAIL_GROWTH,FAIL_ROIC,FAIL_INSIDER",-0.049,0.74189,-1.2475385715949927,0.10503,-20.408163265306122,-4.956106027169225
CHE,Chemed Corporation,391.3,5520818176.0,Healthcare,Unknown,50,Fail,"FAIL_MCAP,FAIL_PRICE,FAIL_GROWTH,FAIL_GM_TREND,FAIL_INSIDER",-0.001,0.32536998,0.2541771861302552,0.020569999,-213.47517,11.041794127701973
MTRN,Materion Corporation,143.775,2981348864.0,Basic Materials,Unknown,20,Fail,"FAIL_MCAP,FAIL_PRICE,FAIL_GROWTH,FAIL_GM,FAIL_GM_TREND,FAIL_ROIC,FAIL_PEG,FAIL_INSIDER",0.121,0.17275,0.0704256718982585,0.018029999,3.319059008264463,4.342837040428339
OXLC,Oxford Lane Capital Corp.,8.185,794837056.0,Financial Services,Unknown,70,Fail,"FAIL_ROIC,FAIL_FLOAT,FAIL_INSIDER",0.295,1.0,0.0,0.03225,0.630585559322034,3.0
UWMC,UWM Holdings Corporation,3.7672,6037474816.0,Financial Services,Unknown,60,Fail,"FAIL_MCAP,FAIL_ROIC,FAIL_FLOAT,FAIL_INSIDER",3.01,1.0,0.1343789720639612,0.13616,0.10429678737541527,3.0
RMBI,"Richmond Mutual Bancorporation, Inc.",13.3599,129750888.0,Financial Services,Unknown,70,Fail,"FAIL_GROWTH,FAIL_GM,FAIL_ROIC",0.164,0.0,0.12100326234227035,0.21529,0.6962632926829267,3.0
HHH,Howard Hughes Holdings Inc.,63.93,3812551424.0,Real Estate,Unknown,50,Fail,"FAIL_MCAP,FAIL_PRICE,FAIL_GROWTH,FAIL_ROIC,FAIL_INSIDER",-0.365,0.47687,0.03424904197184186,0.01171,-0.7925369863013699,0.8255896731084797
ASLE,AerSale Corporation,6.35,299624832.0,Industrials,Unknown,80,Fail,"FAIL_GROWTH,FAIL_ROIC",-0.04,0.31547,0.013806891819786572,0.19424,-14.431818,2.5664382671246875
SCAG,Scage Future,1.485,107825352.0,Industrials,Unknown,60,Fail,"FAIL_GM,FAIL_ROIC,FAIL_PS,FAIL_PEG",0.388,-0.06412,-1.3260321823522156,0.71606004,2.5773195876288657,-1.8571337862639643
CGTL,Creative Global Technology Holdings Limited,0.97,24953250.0,Consumer Cyclical,Unknown,50,Fail,"FAIL_MCAP,FAIL_GROWTH,FAIL_GM,FAIL_GM_TREND,FAIL_ROIC",-0.41,0.108059995,-0.7482811676547391,0.49347,-2.4390243902439024,59.5088413326459
PTON,"Peloton Interactive, Inc.",4.0819,1736803968.0,Consumer Cyclical,Unknown,60,Fail,"FAIL_GROWTH,FAIL_ROIC,FAIL_FLOAT,FAIL_INSIDER",-0.026,0.51725,0.03717210995976533,0.011849999,-38.46153846153846,-1.72104766843393
JBS,JBS N.V.,15.0,16635872256.0,Consumer Defensive,Unknown,50,Fail,"FAIL_MCAP,FAIL_GROWTH,FAIL_GM,FAIL_ROIC,FAIL_FLOAT",0.134,0.13781,0.14762512703873454,0.54107,1.086799067164179,2.718346293900006
SLG,SL Green Realty Corp.,38.745,2941096960.0,Real Estate,Unknown,20,Fail,"FAIL_MCAP,FAIL_PRICE,FAIL_GROWTH,FAIL_ROIC,FAIL_PS,FAIL_PEG,FAIL_FLOAT,FAIL_INSIDER",0.0,0.52415,0.0,0.00156,100.0,0.3836428960730885
ALTS,ALT5 Sigma Corporation,1.385,174979680.0,Technology,Unknown,40,Fail,"FAIL_GM,FAIL_GM_TREND,FAIL_ROIC,FAIL_PEG,FAIL_FLOAT,FAIL_INSIDER",0.533,0.43488997,-0.2111460164068689,0.02617,1.8761726078799248,0.5850165240210012
PAY,"Paymentus Holdings, Inc.",24.71,3106432256.0,Technology,Unknown,40,Fail,"FAIL_MCAP,FAIL_GM,FAIL_GM_TREND,FAIL_PEG,FAIL_FLOAT,FAIL_INSIDER",0.281,0.24767,0.2407106881696578,0.026630001,1.6910758007117437,20.460303396034035
ALAB,"Astera Labs, Inc.",125.955,21439367168.0,Technology,Unknown,40,Fail,"FAIL_MCAP,FAIL_PRICE,FAIL_ROIC,FAIL_PS,FAIL_FLOAT,FAIL_INSIDER",0.918,0.75688004,0.14514860504624966,0.11271,1.1246384095860567,78.3854855276304
DCTH,"Delcath Systems, Inc.",9.43,333008384.0,Healthcare,Unknown,60,Fail,"FAIL_ROIC,FAIL_PS,FAIL_PEG,FAIL_INSIDER",0.373,0.86158997,0.007389882355312261,0.0292,3.611643431635389,11.868707778425144
III,"Information Services Group, Inc.",3.9,186748016.0,Technology,Unknown,60,Fail,"FAIL_GROWTH,FAIL_GM,FAIL_ROIC,FAIL_PEG",0.059,0.4307,0.08768539584213682,0.27369,3.479036610169492,2.120008682240358
PHOE,Phoenix Asia Holdings Limited,15.9,343440000.0,Industrials,Unknown,70,Fail,"FAIL_GM,FAIL_PS,FAIL_PEG",0.293,0.29521,1.3532863333408995,0.74537003,10.853242320819113,94.69991719065126
PBFS,"Pioneer Bancorp, Inc.",13.7783,348695168.0,Financial Services,Unknown,70,Fail,"FAIL_GROWTH,FAIL_GM,FAIL_PS",0.157,0.0,0.22569260330354446,0.58844,1.0573479617834396,3.0
NBTB,NBT Bancorp Inc.,40.7537,2127522816.0,Financial Services,Unknown,40,Fail,"FAIL_MCAP,FAIL_PRICE,FAIL_GM,FAIL_PS,FAIL_FLOAT,FAIL_INSIDER",0.24,0.0,0.20822747169434372,0.02693,0.5099312083333333,3.0
RMAX,"RE/MAX Holdings, Inc.",6.01,121056152.0,Real Estate,Unknown,80,Fail,"FAIL_GROWTH,FAIL_ROIC",-0.018,0.75022006,0.04428850812507603,0.1524,-8.347222777777779,0.8098533008754522
CNOB,"ConnectOne Bancorp, Inc.",25.81,1297555968.0,Financial Services,Unknown,50,Fail,"FAIL_PRICE,FAIL_GM,FAIL_ROIC,FAIL_PS,FAIL_INSIDER",0.597,0.0,0.1238127760515694,0.05198,0.2652320770519263,3.0
COLM,Columbia Sportswear Company,55.11,2969816832.0,Consumer Cyclical,Unknown,60,Fail,"FAIL_MCAP,FAIL_PRICE,FAIL_GROWTH,FAIL_ROIC",-0.024,0.50531,0.10435026068103678,0.56701,-7.0871916666666674,4.2340766548226085
REX,REX American Resources Corporation,41.39,1368252928.0,Basic Materials,Unknown,40,Fail,"FAIL_PRICE,FAIL_GROWTH,FAIL_GM,FAIL_ROIC,FAIL_PEG,FAIL_INSIDER",0.004,0.12657,0.12854712198437,0.14643,69.446305,14.051682253174933
TCRX,"TScan Therapeutics, Inc.",1.1,62591788.0,Healthcare,Unknown,60,Fail,"FAIL_GM,FAIL_ROIC,FAIL_PS,FAIL_INSIDER",2.86,0.0,0.0,0.00228,0.34965034965034963,-3.794070996446492
NDRA,ENDRA Life Sciences Inc.,3.3053,3855440.0,Healthcare,Unknown,50,Fail,"FAIL_MCAP,FAIL_GROWTH,FAIL_GM,FAIL_ROIC,FAIL_PS",0.0,0.0,0.0,0.39719,0.16932888,-38.55753098884745
FVR,"FrontView REIT, Inc.",16.18,361024416.0,Real Estate,Unknown,50,Fail,"FAIL_GROWTH,FAIL_ROIC,FAIL_PS,FAIL_PEG,FAIL_INSIDER",0.053,0.85410005,0.019341099552521276,0.00952,18.867924528301888,0.6902350812974462
GGAL,Grupo Financiero Galicia S.A.,41.9683,6829314048.0,Financial Services,Unknown,40,Fail,"FAIL_MCAP,FAIL_PRICE,FAIL_GROWTH,FAIL_GM,FAIL_FLOAT,FAIL_INSIDER",-0.1,0.0,,0.00041,-5.6713917,3.0
TRNO,Terreno Realty Corporation,63.25,6570226688.0,Real Estate,Unknown,40,Fail,"FAIL_MCAP,FAIL_PRICE,FAIL_ROIC,FAIL_PS,FAIL_FLOAT,FAIL_INSIDER",0.326,0.75838995,0.0,0.01956,0.49621073619631895,3.5374004390946094
EP,Empire Petroleum Corporation,2.9799,104956176.0,Energy,Unknown,50,Fail,"FAIL_GROWTH,FAIL_GM,FAIL_GM_TREND,FAIL_ROIC,FAIL_PS",-0.283,0.17910999,-0.2028174243698837,0.5941,-3.53356890459364,-0.004848520774316578
LNT,Alliant Energy Corporation,72.08,18534711296.0,Utilities,Unknown,20,Fail,"FAIL_MCAP,FAIL_PRICE,FAIL_GROWTH,FAIL_ROIC,FAIL_PS,FAIL_PEG,FAIL_FLOAT,FAIL_INSIDER",0.09,0.45667,0.07439145726929136,0.00252,2.5506015555555557,1.1730649486757445
INBS,Intelligent Bio Solutions Inc.,3.44,5517017.0,Healthcare,Unknown,70,Fail,"FAIL_MCAP,FAIL_PEG,FAIL_INSIDER",0.476,0.46210998,,0.0059100003,2.100840336134454,-14.027051130498933
BGS,"B&G Foods, Inc.",4.885,390687904.0,Consumer Defensive,Unknown,50,Fail,"FAIL_GROWTH,FAIL_GM,FAIL_ROIC,FAIL_FLOAT,FAIL_INSIDER",-0.022,0.22002001,0.03850643933944241,0.03877,-45.45454545454546,1.2968200690482732
TELA,"TELA Bio, Inc.",0.7156,31866052.0,Healthcare,Unknown,50,Fail,"FAIL_MCAP,FAIL_GROWTH,FAIL_ROIC,FAIL_PEG,FAIL_INSIDER",0.091,0.67727,-1.8657876056558205,0.08609,10.989010989010989,-5.052156673899721
NEWTP,"NewtekOne, Inc.",24.05,0.0,Financial Services,Unknown,50,Fail,"FAIL_MCAP,FAIL_GROWTH,FAIL_PS,FAIL_PEG,FAIL_INSIDER",0.03,0.85251,0.16862684463050773,0.0,33.333333333333336,3.0
CWK,Cushman & Wakefield Limited,12.44,2883861760.0,Real Estate,Unknown,30,Fail,"FAIL_MCAP,FAIL_GROWTH,FAIL_GM,FAIL_ROIC,FAIL_PEG,FAIL_FLOAT,FAIL_INSIDER",0.108,0.18273,0.0612303738901957,0.00719,3.0311891666666666,1.660262310555587
BEN,"Franklin Resources, Inc.",24.47,12758429696.0,Financial Services,Unknown,40,Fail,"FAIL_MCAP,FAIL_GROWTH,FAIL_GM_TREND,FAIL_ROIC,FAIL_PEG,FAIL_FLOAT",0.034,0.37035,0.028210938268606725,0.48398,6.663942941176471,1.3997662597339646
BCAX,Bicara Therapeutics Inc.,18.66,1209125632.0,Healthcare,Unknown,40,Fail,"FAIL_GROWTH,FAIL_GM,FAIL_ROIC,FAIL_PS,FAIL_PEG,FAIL_INSIDER",0.0,0.0,-28.46871512327831,0.105909996,3.4684014,40.03534843856596
INMB,INmune Bio Inc.,1.235,32832796.0,Healthcare,Unknown,50,Fail,"FAIL_MCAP,FAIL_GROWTH,FAIL_ROIC,FAIL_PS,FAIL_PEG",0.0,1.0,0.0,0.17011,100.0,-6.220519843961844
PAVM,PAVmed Inc.,10.1,9304979.0,Healthcare,Unknown,50,Fail,"FAIL_MCAP,FAIL_GROWTH,FAIL_GM,FAIL_PS,FAIL_INSIDER",-0.995,0.0,1.010361958836054,0.12283,-1.0050251256281406,-9.634557141100583
ACR,ACRES Commercial Realty Corp.,18.97,140877168.0,Real Estate,Unknown,80,Fail,"FAIL_GROWTH,FAIL_ROIC",-0.056,0.41472998,0.08100968761923555,0.21876,-3.603723392857143,3.0
CURI,CuriosityStream Inc.,3.24,190298528.0,Communication Services,Unknown,80,Fail,"FAIL_ROIC,FAIL_PEG",0.358,0.56581,-0.27053794254692987,0.30688,2.7932960893854752,-2.133514274076749
ELA,Envela Corporation,12.03,312362272.0,Consumer Cyclical,Unknown,80,Fail,"FAIL_GM,FAIL_ROIC",0.224,0.23254,0.14088721216711722,0.74178004,1.3770604910714284,11.041854754223618
GLP,Global Partners LP,47.475,1605881728.0,Energy,Unknown,50,Fail,"FAIL_PRICE,FAIL_GROWTH,FAIL_GM,FAIL_ROIC,FAIL_PEG",0.11,0.0602,0.11322225050986905,0.29948,2.0454545454545454,5.373277273901984
BWFG,"Bankwell Financial Group, Inc.",46.34,369644352.0,Financial Services,Unknown,70,Fail,"FAIL_PRICE,FAIL_GM,FAIL_PS",0.778,0.0,0.40258716706483544,0.15307,0.13384940874035992,3.0
KBH,KB Home,53.935,3493083648.0,Consumer Cyclical,Unknown,30,Fail,"FAIL_MCAP,FAIL_PRICE,FAIL_GROWTH,FAIL_GM,FAIL_ROIC,FAIL_FLOAT,FAIL_INSIDER",-0.153,0.19568,0.07549454918162476,0.042179998,-0.5731972549019608,3.679777668891653
ALVO,Alvotech,3.775,1176294400.0,Healthcare,Unknown,60,Fail,"FAIL_GROWTH,FAIL_ROIC,FAIL_PEG,FAIL_FLOAT",0.106,0.55592996,-0.09332171933207903,0.62632,1.5484003773584905,-1.876089933462569
AME,"AMETEK, Inc.",214.06,49033744384.0,Industrials,Unknown,20,Fail,"FAIL_MCAP,FAIL_PRICE,FAIL_GROWTH,FAIL_ROIC,FAIL_PS,FAIL_PEG,FAIL_FLOAT,FAIL_INSIDER",0.134,0.36383,0.12361044562267952,0.00422,2.4960352985074623,7.336842423017784
LAUR,"Laureate Education, Inc.",33.76,4819024896.0,Consumer Defensive,Unknown,60,Fail,"FAIL_MCAP,FAIL_PRICE,FAIL_FLOAT,FAIL_INSIDER",0.279,0.38592997,0.18702354288344478,0.09831,0.6402305376344085,4.408857593799124
GTN-A,"Gray Media, Inc.",10.89,1130122112.0,Communication Services,Unknown,50,Fail,"FAIL_GROWTH,FAIL_GM,FAIL_GM_TREND,FAIL_ROIC,FAIL_FLOAT",-0.242,0.24588,0.03291499061410566,0.77962,-4.132231404958678,0.6770582943739132
MNR,Mach Natural Resources LP,13.685,2304866304.0,Energy,Unknown,70,Fail,"FAIL_MCAP,FAIL_ROIC,FAIL_FLOAT",0.368,0.57732,0.0,0.26638,0.3411697282608696,1.2783891867680004
FLYW,Flywire Corporation,12.11,1478957184.0,Technology,Unknown,60,Fail,"FAIL_ROIC,FAIL_PEG,FAIL_FLOAT,FAIL_INSIDER",0.34,0.6142,0.03104754613396057,0.05947,3.237967764705882,2.7012259030900587
HLIO,"Helios Technologies, Inc.",64.35,2131818624.0,Industrials,Unknown,40,Fail,"FAIL_MCAP,FAIL_PRICE,FAIL_GROWTH,FAIL_ROIC,FAIL_PEG,FAIL_INSIDER",0.174,0.32372,0.05335063516770436,0.017719999,2.550534885057471,3.6452656834462966
GENB,"Generate Biomedicines, Inc.",12.0,1529402368.0,Unknown,Unknown,30,Fail,"FAIL_GROWTH,FAIL_GM,FAIL_ROIC,FAIL_PS,FAIL_PEG,FAIL_FLOAT,FAIL_INSIDER",0.0,0.0,0.0,0.0,100.0,-3.4708601021259184
DGX,Quest Diagnostics Incorporated,197.42,21961465856.0,Healthcare,Unknown,30,Fail,"FAIL_MCAP,FAIL_PRICE,FAIL_GROWTH,FAIL_ROIC,FAIL_PEG,FAIL_FLOAT,FAIL_INSIDER",0.071,0.33330002,0.09111417977153463,0.0040599997,3.1741591549295776,3.348363037944803
NRO,Neuberger Berman Income Funds - Neuberger Real Estate Securities Income Fund Inc.,2.96,187551024.0,Financial Services,Unknown,50,Fail,"FAIL_ROIC,FAIL_PS,FAIL_PEG,FAIL_FLOAT,FAIL_INSIDER",0.285,1.0,0.0,0.0,3.5087719298245617,3.0
XERS,"Xeris Biopharma Holdings, Inc.",5.415,933715456.0,Healthcare,Unknown,60,Fail,"FAIL_PS,FAIL_PEG,FAIL_FLOAT,FAIL_INSIDER",0.428,0.85414004,0.18437898534946653,0.037639998,,0.4893337929701348
CZR,"Caesars Entertainment, Inc.",27.62,5637461504.0,Consumer Cyclical,Unknown,30,Fail,"FAIL_MCAP,FAIL_PRICE,FAIL_GROWTH,FAIL_ROIC,FAIL_PEG,FAIL_FLOAT,FAIL_INSIDER",0.042,0.5,0.06650207144674201,0.02256,23.80952380952381,0.516486125201775
MKC-V,"McCormick & Company, Incorporated",56.16,15089319936.0,Consumer Defensive,Unknown,40,Fail,"FAIL_MCAP,FAIL_PRICE,FAIL_GROWTH,FAIL_ROIC,FAIL_PEG,FAIL_FLOAT",0.029,0.37927,0.08886883437304693,0.19317,6.609391034482758,2.3343726771300592
NXTS,Nexentis Technologies Inc.,0.7078,1920179.0,Basic Materials,Unknown,60,Fail,"FAIL_MCAP,FAIL_GROWTH,FAIL_ROIC,FAIL_PS",-0.778,0.64593005,0.0,0.26755,-1.2853470437017995,-10.142617525098569
TRV,"The Travelers Companies, Inc.",301.8,67320537088.0,Financial Services,Unknown,30,Fail,"FAIL_MCAP,FAIL_PRICE,FAIL_GROWTH,FAIL_GM,FAIL_PEG,FAIL_FLOAT,FAIL_INSIDER",0.035,0.2937,0.15996697727344378,0.0026800002,3.144732571428571,3.0
URI,"United Rentals, Inc.",736.4146,46858170368.0,Industrials,Unknown,30,Fail,"FAIL_MCAP,FAIL_PRICE,FAIL_GROWTH,FAIL_ROIC,FAIL_PEG,FAIL_FLOAT,FAIL_INSIDER",0.028,0.38356,0.1252724369430504,0.00681,6.815372142857142,3.0665005598176664
KRKR,36Kr Holdings Inc.,4.245,8365927.0,Communication Services,Unknown,40,Fail,"FAIL_MCAP,FAIL_GROWTH,FAIL_ROIC,FAIL_PEG,FAIL_FLOAT,FAIL_INSIDER",0.047,0.5769,-0.6974185000307327,0.0804,21.27659574468085,-9.722348409881967
MLACU,Mountain Lake Acquisition Corp.,10.73,289656352.0,Unknown,Unknown,30,Fail,"FAIL_GROWTH,FAIL_GM,FAIL_ROIC,FAIL_PS,FAIL_PEG,FAIL_FLOAT,FAIL_INSIDER",0.0,0.0,0.0,0.0,100.0,134.48771184851557
VYNE,VYNE Therapeutics Inc.,0.6038,20120532.0,Healthcare,Unknown,50,Fail,"FAIL_MCAP,FAIL_ROIC,FAIL_PS,FAIL_PEG,FAIL_INSIDER",0.548,1.0,-7.959724837871133,0.04405,1.824817518248175,-32.26632522756848
AIIO,Robo.ai Inc.,0.1208,44738092.0,Consumer Cyclical,Unknown,50,Fail,"FAIL_MCAP,FAIL_GROWTH,FAIL_ROIC,FAIL_PS,FAIL_FLOAT",-0.879,0.54528,0.0,0.25439,-1.1376564277588168,-39.92517632022907
BOKF,BOK Financial Corporation,124.09,7531852800.0,Financial Services,Unknown,50,Fail,"FAIL_MCAP,FAIL_PRICE,FAIL_GROWTH,FAIL_GM,FAIL_PS",0.127,0.0,0.205938205549731,0.63519,1.0666884251968505,3.0
KNTK,Kinetik Holdings Inc.,46.105,2977955840.0,Energy,Unknown,50,Fail,"FAIL_MCAP,FAIL_PRICE,FAIL_GROWTH,FAIL_PEG,FAIL_INSIDER",0.116,0.40367,0.2219479298675928,0.081099994,1.5112427586206894,0.8682287090206224
NOVTU,Novanta Inc.,54.265,0.0,Technology,Unknown,20,Fail,"FAIL_MCAP,FAIL_PRICE,FAIL_GROWTH,FAIL_GM,FAIL_ROIC,FAIL_PS,FAIL_PEG,FAIL_INSIDER",0.085,0.4439,0.0729963949621708,0.0,11.764705882352942,1.3833174146950982
CAST,"FreeCast, Inc.",2.0033,81786280.0,Communication Services,Unknown,70,Fail,"FAIL_ROIC,FAIL_PS,FAIL_PEG",0.654,0.57118,0.0,0.32931,1.5290519877675839,
IPWR,Ideal Power Inc.,3.255,39350964.0,Technology,Unknown,20,Fail,"FAIL_MCAP,FAIL_GROWTH,FAIL_GM,FAIL_GM_TREND,FAIL_ROIC,FAIL_PS,FAIL_PEG,FAIL_INSIDER",0.0,-0.60115004,0.0,0.14300999,100.0,
NKTR,Nektar Therapeutics,75.48,2111894272.0,Healthcare,Unknown,40,Fail,"FAIL_MCAP,FAIL_PRICE,FAIL_GROWTH,FAIL_ROIC,FAIL_PS,FAIL_INSIDER",-0.253,1.0,-0.8050766773879654,0.00575,-3.952569169960474,-12.539524965604624
TTEC,"TTEC Holdings, Inc.",3.13,152010176.0,Technology,Unknown,60,Fail,"FAIL_GROWTH,FAIL_GM,FAIL_ROIC,FAIL_PEG",0.004,0.23587,-0.10579236483403351,0.58912,250.0,1.8591855940574686
ORC,"Orchid Island Capital, Inc.",7.205,1373945856.0,Real Estate,Unknown,60,Fail,"FAIL_ROIC,FAIL_PS,FAIL_FLOAT,FAIL_INSIDER",10.031,0.97777003,0.0,0.00124,0.005792527165786062,3.0
BAND,Bandwidth Inc.,14.88,467037408.0,Technology,Unknown,60,Fail,"FAIL_GROWTH,FAIL_GM,FAIL_ROIC,FAIL_INSIDER",-0.011,0.39141,-0.014580109564352978,0.04561,-90.90909090909092,1.061770686360012
HEI,HEICO Corporation,292.17,40790994944.0,Industrials,Unknown,30,Fail,"FAIL_MCAP,FAIL_PRICE,FAIL_GROWTH,FAIL_ROIC,FAIL_PS,FAIL_PEG,FAIL_FLOAT",0.144,0.3962,0.13594803458864263,0.22859,4.012543888888889,7.679514871174464
CUK,Carnival Corporation & plc,24.58,32263964672.0,Consumer Cyclical,Unknown,40,Fail,"FAIL_MCAP,FAIL_GROWTH,FAIL_ROIC,FAIL_PEG,FAIL_FLOAT,FAIL_INSIDER",0.066,0.55548,0.10699523255261345,0.00843,1.8436843939393939,1.1939154868894493
CCS,"Century Communities, Inc.",57.18,1680193664.0,Real Estate,Unknown,50,Fail,"FAIL_PRICE,FAIL_GROWTH,FAIL_GM,FAIL_GM_TREND,FAIL_ROIC",-0.031,0.17379999,0.04077007490790457,0.15776,-3.795300322580645,3.2819605177657536
STKS,"The ONE Group Hospitality, Inc.",1.7399,54119208.0,Consumer Cyclical,Unknown,60,Fail,"FAIL_GROWTH,FAIL_GM,FAIL_GM_TREND,FAIL_ROIC",-0.067,0.17261,0.03685084677204822,0.25305998,-14.925373134328359,0.8201162272376952
MRVI,"Maravai LifeSciences Holdings, Inc.",3.045,1119802880.0,Healthcare,Unknown,30,Fail,"FAIL_GROWTH,FAIL_GM,FAIL_GM_TREND,FAIL_ROIC,FAIL_PS,FAIL_FLOAT,FAIL_INSIDER",-0.118,0.19215,-0.5670614748571516,0.11057,-8.474576271186441,1.4488523083527722
VFS,VinFast Auto Ltd.,2.865,6702703616.0,Consumer Cyclical,Unknown,40,Fail,"FAIL_MCAP,FAIL_GM,FAIL_ROIC,FAIL_PS,FAIL_PEG,FAIL_FLOAT",0.468,-0.53003,0.0,0.97847,2.1367521367521367,-4.248654383182106
INV,"Innventure, Inc.",3.71,293738944.0,Financial Services,Unknown,70,Fail,"FAIL_GM,FAIL_ROIC,FAIL_PS",0.685,0.0,-0.18118592106212417,0.33808997,1.4598540145985401,0.7276856146864142
MNDR,Mobile-health Network Solutions,0.9999,3645022.0,Healthcare,Unknown,60,Fail,"FAIL_MCAP,FAIL_GROWTH,FAIL_GM,FAIL_ROIC",-0.077,0.19680001,0.0,0.16087,-12.987012987012987,
PIII,P3 Health Partners Inc.,2.44,495716704.0,Healthcare,Unknown,60,Fail,"FAIL_GROWTH,FAIL_GM,FAIL_GM_TREND,FAIL_ROIC",-0.047,-0.04045,-1.4161887870081036,0.62086,-21.27659574468085,-0.18860074739859423
BAP,Credicorp Ltd.,332.67,26402885632.0,Financial Services,Unknown,30,Fail,"FAIL_MCAP,FAIL_PRICE,FAIL_GROWTH,FAIL_GM,FAIL_PEG,FAIL_FLOAT,FAIL_INSIDER",0.05,0.0,,0.14616999,2.6871568,3.0
GIB,CGI Inc.,71.96,15463394304.0,Technology,Unknown,20,Fail,"FAIL_MCAP,FAIL_PRICE,FAIL_GROWTH,FAIL_GM,FAIL_ROIC,FAIL_PEG,FAIL_FLOAT,FAIL_INSIDER",0.077,0.20479,0.1270095816276868,0.00378,1.7179144155844155,2.748133014605127
RSKD,Riskified Ltd.,4.265,699697024.0,Technology,Unknown,50,Fail,"FAIL_GROWTH,FAIL_ROIC,FAIL_PEG,FAIL_FLOAT,FAIL_INSIDER",0.062,0.51756,-0.28065216382834307,0.11563,16.129032258064516,3.407762756027441
DHR,Danaher Corporation,191.86,135671750656.0,Healthcare,Unknown,20,Fail,"FAIL_MCAP,FAIL_PRICE,FAIL_GROWTH,FAIL_ROIC,FAIL_PS,FAIL_PEG,FAIL_FLOAT,FAIL_INSIDER",0.046,0.59231997,0.05657579052786304,0.11103,8.275534782608696,3.97670689639043
SHAK,Shake Shack Inc.,89.13,3805183488.0,Consumer Cyclical,Unknown,40,Fail,"FAIL_MCAP,FAIL_PRICE,FAIL_GM_TREND,FAIL_ROIC,FAIL_PEG,FAIL_INSIDER",0.219,0.40218,0.04795516693150857,0.04859,3.733819178082192,2.7640486993740856
GCDT,Green Circle Decarbonize Techno,1.78,22250000.0,Industrials,Unknown,60,Fail,"FAIL_MCAP,FAIL_GM,FAIL_GM_TREND,FAIL_ROIC",1.429,0.17368999,-0.5049176747359796,0.69631,0.6997900629811057,-3.5063732796342553
PEBK,"Peoples Bancorp of North Carolina, Inc.",37.61,199677248.0,Financial Services,Unknown,70,Fail,"FAIL_PRICE,FAIL_GROWTH,FAIL_GM",0.169,0.0,0.40902629542777114,0.23888001,0.6147635207100591,3.0
VNRX,VolitionRx Limited,0.239,32400112.0,Healthcare,Unknown,50,Fail,"FAIL_MCAP,FAIL_ROIC,FAIL_PS,FAIL_PEG,FAIL_FLOAT",0.322,1.0,0.0,0.15613,3.105590062111801,-43.4374440751788
FSS,Federal Signal Corporation,106.895,6508638720.0,Industrials,Unknown,40,Fail,"FAIL_MCAP,FAIL_PRICE,FAIL_GM,FAIL_ROIC,FAIL_FLOAT,FAIL_INSIDER",0.265,0.28947002,0.1345157253231869,0.025829999,1.0059284528301886,6.298804100460224
CBIO,"Crescent Biopharma, Inc.",10.405,316798624.0,Healthcare,Unknown,50,Fail,"FAIL_GROWTH,FAIL_ROIC,FAIL_PS,FAIL_PEG,FAIL_INSIDER",0.0,1.0,0.0,0.05817,100.0,3.0877288351438206
CBC,"Central Bancompany, Inc.",24.01,5788955136.0,Financial Services,Unknown,50,Fail,"FAIL_MCAP,FAIL_GM,FAIL_ROIC,FAIL_PS,FAIL_FLOAT",0.321,0.0,0.0,0.67024004,0.46171302180685353,3.0
BBT,Beacon Financial Corporation,28.55,2395598080.0,Financial Services,Unknown,40,Fail,"FAIL_MCAP,FAIL_PRICE,FAIL_GM,FAIL_PS,FAIL_FLOAT,FAIL_INSIDER",2.21,0.0,0.25085522995017856,0.01286,0.1254228371040724,3.0
TFX,Teleflex Incorporated,107.42,4748024320.0,Healthcare,Unknown,40,Fail,"FAIL_MCAP,FAIL_PRICE,FAIL_GROWTH,FAIL_ROIC,FAIL_PEG,FAIL_INSIDER",0.0,0.56378,0.05435879289226113,0.00348,82.0,1.9293069765751112
LNN,Lindsay Corporation,116.57,1234707072.0,Industrials,Unknown,70,Fail,"FAIL_PRICE,FAIL_GROWTH,FAIL_INSIDER",-0.063,0.31674,0.18025266722650518,0.01091,-2.7412111111111113,5.384683215439409
CEF,Sprott Physical Gold and Silver Trust,49.4,9567741952.0,Unknown,Unknown,10,Fail,"FAIL_MCAP,FAIL_PRICE,FAIL_GROWTH,FAIL_GM,FAIL_ROIC,FAIL_PS,FAIL_PEG,FAIL_FLOAT,FAIL_INSIDER",0.0,0.0,0.0,0.0,4.0927925,3.0
DLX,Deluxe Corporation,26.55,1196913792.0,Industrials,Unknown,50,Fail,"FAIL_PRICE,FAIL_GROWTH,FAIL_ROIC,FAIL_PEG,FAIL_INSIDER",0.028,0.53061,0.07833977276729562,0.02927,5.267857142857142,1.6134587659513084
MEGI,NYLI CBRE Global Infrastructure Megatrends Term Fund,15.09,785397312.0,Financial Services,Unknown,30,Fail,"FAIL_GROWTH,FAIL_GM,FAIL_ROIC,FAIL_PS,FAIL_PEG,FAIL_FLOAT,FAIL_INSIDER",0.0,0.0,0.0,0.13338,7.325243,3.0
BUDA,"Buda Juice, Inc.",9.0,117600000.0,Consumer Defensive,Unknown,60,Fail,"FAIL_GROWTH,FAIL_ROIC,FAIL_PS,FAIL_PEG",0.091,0.45403,0.0,0.66436994,4.709576153846154,128.7765653222705
GDYN,"Grid Dynamics Holdings, Inc.",6.11,521511520.0,Technology,Unknown,50,Fail,"FAIL_GROWTH,FAIL_GM,FAIL_ROIC,FAIL_PEG,FAIL_FLOAT",0.059,0.34565,-0.00452489206803043,0.22962,9.41448406779661,5.835446250525037
IPDN,"Professional Diversity Network, Inc.",1.4,6834748.0,Industrials,Unknown,50,Fail,"FAIL_MCAP,FAIL_GROWTH,FAIL_GM_TREND,FAIL_ROIC,FAIL_PEG",0.022,0.49398,-0.6229113276080387,0.35611,45.45454545454546,-16.768247950348105
SRAD,Sportradar Group AG,18.72,5540214784.0,Technology,Unknown,40,Fail,"FAIL_MCAP,FAIL_GM,FAIL_GM_TREND,FAIL_PEG,FAIL_FLOAT,FAIL_INSIDER",0.201,0.26816,0.23908769436211066,0.01337,2.6609807960199006,3.3014034710657483
BWB,"Bridgewater Bancshares, Inc.",16.87,469400416.0,Financial Services,Unknown,80,Fail,"FAIL_GM,FAIL_PS",0.368,0.0,0.17831068875234124,0.20618999,0.30766706521739134,3.0
APGE,"Apogee Therapeutics, Inc.",68.28,4700917760.0,Healthcare,Unknown,10,Fail,"FAIL_MCAP,FAIL_PRICE,FAIL_GROWTH,FAIL_GM,FAIL_ROIC,FAIL_PS,FAIL_PEG,FAIL_FLOAT,FAIL_INSIDER",0.0,0.0,-0.3659906401063026,0.05925,100.0,83.89470712644366
PHUN,"Phunware, Inc.",1.6998,34314420.0,Technology,Unknown,30,Fail,"FAIL_MCAP,FAIL_GROWTH,FAIL_GM,FAIL_GM_TREND,FAIL_ROIC,FAIL_PS,FAIL_INSIDER",-0.065,0.41324002,0.0,0.0042,-15.384615384615385,-0.2537355119057212
HIND,"Vyome Holdings, Inc.",2.04,11514768.0,Healthcare,Unknown,60,Fail,"FAIL_MCAP,FAIL_GROWTH,FAIL_ROIC,FAIL_PS",-0.59,0.75297,0.0,0.42174998,-1.694915254237288,-58.52293635848423
JOE,The St. Joe Company,70.61,4077341440.0,Real Estate,Unknown,30,Fail,"FAIL_MCAP,FAIL_PRICE,FAIL_ROIC,FAIL_PS,FAIL_PEG,FAIL_FLOAT,FAIL_INSIDER",0.235,0.43053,0.11464547297448628,0.0035100002,1.5098897872340427,4.608827970519192
RGLD,"Royal Gold, Inc.",246.315,20889999360.0,Basic Materials,Unknown,20,Fail,"FAIL_MCAP,FAIL_PRICE,FAIL_GROWTH,FAIL_ROIC,FAIL_PS,FAIL_PEG,FAIL_FLOAT,FAIL_INSIDER",0.059,0.84738,0.06336291145609528,0.0028600001,6.231090677966103,5.903432429416337
ACA,"Arcosa, Inc.",105.22,5160517632.0,Industrials,Unknown,30,Fail,"FAIL_MCAP,FAIL_PRICE,FAIL_GROWTH,FAIL_GM,FAIL_ROIC,FAIL_PEG,FAIL_INSIDER",0.076,0.22445999,0.07655602741245034,0.01863,3.2652684210526317,2.5423653821975596
LNZA,"LanzaTech Global, Inc.",18.805,189582720.0,Industrials,Unknown,60,Fail,"FAIL_GROWTH,FAIL_ROIC,FAIL_PS,FAIL_INSIDER",-0.067,0.34229,-2.101452630360553,0.03076,-14.925373134328359,-8.366185643841648
XRN,Chiron Real Estate Inc.,34.39,936476160.0,Real Estate,Unknown,40,Fail,"FAIL_PRICE,FAIL_GROWTH,FAIL_ROIC,FAIL_PS,FAIL_PEG,FAIL_INSIDER",0.092,1.0,0.0,0.061189998,10.869565217391305,-0.06742191572501446
TGT,Target Corporation,115.57,52336521216.0,Consumer Defensive,Unknown,30,Fail,"FAIL_MCAP,FAIL_PRICE,FAIL_GROWTH,FAIL_GM,FAIL_ROIC,FAIL_FLOAT,FAIL_INSIDER",-0.015,0.27934,0.1308122251903674,0.0029699998,-9.476834666666667,2.9693005058418382
IOSP,Innospec Inc.,67.91,1682664576.0,Basic Materials,Unknown,50,Fail,"FAIL_PRICE,FAIL_GROWTH,FAIL_GM,FAIL_ROIC,FAIL_INSIDER",-0.024,0.27694,0.12148259779174543,0.01427,-6.059065416666667,4.534900220497118
APLE,"Apple Hospitality REIT, Inc.",11.87,2808153600.0,Real Estate,Unknown,50,Fail,"FAIL_MCAP,FAIL_GROWTH,FAIL_ROIC,FAIL_FLOAT,FAIL_INSIDER",-0.02,0.42648998,0.05353127119398231,0.072280005,-8.02027,0.9504489878290439
SFBC,"Sound Financial Bancorp, Inc.",41.01,98010696.0,Financial Services,Unknown,60,Fail,"FAIL_PRICE,FAIL_GROWTH,FAIL_GM,FAIL_PEG",0.006,0.0,0.26105000180091414,0.17438,22.859530000000003,3.0
KFY,Korn Ferry,60.945,3181020928.0,Industrials,Unknown,20,Fail,"FAIL_MCAP,FAIL_PRICE,FAIL_GROWTH,FAIL_GM,FAIL_GM_TREND,FAIL_PEG,FAIL_FLOAT,FAIL_INSIDER",0.073,0.24795,0.18626084243812643,0.01,1.6564742465753426,2.8096105016868957
KRYS,"Krystal Biotech, Inc.",254.47,7438714880.0,Healthcare,Unknown,40,Fail,"FAIL_MCAP,FAIL_PRICE,FAIL_GROWTH,FAIL_PS,FAIL_PEG,FAIL_INSIDER",0.175,0.94077003,0.23801804986516548,0.115930006,2.1258981142857145,40.61631656193606
REZI,"Resideo Technologies, Inc.",33.87,5122739200.0,Industrials,Unknown,20,Fail,"FAIL_MCAP,FAIL_PRICE,FAIL_GROWTH,FAIL_GM,FAIL_ROIC,FAIL_PEG,FAIL_FLOAT,FAIL_INSIDER",0.02,0.29389998,-0.06775942755833825,0.01455,50.0,1.602640078128097
TAOP,Taoping Inc.,1.67,15428607.0,Technology,Unknown,40,Fail,"FAIL_MCAP,FAIL_GROWTH,FAIL_GM,FAIL_GM_TREND,FAIL_ROIC,FAIL_INSIDER",-0.026,0.14930001,-0.06110023737963106,0.034479998,-38.46153846153846,-6.446146901185206
GATX,GATX Corporation,165.83,5886965248.0,Industrials,Unknown,30,Fail,"FAIL_MCAP,FAIL_PRICE,FAIL_GROWTH,FAIL_ROIC,FAIL_PS,FAIL_PEG,FAIL_INSIDER",0.086,0.73765,0.03531564854215198,0.0150999995,2.1119997674418607,1.0666664881732189
PLSE,"Pulse Biosciences, Inc.",22.455,1526694784.0,Healthcare,Unknown,50,Fail,"FAIL_GROWTH,FAIL_GM,FAIL_GM_TREND,FAIL_PS,FAIL_PEG",0.0,-0.54,,0.73703,100.0,57.39696090488968
SDM,Smart Digital Group Limited,1.85,58691252.0,Communication Services,Unknown,70,Fail,"FAIL_GM,FAIL_GM_TREND,FAIL_ROIC",0.708,0.10052,-4.275094891385979,0.68126,0.3732849152542373,-2.2719259950889956
JDZG,JIADE Limited,0.0921,2473731.0,Technology,Unknown,30,Fail,"FAIL_MCAP,FAIL_GROWTH,FAIL_GM,FAIL_GM_TREND,FAIL_ROIC,FAIL_PEG,FAIL_INSIDER",0.052,0.42509,0.07924105114968392,0.04739,19.23076923076923,1.2644029826184209
LLYVK,"Liberty Live Holdings, Inc.",95.935,8819465216.0,Communication Services,Unknown,40,Fail,"FAIL_MCAP,FAIL_PRICE,FAIL_GM,FAIL_ROIC,FAIL_PS,FAIL_PEG",0.29,0.19249001,-0.03891496350897686,0.24295999,3.4482758620689657,1.699184541287464
GHI,Greystone Housing Impact Investors LP,6.03,142202208.0,Financial Services,Unknown,60,Fail,"FAIL_GROWTH,FAIL_ROIC,FAIL_PS,FAIL_INSIDER",-0.156,1.0,0.053026499930861976,0.022249999,-2.2737557692307693,3.0
WFF,WF Holding Limited,0.4102,10332938.0,Industrials,Unknown,70,Fail,"FAIL_MCAP,FAIL_GM_TREND,FAIL_ROIC",0.701,0.36806,0.062015595753447526,0.68294,1.4265335235378032,3.529639565187731
BME,BlackRock Health Sciences Trust,39.5101,510632608.0,Financial Services,Unknown,40,Fail,"FAIL_PRICE,FAIL_GROWTH,FAIL_ROIC,FAIL_PS,FAIL_FLOAT,FAIL_INSIDER",0.076,1.0,0.0,0.0,0.8781583684210527,3.0
SHBI,"Shore Bancshares, Inc.",17.52,585636800.0,Financial Services,Unknown,70,Fail,"FAIL_GROWTH,FAIL_GM,FAIL_INSIDER",0.081,0.0,0.44412806869265753,0.088549994,1.2151477777777777,3.0
TLF,"Tandy Leather Factory, Inc.",2.32,18729070.0,Consumer Cyclical,Unknown,60,Fail,"FAIL_MCAP,FAIL_GROWTH,FAIL_ROIC,FAIL_INSIDER",0.087,0.57045,-0.011154905766702148,0.07036,0.24242422988505752,2.7225780681805163
AGBK,AGI Inc,9.66,1544924416.0,Financial Services,Unknown,80,Fail,"FAIL_GROWTH,FAIL_PEG",0.0,0.76043,0.9262907574870402,0.15018,8.117646,3.0
CCNEP,CNB Financial Corporation,24.9,0.0,Financial Services,Unknown,60,Fail,"FAIL_MCAP,FAIL_GM,FAIL_PS,FAIL_INSIDER",0.805,0.0,0.5313011434196571,0.0,0.0960611055900621,3.0
HAIN,"The Hain Celestial Group, Inc.",0.6646,60473772.0,Consumer Defensive,Unknown,40,Fail,"FAIL_GROWTH,FAIL_GM,FAIL_GM_TREND,FAIL_ROIC,FAIL_FLOAT,FAIL_INSIDER",-0.067,0.204,-0.39691706279152916,0.029140001,-14.925373134328359,0.28318345569520353
A,"Agilent Technologies, Inc.",111.885,31645513728.0,Healthcare,Unknown,30,Fail,"FAIL_MCAP,FAIL_PRICE,FAIL_GROWTH,FAIL_PS,FAIL_PEG,FAIL_FLOAT,FAIL_INSIDER",0.07,0.523,0.16911841572063685,0.00184,3.5283821428571427,4.483659989252752
INOD,Innodata Inc.,45.0559,1468930304.0,Technology,Unknown,60,Fail,"FAIL_PRICE,FAIL_GM,FAIL_PEG,FAIL_INSIDER",0.223,0.40146,1.0555573086210466,0.04496,2.1961347085201792,17.625839338465905
XLO,"Xilio Therapeutics, Inc.",7.48,549459840.0,Healthcare,Unknown,80,Fail,"FAIL_ROIC,FAIL_PS",7.425,0.82575,0.0,0.32489,0.13468013468013468,-3.5175061733996427
WIA,Western Asset Inflation-Linked Income Fund,8.14,189843168.0,Financial Services,Unknown,60,Fail,"FAIL_ROIC,FAIL_PS,FAIL_FLOAT,FAIL_INSIDER",0.25,1.0,0.0,0.00091,0.48597016000000004,3.0
XNCR,"Xencor, Inc.",11.6,850728256.0,Healthcare,Unknown,30,Fail,"FAIL_GROWTH,FAIL_GM,FAIL_GM_TREND,FAIL_ROIC,FAIL_PS,FAIL_FLOAT,FAIL_INSIDER",-0.465,-0.90669,-0.07711047729088558,0.012949999,-2.150537634408602,1.471436484033862
C,Citigroup Inc.,108.645,190054760448.0,Financial Services,Unknown,30,Fail,"FAIL_MCAP,FAIL_PRICE,FAIL_GROWTH,FAIL_GM,FAIL_PEG,FAIL_FLOAT,FAIL_INSIDER",0.044,0.0,0.3250953256968251,0.00254,3.5324813636363643,3.0
TFII,TFI International Inc.,101.575,8377143296.0,Industrials,Unknown,30,Fail,"FAIL_MCAP,FAIL_PRICE,FAIL_GROWTH,FAIL_GM,FAIL_ROIC,FAIL_FLOAT,FAIL_INSIDER",-0.078,0.2007,0.07419817451864487,0.06443,-3.5006547435897435,2.670189026174798
RILYP,"BRC Group Holdings, Inc.",10.02,0.0,Financial Services,Unknown,40,Fail,"FAIL_MCAP,FAIL_GM,FAIL_GM_TREND,FAIL_ROIC,FAIL_PS,FAIL_INSIDER",0.89,-0.13774,-0.637714208299092,0.0,0.018760919101123597,-1.3047533089622787
IMNN,"Imunon, Inc.",2.966,10085453.0,Healthcare,Unknown,30,Fail,"FAIL_MCAP,FAIL_GROWTH,FAIL_GM,FAIL_ROIC,FAIL_PS,FAIL_PEG,FAIL_INSIDER",0.0,0.0,0.0,0.01059,100.0,-63.428693731713636
EAT,"Brinker International, Inc.",141.62,6292348416.0,Consumer Cyclical,Unknown,40,Fail,"FAIL_MCAP,FAIL_PRICE,FAIL_GROWTH,FAIL_GM,FAIL_PEG,FAIL_INSIDER",0.069,0.18685,0.2089088561316995,0.01202,2.0711036231884057,4.165763217390003
TRVG,trivago N.V.,2.805,198088192.0,Communication Services,Unknown,80,Fail,"FAIL_ROIC,FAIL_FLOAT",0.266,0.9725,0.11334271470402653,0.39516997,0.6203007518796992,-0.11236283452672535
WTGUU,Wintergreen Acquisition Corp.,10.75,0.0,Financial Services,Unknown,30,Fail,"FAIL_MCAP,FAIL_GROWTH,FAIL_GM,FAIL_ROIC,FAIL_PS,FAIL_PEG,FAIL_INSIDER",0.0,0.0,0.0,0.0,100.0,0.0020677111415124717
LZMH,LZ Technology Holdings Limited,1.3287,202055408.0,Technology,Unknown,60,Fail,"FAIL_GROWTH,FAIL_GM,FAIL_GM_TREND,FAIL_ROIC",-0.078,0.03701,0.06962642935359378,0.96194,-12.820512820512821,2.7213580092280876
TH,Target Hospitality Corp.,9.37,934934272.0,Industrials,Unknown,60,Fail,"FAIL_GROWTH,FAIL_GM_TREND,FAIL_PEG,FAIL_INSIDER",0.073,0.31139,0.20110277042519342,0.03158,13.698630136986301,3.5639827692661465
NVR,"NVR, Inc.",6536.48,18559889408.0,Consumer Cyclical,Unknown,40,Fail,"FAIL_MCAP,FAIL_PRICE,FAIL_GROWTH,FAIL_GM,FAIL_GM_TREND,FAIL_INSIDER",-0.05,0.22889,0.45372129594221317,0.05301,-2.9935791,13.141781350911176
OIS,"Oil States International, Inc.",12.15,731506560.0,Energy,Unknown,40,Fail,"FAIL_GROWTH,FAIL_GM,FAIL_ROIC,FAIL_PEG,FAIL_FLOAT,FAIL_INSIDER",0.084,0.21658,-0.174920637108038,0.0762,11.904761904761905,2.389349740409437
NRK,Nuveen New York AMT-Free Quality Municipal Income Fund,10.405,907683328.0,Financial Services,Unknown,40,Fail,"FAIL_GROWTH,FAIL_ROIC,FAIL_PS,FAIL_PEG,FAIL_FLOAT,FAIL_INSIDER",0.0,1.0,0.0,0.0,100.0,3.0
KTF,DWS Municipal Income Trust,9.2199,361169664.0,Financial Services,Unknown,50,Fail,"FAIL_GROWTH,FAIL_ROIC,FAIL_PS,FAIL_FLOAT,FAIL_INSIDER",-0.015,1.0,0.0,0.0,-66.66666666666667,3.0
NUTX,Nutex Health Inc.,94.16,665891712.0,Healthcare,Unknown,80,Fail,"FAIL_PRICE,FAIL_GROWTH",-0.411,0.53848,0.3972276130690449,0.2868,-0.2186066666666667,2.780595128606037
SPB,"Spectrum Brands Holdings, Inc.",73.34,1707282048.0,Consumer Defensive,Unknown,60,Fail,"FAIL_PRICE,FAIL_GROWTH,FAIL_ROIC,FAIL_INSIDER",-0.033,0.3646,0.05518685287227808,0.04442,-5.253957575757575,2.796548069738585
CI,The Cigna Group,267.28,71397392384.0,Healthcare,Unknown,30,Fail,"FAIL_MCAP,FAIL_PRICE,FAIL_GROWTH,FAIL_GM,FAIL_ROIC,FAIL_FLOAT,FAIL_INSIDER",0.104,0.092980005,0.11337154607376942,0.01439,1.1587015384615384,3.0
TOUR,Tuniu Corporation,0.7136,83998720.0,Consumer Cyclical,Unknown,70,Fail,"FAIL_GM_TREND,FAIL_FLOAT,FAIL_INSIDER",0.203,0.57958,,0.02538,0.8788177339901477,
LOCO,"El Pollo Loco Holdings, Inc.",14.25,427435200.0,Consumer Cyclical,Unknown,60,Fail,"FAIL_GROWTH,FAIL_GM,FAIL_PEG,FAIL_INSIDER",0.081,0.22152,,0.028399998,1.9547325925925927,
NYAX,Nayax Ltd.,60.64,2276482304.0,Technology,Unknown,50,Fail,"FAIL_MCAP,FAIL_PRICE,FAIL_GM,FAIL_ROIC,FAIL_PEG",0.343,0.48188,0.021813762055909666,0.61022997,1.8415938192419823,5.830670675389079
EML,The Eastern Company,20.075,121288480.0,Industrials,Unknown,60,Fail,"FAIL_GROWTH,FAIL_GM,FAIL_ROIC,FAIL_INSIDER",-0.137,0.22878,0.047378858629730534,0.08094,-1.4952331386861313,3.3831841955044477
SLAI,SOLAI Limited,0.83,15503185.0,Technology,Unknown,30,Fail,"FAIL_MCAP,FAIL_GROWTH,FAIL_GM,FAIL_GM_TREND,FAIL_ROIC,FAIL_FLOAT,FAIL_INSIDER",-0.077,-0.31137,-0.12160122156478284,0.034930002,-12.987012987012987,-8.34796568634749
ORKA,"Oruka Therapeutics, Inc.",41.57,2012371712.0,Healthcare,Unknown,20,Fail,"FAIL_MCAP,FAIL_PRICE,FAIL_GROWTH,FAIL_GM,FAIL_ROIC,FAIL_PS,FAIL_PEG,FAIL_INSIDER",0.0,0.0,0.0,0.03492,100.0,61.099371269039295
BH-A,Biglari Holdings Inc.,1621.0,1017670272.0,Consumer Cyclical,Unknown,50,Fail,"FAIL_PRICE,FAIL_GROWTH,FAIL_ROIC,FAIL_PEG,FAIL_INSIDER",0.096,0.37802,-0.04364138945893872,0.00392,10.416666666666668,2.5586141954352066
CTMX,"CytomX Therapeutics, Inc.",4.6,779402816.0,Healthcare,Unknown,50,Fail,"FAIL_GROWTH,FAIL_ROIC,FAIL_PS,FAIL_FLOAT,FAIL_INSIDER",-0.983,1.0,0.0,0.00865,-0.15598506612410987,-2.123114190976251
CGO,Calamos Global Total Return Fund,11.545,113456112.0,Financial Services,Unknown,50,Fail,"FAIL_GROWTH,FAIL_ROIC,FAIL_PS,FAIL_FLOAT,FAIL_INSIDER",-0.325,1.0,0.0,0.01842,-0.1564893230769231,3.0
YRD,Yiren Digital Ltd.,3.66,318180448.0,Financial Services,Unknown,80,Fail,"FAIL_GROWTH,FAIL_INSIDER",0.051,0.88208,0.24383838425657406,0.0,0.34337182352941176,2.291241838026012
AIP,"Arteris, Inc.",15.61,709743936.0,Technology,Unknown,70,Fail,"FAIL_ROIC,FAIL_PS,FAIL_PEG",0.3,0.90231,0.0,0.2701,3.3333333333333335,1.0365922387477755
FDMT,"4D Molecular Therapeutics, Inc.",8.47,483934112.0,Healthcare,Unknown,60,Fail,"FAIL_GM,FAIL_ROIC,FAIL_PS,FAIL_INSIDER",29.0,0.0,0.0,0.03615,0.034482758620689655,4.156451445497441
CSX,CSX Corporation,39.635,73703530496.0,Industrials,Unknown,30,Fail,"FAIL_MCAP,FAIL_PRICE,FAIL_GROWTH,FAIL_ROIC,FAIL_PS,FAIL_FLOAT,FAIL_INSIDER",-0.009,0.45586,0.11106384935209863,0.0025499999,-28.596681111111113,2.442388665023235
EVI,"EVI Industries, Inc.",21.45,309158752.0,Industrials,Unknown,80,Fail,"FAIL_ROIC,FAIL_PEG",0.244,0.30767,0.046958318947773026,0.59548,1.911083442622951,2.918620772425527
BKHA,Black Hawk Acquisition Corporation,11.58,48098420.0,Financial Services,Unknown,40,Fail,"FAIL_MCAP,FAIL_GROWTH,FAIL_GM,FAIL_ROIC,FAIL_PS,FAIL_PEG",0.0,0.0,0.0,0.53002,60.94737,11.54427277248829
MIRM,"Mirum Pharmaceuticals, Inc.",91.525,5522766336.0,Healthcare,Unknown,30,Fail,"FAIL_MCAP,FAIL_PRICE,FAIL_ROIC,FAIL_PS,FAIL_PEG,FAIL_FLOAT,FAIL_INSIDER",0.498,0.80772,-0.022740263182020225,0.01476,2.0080321285140563,6.246154992606297
XENE,Xenon Pharmaceuticals Inc.,54.27,5178831872.0,Healthcare,Unknown,10,Fail,"FAIL_MCAP,FAIL_PRICE,FAIL_GROWTH,FAIL_GM,FAIL_ROIC,FAIL_PS,FAIL_PEG,FAIL_FLOAT,FAIL_INSIDER",0.0,0.0,-0.958078669794611,0.00115,100.0,56.74686951832877
AYTU,"Aytu BioPharma, Inc.",2.5907,27806522.0,Healthcare,Unknown,60,Fail,"FAIL_MCAP,FAIL_GROWTH,FAIL_ROIC,FAIL_INSIDER",-0.065,0.66842,-1.0541529266499334,0.08984,-15.384615384615385,-3.1783352724859983
MEHA,Functional Brands Inc.,0.1599,2610131.0,Consumer Defensive,Unknown,60,Fail,"FAIL_MCAP,FAIL_ROIC,FAIL_PEG,FAIL_INSIDER",0.214,0.55946,0.0,0.05424,4.672897196261682,-0.8623303108800762
OSUR,"OraSure Technologies, Inc.",2.85,197009600.0,Healthcare,Unknown,60,Fail,"FAIL_GROWTH,FAIL_ROIC,FAIL_FLOAT,FAIL_INSIDER",-0.285,0.41904,-0.45250706442930905,0.06737,-3.5087719298245617,1.6870729984083237
TCI,"Transcontinental Realty Investors, Inc.",36.75,317494912.0,Real Estate,Unknown,50,Fail,"FAIL_PRICE,FAIL_GROWTH,FAIL_ROIC,FAIL_PS,FAIL_PEG",0.033,0.43161,0.012656966523776667,0.87249,6.9602272727272725,2.2371705543267266
CRD-B,Crawford & Company,9.635,494097152.0,Financial Services,Unknown,70,Fail,"FAIL_GROWTH,FAIL_GM,FAIL_ROIC",-0.112,0.29002002,0.07882325636486155,0.68553,-2.2058151785714286,2.9374601794757207
R,"Ryder System, Inc.",194.23,7657945600.0,Industrials,Unknown,40,Fail,"FAIL_MCAP,FAIL_PRICE,FAIL_GROWTH,FAIL_GM,FAIL_ROIC,FAIL_INSIDER",-0.004,0.20181999,0.06905499323485371,0.02967,-40.4983325,1.5352217097305383
MHO,"M/I Homes, Inc.",125.28,3275885312.0,Consumer Cyclical,Unknown,30,Fail,"FAIL_MCAP,FAIL_PRICE,FAIL_GROWTH,FAIL_GM,FAIL_GM_TREND,FAIL_ROIC,FAIL_INSIDER",-0.048,0.22524,0.12093146169228154,0.02592,-1.7706920833333333,4.528001795565884
CFG,"Citizens Financial Group, Inc.",56.98,24472123392.0,Financial Services,Unknown,30,Fail,"FAIL_MCAP,FAIL_PRICE,FAIL_GROWTH,FAIL_GM,FAIL_PS,FAIL_FLOAT,FAIL_INSIDER",0.107,0.0,0.20189916041747596,0.0072899996,1.3795942990654206,3.0
CCEC,Capital Clean Energy Carriers Corp.,20.18,1192281216.0,Industrials,Unknown,70,Fail,"FAIL_GROWTH,FAIL_ROIC,FAIL_PS",-0.064,0.80657,0.0,0.86480004,-2.28487328125,0.5863036274647268
CCJ,Cameco Corporation,110.0,47943950336.0,Energy,Unknown,20,Fail,"FAIL_MCAP,FAIL_PRICE,FAIL_GROWTH,FAIL_ROIC,FAIL_PS,FAIL_PEG,FAIL_FLOAT,FAIL_INSIDER",0.015,0.36283,0.09759146845134066,0.0017200001,74.82993066666667,9.756812812266029
TUYA,Tuya Inc.,2.33,1422065664.0,Technology,Unknown,40,Fail,"FAIL_GROWTH,FAIL_GM,FAIL_ROIC,FAIL_PEG,FAIL_FLOAT,FAIL_INSIDER",0.03,0.48181,-0.09286910233143097,0.14321999,8.629629,9.141841480269067
INN,"Summit Hotel Properties, Inc.",4.3,467834368.0,Real Estate,Unknown,50,Fail,"FAIL_GROWTH,FAIL_ROIC,FAIL_PEG,FAIL_FLOAT,FAIL_INSIDER",0.012,0.4302,0.03354751946405575,0.04857,83.33333333333334,0.23343915182271704
FCO,"abrdn Global Income Fund, Inc.",3.2799,44201712.0,Financial Services,Unknown,40,Fail,"FAIL_MCAP,FAIL_GROWTH,FAIL_ROIC,FAIL_PS,FAIL_FLOAT,FAIL_INSIDER",-0.171,1.0,0.0,7e-05,-0.5993969590643274,3.0
AEHR,"Aehr Test Systems, Inc.",36.06,1104422016.0,Technology,Unknown,30,Fail,"FAIL_PRICE,FAIL_GROWTH,FAIL_GM,FAIL_GM_TREND,FAIL_ROIC,FAIL_PS,FAIL_INSIDER",-0.265,0.33276,-0.040098483737323755,0.05351,-3.7735849056603774,26.51126246382655
XAIR,"Beyond Air, Inc.",0.7608,8010725.0,Healthcare,Unknown,60,Fail,"FAIL_MCAP,FAIL_GM,FAIL_ROIC,FAIL_INSIDER",1.047,0.0182,-2.206153547510434,0.044,0.9551098376313277,-17.455633095309324
JOUT,Johnson Outdoors Inc.,44.04,460352512.0,Consumer Cyclical,Unknown,60,Fail,"FAIL_PRICE,FAIL_ROIC,FAIL_PEG,FAIL_INSIDER",0.309,0.36361998,-0.11512096353125634,0.08889,3.236245954692557,3.768580599082719
STOK,"Stoke Therapeutics, Inc.",31.59,1804330880.0,Healthcare,Unknown,50,Fail,"FAIL_PRICE,FAIL_GROWTH,FAIL_ROIC,FAIL_PS,FAIL_INSIDER",-0.938,1.0,0.0,0.0392,-0.49526527718550106,22.67633121544662
USGO,U.S. GoldMining Inc.,11.25,149323440.0,Basic Materials,Unknown,50,Fail,"FAIL_GROWTH,FAIL_GM,FAIL_ROIC,FAIL_PS,FAIL_PEG",0.0,0.0,-13.206463885545997,0.78522,100.0,116.11650337907298
AUBN,"Auburn National Bancorporation, Inc.",23.8,83150032.0,Financial Services,Unknown,80,Fail,"FAIL_GROWTH,FAIL_GM",-0.023,0.0,0.6883838300212467,0.22860001,-4.974916086956522,3.0
CNNE,"Cannae Holdings, Inc.",11.43,590916864.0,Consumer Cyclical,Unknown,50,Fail,"FAIL_GROWTH,FAIL_GM,FAIL_GM_TREND,FAIL_ROIC,FAIL_INSIDER",-0.06,-0.01936,-0.1815644523307826,0.14811,-16.666666666666668,1.1001537384430027
MMU,Western Asset Managed Municipals Fund Inc.,10.51,574044096.0,Financial Services,Unknown,50,Fail,"FAIL_GROWTH,FAIL_ROIC,FAIL_PS,FAIL_FLOAT,FAIL_INSIDER",-0.021,1.0,0.0,2.0000001e-05,-125.11904761904762,3.0
ATHE,Alterity Therapeutics Limited,3.45,65236188.0,Healthcare,Unknown,60,Fail,"FAIL_ROIC,FAIL_PS,FAIL_FLOAT,FAIL_INSIDER",0.746,0.97546995,-1.319499905119196,0.0,1.3404825737265416,4.151417840226835
FNWB,First Northwest Bancorp,8.8,78775552.0,Financial Services,Unknown,70,Fail,"FAIL_GM,FAIL_ROIC,FAIL_PEG",0.636,0.0,0.09749607024092688,0.16259001,1.572327044025157,3.0
SAN,"Banco Santander, S.A.",11.095,161929461760.0,Financial Services,Unknown,40,Fail,"FAIL_MCAP,FAIL_GROWTH,FAIL_GM,FAIL_PS,FAIL_FLOAT,FAIL_INSIDER",-0.064,0.0,0.23359454053923964,3.0000001e-05,-1.805826875,3.0
INKT,"MiNK Therapeutics, Inc.",9.505,44617944.0,Healthcare,Unknown,40,Fail,"FAIL_MCAP,FAIL_GROWTH,FAIL_GM,FAIL_ROIC,FAIL_PS,FAIL_PEG",0.0,0.0,0.0,0.64178,100.0,-40.78346699812799
IREN,IREN Limited,42.05,13950473216.0,Financial Services,Unknown,40,Fail,"FAIL_MCAP,FAIL_PRICE,FAIL_ROIC,FAIL_PS,FAIL_FLOAT,FAIL_INSIDER",0.59,0.68132,0.043844195123526726,0.03013,0.49493876271186443,7.659195660281691
JRS,Nuveen Real Estate Income Fund,7.68,221894176.0,Financial Services,Unknown,60,Fail,"FAIL_ROIC,FAIL_PS,FAIL_FLOAT,FAIL_INSIDER",0.281,1.0,0.0,0.0,0.5359012099644128,3.0
CVU,"CPI Aerostructures, Inc.",4.425,58344728.0,Industrials,Unknown,60,Fail,"FAIL_GROWTH,FAIL_GM,FAIL_GM_TREND,FAIL_ROIC",-0.008,0.15314999,0.12204992786163558,0.24689,-125.0,1.6553003933877921
ASND,Ascendis Pharma A/S,227.96,13995184128.0,Healthcare,Unknown,30,Fail,"FAIL_MCAP,FAIL_PRICE,FAIL_ROIC,FAIL_PS,FAIL_PEG,FAIL_FLOAT,FAIL_INSIDER",0.423,0.8682,-1.523320797194138,0.00818,2.364066193853428,5.985191640370216
APADU,A Paradise Acquisition Corp.,10.54,0.0,Financial Services,Unknown,30,Fail,"FAIL_MCAP,FAIL_GROWTH,FAIL_GM,FAIL_ROIC,FAIL_PS,FAIL_PEG,FAIL_INSIDER",0.0,0.0,0.0,0.01942,100.0,-0.06700426813546118
OBDC,Blue Owl Capital Corporation,11.59,5923048960.0,Financial Services,Unknown,40,Fail,"FAIL_MCAP,FAIL_GROWTH,FAIL_ROIC,FAIL_PS,FAIL_FLOAT,FAIL_INSIDER",0.135,1.0,0.07243718636648495,0.00259,0.6923536296296297,3.0
ACHR,Archer Aviation Inc.,6.146,4608665600.0,Industrials,Unknown,30,Fail,"FAIL_MCAP,FAIL_GROWTH,FAIL_GM,FAIL_ROIC,FAIL_PS,FAIL_PEG,FAIL_FLOAT",0.0,0.0,-0.5598941731290294,0.15166001,100.0,9.185737896414507
EPOW,E-Power Inc.,0.68,26335888.0,Industrials,Unknown,60,Fail,"FAIL_MCAP,FAIL_GM,FAIL_ROIC,FAIL_PEG",0.255,-0.02994,-0.40958222677948564,0.2048,3.9215686274509802,-0.3899196203429331
NYXH,Nyxoah SA,3.08,137392512.0,Healthcare,Unknown,70,Fail,"FAIL_ROIC,FAIL_PS,FAIL_PEG",0.558,0.64355004,-0.5731950759969828,0.37035,1.7921146953405016,-0.6473107115177124
NGL,NGL Energy Partners LP,11.56,1436560256.0,Energy,Unknown,40,Fail,"FAIL_GROWTH,FAIL_GM,FAIL_ROIC,FAIL_PEG,FAIL_FLOAT,FAIL_INSIDER",0.068,0.28886,0.11513371735164421,0.10845,14.705882352941176,1.2655784438787931
CMT,"Core Molding Technologies, Inc.",20.385,180065408.0,Basic Materials,Unknown,60,Fail,"FAIL_GROWTH,FAIL_GM,FAIL_ROIC,FAIL_INSIDER",0.195,0.17379,0.07378714169416233,0.11350001,0.8103756923076924,4.221656613972442
ADSE,ADS-TEC Energy PLC,10.38,624071936.0,Industrials,Unknown,50,Fail,"FAIL_GROWTH,FAIL_GM,FAIL_GM_TREND,FAIL_ROIC,FAIL_PS",-0.816,-0.0641,0.0,0.46986,-1.2254901960784315,-0.4984614110799115
RA,Brookfield Real Assets Income Fund Inc.,12.82,708365184.0,Financial Services,Unknown,30,Fail,"FAIL_GROWTH,FAIL_GM,FAIL_ROIC,FAIL_PS,FAIL_PEG,FAIL_FLOAT,FAIL_INSIDER",0.0,0.0,0.0,3.0000001e-05,9.157143,3.0
MGEE,"MGE Energy, Inc.",72.905,2665691136.0,Utilities,Unknown,30,Fail,"FAIL_MCAP,FAIL_PRICE,FAIL_GROWTH,FAIL_ROIC,FAIL_PS,FAIL_PEG,FAIL_INSIDER",0.117,0.42562,0.07486867199076123,0.00318,1.6750528205128203,1.6421242492494508
PULM,"Pulmatrix, Inc.",2.085,7615014.0,Healthcare,Unknown,30,Fail,"FAIL_MCAP,FAIL_GROWTH,FAIL_GM,FAIL_ROIC,FAIL_PS,FAIL_PEG,FAIL_INSIDER",0.0,0.0,0.0,0.0074400003,100.0,-91.3897739953045
DFP,Flaherty & Crumrine Dynamic Preferred and Income Fund Inc.,20.89,429041664.0,Financial Services,Unknown,30,Fail,"FAIL_GROWTH,FAIL_GM,FAIL_ROIC,FAIL_PS,FAIL_PEG,FAIL_FLOAT,FAIL_INSIDER",0.0,0.0,0.0,0.0,11.111702,3.0
NMCO,Nuveen Municipal Credit Opportunities Fund,10.6926,591884160.0,Financial Services,Unknown,40,Fail,"FAIL_GROWTH,FAIL_ROIC,FAIL_PS,FAIL_PEG,FAIL_FLOAT,FAIL_INSIDER",0.19,1.0,0.0,0.0,28.13842105263158,3.0
GGZ,The Gabelli Global Small and Mid Cap Value Trust,15.22,122688576.0,Financial Services,Unknown,40,Fail,"FAIL_GROWTH,FAIL_GM,FAIL_ROIC,FAIL_PS,FAIL_PEG,FAIL_FLOAT",0.0,0.0,0.0,0.34865,5.266436,3.0
BBWI,"Bath & Body Works, Inc.",20.05,4104667904.0,Consumer Cyclical,Unknown,60,Fail,"FAIL_MCAP,FAIL_GROWTH,FAIL_FLOAT,FAIL_INSIDER",-0.023,0.43752998,0.31326780712284913,0.00377,-2.8030195652173915,2.285183216515228
EXOD,"Exodus Movement, Inc.",8.3999,249598336.0,Technology,Unknown,80,Fail,"FAIL_GROWTH,FAIL_ROIC",-0.344,1.0,0.12567100514489982,0.59777,-0.07224353197674419,6.650835368625833
BZFD,"BuzzFeed, Inc.",0.737,27544122.0,Communication Services,Unknown,70,Fail,"FAIL_MCAP,FAIL_GM_TREND,FAIL_ROIC",0.669,0.40543997,-0.2098237732017891,0.32990003,1.4947683109118086,-3.3034815640147133
CELH,"Celsius Holdings, Inc.",42.26,10894006272.0,Consumer Defensive,Unknown,50,Fail,"FAIL_MCAP,FAIL_PRICE,FAIL_ROIC,FAIL_PS,FAIL_FLOAT",1.172,0.50386,0.0467870736821663,0.28441,1.442320819112628,3.8241000779445042
BBNX,"Beta Bionics, Inc.",10.655,472891744.0,Healthcare,Unknown,60,Fail,"FAIL_ROIC,FAIL_PS,FAIL_PEG,FAIL_INSIDER",0.571,0.55398,0.0,0.0235,1.7513134851138354,5.773005710311131
OMEX,"Odyssey Marine Exploration, Inc.",1.425,79427352.0,Basic Materials,Unknown,70,Fail,"FAIL_GROWTH,FAIL_GM,FAIL_PS",-0.715,0.0,6.7210326733100745,0.15055999,-1.3986013986013985,-19.507910533826227
HMR,Heidmar Maritime Holdings Corp.,0.8813,51464596.0,Industrials,Unknown,70,Fail,"FAIL_GM_TREND,FAIL_ROIC,FAIL_INSIDER",1.172,0.35827,0.0,0.047030002,0.8532423208191127,3.440129148486661
NRDS,"NerdWallet, Inc.",10.135,736948608.0,Communication Services,Unknown,90,Fail,FAIL_INSIDER,0.226,0.92386,0.16876827807557743,0.04501,0.7007052212389381,7.293821379272279
RLYB,Rallybio Corporation,9.675,51177608.0,Healthcare,Unknown,80,Fail,"FAIL_PS,FAIL_INSIDER",4.842,1.0,,0.04113,0.20652622883106156,-3.101965619365106
AHT,"Ashford Hospitality Trust, Inc.",3.11,20812608.0,Real Estate,Unknown,50,Fail,"FAIL_MCAP,FAIL_GROWTH,FAIL_GM,FAIL_GM_TREND,FAIL_INSIDER",-0.055,0.20557,,0.018509999,-18.181818181818183,
IMDX,Insight Molecular Diagnostics Inc.,4.42,126783560.0,Healthcare,Unknown,80,Fail,"FAIL_ROIC,FAIL_PS",1.261,0.55111,0.0,0.19499001,0.7930214115781127,-17.87435007545459
PDM,"Piedmont Realty Trust, Inc.",6.81,850225280.0,Real Estate,Unknown,60,Fail,"FAIL_GROWTH,FAIL_ROIC,FAIL_FLOAT,FAIL_INSIDER",-0.003,0.59668,0.0,0.01625,-333.33333333333337,-0.41383666853297263
NVMI,Nova Ltd.,459.63,14608407552.0,Technology,Unknown,30,Fail,"FAIL_MCAP,FAIL_PRICE,FAIL_GROWTH,FAIL_ROIC,FAIL_PS,FAIL_PEG,FAIL_INSIDER",0.143,0.57370996,0.11384631656301583,0.00035,4.032868041958042,10.366883379875198
MSBIP,"Midland States Bancorp, Inc.",25.04,0.0,Financial Services,Unknown,40,Fail,"FAIL_MCAP,FAIL_PRICE,FAIL_GM,FAIL_ROIC,FAIL_PS,FAIL_INSIDER",2.787,0.0,0.04784956860461499,0.0,0.3588087549336204,3.0
RWT,"Redwood Trust, Inc.",5.9278,740912448.0,Real Estate,Unknown,60,Fail,"FAIL_ROIC,FAIL_PS,FAIL_FLOAT,FAIL_INSIDER",0.931,0.73838997,0.07209979879143653,0.013940001,1.074113856068743,3.0
MYI,"BlackRock MuniYield Quality Fund III, Inc.",10.885,723496064.0,Financial Services,Unknown,40,Fail,"FAIL_GROWTH,FAIL_ROIC,FAIL_PS,FAIL_PEG,FAIL_FLOAT,FAIL_INSIDER",0.03,1.0,0.0,0.00307,33.333333333333336,3.0
OSTX,OS Therapies Incorporated,1.5006,52842656.0,Healthcare,Unknown,50,Fail,"FAIL_GROWTH,FAIL_GM,FAIL_ROIC,FAIL_PS,FAIL_PEG",0.0,0.0,0.0,0.27997,100.0,-11.144434284889995
RBNE,Robin Energy Ltd.,1.425,3998189.0,Energy,Unknown,60,Fail,"FAIL_MCAP,FAIL_GM_TREND,FAIL_ROIC,FAIL_INSIDER",0.362,0.52896,0.05042125712522014,0.01653,0.4373848618784531,6.2689748165070025
CCD,Calamos Dynamic Convertible and Income Fund,22.255,623203776.0,Financial Services,Unknown,40,Fail,"FAIL_GROWTH,FAIL_GM,FAIL_ROIC,FAIL_PS,FAIL_PEG,FAIL_FLOAT",0.0,0.0,0.0,0.25254,4.5604506,3.0
NDLS,Noodles & Company,6.55,38332200.0,Consumer Cyclical,Unknown,50,Fail,"FAIL_MCAP,FAIL_GROWTH,FAIL_GM,FAIL_GM_TREND,FAIL_ROIC",-0.005,0.13687,-0.09769174830027176,0.15084,-200.0,0.3429701072693714
NSYS,Nortech Systems Incorporated,9.0001,25075494.0,Healthcare,Unknown,50,Fail,"FAIL_MCAP,FAIL_GROWTH,FAIL_GM,FAIL_GM_TREND,FAIL_ROIC",-0.029,0.1351,-0.005260238874524477,0.65646005,-34.48275862068965,3.048762489073221
RCL,Royal Caribbean Cruises Ltd.,274.95,74982432768.0,Consumer Cyclical,Unknown,40,Fail,"FAIL_MCAP,FAIL_PRICE,FAIL_GROWTH,FAIL_PS,FAIL_FLOAT,FAIL_INSIDER",0.133,0.50616,0.16847692841581624,0.0032300001,1.3234912781954886,2.2057524214454713
IBN,ICICI Bank Limited,27.145,97568038912.0,Financial Services,Unknown,30,Fail,"FAIL_MCAP,FAIL_PRICE,FAIL_GROWTH,FAIL_GM,FAIL_PEG,FAIL_FLOAT,FAIL_INSIDER",0.03,0.0,0.42424076907680514,0.00243,5.726793333333333,3.0
LOCL,Local Bounti Corporation,1.1199,24941384.0,Consumer Defensive,Unknown,60,Fail,"FAIL_MCAP,FAIL_GROWTH,FAIL_GM,FAIL_PEG",0.191,0.106120005,,0.80592,5.2356020942408374,-1.839641631552687
ARKR,Ark Restaurants Corp.,6.8,24521876.0,Consumer Cyclical,Unknown,50,Fail,"FAIL_MCAP,FAIL_GROWTH,FAIL_GM,FAIL_GM_TREND,FAIL_ROIC",-0.094,0.22490999,-0.0762985611148125,0.51958,-10.638297872340425,1.4497866563928077
RNAZ,"TransCode Therapeutics, Inc.",9.5618,8767874.0,Healthcare,Unknown,30,Fail,"FAIL_MCAP,FAIL_GROWTH,FAIL_GM,FAIL_ROIC,FAIL_PS,FAIL_PEG,FAIL_INSIDER",0.0,0.0,0.0,0.0922,100.0,-18.422017779931767
POWL,"Powell Industries, Inc.",514.94,6252547072.0,Industrials,Unknown,50,Fail,"FAIL_MCAP,FAIL_PRICE,FAIL_GROWTH,FAIL_PS,FAIL_PEG",0.04,0.30184,0.8795447488762782,0.21386999,8.359416,10.976791378227581
GOVX,"GeoVax Labs, Inc.",1.5072,3351376.0,Healthcare,Unknown,40,Fail,"FAIL_MCAP,FAIL_GROWTH,FAIL_GM,FAIL_ROIC,FAIL_PEG,FAIL_INSIDER",0.0,0.0,0.0,0.00159,100.0,-30.46605191631541
PPIH,"Perma-Pipe International Holdings, Inc.",28.665,232015840.0,Industrials,Unknown,80,Fail,"FAIL_PRICE,FAIL_INSIDER",0.471,0.3353,0.16356808553679122,0.10896,0.355905711252654,3.634457144647319
ACB,Aurora Cannabis Inc.,3.435,194796864.0,Healthcare,Unknown,50,Fail,"FAIL_GROWTH,FAIL_ROIC,FAIL_PEG,FAIL_FLOAT,FAIL_INSIDER",0.068,0.36027,0.04172624533797023,1.0000001e-05,14.705882352941176,-8.945163156464872
CENX,Century Aluminum Company,55.2,5463367680.0,Basic Materials,Unknown,40,Fail,"FAIL_MCAP,FAIL_PRICE,FAIL_GROWTH,FAIL_GM,FAIL_PEG,FAIL_FLOAT",0.004,0.09811,0.2418080948867208,0.30701,328.571425,2.9002772467899183
FGBI,"First Guaranty Bancshares, Inc.",8.81,139140144.0,Financial Services,Unknown,50,Fail,"FAIL_GROWTH,FAIL_GM,FAIL_ROIC,FAIL_PS,FAIL_PEG",0.034,0.0,0.0,0.59231997,29.41176470588235,3.0
SM,SM Energy Company,27.08,6454766080.0,Energy,Unknown,40,Fail,"FAIL_MCAP,FAIL_PRICE,FAIL_GROWTH,FAIL_ROIC,FAIL_FLOAT,FAIL_INSIDER",-0.171,0.90352994,0.10941247173969035,0.009330001,-0.28078469590643274,2.0200286016074642
SMBC,"Southern Missouri Bancorp, Inc.",60.77,675050176.0,Financial Services,Unknown,50,Fail,"FAIL_PRICE,FAIL_GROWTH,FAIL_GM,FAIL_PS,FAIL_INSIDER",0.088,0.0,0.32526741103570445,0.14396,1.194754659090909,3.0
CBFV,"CB Financial Services, Inc.",34.5,173759568.0,Financial Services,Unknown,50,Fail,"FAIL_PRICE,FAIL_GM,FAIL_PS,FAIL_PEG,FAIL_INSIDER",0.216,0.0,0.28123677744701575,0.10283,1.736111111111111,3.0
BHST,BioHarvest Sciences Inc. Common Stock,4.57,103587472.0,Consumer Defensive,Unknown,70,Fail,"FAIL_ROIC,FAIL_PS,FAIL_PEG",0.387,0.59211,-0.6405441953173671,0.22298001,2.5839793281653747,-3.151316416553426
AGNC,AGNC Investment Corp.,10.434,11719878656.0,Real Estate,Unknown,50,Fail,"FAIL_MCAP,FAIL_ROIC,FAIL_PS,FAIL_FLOAT,FAIL_INSIDER",5.461,1.0,0.0,0.00438,0.012997544405786486,3.0
POWI,"Power Integrations, Inc.",46.7,2592036864.0,Technology,Unknown,40,Fail,"FAIL_MCAP,FAIL_PRICE,FAIL_GROWTH,FAIL_ROIC,FAIL_FLOAT,FAIL_INSIDER",-0.019,0.54486,0.017481653727155204,0.0166,-63.02294736842106,18.094700865013184
ARAI,Arrive AI Inc.,0.9326,33978836.0,Technology,Unknown,30,Fail,"FAIL_MCAP,FAIL_GROWTH,FAIL_GM,FAIL_GM_TREND,FAIL_ROIC,FAIL_PS,FAIL_PEG",0.0,-0.22431,0.0,0.87549,100.0,-29.006950440274437
FPF,First Trust Intermediate Duration Preferred & Income Fund,18.35,1116557696.0,Financial Services,Unknown,30,Fail,"FAIL_GROWTH,FAIL_GM,FAIL_ROIC,FAIL_PS,FAIL_PEG,FAIL_FLOAT,FAIL_INSIDER",0.0,0.0,0.0,0.00042,9.314721,3.0
RGNT,Regentis Biomaterials Ltd.,3.3672,17440002.0,Healthcare,Unknown,40,Fail,"FAIL_MCAP,FAIL_GROWTH,FAIL_GM,FAIL_ROIC,FAIL_PS,FAIL_PEG",0.0,0.0,0.0,0.19047001,100.0,-11.637106730625353
CFFI,C&F Financial Corporation,70.0,227906064.0,Financial Services,Unknown,60,Fail,"FAIL_PRICE,FAIL_GROWTH,FAIL_GM,FAIL_INSIDER",0.133,0.0,0.21566191932209444,0.06592,0.6348803759398496,3.0
ISTR,Investar Holding Corporation,26.66,366689152.0,Financial Services,Unknown,50,Fail,"FAIL_PRICE,FAIL_GROWTH,FAIL_GM,FAIL_PS,FAIL_INSIDER",0.148,0.0,,0.081949994,0.8457047972972974,3.0
MO,"Altria Group, Inc.",66.09,110943404032.0,Consumer Defensive,Unknown,40,Fail,"FAIL_MCAP,FAIL_PRICE,FAIL_GROWTH,FAIL_PS,FAIL_FLOAT,FAIL_INSIDER",-0.005,0.72306997,0.4408657413219222,0.00117,-32.082524,4.6082178883301514
LNKB,"LINKBANCORP, Inc.",8.23,308278624.0,Financial Services,Unknown,80,Fail,"FAIL_GROWTH,FAIL_GM",-0.163,0.0,0.1810835682950015,0.30571,-0.5610088343558282,3.0
ALV,"Autoliv, Inc.",103.02,7825950208.0,Consumer Cyclical,Unknown,40,Fail,"FAIL_MCAP,FAIL_PRICE,FAIL_GROWTH,FAIL_GM,FAIL_FLOAT,FAIL_INSIDER",0.077,0.19177,0.18966037828715407,0.00347,1.3995,2.8400120160235947
LOMA,Loma Negra Compañía Industrial Argentina Sociedad Anónima,10.2185,1343347200.0,Basic Materials,Unknown,40,Fail,"FAIL_GROWTH,FAIL_GM,FAIL_GM_TREND,FAIL_PEG,FAIL_FLOAT,FAIL_INSIDER",0.057,0.21815,0.19758796864262013,0.0001,29.878654385964914,1.377008156175452
ZEPP,Zepp Health Corporation,15.306,223850240.0,Technology,Unknown,60,Fail,"FAIL_GM,FAIL_ROIC,FAIL_FLOAT,FAIL_INSIDER",0.785,0.37168,-0.18891216658104565,0.05909,1.2738853503184713,0.7088603096447945
XOMAO,XOMA Royalty Corporation,25.45,0.0,Healthcare,Unknown,50,Fail,"FAIL_MCAP,FAIL_PRICE,FAIL_ROIC,FAIL_PS,FAIL_INSIDER",0.299,0.95128,-0.04022579323948038,0.0,0.8503202675585284,-7.315683509808972
TCMD,"Tactile Systems Technology, Inc.",27.545,618080192.0,Healthcare,Unknown,60,Fail,"FAIL_PRICE,FAIL_ROIC,FAIL_PEG,FAIL_INSIDER",0.21,0.75912005,0.13022679662248238,0.03134,1.5995935714285714,9.155582322788408
BG,Bunge Global SA,126.535,24485672960.0,Consumer Defensive,Unknown,40,Fail,"FAIL_MCAP,FAIL_PRICE,FAIL_GM,FAIL_GM_TREND,FAIL_ROIC,FAIL_FLOAT",0.755,0.04847,0.04292410973445456,0.17763,0.3399513907284768,2.9151836323370177
FFBC,First Financial Bancorp.,26.67,2789311232.0,Financial Services,Unknown,40,Fail,"FAIL_MCAP,FAIL_PRICE,FAIL_GM,FAIL_PS,FAIL_FLOAT,FAIL_INSIDER",0.216,0.0,0.1702671917686401,0.01038,0.46418129629629623,3.0
FER,Ferrovial SE,64.8,46671826944.0,Industrials,Unknown,30,Fail,"FAIL_MCAP,FAIL_PRICE,FAIL_GROWTH,FAIL_ROIC,FAIL_PS,FAIL_PEG,FAIL_FLOAT",0.057,0.87442,0.12845303659167215,0.35743,8.237986666666666,2.129321025898194
CBNA,"Chain Bridge Bancorp, Inc.",36.29,238128384.0,Financial Services,Unknown,50,Fail,"FAIL_PRICE,FAIL_GROWTH,FAIL_GM,FAIL_ROIC,FAIL_PS",0.193,0.0,0.0,0.29762,0.6104905699481865,3.0
OGN,Organon & Co.,6.205,1615258624.0,Healthcare,Unknown,60,Fail,"FAIL_GROWTH,FAIL_ROIC,FAIL_FLOAT,FAIL_INSIDER",-0.053,0.54344004,0.046334164588528674,0.0029199999,-1.6260481132075473,1.1049982429465914
LPA,Logistic Properties of the Americas,2.73,86316640.0,Real Estate,Unknown,70,Fail,"FAIL_GROWTH,FAIL_ROIC,FAIL_INSIDER",0.143,0.82685,0.051522954857482324,0.06759,0.8300395104895105,0.41087230150015386
RDI,"Reading International, Inc.",1.09,38851856.0,Communication Services,Unknown,60,Fail,"FAIL_MCAP,FAIL_GROWTH,FAIL_GM,FAIL_ROIC",-0.132,0.14462,-0.03870531609014029,0.18466999,-7.575757575757575,-0.21161133144490157
CRWV,"CoreWeave, Inc.",83.28,43779305472.0,Technology,Unknown,60,Fail,"FAIL_MCAP,FAIL_PRICE,FAIL_ROIC,FAIL_FLOAT",1.104,0.71682,0.00044778267000489225,0.22935,0.9057971014492753,0.3835128443447212
ZTO,ZTO Express (Cayman) Inc.,25.59,19534440448.0,Industrials,Unknown,20,Fail,"FAIL_MCAP,FAIL_PRICE,FAIL_GROWTH,FAIL_GM,FAIL_GM_TREND,FAIL_ROIC,FAIL_FLOAT,FAIL_INSIDER",0.111,0.25994,0.13778383084793802,0.025150001,1.4684109909909908,1.9237838540093675
STRT,Strattec Security Corporation,74.91,313518752.0,Consumer Cyclical,Unknown,40,Fail,"FAIL_PRICE,FAIL_GROWTH,FAIL_GM,FAIL_ROIC,FAIL_PEG,FAIL_INSIDER",0.059,0.16648,0.13579690657247476,0.03684,1.9237288135593222,4.443228221707785
SLF,Sun Life Financial Inc.,64.035,35526393856.0,Financial Services,Unknown,30,Fail,"FAIL_MCAP,FAIL_PRICE,FAIL_GROWTH,FAIL_ROIC,FAIL_PEG,FAIL_FLOAT,FAIL_INSIDER",0.047,0.40646,0.12222562760210327,0.00062,3.0411761702127658,3.0
VIV,Telefônica Brasil S.A.,15.72,25117466624.0,Communication Services,Unknown,40,Fail,"FAIL_MCAP,FAIL_GROWTH,FAIL_ROIC,FAIL_PEG,FAIL_FLOAT,FAIL_INSIDER",0.071,0.48099998,0.08351355096397992,0.0,3.0751171830985915,0.9279936242591353
PACB,"Pacific Biosciences of California, Inc.",1.335,403167744.0,Healthcare,Unknown,50,Fail,"FAIL_GROWTH,FAIL_ROIC,FAIL_PEG,FAIL_FLOAT,FAIL_INSIDER",0.138,0.34280998,-0.8375222808576787,0.09375,7.246376811594202,-6.1042435259157
EAD,Wells Fargo Advantage Funds - Allspring Income Opportunities Fund,6.6318,391888576.0,Financial Services,Unknown,50,Fail,"FAIL_GROWTH,FAIL_ROIC,FAIL_PS,FAIL_FLOAT,FAIL_INSIDER",-0.094,1.0,0.0,1.0000001e-05,-1.085401063829787,3.0
QGEN,Qiagen N.V.,41.02,8453194240.0,Healthcare,Unknown,30,Fail,"FAIL_MCAP,FAIL_PRICE,FAIL_GROWTH,FAIL_PS,FAIL_PEG,FAIL_FLOAT,FAIL_INSIDER",0.037,0.66365,,0.00441,5.434552162162162,
FUBO,FuboTV Inc.,1.1599,409114336.0,Communication Services,Unknown,50,Fail,"FAIL_GM,FAIL_GM_TREND,FAIL_ROIC,FAIL_FLOAT,FAIL_INSIDER",0.4,0.02479,-0.37944841348092584,0.04504,0.090617185,-1.5893277834130872
RBA,"RB Global, Inc.",98.53,18378555392.0,Industrials,Unknown,20,Fail,"FAIL_MCAP,FAIL_PRICE,FAIL_GROWTH,FAIL_ROIC,FAIL_PS,FAIL_PEG,FAIL_FLOAT,FAIL_INSIDER",0.054,0.46581,0.05978797968249375,0.0011100001,8.944262962962963,2.551884368795401
HRTX,"Heron Therapeutics, Inc.",0.8267,155863648.0,Healthcare,Unknown,60,Fail,"FAIL_GROWTH,FAIL_ROIC,FAIL_FLOAT,FAIL_INSIDER",-0.005,0.72641,0.0,0.00818,-200.0,-9.091549953396841
ACVA,ACV Auctions Inc.,4.725,822488192.0,Consumer Cyclical,Unknown,30,Fail,"FAIL_GROWTH,FAIL_GM,FAIL_GM_TREND,FAIL_ROIC,FAIL_PEG,FAIL_FLOAT,FAIL_INSIDER",0.151,0.27372998,-0.16175944469468181,0.023540001,6.622516556291391,0.8305157307280436
TSLA,"Tesla, Inc.",397.46,1491479035904.0,Consumer Cyclical,Unknown,20,Fail,"FAIL_MCAP,FAIL_PRICE,FAIL_GROWTH,FAIL_GM,FAIL_ROIC,FAIL_PS,FAIL_FLOAT,FAIL_INSIDER",-0.031,0.18027,0.05105450283387807,0.1113,-118.71863548387095,17.828562118514288
PSHG,Performance Shipping Inc.,2.01,24988638.0,Industrials,Unknown,70,Fail,"FAIL_MCAP,FAIL_ROIC,FAIL_INSIDER",0.207,0.68177,0.0,0.0,0.07586050724637682,
HUMA,"Humacyte, Inc.",1.1088,213994544.0,Healthcare,Unknown,40,Fail,"FAIL_GROWTH,FAIL_GM,FAIL_ROIC,FAIL_PS,FAIL_PEG,FAIL_FLOAT",0.0,0.0,0.0,0.16362,100.0,-9.386450225074546
JZ,Jianzhi Education Technology Group Company Limited,1.16,15802100.0,Technology,Unknown,40,Fail,"FAIL_MCAP,FAIL_GROWTH,FAIL_GM,FAIL_ROIC,FAIL_FLOAT,FAIL_INSIDER",-0.963,0.14205,-1.6492944669507208,0.0,-1.0384215991692627,-2.527941582099503
BANF,BancFirst Corporation,103.93,3486342144.0,Financial Services,Unknown,40,Fail,"FAIL_MCAP,FAIL_PRICE,FAIL_GROWTH,FAIL_GM,FAIL_ROIC,FAIL_PS",0.112,0.0,0.0,0.30674,1.3051285714285714,3.0
SIG,Signet Jewelers Limited,82.59,3381966080.0,Consumer Cyclical,Unknown,40,Fail,"FAIL_MCAP,FAIL_PRICE,FAIL_GROWTH,FAIL_ROIC,FAIL_PEG,FAIL_INSIDER",0.031,0.39745998,0.10209460496097875,0.031059999,8.024679032258065,3.0844099335245643
ZVRA,"Zevra Therapeutics, Inc.",9.635,542426752.0,Healthcare,Unknown,60,Fail,"FAIL_ROIC,FAIL_PS,FAIL_FLOAT,FAIL_INSIDER",1.834,0.84519994,-1.4643528838801807,0.01282,0.11177753544165757,-2.671969558357612
BITF,Bitfarms Ltd.,2.3099,1392240384.0,Financial Services,Unknown,50,Fail,"FAIL_GM,FAIL_ROIC,FAIL_PS,FAIL_FLOAT,FAIL_INSIDER",1.558,0.046079997,-0.09213376054875642,0.04918,0.6418485237483953,13.588011015847416
LIF,"Life360, Inc.",41.47,3325836800.0,Technology,Unknown,60,Fail,"FAIL_MCAP,FAIL_PRICE,FAIL_FLOAT,FAIL_INSIDER",0.264,0.77805,0.24060043969870168,0.020399999,0.887476515151515,5.858840110800162
PSNL,"Personalis, Inc.",7.06,738700736.0,Healthcare,Unknown,30,Fail,"FAIL_GROWTH,FAIL_GM,FAIL_GM_TREND,FAIL_ROIC,FAIL_PS,FAIL_PEG,FAIL_FLOAT",0.032,0.22652,-0.4582840385709177,0.26853,31.25,3.6565544311018963
RYN,Rayonier Inc.,20.535,6242814976.0,Real Estate,Unknown,40,Fail,"FAIL_MCAP,FAIL_GROWTH,FAIL_ROIC,FAIL_PS,FAIL_FLOAT,FAIL_INSIDER",-0.838,0.32466,0.04131947517024105,0.01071,-0.5213781622911695,3.8160621169633293
VRAX,Virax Biolabs Group Limited,0.1985,1473551.0,Healthcare,Unknown,40,Fail,"FAIL_MCAP,FAIL_GROWTH,FAIL_GM,FAIL_ROIC,FAIL_PS,FAIL_INSIDER",-0.675,0.0,-3.2590824010880057,0.048130002,-1.4814814814814814,-6.806558429547566
BMR,Beamr Imaging Ltd.,1.68,26090156.0,Technology,Unknown,70,Fail,"FAIL_MCAP,FAIL_GROWTH,FAIL_ROIC",-0.018,0.89722,0.0,0.29747,-55.555555555555564,12.593210359671046
TASK,"TaskUs, Inc.",10.775,975797440.0,Technology,Unknown,80,Fail,"FAIL_GROWTH,FAIL_GM",0.141,0.39922002,0.16913407934201583,0.24965,0.6947130496453902,3.3847802120889168
AXTA,Axalta Coating Systems Ltd.,27.655,5900856320.0,Basic Materials,Unknown,40,Fail,"FAIL_MCAP,FAIL_PRICE,FAIL_GROWTH,FAIL_ROIC,FAIL_FLOAT,FAIL_INSIDER",-0.037,0.34433997,0.1018842240635288,0.00528,-4.295588918918919,2.2739509395535342
NEM,Newmont Corporation,107.55,117365334016.0,Basic Materials,Unknown,50,Fail,"FAIL_MCAP,FAIL_PRICE,FAIL_PS,FAIL_FLOAT,FAIL_INSIDER",0.206,0.63236,0.21636029821113267,0.00263,0.8183187864077671,4.35514907556232
MAC,The Macerich Company,19.03,5126883328.0,Real Estate,Unknown,40,Fail,"FAIL_MCAP,FAIL_GROWTH,FAIL_ROIC,FAIL_PS,FAIL_FLOAT,FAIL_INSIDER",-0.174,0.56044996,0.010873182617545636,0.00391,-5.74712643678161,0.020957458978544688
ERC,Allspring Multi-Sector Income Fund,9.0333,253418400.0,Financial Services,Unknown,50,Fail,"FAIL_GROWTH,FAIL_ROIC,FAIL_PS,FAIL_FLOAT,FAIL_INSIDER",-0.066,1.0,0.0,1.0000001e-05,-1.4257103030303029,3.0
BKH,Black Hills Corporation,70.19,5297579520.0,Utilities,Unknown,30,Fail,"FAIL_MCAP,FAIL_PRICE,FAIL_GROWTH,FAIL_ROIC,FAIL_PEG,FAIL_FLOAT,FAIL_INSIDER",0.064,0.38472,0.05758618829799299,0.005,2.755575,1.0372447962910476
CHTR,"Charter Communications, Inc.",213.13,27581020160.0,Communication Services,Unknown,50,Fail,"FAIL_MCAP,FAIL_PRICE,FAIL_GROWTH,FAIL_ROIC,FAIL_FLOAT",-0.023,0.55309,0.08575235644620076,0.32219002,-2.5598126086956525,0.6339792956743169
OBT,"Orange County Bancorp, Inc.",31.085,415505088.0,Financial Services,Unknown,50,Fail,"FAIL_PRICE,FAIL_GROWTH,FAIL_GM,FAIL_PS,FAIL_INSIDER",0.147,0.0,0.3156742358955045,0.12808,0.6350227891156462,3.0
NDSN,Nordson Corporation,271.11,15123490816.0,Industrials,Unknown,30,Fail,"FAIL_MCAP,FAIL_PRICE,FAIL_GROWTH,FAIL_ROIC,FAIL_PS,FAIL_PEG,FAIL_INSIDER",0.088,0.55280995,0.11315920492795294,0.05678,3.334194090909091,5.206972724556692
OPP,"RiverNorth/DoubleLine Strategic Opportunity Fund, Inc.",7.69,192174112.0,Financial Services,Unknown,30,Fail,"FAIL_GROWTH,FAIL_GM,FAIL_ROIC,FAIL_PS,FAIL_PEG,FAIL_FLOAT,FAIL_INSIDER",0.0,0.0,0.0,0.00621,7.927835,3.0
MXL,"MaxLinear, Inc.",16.635,1453447040.0,Technology,Unknown,60,Fail,"FAIL_ROIC,FAIL_PEG,FAIL_FLOAT,FAIL_INSIDER",0.48,0.56841,-0.24217099578687484,0.06665,2.0833333333333335,1.7914272780282485
PASG,"Passage Bio, Inc.",7.29,23384934.0,Healthcare,Unknown,30,Fail,"FAIL_MCAP,FAIL_GROWTH,FAIL_GM,FAIL_ROIC,FAIL_PS,FAIL_PEG,FAIL_INSIDER",0.0,0.0,0.0,0.00204,100.0,-17.33059059239586
DEA,"Easterly Government Properties, Inc.",22.1,1143768832.0,Real Estate,Unknown,50,Fail,"FAIL_GROWTH,FAIL_ROIC,FAIL_PS,FAIL_PEG,FAIL_INSIDER",0.108,0.67093,0.0,0.059070002,7.578874999999999,0.4417217836902098
WU,The Western Union Company,9.165,2913048576.0,Financial Services,Unknown,60,Fail,"FAIL_MCAP,FAIL_GROWTH,FAIL_FLOAT,FAIL_INSIDER",-0.047,0.37033,0.2531158388925489,0.01071,-1.2828947659574468,1.110926301477479
ECX,ECARX Holdings Inc.,1.09,388853312.0,Consumer Cyclical,Unknown,40,Fail,"FAIL_GROWTH,FAIL_GM,FAIL_GM_TREND,FAIL_ROIC,FAIL_PEG,FAIL_FLOAT",0.098,0.19023001,-16.694788898796435,0.69769996,10.204081632653061,-2.5168721065254998
ELME,Elme Communities,2.08,184824384.0,Real Estate,Unknown,50,Fail,"FAIL_GROWTH,FAIL_ROIC,FAIL_PEG,FAIL_FLOAT,FAIL_INSIDER",0.017,0.59291,0.0,0.01585,58.8235294117647,
HSCS,HeartSciences Inc.,2.64,8390467.0,Healthcare,Unknown,40,Fail,"FAIL_MCAP,FAIL_GROWTH,FAIL_ROIC,FAIL_PS,FAIL_PEG,FAIL_INSIDER",0.0,0.57919,0.0,0.05111,100.0,-30.877966433707606
AIRE,reAlpha Tech Corp.,0.3184,41981848.0,Real Estate,Unknown,60,Fail,"FAIL_MCAP,FAIL_ROIC,FAIL_PS,FAIL_FLOAT",0.701,0.54253,-3.281845452823899,0.26928,1.4265335235378032,-2.8707836190344582
FSLR,"First Solar, Inc.",198.72,21324840960.0,Technology,Unknown,40,Fail,"FAIL_MCAP,FAIL_PRICE,FAIL_GROWTH,FAIL_GM,FAIL_FLOAT,FAIL_INSIDER",0.111,0.40624002,0.2125749487540041,0.05479,1.2598664864864866,5.230062144412756
REFR,Research Frontiers Incorporated,1.02,34321188.0,Technology,Unknown,40,Fail,"FAIL_MCAP,FAIL_GROWTH,FAIL_GM,FAIL_GM_TREND,FAIL_ROIC,FAIL_PS",-0.595,-1.28546,0.0,0.15441,-1.680672268907563,-29.284611172900302
STRD,Strategy Inc,74.05,871176064.0,Technology,Unknown,30,Fail,"FAIL_PRICE,FAIL_GROWTH,FAIL_GM_TREND,FAIL_ROIC,FAIL_PEG,FAIL_FLOAT,FAIL_INSIDER",0.019,0.68691003,-0.06674371873585697,0.0,52.631578947368425,-0.05068374004124151
MYRG,MYR Group Inc.,269.7,4191157760.0,Industrials,Unknown,40,Fail,"FAIL_MCAP,FAIL_PRICE,FAIL_GROWTH,FAIL_GM,FAIL_PEG,FAIL_INSIDER",0.173,0.11586001,0.19968654146858417,0.01928,2.067585780346821,5.73873442003081
HTHT,H World Group Limited,50.83,15638771712.0,Consumer Cyclical,Unknown,30,Fail,"FAIL_MCAP,FAIL_PRICE,FAIL_GROWTH,FAIL_ROIC,FAIL_PEG,FAIL_FLOAT,FAIL_INSIDER",0.081,0.37033,0.0834663513988876,0.01802,3.6273461728395064,0.8916027273879685
RENT,"Rent the Runway, Inc.",4.46,149617856.0,Consumer Cyclical,Unknown,80,Fail,"FAIL_GROWTH,FAIL_ROIC",0.154,0.72305,-0.39291877014346427,0.75034,0.10055915584415584,-5.480399938224851
MCRP,Micropolis AI Robotics,3.37,117574064.0,Technology,Unknown,60,Fail,"FAIL_GM,FAIL_GM_TREND,FAIL_ROIC,FAIL_PS",0.8,0.14703,0.0,0.77603996,1.25,-14.933717312257775
DFNS,T3 Defense Inc.,1.0697,33167408.0,Industrials,Unknown,30,Fail,"FAIL_MCAP,FAIL_GROWTH,FAIL_GM,FAIL_GM_TREND,FAIL_ROIC,FAIL_PS,FAIL_PEG",0.0,0.0,0.0,0.49133,100.0,-82.92939912903293
ASPS,Altisource Portfolio Solutions S.A.,6.605,74479536.0,Real Estate,Unknown,50,Fail,"FAIL_GROWTH,FAIL_GM,FAIL_ROIC,FAIL_PEG,FAIL_INSIDER",0.032,0.28607,0.0048524971215747085,0.03186,13.7604165625,-2.224928010958185
TRMK,Trustmark Corporation,40.475,2426810368.0,Financial Services,Unknown,20,Fail,"FAIL_MCAP,FAIL_PRICE,FAIL_GROWTH,FAIL_GM,FAIL_PS,FAIL_PEG,FAIL_FLOAT,FAIL_INSIDER",0.072,0.0,0.24542535938471702,0.06678,1.5193318055555558,3.0
SI,"Shoulder Innovations, Inc.",15.3,315907136.0,Unknown,Unknown,20,Fail,"FAIL_GROWTH,FAIL_GM,FAIL_GM_TREND,FAIL_ROIC,FAIL_PS,FAIL_PEG,FAIL_FLOAT,FAIL_INSIDER",0.0,0.0,-0.31255284981730447,0.0,100.0,6.203990317381114
WELL,Welltower Inc.,213.96,149291139072.0,Real Estate,Unknown,30,Fail,"FAIL_MCAP,FAIL_PRICE,FAIL_ROIC,FAIL_PS,FAIL_PEG,FAIL_FLOAT,FAIL_INSIDER",0.413,0.40223,0.002896588983319571,0.00065,3.6228181598062954,3.836724256604548
APD,"Air Products and Chemicals, Inc.",286.38,63764226048.0,Basic Materials,Unknown,20,Fail,"FAIL_MCAP,FAIL_PRICE,FAIL_GROWTH,FAIL_ROIC,FAIL_PS,FAIL_PEG,FAIL_FLOAT,FAIL_INSIDER",0.058,0.31628,-0.00564341019370233,0.01889,17.241379310344826,2.5342358140774244
POWW,Outdoor Holding Company,2.045,239855440.0,Industrials,Unknown,50,Fail,"FAIL_ROIC,FAIL_PS,FAIL_PEG,FAIL_FLOAT,FAIL_INSIDER",0.532,0.95389,-0.33684584067400103,0.10658,1.8796992481203008,0.5047562386277298
JLHL,Julong Holding Limited,5.81,124616552.0,Industrials,Unknown,90,Fail,FAIL_GM,0.854,0.16081,1.4714568615147323,0.87347,0.3580672950819672,1.6752487087261527
ROCK,"Gibraltar Industries, Inc.",40.775,1204781568.0,Industrials,Unknown,50,Fail,"FAIL_PRICE,FAIL_GROWTH,FAIL_GM,FAIL_ROIC,FAIL_INSIDER",0.16,0.27142,0.10602077355820534,0.0077100005,0.784134625,3.7980944209727374
BRSL,Brightstar Lottery PLC,12.72,2353275392.0,Consumer Cyclical,Unknown,50,Fail,"FAIL_MCAP,FAIL_GROWTH,FAIL_ROIC,FAIL_PEG,FAIL_FLOAT",0.026,0.50458,0.06073881982417996,0.48116,38.46153846153846,0.466784479725117
TFSL,TFS Financial Corporation,13.52,3794169088.0,Financial Services,Unknown,20,Fail,"FAIL_MCAP,FAIL_GROWTH,FAIL_GM,FAIL_ROIC,FAIL_PS,FAIL_PEG,FAIL_FLOAT,FAIL_INSIDER",0.11,0.0,0.07290040412028939,0.00463,3.840909454545454,3.0
OYSE,Oyster Enterprises II Acquisition Corp,10.1601,344572192.0,Financial Services,Unknown,40,Fail,"FAIL_GROWTH,FAIL_GM,FAIL_ROIC,FAIL_PS,FAIL_PEG,FAIL_INSIDER",0.0,0.0,0.0,0.01749,42.33375,22.997403787017287
ULY,Urgent.ly Inc.,5.38,11787284.0,Technology,Unknown,40,Fail,"FAIL_MCAP,FAIL_GROWTH,FAIL_GM,FAIL_ROIC,FAIL_PEG,FAIL_INSIDER",0.039,0.25370002,-3.1496729748195125,0.03639,25.641025641025642,-4.093938311116451
MGIH,Millennium Group International Holdings Limited,1.42,15975000.0,Consumer Cyclical,Unknown,50,Fail,"FAIL_MCAP,FAIL_GROWTH,FAIL_GM,FAIL_GM_TREND,FAIL_ROIC",-0.24,0.18493,-0.32507108764578146,0.88889,-4.166666666666667,1.483049850626693
CIIT,"Tianci International, Inc.",0.2471,6061808.0,Industrials,Unknown,70,Fail,"FAIL_MCAP,FAIL_GM,FAIL_GM_TREND",0.868,0.051680002,,0.64872,1.1520737327188941,
NEWT,"NewtekOne, Inc.",11.74,339136864.0,Financial Services,Unknown,70,Fail,"FAIL_GROWTH,FAIL_PEG,FAIL_INSIDER",0.03,0.85251,0.16862684463050773,0.06593,1.7470236666666665,3.0
FMX,"Fomento Económico Mexicano, S.A.B. de C.V.",106.86,36924108800.0,Consumer Defensive,Unknown,40,Fail,"FAIL_MCAP,FAIL_PRICE,FAIL_GROWTH,FAIL_PEG,FAIL_FLOAT,FAIL_INSIDER",0.054,0.40618,,0.0,6.847366111111111,
MPC,Marathon Petroleum Corporation,237.55,71408115712.0,Energy,Unknown,30,Fail,"FAIL_MCAP,FAIL_PRICE,FAIL_GROWTH,FAIL_GM,FAIL_ROIC,FAIL_FLOAT,FAIL_INSIDER",-0.012,0.10308,0.14710710976478975,0.00319,-14.962838333333334,3.36327511498602
STHO,Star Holdings,8.145,103730680.0,Real Estate,Unknown,60,Fail,"FAIL_GROWTH,FAIL_ROIC,FAIL_PEG,FAIL_INSIDER",0.018,0.34070998,-0.11124035386714884,0.04091,55.555555555555564,-1.2151903992771245
DG,Dollar General Corporation,127.645,28097071104.0,Consumer Defensive,Unknown,30,Fail,"FAIL_MCAP,FAIL_PRICE,FAIL_GROWTH,FAIL_ROIC,FAIL_PEG,FAIL_FLOAT,FAIL_INSIDER",0.059,0.30661,0.05594810614293879,0.00369,3.1583569491525423,2.3999978961266386
CGEN,Compugen Ltd.,2.2,208934320.0,Healthcare,Unknown,80,Fail,"FAIL_FLOAT,FAIL_INSIDER",44.773,0.87286,2.072228072500052,0.02005,0.0012930726107252138,0.3606323682026268
WAFU,Wah Fu Education Group Limited,1.735,7652320.0,Consumer Defensive,Unknown,60,Fail,"FAIL_MCAP,FAIL_GROWTH,FAIL_GM_TREND,FAIL_ROIC",-0.053,0.4209,-0.7529997677226423,0.56391,-18.867924528301888,2.919770256654101
PAGS,PagSeguro Digital Ltd.,9.6378,2693951488.0,Technology,Unknown,40,Fail,"FAIL_MCAP,FAIL_GROWTH,FAIL_ROIC,FAIL_PEG,FAIL_FLOAT,FAIL_INSIDER",0.045,0.50889,0.10018267635055719,0.00393,1.6103257777777777,0.9833494940992441
ELUT,Elutia Inc.,1.1,47063332.0,Healthcare,Unknown,50,Fail,"FAIL_MCAP,FAIL_GROWTH,FAIL_ROIC,FAIL_PS,FAIL_INSIDER",-0.402,0.53657,0.0,0.03023,-2.487562189054726,-3.3292530482547344
ELS,"Equity LifeStyle Properties, Inc.",67.085,13442241536.0,Real Estate,Unknown,20,Fail,"FAIL_MCAP,FAIL_PRICE,FAIL_GROWTH,FAIL_ROIC,FAIL_PS,FAIL_PEG,FAIL_FLOAT,FAIL_INSIDER",0.005,0.53204,0.10573376985894635,0.013309999,66.75124,2.4296730489210194
SMSI,"Smith Micro Software, Inc.",0.7911,20381126.0,Technology,Unknown,70,Fail,"FAIL_MCAP,FAIL_GROWTH,FAIL_ROIC",-0.2,0.74054,-0.9980375122983488,0.26697,-5.0,-21.63695541648187
CBT,Cabot Corporation,68.772,3591384320.0,Basic Materials,Unknown,40,Fail,"FAIL_MCAP,FAIL_PRICE,FAIL_GROWTH,FAIL_GM,FAIL_FLOAT,FAIL_INSIDER",-0.111,0.25561002,0.16698659682093678,0.01329,-1.0831601801801802,3.405440697232799
NYC,American Strategic Investment Co.,8.67,23174416.0,Real Estate,Unknown,60,Fail,"FAIL_MCAP,FAIL_GROWTH,FAIL_GM,FAIL_GM_TREND",-0.206,0.2471,,0.65105003,-4.8543689320388355,-2.3609892268567014
NVGS,Navigator Holdings Ltd.,18.82,1233422464.0,Energy,Unknown,70,Fail,"FAIL_GROWTH,FAIL_ROIC,FAIL_PEG",0.061,0.54245996,0.0745750982741633,0.56911,2.0988067213114756,1.5077291644293167
OKYO,OKYO Pharma Limited,1.525,78339552.0,Healthcare,Unknown,50,Fail,"FAIL_GROWTH,FAIL_GM,FAIL_ROIC,FAIL_PS,FAIL_PEG",0.0,0.0,0.0,0.3041,100.0,-57.53976690506139
BX,Blackstone Inc.,114.475,139918442496.0,Financial Services,Unknown,50,Fail,"FAIL_MCAP,FAIL_PRICE,FAIL_PS,FAIL_FLOAT,FAIL_INSIDER",0.506,1.0,0.20282365992053952,0.00972,0.5830803162055336,3.0
PN,Skycorp Solar Group Ltd,0.5643,15236100.0,Technology,Unknown,40,Fail,"FAIL_MCAP,FAIL_GM,FAIL_GM_TREND,FAIL_ROIC,FAIL_PEG,FAIL_INSIDER",0.429,0.09952,-0.12228365128416298,0.08796,2.331002331002331,2.3367301662359825
ADAML,"Adamas Trust, Inc.",23.605,0.0,Real Estate,Unknown,50,Fail,"FAIL_MCAP,FAIL_ROIC,FAIL_PS,FAIL_FLOAT,FAIL_INSIDER",189.636,0.74556,0.10987952923940142,0.0,0.00527326035141007,3.0
FIP,FTAI Infrastructure Inc.,5.15,598916480.0,Industrials,Unknown,70,Fail,"FAIL_ROIC,FAIL_FLOAT,FAIL_INSIDER",0.777,0.40383,-0.07779058216206754,0.08515,1.287001287001287,-0.15448548869533044
BOOT,"Boot Barn Holdings, Inc.",162.412,4950907904.0,Consumer Cyclical,Unknown,50,Fail,"FAIL_MCAP,FAIL_PRICE,FAIL_GROWTH,FAIL_ROIC,FAIL_INSIDER",0.16,0.38323003,0.11208933885851602,0.00449,1.42167375,5.621994863571678
YXT,YXT.COM Group Holding Limited,0.6,36045320.0,Technology,Unknown,60,Fail,"FAIL_MCAP,FAIL_GROWTH,FAIL_ROIC,FAIL_INSIDER",-0.074,0.63722,-0.6548448894827503,0.00841,-0.1559251756756757,-5.368176498429657
LEN-B,Lennar Corporation,90.045,23775111168.0,Consumer Cyclical,Unknown,40,Fail,"FAIL_MCAP,FAIL_PRICE,FAIL_GROWTH,FAIL_GM,FAIL_ROIC,FAIL_FLOAT",-0.133,0.16931,0.0855862670397501,0.70963997,-0.974143984962406,3.9437763652735427
PFG,"Principal Financial Group, Inc.",87.44,19210029056.0,Financial Services,Unknown,40,Fail,"FAIL_MCAP,FAIL_PRICE,FAIL_GROWTH,FAIL_ROIC,FAIL_FLOAT,FAIL_INSIDER",-0.037,0.44241002,0.0,0.0113,-4.501416216216216,3.0
DDL,Dingdong (Cayman) Limited,2.615,567418240.0,Consumer Defensive,Unknown,50,Fail,"FAIL_GROWTH,FAIL_GM,FAIL_PEG,FAIL_FLOAT,FAIL_INSIDER",0.057,0.29408002,,0.00148,3.2769424561403504,
MRTN,"Marten Transport, Ltd.",11.62,947519808.0,Industrials,Unknown,60,Fail,"FAIL_GROWTH,FAIL_GM,FAIL_ROIC,FAIL_FLOAT",-0.088,0.24049,0.010712046632446836,0.29373,-6.287879090909092,5.239327261903186
EHC,Encompass Health Corporation,100.115,10073167872.0,Healthcare,Unknown,30,Fail,"FAIL_MCAP,FAIL_PRICE,FAIL_GROWTH,FAIL_GM_TREND,FAIL_PEG,FAIL_FLOAT,FAIL_INSIDER",0.099,0.43215,0.1689723548234367,0.01372,1.8220947474747473,3.18917478691122
KMX,"CarMax, Inc.",42.335,6216684544.0,Consumer Cyclical,Unknown,30,Fail,"FAIL_MCAP,FAIL_PRICE,FAIL_GROWTH,FAIL_GM,FAIL_ROIC,FAIL_FLOAT,FAIL_INSIDER",-0.067,0.123859994,0.04568190155761989,0.0043200003,-2.071690746268657,1.6677819877106077
PNR,Pentair plc,89.52,14649221120.0,Industrials,Unknown,20,Fail,"FAIL_MCAP,FAIL_PRICE,FAIL_GROWTH,FAIL_ROIC,FAIL_PS,FAIL_PEG,FAIL_FLOAT,FAIL_INSIDER",0.049,0.40886003,0.12814385204436762,0.0090499995,4.6486989795918365,4.6120585301889925
MPV,Barings Participation Investors,19.05,204259376.0,Financial Services,Unknown,50,Fail,"FAIL_GROWTH,FAIL_ROIC,FAIL_PS,FAIL_FLOAT,FAIL_INSIDER",-0.332,1.0,0.1032290790700171,0.0,-0.4012553614457831,3.0
ORRF,"Orrstown Financial Services, Inc.",34.11,665390848.0,Financial Services,Unknown,60,Fail,"FAIL_PRICE,FAIL_GROWTH,FAIL_GM,FAIL_INSIDER",0.08,0.0,0.21595210105449153,0.04664,1.020036,3.0
RCON,"Recon Technology, Ltd.",1.09,33383896.0,Energy,Unknown,40,Fail,"FAIL_MCAP,FAIL_GROWTH,FAIL_GM,FAIL_GM_TREND,FAIL_ROIC,FAIL_PEG",0.026,0.22992,-0.11639680640990288,0.58997,38.46153846153846,0.5884659517724138
DGXX,Digi Power X Inc.,2.405,157084480.0,Utilities,Unknown,40,Fail,"FAIL_GROWTH,FAIL_GM,FAIL_ROIC,FAIL_PS,FAIL_FLOAT,FAIL_INSIDER",-0.112,0.042150002,-0.3353255252674845,0.14659001,-8.928571428571427,6.589915790632677
FIGR,"Figure Technology Solutions, Inc.",33.25,7175667712.0,Financial Services,Unknown,50,Fail,"FAIL_MCAP,FAIL_PRICE,FAIL_PS,FAIL_FLOAT,FAIL_INSIDER",0.991,1.0,,0.10784,0.7625447426841575,
ANVS,"Annovis Bio, Inc.",2.525,66919796.0,Healthcare,Unknown,40,Fail,"FAIL_GROWTH,FAIL_GM,FAIL_ROIC,FAIL_PS,FAIL_PEG,FAIL_INSIDER",0.0,0.0,0.0,0.14441,100.0,-10.322700357019443
MNOV,"MediciNova, Inc.",1.42,69894168.0,Healthcare,Unknown,40,Fail,"FAIL_GROWTH,FAIL_GM,FAIL_ROIC,FAIL_PS,FAIL_PEG,FAIL_INSIDER",0.0,0.0758,-1.0278907061590015,0.02875,100.0,1.8127996210527844
FOA,Finance of America Companies Inc.,18.07,183375680.0,Financial Services,Unknown,70,Fail,"FAIL_GROWTH,FAIL_ROIC,FAIL_PEG",0.0,0.82819,0.05606474040661966,0.29566,100.0,3.0
UPLD,"Upland Software, Inc.",0.5403,15732552.0,Technology,Unknown,70,Fail,"FAIL_MCAP,FAIL_GROWTH,FAIL_ROIC",-0.275,0.74751,-0.08036237657028708,0.29852,-3.636363636363636,-1.853535940707214
MMLP,Martin Midstream Partners L.P.,2.58,100762128.0,Energy,Unknown,50,Fail,"FAIL_GROWTH,FAIL_GM,FAIL_GM_TREND,FAIL_ROIC,FAIL_PEG",0.017,0.19419001,0.13212151464033356,0.34877,58.8235294117647,1.7647531788652355
ONMD,OneMedNet Corporation,0.8,40925656.0,Healthcare,Unknown,40,Fail,"FAIL_MCAP,FAIL_GM,FAIL_GM_TREND,FAIL_ROIC,FAIL_PS,FAIL_PEG",0.246,-1.4048599,0.0,0.71247,4.0650406504065035,-50.59495266112514
PLUS,ePlus inc.,75.1,1985559552.0,Technology,Unknown,70,Fail,"FAIL_PRICE,FAIL_GM,FAIL_INSIDER",0.246,0.26594,0.15293045373555994,0.022160001,0.5451509756097561,3.6676777028319663
SPPL,Simpple Ltd.,2.25,13018914.0,Industrials,Unknown,60,Fail,"FAIL_MCAP,FAIL_GM_TREND,FAIL_ROIC,FAIL_INSIDER",1.469,0.511,-1.5292889664032479,0.11372,0.6807351940095303,-2.873179437799717
SANG,Sangoma Technologies Corporation,4.2201,140178976.0,Technology,Unknown,80,Fail,"FAIL_GROWTH,FAIL_ROIC",-0.13,0.70611,-0.0055590987495446114,0.26791,-7.6923076923076925,0.9564845674475697
WF,Woori Financial Group Inc.,66.91,16303604736.0,Financial Services,Unknown,30,Fail,"FAIL_MCAP,FAIL_PRICE,FAIL_GROWTH,FAIL_GM,FAIL_ROIC,FAIL_FLOAT,FAIL_INSIDER",0.057,0.0,0.14581053444112665,0.0,1.4510008771929823,3.0
COR,"Cencora, Inc.",328.305,63865397248.0,Healthcare,Unknown,30,Fail,"FAIL_MCAP,FAIL_PRICE,FAIL_GROWTH,FAIL_GM,FAIL_PEG,FAIL_FLOAT,FAIL_INSIDER",0.055,0.03613,0.3863192475739591,0.042340003,7.165884545454546,4.854861787256137
OZK,Bank OZK,43.93,4914793984.0,Financial Services,Unknown,20,Fail,"FAIL_MCAP,FAIL_PRICE,FAIL_GROWTH,FAIL_GM,FAIL_PS,FAIL_PEG,FAIL_FLOAT,FAIL_INSIDER",0.04,0.0,0.40987486528845085,0.0657,1.77710365,3.0
RILY,"BRC Group Holdings, Inc.",7.04,244980512.0,Financial Services,Unknown,70,Fail,"FAIL_GM,FAIL_GM_TREND,FAIL_ROIC",0.89,-0.13774,-0.637714208299092,0.36862,1.1235955056179776,-1.2391124007949623
EURKU,Eureka Acquisition Corp,10.89,72600912.0,Financial Services,Unknown,40,Fail,"FAIL_GROWTH,FAIL_GM,FAIL_ROIC,FAIL_PS,FAIL_PEG,FAIL_INSIDER",0.0,0.0,-0.02758993451495362,0.0,100.0,59.97628947655305
BNS,The Bank of Nova Scotia,70.46,87160864768.0,Financial Services,Unknown,40,Fail,"FAIL_MCAP,FAIL_PRICE,FAIL_GM,FAIL_ROIC,FAIL_FLOAT,FAIL_INSIDER",0.235,0.0,0.10249604815611167,0.00023,0.6106513191489361,3.0
ERII,"Energy Recovery, Inc.",10.025,531045248.0,Industrials,Unknown,50,Fail,"FAIL_GROWTH,FAIL_ROIC,FAIL_PS,FAIL_FLOAT,FAIL_INSIDER",-0.003,0.65139997,0.1201985141132829,0.03032,-79.56349,15.138444014513796
SPMC,"Sound Point Meridian Capital, Inc.",8.625,177132832.0,Financial Services,Unknown,60,Fail,"FAIL_GROWTH,FAIL_ROIC,FAIL_PEG,FAIL_FLOAT",0.0,1.0,0.0,1.01299,2.712264,3.0
FTDR,"Frontdoor, Inc.",62.405,4500224000.0,Consumer Cyclical,Unknown,50,Fail,"FAIL_MCAP,FAIL_PRICE,FAIL_GROWTH,FAIL_FLOAT,FAIL_INSIDER",0.134,0.5528,0.36143813599230157,0.00602,1.3617220895522388,3.6781261695415006
HCAT,"Health Catalyst, Inc.",1.145,84256176.0,Healthcare,Unknown,60,Fail,"FAIL_GROWTH,FAIL_ROIC,FAIL_FLOAT,FAIL_INSIDER",-0.062,0.49699003,-0.4194985051416676,0.12121,-16.129032258064516,-3.799266388952111
CNDT,Conduent Incorporated,1.18,182556816.0,Technology,Unknown,40,Fail,"FAIL_GROWTH,FAIL_GM,FAIL_GM_TREND,FAIL_ROIC,FAIL_FLOAT,FAIL_INSIDER",-0.038,0.18146,-0.0920340293890178,0.10989001,-26.315789473684212,-0.15304108407238015
VELO,"Velo3D, Inc.",14.37,353755328.0,Technology,Unknown,70,Fail,"FAIL_GM,FAIL_ROIC,FAIL_PEG",0.654,-0.01835,-1.054484116151331,0.52147996,1.5290519877675839,-3.8660268445821746
IBKR,"Interactive Brokers Group, Inc.",69.1,117483151360.0,Financial Services,Unknown,30,Fail,"FAIL_MCAP,FAIL_PRICE,FAIL_GROWTH,FAIL_PS,FAIL_PEG,FAIL_FLOAT,FAIL_INSIDER",0.152,0.92543,19.594031962198024,0.02803,2.0477713815789476,0.7280177316263367
VITL,"Vital Farms, Inc.",15.2,680916288.0,Consumer Defensive,Unknown,100,Pass,,0.287,0.37617,0.18801066828627672,0.17462,0.3677893728222997,5.218897554296104
GHC,Graham Holdings Company,1072.33,4677958144.0,Consumer Defensive,Unknown,30,Fail,"FAIL_MCAP,FAIL_PRICE,FAIL_GROWTH,FAIL_GM,FAIL_ROIC,FAIL_PEG,FAIL_INSIDER",0.004,0.29927,0.06553526859598895,0.052210003,40.307092499999996,3.135714941430147
BKSY,BlackSky Technology Inc.,26.605,957582976.0,Industrials,Unknown,40,Fail,"FAIL_PRICE,FAIL_GROWTH,FAIL_ROIC,FAIL_PS,FAIL_PEG,FAIL_INSIDER",0.16,0.66875,-0.2276968269680086,0.091239996,6.25,0.1756184586020233
SANM,Sanmina Corporation,126.17,6889498624.0,Technology,Unknown,50,Fail,"FAIL_MCAP,FAIL_PRICE,FAIL_GM,FAIL_FLOAT,FAIL_INSIDER",0.59,0.08493,0.16322265788766743,0.05434,0.510375779661017,2.665855486703375
GD,General Dynamics Corporation,356.08,96280379392.0,Industrials,Unknown,20,Fail,"FAIL_MCAP,FAIL_PRICE,FAIL_GROWTH,FAIL_GM,FAIL_ROIC,FAIL_PEG,FAIL_FLOAT,FAIL_INSIDER",0.078,0.1513,0.13730128694085939,0.00524,2.9528642307692308,4.2959516439094765
HLNE,Hamilton Lane Incorporated,103.49,5775128576.0,Financial Services,Unknown,40,Fail,"FAIL_MCAP,FAIL_PRICE,FAIL_GROWTH,FAIL_GM_TREND,FAIL_PS,FAIL_INSIDER",0.18,0.60234,0.4024540052589759,0.10594,1.0248563333333331,6.194724684972627
BLFS,"BioLife Solutions, Inc.",19.25,929774976.0,Healthcare,Unknown,60,Fail,"FAIL_ROIC,FAIL_PS,FAIL_PEG,FAIL_INSIDER",0.639,0.64562,-0.04672593455702765,0.026349999,1.5649452269170578,15.675897343702097
TCBIO,"Texas Capital Bancshares, Inc.",22.42,0.0,Financial Services,Unknown,50,Fail,"FAIL_MCAP,FAIL_GROWTH,FAIL_GM,FAIL_PS,FAIL_INSIDER",0.191,0.0,0.3658675055557065,0.0,0.29649455497382193,3.0
ARTL,"Artelo Biosciences, Inc.",6.3898,4525627.0,Healthcare,Unknown,30,Fail,"FAIL_MCAP,FAIL_GROWTH,FAIL_GM,FAIL_ROIC,FAIL_PS,FAIL_PEG,FAIL_INSIDER",0.0,0.0,0.0,0.02774,100.0,-47.11140206614855
MTB,M&T Bank Corporation,199.14,29671911424.0,Financial Services,Unknown,20,Fail,"FAIL_MCAP,FAIL_PRICE,FAIL_GROWTH,FAIL_GM,FAIL_PS,FAIL_PEG,FAIL_FLOAT,FAIL_INSIDER",0.047,0.0,0.2383995743471527,0.00328,2.493832340425532,3.0
DGICB,Donegal Group Inc.,16.03,622955008.0,Financial Services,Unknown,60,Fail,"FAIL_GROWTH,FAIL_GM,FAIL_ROIC,FAIL_INSIDER",-0.039,0.101739995,0.1240128718100379,0.00028,-1.885438717948718,3.0
BBD,Banco Bradesco S.A.,3.575,37790298112.0,Financial Services,Unknown,50,Fail,"FAIL_MCAP,FAIL_GROWTH,FAIL_GM,FAIL_FLOAT,FAIL_INSIDER",0.06,0.0,0.41078817889119523,2.0000001e-05,1.453252,3.0
TDTH,Trident Digital Tech Holdings Ltd,0.2099,29231874.0,Technology,Unknown,20,Fail,"FAIL_MCAP,FAIL_GROWTH,FAIL_GM,FAIL_GM_TREND,FAIL_ROIC,FAIL_PS,FAIL_FLOAT,FAIL_INSIDER",-0.903,0.0029499999,-4.305762823744978,0.0,-1.1074197120708749,-9.918612744494874
DNLI,Denali Therapeutics Inc.,20.375,3231301632.0,Healthcare,Unknown,20,Fail,"FAIL_MCAP,FAIL_GROWTH,FAIL_GM,FAIL_ROIC,FAIL_PS,FAIL_PEG,FAIL_FLOAT,FAIL_INSIDER",0.0,0.0,-0.657191735330319,0.09119,100.0,11.520821859998588
ELSE,"Electro-Sensors, Inc.",4.35,15140266.0,Technology,Unknown,60,Fail,"FAIL_MCAP,FAIL_GROWTH,FAIL_ROIC,FAIL_PEG",0.094,0.50679,0.0,0.51893,3.856382978723404,19.318671803391215
COLAU,Columbus Acquisition Corp,10.66,84686128.0,Financial Services,Unknown,40,Fail,"FAIL_GROWTH,FAIL_GM,FAIL_ROIC,FAIL_PS,FAIL_PEG,FAIL_INSIDER",0.0,0.0,0.0,0.03758,100.0,198.1939983408811
FFWM,First Foundation Inc.,5.535,458765152.0,Financial Services,Unknown,60,Fail,"FAIL_GM,FAIL_PEG,FAIL_FLOAT,FAIL_INSIDER",0.246,0.0,,0.059159998,4.0650406504065035,3.0
DE,Deere & Company,575.85,155541274624.0,Industrials,Unknown,0,Fail,"FAIL_MCAP,FAIL_PRICE,FAIL_GROWTH,FAIL_GM,FAIL_GM_TREND,FAIL_ROIC,FAIL_PS,FAIL_PEG,FAIL_FLOAT,FAIL_INSIDER",0.13,0.26248,0.0919162832925205,0.00166,2.4969646153846154,3.150350498036788
MNRO,"Monro, Inc.",15.385,461852480.0,Consumer Cyclical,Unknown,70,Fail,"FAIL_GROWTH,FAIL_ROIC,FAIL_INSIDER",-0.041,0.34767,0.009750380042801977,0.021,-24.39024390243902,1.3687194310330872
SGMO,"Sangamo Therapeutics, Inc.",0.3677,136668496.0,Healthcare,Unknown,30,Fail,"FAIL_GROWTH,FAIL_GM,FAIL_GM_TREND,FAIL_ROIC,FAIL_PS,FAIL_FLOAT,FAIL_INSIDER",-0.988,-2.1910899,-8.607498795765542,0.02019,-1.0121457489878543,-22.240197219813368
VNO,Vornado Realty Trust,26.53,5538114048.0,Real Estate,Unknown,40,Fail,"FAIL_MCAP,FAIL_PRICE,FAIL_GROWTH,FAIL_ROIC,FAIL_FLOAT,FAIL_INSIDER",-0.081,0.50661,0.09723331187114112,0.06579,-0.7798354320987655,0.5239671681829076
TTEK,"Tetra Tech, Inc.",31.46,8205005824.0,Industrials,Unknown,30,Fail,"FAIL_MCAP,FAIL_PRICE,FAIL_GROWTH,FAIL_GM,FAIL_ROIC,FAIL_FLOAT,FAIL_INSIDER",-0.134,0.21542999,0.10564915348271475,0.00497,-1.7652339552238805,4.241038494110342
FRSH,Freshworks Inc.,7.995,2271660800.0,Technology,Unknown,50,Fail,"FAIL_MCAP,FAIL_GROWTH,FAIL_ROIC,FAIL_FLOAT,FAIL_INSIDER",0.145,0.84961,0.0928589874289891,0.07468,0.8752052413793104,0.2880704760418097
EA,Electronic Arts Inc.,200.8,50250944512.0,Communication Services,Unknown,30,Fail,"FAIL_MCAP,FAIL_PRICE,FAIL_GROWTH,FAIL_PS,FAIL_PEG,FAIL_FLOAT,FAIL_INSIDER",0.01,0.78264,0.18731005601046158,0.00209,75.48872,6.801963155997877
EVAX,Evaxion A/S,3.78,31526016.0,Healthcare,Unknown,50,Fail,"FAIL_MCAP,FAIL_GROWTH,FAIL_ROIC,FAIL_PS,FAIL_FLOAT",-1.0,1.0,-5.289020828613196,0.17469,-1.0,-4.319719830008528
CYN,Cyngn Inc.,2.3699,18898486.0,Technology,Unknown,40,Fail,"FAIL_MCAP,FAIL_GM,FAIL_ROIC,FAIL_PS,FAIL_PEG,FAIL_INSIDER",0.471,0.27972,0.0,0.00044,2.123142250530786,-10.23842903949962
KO,The Coca-Cola Company,76.71,329976414208.0,Consumer Defensive,Unknown,30,Fail,"FAIL_MCAP,FAIL_PRICE,FAIL_GROWTH,FAIL_PS,FAIL_PEG,FAIL_FLOAT,FAIL_INSIDER",0.024,0.61626,0.21509114200551796,0.09889,10.513980416666667,5.0052255875129
BDC,Belden Inc.,115.56,4541532160.0,Technology,Unknown,30,Fail,"FAIL_MCAP,FAIL_PRICE,FAIL_GROWTH,FAIL_GM,FAIL_ROIC,FAIL_PEG,FAIL_INSIDER",0.081,0.37993,0.12244798808367661,0.01754,2.4139875308641976,3.0295273555999778
FVCB,"FVCBankcorp, Inc.",14.66,264976800.0,Financial Services,Unknown,70,Fail,"FAIL_GROWTH,FAIL_GM,FAIL_PS",0.102,0.0,0.24491607133967455,0.15052,1.1878139215686276,3.0
BNBX,BNB Plus Corp.,0.7422,4043111.0,Financial Services,Unknown,40,Fail,"FAIL_MCAP,FAIL_GROWTH,FAIL_GM,FAIL_GM_TREND,FAIL_ROIC,FAIL_INSIDER",-0.35,0.29913,-18.483231390488125,0.11934,-7.509370857142858e-05,-130.16482780475687
ANY,Sphere 3D Corp.,1.595,5544756.0,Financial Services,Unknown,30,Fail,"FAIL_MCAP,FAIL_GROWTH,FAIL_GM,FAIL_GM_TREND,FAIL_ROIC,FAIL_PEG,FAIL_INSIDER",0.031,0.23495,-0.2794334611979935,0.00836,32.25806451612903,-13.886238604773657
AEF,"abrdn Emerging Markets ex-China Fund, Inc.",7.715,313240000.0,Financial Services,Unknown,50,Fail,"FAIL_GROWTH,FAIL_ROIC,FAIL_PS,FAIL_FLOAT,FAIL_INSIDER",-0.023,1.0,0.0,4.0000003e-05,-1.464780739130435,3.0
TXG,"10x Genomics, Inc.",17.55,2242052096.0,Healthcare,Unknown,30,Fail,"FAIL_MCAP,FAIL_GROWTH,FAIL_ROIC,FAIL_PS,FAIL_PEG,FAIL_FLOAT,FAIL_INSIDER",0.006,0.6913,-0.10706110577029462,0.01993,166.66666666666669,4.561756093304515
ALRM,"Alarm.com Holdings, Inc.",46.3,2309429248.0,Technology,Unknown,40,Fail,"FAIL_MCAP,FAIL_PRICE,FAIL_GROWTH,FAIL_ROIC,FAIL_PEG,FAIL_INSIDER",0.08,0.66149,0.14936213769286055,0.053260002,2.35264225,2.5546293451666813
IGC,"IGC Pharma, Inc.",0.2788,26496602.0,Healthcare,Unknown,30,Fail,"FAIL_MCAP,FAIL_GROWTH,FAIL_GM_TREND,FAIL_ROIC,FAIL_PS,FAIL_FLOAT,FAIL_INSIDER",-0.536,0.46203,-1.2081778354697388,0.08112001,-1.8656716417910448,-15.324304042187359
SENS,"Senseonics Holdings, Inc.",6.38,266495568.0,Healthcare,Unknown,70,Fail,"FAIL_ROIC,FAIL_PS,FAIL_INSIDER",0.718,0.44709,0.0,0.089090005,1.392757660167131,-9.336280765945837
RNW,ReNew Energy Global Plc,5.255,1913858560.0,Utilities,Unknown,70,Fail,"FAIL_GM_TREND,FAIL_ROIC,FAIL_FLOAT",0.361,0.83769995,0.034357630021678374,0.16454001,0.40435518005540166,0.13421309836503967
LFUS,"Littelfuse, Inc.",336.405,8446346240.0,Technology,Unknown,30,Fail,"FAIL_MCAP,FAIL_PRICE,FAIL_GROWTH,FAIL_GM,FAIL_ROIC,FAIL_PEG,FAIL_INSIDER",0.122,0.38015,-0.27418001562557986,0.01386,8.196721311475411,4.810557783487962
ACIW,"ACI Worldwide, Inc.",39.48,4069914624.0,Technology,Unknown,20,Fail,"FAIL_MCAP,FAIL_PRICE,FAIL_GROWTH,FAIL_GM,FAIL_ROIC,FAIL_PEG,FAIL_FLOAT,FAIL_INSIDER",0.063,0.48991,0.12405661157414338,0.01153,2.9012344444444444,3.465032640591726
CREX,"Creative Realities, Inc.",3.62,38078532.0,Technology,Unknown,40,Fail,"FAIL_MCAP,FAIL_GROWTH,FAIL_GM,FAIL_GM_TREND,FAIL_ROIC,FAIL_INSIDER",-0.27,0.43131,-0.043832640038460484,0.05943,-3.7037037037037037,-0.1630168548706208
HGBL,Heritage Global Inc.,1.28,44469184.0,Financial Services,Unknown,60,Fail,"FAIL_MCAP,FAIL_GROWTH,FAIL_ROIC,FAIL_INSIDER",0.101,0.60873,0.11341539855102378,0.118760005,1.2673266336633662,-1.0673537484821667
SBGI,"Sinclair, Inc.",13.355,956472128.0,Communication Services,Unknown,70,Fail,"FAIL_GROWTH,FAIL_GM_TREND,FAIL_ROIC",-0.167,0.43989,0.038229549632352935,0.1726,-5.9880239520958085,0.9306678920457394
RZLT,"Rezolute, Inc.",2.455,234937824.0,Healthcare,Unknown,30,Fail,"FAIL_GROWTH,FAIL_GM,FAIL_ROIC,FAIL_PS,FAIL_PEG,FAIL_FLOAT,FAIL_INSIDER",0.0,0.0,0.0,0.10244001,100.0,6.913373013119204
BOH,Bank of Hawaii Corporation,71.85,2858558720.0,Financial Services,Unknown,40,Fail,"FAIL_MCAP,FAIL_PRICE,FAIL_GROWTH,FAIL_GM,FAIL_PS,FAIL_INSIDER",0.174,0.0,0.30940224464234173,0.02106,0.8918596551724138,3.0
FUTU,Futu Holdings Limited,146.28,20366198784.0,Financial Services,Unknown,70,Fail,"FAIL_MCAP,FAIL_PRICE,FAIL_FLOAT",0.531,0.94383,0.22551573328708985,0.15935999,0.268761186440678,0.6369616580797921
NNI,"Nelnet, Inc.",126.19,4527060992.0,Financial Services,Unknown,60,Fail,"FAIL_MCAP,FAIL_PRICE,FAIL_GROWTH,FAIL_ROIC",-0.086,0.86474,0.07137010472996358,0.37745,-1.2445509302325581,3.0
TCBX,"Third Coast Bancshares, Inc.",36.945,609067200.0,Financial Services,Unknown,60,Fail,"FAIL_PRICE,FAIL_GM,FAIL_PS,FAIL_INSIDER",0.201,0.0,0.39291925352210855,0.07658,0.4849761691542288,3.0
ACDC,ProFrac Holding Corp.,6.89,1246202496.0,Energy,Unknown,70,Fail,"FAIL_GROWTH,FAIL_GM,FAIL_ROIC",-0.04,0.2509,-0.11783866641118988,0.84345,-25.0,0.49962127546668944
BATRK,"Atlanta Braves Holdings, Inc.",43.28,2766236160.0,Communication Services,Unknown,20,Fail,"FAIL_MCAP,FAIL_PRICE,FAIL_GROWTH,FAIL_ROIC,FAIL_PS,FAIL_PEG,FAIL_FLOAT,FAIL_INSIDER",0.176,0.3019,0.017064362399658566,0.10492,5.6818181818181825,1.3504075874244994
UI,Ubiquiti Inc.,798.485,48324943872.0,Technology,Unknown,50,Fail,"FAIL_MCAP,FAIL_PRICE,FAIL_GM,FAIL_PS,FAIL_PEG",0.358,0.45424998,0.9056775870949215,0.93011004,1.5203851117318437,40.96267905638152
SAFE,Safehold Inc.,14.72,1056259072.0,Real Estate,Unknown,60,Fail,"FAIL_GROWTH,FAIL_ROIC,FAIL_PEG,FAIL_FLOAT",0.057,0.98823,0.04596601399939607,0.22670001,1.6241861403508773,0.7453211281427201
DRVN,Driven Brands Holdings Inc.,10.51,1728413952.0,Consumer Cyclical,Unknown,40,Fail,"FAIL_GROWTH,FAIL_GM_TREND,FAIL_ROIC,FAIL_PEG,FAIL_FLOAT,FAIL_INSIDER",0.066,0.41851002,-0.03336898085230073,0.02179,15.15151515151515,0.3509003719694186
GNL,"Global Net Lease, Inc.",9.814,2151542528.0,Real Estate,Unknown,40,Fail,"FAIL_MCAP,FAIL_GROWTH,FAIL_ROIC,FAIL_PS,FAIL_FLOAT,FAIL_INSIDER",-0.151,0.88316,0.02370532858766151,0.11337,-6.622516556291391,-0.20239074165943363
RBLX,Roblox Corporation,58.78,41657741312.0,Communication Services,Unknown,10,Fail,"FAIL_MCAP,FAIL_PRICE,FAIL_GM,FAIL_GM_TREND,FAIL_ROIC,FAIL_PS,FAIL_PEG,FAIL_FLOAT,FAIL_INSIDER",0.432,0.23753999,-1.0399088316470857,0.04522,2.314814814814815,2.1088503017573306
SBEV,"Splash Beverage Group, Inc.",0.41,1251083.0,Consumer Defensive,Unknown,30,Fail,"FAIL_MCAP,FAIL_GROWTH,FAIL_GM,FAIL_GM_TREND,FAIL_ROIC,FAIL_PEG,FAIL_INSIDER",0.0,-0.36523,0.0,0.02568,100.0,-104.71017576580692
LTRN,Lantern Pharma Inc.,2.26,25276796.0,Healthcare,Unknown,30,Fail,"FAIL_MCAP,FAIL_GROWTH,FAIL_GM,FAIL_ROIC,FAIL_PS,FAIL_PEG,FAIL_INSIDER",0.0,0.0,0.0,0.136,100.0,-2.5882922255775194
MCY,Mercury General Corporation,88.5,4901893632.0,Financial Services,Unknown,60,Fail,"FAIL_MCAP,FAIL_PRICE,FAIL_GROWTH,FAIL_GM",0.141,0.18628,0.334268591828348,0.5203,0.6424355319148938,3.0
FXNC,First National Corporation,25.8,232855184.0,Financial Services,Unknown,70,Fail,"FAIL_PRICE,FAIL_GM,FAIL_INSIDER",0.343,0.0,0.8098100611271396,0.14491001,0.3837686297376093,3.0
MRNO,Murano Global Investments Plc,0.65,51555180.0,Real Estate,Unknown,80,Fail,"FAIL_ROIC,FAIL_PEG",0.239,0.41124,-0.17636939789239597,0.98297,4.184100418410042,-0.8347685340621575
BCO,The Brink's Company,104.1001,4324891136.0,Industrials,Unknown,30,Fail,"FAIL_MCAP,FAIL_PRICE,FAIL_GROWTH,FAIL_GM,FAIL_ROIC,FAIL_PEG,FAIL_INSIDER",0.091,0.25812,0.11257470857319127,0.01197,2.4339514285714285,1.5971885408543403
ALOT,"AstroNova, Inc.",8.97,68516664.0,Technology,Unknown,60,Fail,"FAIL_GROWTH,FAIL_GM,FAIL_ROIC,FAIL_INSIDER",-0.031,0.34293,-0.08978202880167324,0.13656999,-32.25806451612903,2.1577781848223774
CRMD,CorMedix Inc.,6.32,499598496.0,Healthcare,Unknown,80,Fail,"FAIL_FLOAT,FAIL_INSIDER",3.121,0.92914003,0.40567976323993926,0.079780005,0.009926431912848446,1.6807443060960274
CE,Celanese Corporation,60.17,6734392320.0,Basic Materials,Unknown,20,Fail,"FAIL_MCAP,FAIL_PRICE,FAIL_GROWTH,FAIL_GM,FAIL_GM_TREND,FAIL_ROIC,FAIL_FLOAT,FAIL_INSIDER",-0.065,0.20568001,-0.03057971467901389,0.00333,-15.384615384615385,1.3440653442911474
PTN,"Palatin Technologies, Inc.",21.88,38775712.0,Healthcare,Unknown,20,Fail,"FAIL_MCAP,FAIL_GROWTH,FAIL_GM,FAIL_GM_TREND,FAIL_ROIC,FAIL_PS,FAIL_PEG,FAIL_INSIDER",0.0,-0.40243,0.0,0.01086,100.0,-213.17347382511477
EFX,Equifax Inc.,185.56,22711437312.0,Industrials,Unknown,20,Fail,"FAIL_MCAP,FAIL_PRICE,FAIL_GROWTH,FAIL_ROIC,FAIL_PS,FAIL_PEG,FAIL_FLOAT,FAIL_INSIDER",0.092,0.56447,0.08636243502841288,0.0068,3.7912713043478266,3.399399675764478
EVCM,EverCommerce Inc.,10.11,1832728064.0,Technology,Unknown,60,Fail,"FAIL_GROWTH,FAIL_ROIC,FAIL_PEG,FAIL_INSIDER",0.052,0.77575,0.0002565809353988455,0.07638,,1.5720676609048239
BURL,"Burlington Stores, Inc.",307.135,19327086592.0,Consumer Cyclical,Unknown,40,Fail,"FAIL_MCAP,FAIL_PRICE,FAIL_GROWTH,FAIL_PEG,FAIL_FLOAT,FAIL_INSIDER",0.113,0.43834,,0.00641,2.8610619469026544,
SMHI,SEACOR Marine Holdings Inc.,7.47,201329840.0,Industrials,Unknown,70,Fail,"FAIL_GROWTH,FAIL_GM,FAIL_ROIC",-0.25,0.19689,0.049611563914772554,0.20041999,-4.0,0.4911833444672498
MNTN,"MNTN, Inc.",9.34,689971136.0,Technology,Unknown,70,Fail,"FAIL_ROIC,FAIL_PEG,FAIL_INSIDER",0.248,0.77196,0.0,0.10719,4.032258064516129,6.406546130974365
AIG,"American International Group, Inc.",75.445,40708317184.0,Financial Services,Unknown,40,Fail,"FAIL_MCAP,FAIL_PRICE,FAIL_GROWTH,FAIL_ROIC,FAIL_FLOAT,FAIL_INSIDER",-0.072,0.34113997,0.06957695395801267,0.00339,-1.9297370833333336,3.0
JBLU,JetBlue Airways Corporation,4.105,1519341312.0,Industrials,Unknown,60,Fail,"FAIL_GROWTH,FAIL_GM,FAIL_ROIC,FAIL_FLOAT",-0.014,0.22389999,-0.01581508515815085,0.1917,-71.42857142857142,0.5474260036540126
HSLV,Highlander Silver Corp.,5.62,940782656.0,Basic Materials,Unknown,40,Fail,"FAIL_GROWTH,FAIL_GM,FAIL_ROIC,FAIL_PS,FAIL_PEG,FAIL_FLOAT",0.0,0.0,0.0,0.27583998,100.0,134.73501276380668
OPK,"OPKO Health, Inc.",1.2,921241600.0,Healthcare,Unknown,50,Fail,"FAIL_GROWTH,FAIL_GM,FAIL_GM_TREND,FAIL_ROIC,FAIL_FLOAT",-0.192,0.13496,-0.09589652873149564,0.49262002,-5.208333333333334,-0.4700659228237657
UTSI,UTStarcom Holdings Corp.,2.44,23107422.0,Technology,Unknown,50,Fail,"FAIL_MCAP,FAIL_GROWTH,FAIL_GM,FAIL_GM_TREND,FAIL_ROIC",-0.19,0.1983,-2.9954400227872577,0.66089994,-5.2631578947368425,-24.714138654227764
HL,Hecla Mining Company,18.79,12595873792.0,Basic Materials,Unknown,50,Fail,"FAIL_MCAP,FAIL_ROIC,FAIL_PS,FAIL_FLOAT,FAIL_INSIDER",0.795,0.54969,0.13314685221113598,0.05899,0.48235144654088047,8.744044820593766
AIRS,"AirSculpt Technologies, Inc.",2.7704,172974560.0,Healthcare,Unknown,80,Fail,"FAIL_GROWTH,FAIL_ROIC",-0.178,0.63973,-0.010552289233878366,0.27723,-5.617977528089887,1.3733000954998653
LGCB,Linkage Global Inc,1.5,17352162.0,Consumer Cyclical,Unknown,60,Fail,"FAIL_MCAP,FAIL_GROWTH,FAIL_ROIC,FAIL_PS",-0.709,0.72613,-0.2580349234688335,0.81742996,-1.4104372355430186,2.162203034217532
SAM,"The Boston Beer Company, Inc.",231.745,2470023424.0,Consumer Defensive,Unknown,60,Fail,"FAIL_MCAP,FAIL_PRICE,FAIL_GROWTH,FAIL_INSIDER",-0.041,0.48478,0.16241811037035106,0.11371,-5.720968292682926,6.672358346380642
BPYPO,Brookfield Property Partners L.P.,14.9,0.0,Real Estate,Unknown,40,Fail,"FAIL_MCAP,FAIL_GROWTH,FAIL_ROIC,FAIL_PS,FAIL_FLOAT,FAIL_INSIDER",-0.307,0.56779,0.1457844327761496,0.0,-0.2210118338762215,
OPTU,"Optimum Communications, Inc.",1.37,0.0,Communication Services,Unknown,40,Fail,"FAIL_MCAP,FAIL_GROWTH,FAIL_ROIC,FAIL_PS,FAIL_FLOAT,FAIL_INSIDER",-0.023,0.69301003,-0.005686874589124223,0.057600003,-43.47826086956522,0.13170161658617408
LZ,"LegalZoom.com, Inc.",6.255,1108825472.0,Industrials,Unknown,50,Fail,"FAIL_GROWTH,FAIL_ROIC,FAIL_PEG,FAIL_FLOAT,FAIL_INSIDER",0.177,0.65879995,0.0,0.04817,4.4173728813559325,0.3699661436035375
MLCI,Mount Logan Capital Inc.,5.62,72764552.0,Financial Services,Unknown,60,Fail,"FAIL_GROWTH,FAIL_GM,FAIL_GM_TREND,FAIL_INSIDER",-0.154,-0.0104,0.20048025902858654,0.0482,-6.4935064935064934,-0.3262984058859736
TRON,Tron Inc.,1.805,495259648.0,Consumer Cyclical,Unknown,60,Fail,"FAIL_GM,FAIL_ROIC,FAIL_PS,FAIL_PEG",0.26,0.23042999,0.0,0.8885,,290.0056989562759
OFAL,OFA Group,0.4463,6347997.0,Industrials,Unknown,70,Fail,"FAIL_MCAP,FAIL_ROIC,FAIL_PS",4.05,0.36156,-4.332661329656823,0.60098,0.24691358024691357,-3.541404517703585
TEX,Terex Corporation,58.975,6705457152.0,Industrials,Unknown,10,Fail,"FAIL_MCAP,FAIL_PRICE,FAIL_GROWTH,FAIL_GM,FAIL_GM_TREND,FAIL_ROIC,FAIL_PEG,FAIL_FLOAT,FAIL_INSIDER",0.062,0.19388,0.09085291240520176,0.0148599995,2.8564854838709675,2.9184618517724155
SBLX,"StableX Technologies, Inc.",2.6,3785534.0,Consumer Cyclical,Unknown,30,Fail,"FAIL_MCAP,FAIL_GROWTH,FAIL_GM,FAIL_ROIC,FAIL_PS,FAIL_PEG,FAIL_INSIDER",0.0,0.0,0.0,0.01308,100.0,-9.043201432465189
EDIT,"Editas Medicine, Inc.",2.3301,228051552.0,Healthcare,Unknown,30,Fail,"FAIL_GROWTH,FAIL_GM,FAIL_GM_TREND,FAIL_ROIC,FAIL_PS,FAIL_FLOAT,FAIL_INSIDER",-0.192,-1.21997,0.0,0.0026699998,-5.208333333333334,-13.11161053455289
TSAT,Telesat Corporation,40.97,2088089088.0,Technology,Unknown,20,Fail,"FAIL_MCAP,FAIL_PRICE,FAIL_GROWTH,FAIL_GM,FAIL_GM_TREND,FAIL_ROIC,FAIL_FLOAT,FAIL_INSIDER",-0.265,0.49332002,-0.020873862181836466,0.03659,-3.7735849056603774,0.5561690148510394
GCL,GCL Global Holdings Ltd,0.6422,78817752.0,Unknown,Unknown,30,Fail,"FAIL_GROWTH,FAIL_GM,FAIL_GM_TREND,FAIL_PS,FAIL_PEG,FAIL_FLOAT,FAIL_INSIDER",0.0,0.0,0.2227390768700175,0.0,64.22,2.7606863460690305
NSRX,Nasus Pharma Ltd.,2.68,31384968.0,Healthcare,Unknown,40,Fail,"FAIL_MCAP,FAIL_GROWTH,FAIL_GM,FAIL_ROIC,FAIL_PS,FAIL_PEG",0.0,0.0,0.0,0.50025004,100.0,-32.75515997036662
MLR,"Miller Industries, Inc.",43.85,501267584.0,Consumer Cyclical,Unknown,50,Fail,"FAIL_PRICE,FAIL_GROWTH,FAIL_GM,FAIL_ROIC,FAIL_INSIDER",-0.225,0.15234,0.05738290198183576,0.05026,-0.9842872444444445,4.553599673144633
FDUS,Fidus Investment Corporation,18.33,695703488.0,Financial Services,Unknown,50,Fail,"FAIL_GROWTH,FAIL_ROIC,FAIL_PS,FAIL_FLOAT,FAIL_INSIDER",0.125,1.0,0.0829826443193543,0.00851,0.63206896,3.0
HPF,John Hancock Preferred Income Fund II,15.77,340955936.0,Financial Services,Unknown,50,Fail,"FAIL_GROWTH,FAIL_ROIC,FAIL_PS,FAIL_FLOAT,FAIL_INSIDER",-0.02,1.0,0.0,0.00052,-5.7977945,3.0
APM,Aptorum Group Limited,0.804,6547581.0,Healthcare,Unknown,30,Fail,"FAIL_MCAP,FAIL_GROWTH,FAIL_GM,FAIL_GM_TREND,FAIL_ROIC,FAIL_PS,FAIL_PEG",0.0,0.0,0.0,0.16409999,100.0,-6.249595861399479
PFO,Flaherty & Crumrine Preferred Income Opportunity Fund Inc.,9.195,120246008.0,Financial Services,Unknown,50,Fail,"FAIL_GROWTH,FAIL_ROIC,FAIL_PS,FAIL_FLOAT,FAIL_INSIDER",-0.011,1.0,0.0,0.0,-10.319864545454546,3.0
RVP,"Retractable Technologies, Inc.",0.7109,21282328.0,Healthcare,Unknown,50,Fail,"FAIL_MCAP,FAIL_GROWTH,FAIL_GM,FAIL_GM_TREND,FAIL_ROIC",-0.025,-0.02421,-0.13630979183300193,0.58123,-40.0,1.02327407893541
IIM,Invesco Value Municipal Income Trust,12.9,607182848.0,Financial Services,Unknown,40,Fail,"FAIL_GROWTH,FAIL_ROIC,FAIL_PS,FAIL_PEG,FAIL_FLOAT,FAIL_INSIDER",0.007,1.0,0.0,0.0,142.85714285714283,3.0
MIDD,The Middleby Corporation,140.59,7081694208.0,Industrials,Unknown,50,Fail,"FAIL_MCAP,FAIL_PRICE,FAIL_GROWTH,FAIL_ROIC,FAIL_INSIDER",-0.145,0.39108002,0.09242990962218449,0.01516,-1.3772531724137933,3.224707656657164
KGS,"Kodiak Gas Services, Inc.",56.04,4812120576.0,Energy,Unknown,20,Fail,"FAIL_MCAP,FAIL_PRICE,FAIL_GROWTH,FAIL_ROIC,FAIL_PS,FAIL_PEG,FAIL_FLOAT,FAIL_INSIDER",0.075,0.63311,0.05884432421521485,0.01115,8.395505733333334,1.4561559989302295
UOKA,MDJM Ltd,1.4199,61185756.0,Consumer Cyclical,Unknown,70,Fail,"FAIL_ROIC,FAIL_PS,FAIL_INSIDER",1.164,1.0,0.0,2.0000001e-05,0.859106529209622,19.125323363151047
BAC,Bank of America Corporation,47.29,345335037952.0,Financial Services,Unknown,20,Fail,"FAIL_MCAP,FAIL_PRICE,FAIL_GROWTH,FAIL_GM,FAIL_PS,FAIL_PEG,FAIL_FLOAT,FAIL_INSIDER",0.072,0.0,0.21873829318387114,0.073249996,1.723899166666667,3.0
PNFP,"Pinnacle Financial Partners, Inc.",83.33,12522339328.0,Financial Services,Unknown,30,Fail,"FAIL_MCAP,FAIL_PRICE,FAIL_GROWTH,FAIL_GM,FAIL_PS,FAIL_FLOAT,FAIL_INSIDER",0.14,0.0,0.2902265925417507,0.012920001,0.759201857142857,3.0
AD,"Array Digital Infrastructure, Inc.",47.03,4062445568.0,Communication Services,Unknown,60,Fail,"FAIL_MCAP,FAIL_PRICE,FAIL_ROIC,FAIL_PS",1.313,0.51225,0.05657750797373368,0.71606004,0.18463265803503429,1.525448776423531
NSC,Norfolk Southern Corporation,286.04,64236584960.0,Industrials,Unknown,30,Fail,"FAIL_MCAP,FAIL_PRICE,FAIL_GROWTH,FAIL_ROIC,FAIL_PS,FAIL_FLOAT,FAIL_INSIDER",-0.017,0.45951998,0.11154620409419808,0.00084,-13.186427647058823,2.2868866534755092
MET,"MetLife, Inc.",69.35,45694136320.0,Financial Services,Unknown,60,Fail,"FAIL_MCAP,FAIL_PRICE,FAIL_GM,FAIL_FLOAT",0.276,0.23363,0.15735571915216637,0.16452,0.5334779347826086,3.0
JEF,Jefferies Financial Group Inc.,38.42,7935602176.0,Financial Services,Unknown,50,Fail,"FAIL_MCAP,FAIL_PRICE,FAIL_GROWTH,FAIL_PEG,FAIL_FLOAT",0.057,0.81424004,0.16900865879969423,0.25685,2.365035263157895,0.9643905496205286
PAM,Pampa Energía S.A.,84.99,4657648640.0,Industrials,Unknown,40,Fail,"FAIL_MCAP,FAIL_PRICE,FAIL_GROWTH,FAIL_GM_TREND,FAIL_FLOAT,FAIL_INSIDER",0.166,0.31313,0.1815456569924679,0.00024000001,0.6826506024096385,1.932416763237859
ASH,Ashland Inc.,50.14,2294526208.0,Basic Materials,Unknown,50,Fail,"FAIL_MCAP,FAIL_PRICE,FAIL_GROWTH,FAIL_ROIC,FAIL_INSIDER",-0.047,0.3385,-0.23907511088489786,0.01153,-21.27659574468085,1.2700595912853228
MCK,McKesson Corporation,939.6331,115975766016.0,Healthcare,Unknown,10,Fail,"FAIL_MCAP,FAIL_PRICE,FAIL_GROWTH,FAIL_GM,FAIL_GM_TREND,FAIL_ROIC,FAIL_PEG,FAIL_FLOAT,FAIL_INSIDER",0.114,0.03453,0.0,0.00093000004,2.3780715789473685,6.121954645047364
LIMN,"Liminatus Pharma, Inc.",0.2181,8578884.0,Healthcare,Unknown,40,Fail,"FAIL_MCAP,FAIL_GROWTH,FAIL_GM,FAIL_ROIC,FAIL_PS,FAIL_PEG",0.0,0.0,0.0,0.43912,100.0,-30.932404594201426
IPX,IperionX Limited,27.5,928388544.0,Basic Materials,Unknown,30,Fail,"FAIL_PRICE,FAIL_GROWTH,FAIL_GM,FAIL_PS,FAIL_PEG,FAIL_FLOAT,FAIL_INSIDER",0.0,0.0,,0.0,100.0,
NVRI,Enviri Corporation,18.285,1489304064.0,Industrials,Unknown,50,Fail,"FAIL_GROWTH,FAIL_GM,FAIL_ROIC,FAIL_FLOAT,FAIL_INSIDER",-0.008,0.19063999,-0.016291474033892188,0.050419997,-125.0,1.830339062940064
MASK,3 E Network Technology Group Limited,2.095,57162908.0,Technology,Unknown,60,Fail,"FAIL_GROWTH,FAIL_GM,FAIL_GM_TREND,FAIL_PS",0.0,0.49822,0.244184329611612,0.27266002,0.5985714,10.816058325509918
RMSG,Real Messenger Corporation,0.4445,4254434.0,Unknown,Unknown,20,Fail,"FAIL_MCAP,FAIL_GROWTH,FAIL_GM,FAIL_ROIC,FAIL_PS,FAIL_PEG,FAIL_FLOAT,FAIL_INSIDER",0.0,0.0,-2.4089761918923345,0.0,100.0,-1.2467958324658355
CRVL,CorVel Corporation,54.182,2776662272.0,Financial Services,Unknown,50,Fail,"FAIL_MCAP,FAIL_PRICE,FAIL_GROWTH,FAIL_GM,FAIL_PEG",0.034,0.24221,0.5302203006429614,0.43868,7.811707352941176,12.52564268715642
MPT,"Medical Properties Trust, Inc.",4.855,2920282624.0,Real Estate,Unknown,60,Fail,"FAIL_MCAP,FAIL_ROIC,FAIL_PEG,FAIL_FLOAT",0.254,0.96115,0.045179565705985955,0.17756,3.937007874015748,0.01485943006840025
CAMP,CAMP4 THERAPEUTICS CORPORATION,5.435,281973984.0,Healthcare,Unknown,50,Fail,"FAIL_GROWTH,FAIL_GM,FAIL_ROIC,FAIL_PS,FAIL_INSIDER",-0.466,0.0,0.0,0.13728,-2.1459227467811157,6.013209174832107
MAMK,MaxsMaking Inc.,13.16,218784992.0,Industrials,Unknown,50,Fail,"FAIL_GM,FAIL_GM_TREND,FAIL_ROIC,FAIL_PS,FAIL_PEG",0.437,0.08952,0.0031440069676860233,0.80707,5.0190693363844385,16.76912669853393
DCI,"Donaldson Company, Inc.",84.836,9825216512.0,Industrials,Unknown,40,Fail,"FAIL_MCAP,FAIL_PRICE,FAIL_GROWTH,FAIL_PEG,FAIL_FLOAT,FAIL_INSIDER",0.03,0.34598,0.19833331149615888,0.00565,8.837083333333334,7.192401930398058
HRB,"H&R Block, Inc.",31.015,3931453184.0,Consumer Cyclical,Unknown,50,Fail,"FAIL_MCAP,FAIL_PRICE,FAIL_GROWTH,FAIL_FLOAT,FAIL_INSIDER",0.111,0.44169998,0.5927962417765428,0.01248,0.6528373873873874,2.7194250894116996
ORIO,Orion Digital Corp.,1.05,25450896.0,Technology,Unknown,70,Fail,"FAIL_MCAP,FAIL_GROWTH,FAIL_ROIC",-0.003,0.66713995,-0.040874410926337146,0.16042,-333.33333333333337,-1.923078137303582
KTB,"Kontoor Brands, Inc.",68.66,3817057536.0,Consumer Cyclical,Unknown,60,Fail,"FAIL_MCAP,FAIL_PRICE,FAIL_FLOAT,FAIL_INSIDER",0.456,0.4662,0.1537493851467452,0.01988,0.37177822368421054,3.184955930188341
LBRDP,Liberty Broadband Corporation,24.01,0.0,Communication Services,Unknown,20,Fail,"FAIL_MCAP,FAIL_GROWTH,FAIL_GM,FAIL_ROIC,FAIL_PS,FAIL_PEG,FAIL_FLOAT,FAIL_INSIDER",0.0,0.0,-0.30488717991514686,0.06836,4.4055047,-0.6552208380520951
SMA,"SmartStop Self Storage REIT, Inc.",32.695,2607409920.0,Real Estate,Unknown,30,Fail,"FAIL_MCAP,FAIL_PRICE,FAIL_ROIC,FAIL_PS,FAIL_PEG,FAIL_FLOAT,FAIL_INSIDER",0.24,0.65639997,-0.285966093495924,0.00056,4.166666666666667,1.1821882446065755
FEDU,Four Seasons Education (Cayman) Inc.,9.8,22148568.0,Consumer Defensive,Unknown,50,Fail,"FAIL_MCAP,FAIL_GROWTH,FAIL_GM,FAIL_GM_TREND,FAIL_PEG",0.079,0.21518,0.27635434720975977,0.28874,2.1763270886075947,0.0729173604872308
SLQT,"SelectQuote, Inc.",0.6102,107571952.0,Financial Services,Unknown,40,Fail,"FAIL_GROWTH,FAIL_GM_TREND,FAIL_ROIC,FAIL_PEG,FAIL_FLOAT,FAIL_INSIDER",0.116,0.34967998,0.13080009937232426,0.11943,8.620689655172413,1.5295987851357105
FTHY,First Trust High Yield Opportunities 2027 Term Fund,13.5301,497542208.0,Financial Services,Unknown,30,Fail,"FAIL_GROWTH,FAIL_GM,FAIL_ROIC,FAIL_PS,FAIL_PEG,FAIL_FLOAT,FAIL_INSIDER",0.0,0.0,0.0,8.0000005e-05,13.13602,3.0
UPB,"Upstream Bio, Inc.",9.16,494993504.0,Healthcare,Unknown,50,Fail,"FAIL_GROWTH,FAIL_ROIC,FAIL_PS,FAIL_PEG,FAIL_INSIDER",0.125,1.0,0.0,0.14935,8.0,25.111681208952536
DUK,Duke Energy Corporation,131.88,102559236096.0,Utilities,Unknown,20,Fail,"FAIL_MCAP,FAIL_PRICE,FAIL_GROWTH,FAIL_ROIC,FAIL_PS,FAIL_PEG,FAIL_FLOAT,FAIL_INSIDER",0.08,0.51897,0.05822832621600294,0.00145,2.608386,0.7317623625194959
ATLCP,Atlanticus Holdings Corporation,24.35,0.0,Financial Services,Unknown,60,Fail,"FAIL_MCAP,FAIL_ROIC,FAIL_PS,FAIL_INSIDER",0.501,0.71130997,0.0535662157518436,0.0,0.06387540119760479,3.0
SLE,"Super League Enterprise, Inc.",4.71,5463600.0,Communication Services,Unknown,70,Fail,"FAIL_MCAP,FAIL_GROWTH,FAIL_ROIC",-0.453,0.39626998,-4.1904920225921165,0.22151,-2.2075055187637966,-35.58111624961764
AGRZ,Agroz Inc.,0.459,9948129.0,Consumer Defensive,Unknown,90,Fail,FAIL_MCAP,3.202,0.32122,0.2410030285952335,0.51388,0.015927545284197375,1.8479480678867817
NRG,"NRG Energy, Inc.",161.27,34249910272.0,Utilities,Unknown,20,Fail,"FAIL_MCAP,FAIL_PRICE,FAIL_GROWTH,FAIL_GM,FAIL_ROIC,FAIL_PEG,FAIL_FLOAT,FAIL_INSIDER",0.137,0.19379,0.10508064939841327,0.04502,2.935544306569343,2.3206892226086824
AQST,"Aquestive Therapeutics, Inc.",3.975,485129056.0,Healthcare,Unknown,30,Fail,"FAIL_GROWTH,FAIL_GM_TREND,FAIL_ROIC,FAIL_PS,FAIL_PEG,FAIL_FLOAT,FAIL_INSIDER",0.097,0.58345,0.0,0.034059998,10.309278350515463,-2.7347518322357733
QSI,Quantum-Si incorporated,0.9014,195034816.0,Healthcare,Unknown,50,Fail,"FAIL_GROWTH,FAIL_ROIC,FAIL_PS,FAIL_FLOAT,FAIL_INSIDER",-0.622,0.47332,-0.4804651698558431,0.11873999,-1.607717041800643,0.08047973499408502
SANA,"Sana Biotechnology, Inc.",3.135,836627712.0,Healthcare,Unknown,40,Fail,"FAIL_GROWTH,FAIL_GM,FAIL_PS,FAIL_PEG,FAIL_FLOAT,FAIL_INSIDER",0.0,0.0,,0.069759995,100.0,-5.675551791564786
QNC,Quantum eMotion Corp.,2.765,561623168.0,Technology,Unknown,30,Fail,"FAIL_GROWTH,FAIL_GM,FAIL_ROIC,FAIL_PS,FAIL_PEG,FAIL_FLOAT,FAIL_INSIDER",0.0,0.0,0.0,0.03462,100.0,631.7961418350129
TXT,Textron Inc.,90.5,15761699840.0,Industrials,Unknown,20,Fail,"FAIL_MCAP,FAIL_PRICE,FAIL_GROWTH,FAIL_GM,FAIL_GM_TREND,FAIL_ROIC,FAIL_FLOAT,FAIL_INSIDER",0.156,0.18035,0.10539524675392307,0.00708,1.1330628846153847,2.6944257701134844
RCUS,"Arcus Biosciences, Inc.",22.38,2805320960.0,Healthcare,Unknown,30,Fail,"FAIL_MCAP,FAIL_GM,FAIL_GM_TREND,FAIL_ROIC,FAIL_PS,FAIL_PEG,FAIL_FLOAT",0.269,-1.11741,-0.6621880998080614,0.29488,3.7174721189591073,1.5229410106669068
SOLV,Solventum Corporation,67.66,11738537984.0,Healthcare,Unknown,50,Fail,"FAIL_MCAP,FAIL_PRICE,FAIL_GROWTH,FAIL_FLOAT,FAIL_INSIDER",-0.037,0.53574,0.20323631268398984,0.14961,-2.0592890540540543,2.0566099695082984
JRSH,"Jerash Holdings (US), Inc.",3.06,38861820.0,Consumer Cyclical,Unknown,60,Fail,"FAIL_MCAP,FAIL_GROWTH,FAIL_GM,FAIL_ROIC",0.18,0.16162,-0.1903325372672516,0.50197,1.214285611111111,4.139641492201111
FMNB,Farmers National Banc Corp.,12.37,730034624.0,Financial Services,Unknown,60,Fail,"FAIL_GROWTH,FAIL_GM,FAIL_PS,FAIL_INSIDER",0.067,0.0,0.15756159209439596,0.023359999,1.2732886567164179,3.0
TDACU,Translational Development Acquisition Corp.,10.4,0.0,Financial Services,Unknown,30,Fail,"FAIL_MCAP,FAIL_GROWTH,FAIL_GM,FAIL_ROIC,FAIL_PS,FAIL_PEG,FAIL_INSIDER",0.0,0.0,0.0,0.0,100.0,-0.04547022555851086
SD,"SandRidge Energy, Inc.",16.81,619030976.0,Energy,Unknown,60,Fail,"FAIL_GROWTH,FAIL_PS,FAIL_PEG,FAIL_INSIDER",0.011,0.67806,0.17681749718200215,0.14861,8.043061818181819,2.4935317753039006
FOXA,Fox Corporation,58.02,24681480192.0,Communication Services,Unknown,40,Fail,"FAIL_MCAP,FAIL_PRICE,FAIL_GROWTH,FAIL_PEG,FAIL_FLOAT,FAIL_INSIDER",0.02,0.35439,0.18434839053111504,0.012999999,6.9568345,3.118243958577025
ACHV,"Achieve Life Sciences, Inc.",4.095,217993168.0,Healthcare,Unknown,40,Fail,"FAIL_GROWTH,FAIL_GM,FAIL_ROIC,FAIL_PS,FAIL_PEG,FAIL_INSIDER",0.0,0.0,0.0,0.04366,100.0,-2.3650055122850127
EKSO,"Ekso Bionics Holdings, Inc.",10.5,37415500.0,Healthcare,Unknown,70,Fail,"FAIL_MCAP,FAIL_GROWTH,FAIL_ROIC",-0.383,0.53481,0.0,0.24575001,-2.6109660574412534,-17.14987839728769
CWAN,"Clearwater Analytics Holdings, Inc.",23.355,6979863040.0,Technology,Unknown,60,Fail,"FAIL_MCAP,FAIL_ROIC,FAIL_FLOAT,FAIL_INSIDER",0.72,0.67291,-0.0011638387550396481,0.011670001,1.3888888888888888,4.594438987933118
DSX,Diana Shipping Inc.,2.485,287736736.0,Industrials,Unknown,70,Fail,"FAIL_GROWTH,FAIL_ROIC,FAIL_FLOAT",-0.088,0.56606996,0.0,0.42034,-2.5671486363636364,-0.014570964673222941
AIO,Virtus Artificial Intelligence & Technology Opportunities Fund,21.8512,752346688.0,Financial Services,Unknown,40,Fail,"FAIL_GROWTH,FAIL_GM,FAIL_PS,FAIL_PEG,FAIL_FLOAT,FAIL_INSIDER",0.0,0.0,0.18432698889072655,0.0,5.17801,3.0
CVRX,"CVRx, Inc.",8.265,217465456.0,Healthcare,Unknown,50,Fail,"FAIL_GROWTH,FAIL_ROIC,FAIL_PS,FAIL_PEG,FAIL_INSIDER",0.044,0.85329,-3.3626747136485426,0.09349,22.72727272727273,-5.841511515954993
IDR,"Idaho Strategic Resources, Inc.",31.0,483363584.0,Basic Materials,Unknown,60,Fail,"FAIL_PRICE,FAIL_ROIC,FAIL_PS,FAIL_INSIDER",0.801,0.63423,0.0,0.060739998,0.5301591760299625,81.61427392892952
CEPO,"Cantor Equity Partners I, Inc.",10.4801,267242544.0,Financial Services,Unknown,40,Fail,"FAIL_GROWTH,FAIL_GM,FAIL_ROIC,FAIL_PS,FAIL_PEG,FAIL_INSIDER",0.0,0.0,0.0,0.14634,100.0,11.323561540283842
EHLD,Euroholdings Ltd.,7.19,20251462.0,Industrials,Unknown,80,Fail,"FAIL_MCAP,FAIL_ROIC",0.249,0.53334,0.0,0.62299997,0.05500095582329318,8.40363367826019
HUDI,"Huadi International Group Co., Ltd.",1.235,17659490.0,Basic Materials,Unknown,50,Fail,"FAIL_MCAP,FAIL_GROWTH,FAIL_GM,FAIL_GM_TREND,FAIL_ROIC",-0.099,0.108,-0.022672618776168687,0.70368,-10.1010101010101,1.3885293161082874
CVKD,"Cadrenal Therapeutics, Inc.",7.485,17500880.0,Healthcare,Unknown,40,Fail,"FAIL_MCAP,FAIL_GROWTH,FAIL_GM,FAIL_ROIC,FAIL_PS,FAIL_PEG",0.0,0.0,0.0,0.2237,100.0,-2.2363938781842068
BV,"BrightView Holdings, Inc.",12.07,1136993920.0,Industrials,Unknown,40,Fail,"FAIL_GROWTH,FAIL_GM,FAIL_ROIC,FAIL_PEG,FAIL_FLOAT,FAIL_INSIDER",0.026,0.22660999,0.03523909727501095,0.0356,66.31868076923077,1.3962308942085344
THRY,"Thryv Holdings, Inc.",2.585,114166592.0,Technology,Unknown,60,Fail,"FAIL_GROWTH,FAIL_ROIC,FAIL_PEG,FAIL_INSIDER",0.027,0.6786,0.0020246421171669516,0.07434,95.74074074074073,0.3694260242886348
NTWK,"NetSol Technologies, Inc.",3.69,43602956.0,Technology,Unknown,80,Fail,"FAIL_MCAP,FAIL_GM",0.211,0.48773998,0.1765718452211231,0.15496,1.0930094786729858,2.305911707182353
MLGO,MicroAlgo Inc.,3.73,45321160.0,Technology,Unknown,60,Fail,"FAIL_MCAP,FAIL_GROWTH,FAIL_GM,FAIL_INSIDER",-0.352,0.26838,0.30945200094843034,0.00564,-2.8409090909090913,2.4878324334924287
DUO,Fangdd Network Group Ltd.,1.18,45487124.0,Real Estate,Unknown,50,Fail,"FAIL_MCAP,FAIL_GM,FAIL_ROIC,FAIL_PEG,FAIL_INSIDER",0.453,0.15587,-0.5508045947457969,0.029409999,2.2075055187637966,-8.503206769307534
SKY,"Champion Homes, Inc.",76.98,4299971072.0,Consumer Cyclical,Unknown,30,Fail,"FAIL_MCAP,FAIL_PRICE,FAIL_GROWTH,FAIL_GM,FAIL_PEG,FAIL_FLOAT,FAIL_INSIDER",0.018,0.26644,0.19751311467487748,0.01841,11.404445555555558,7.1595797511623545
SOBO,South Bow Corporation,33.705,7020393984.0,Energy,Unknown,10,Fail,"FAIL_MCAP,FAIL_PRICE,FAIL_GROWTH,FAIL_GM_TREND,FAIL_ROIC,FAIL_PS,FAIL_PEG,FAIL_FLOAT,FAIL_INSIDER",0.031,0.49043,0.07684708969134563,0.00126,6.83810129032258,0.9452514414620543
ARMK,Aramark,40.55,10657999872.0,Industrials,Unknown,20,Fail,"FAIL_MCAP,FAIL_PRICE,FAIL_GROWTH,FAIL_GM,FAIL_ROIC,FAIL_PEG,FAIL_FLOAT,FAIL_INSIDER",0.061,0.15459,0.07332831024061344,0.0056800004,5.586168196721312,2.2641594168905605
VPG,"Vishay Precision Group, Inc.",41.72,554767936.0,Technology,Unknown,40,Fail,"FAIL_PRICE,FAIL_GROWTH,FAIL_GM,FAIL_ROIC,FAIL_PEG,FAIL_INSIDER",0.109,0.38949,0.022210499330243015,0.03498,9.56880733944954,4.64357203443987
THQ,Abrdn Healthcare Opportunities Fund,17.86,739544768.0,Financial Services,Unknown,30,Fail,"FAIL_GROWTH,FAIL_GM,FAIL_ROIC,FAIL_PS,FAIL_PEG,FAIL_FLOAT,FAIL_INSIDER",0.0,0.0,0.0,2.0000001e-05,100.0,3.0
LBRDK,Liberty Broadband Corporation,49.69,7130401792.0,Communication Services,Unknown,10,Fail,"FAIL_MCAP,FAIL_PRICE,FAIL_GROWTH,FAIL_GM,FAIL_ROIC,FAIL_PS,FAIL_PEG,FAIL_FLOAT,FAIL_INSIDER",0.0,0.0,-0.30488717991514686,0.1029,100.0,0.7107565167371769
HELE,Helen of Troy Limited,15.3361,353836096.0,Consumer Defensive,Unknown,70,Fail,"FAIL_GROWTH,FAIL_ROIC,FAIL_INSIDER",-0.034,0.4672,0.07394796536075493,0.021440001,-29.41176470588235,1.6715814967677192
PCYO,Pure Cycle Corporation,10.33,248855936.0,Utilities,Unknown,70,Fail,"FAIL_ROIC,FAIL_PS,FAIL_INSIDER",0.588,0.63163,0.10523922612428098,0.04842,0.3082110034013606,8.03097703044312
EGBN,"Eagle Bancorp, Inc.",24.09,731643072.0,Financial Services,Unknown,50,Fail,"FAIL_GROWTH,FAIL_GM,FAIL_PS,FAIL_PEG,FAIL_INSIDER",0.008,0.0,0.48382290778128945,0.08542,125.0,3.0
TORO,Toro Corp.,3.662,105656328.0,Energy,Unknown,60,Fail,"FAIL_GROWTH,FAIL_ROIC,FAIL_PS,FAIL_PEG",0.011,0.48327,0.0,0.59195,90.90909090909092,14.415694432526978
GRVY,"Gravity Co., Ltd.",60.56,420825408.0,Communication Services,Unknown,70,Fail,"FAIL_PRICE,FAIL_GROWTH,FAIL_GM_TREND",0.109,0.33890998,0.2509335931571231,0.59314996,0.741784128440367,3.243371685999776
VHC,VirnetX Holding Corporation,15.07,64365204.0,Technology,Unknown,80,Fail,"FAIL_ROIC,FAIL_PS",28.0,1.0,-1.249486575816415,0.15687999,0.03571428571428571,-2.5152311033394703
BC,Brunswick Corporation,71.26,4634507776.0,Consumer Cyclical,Unknown,20,Fail,"FAIL_MCAP,FAIL_PRICE,FAIL_GROWTH,FAIL_GM,FAIL_ROIC,FAIL_PEG,FAIL_FLOAT,FAIL_INSIDER",0.155,0.25796,-0.006582148139017487,0.00844,6.451612903225806,2.7790165390236643
GNPX,"Genprex, Inc.",2.01,4563395.0,Healthcare,Unknown,30,Fail,"FAIL_MCAP,FAIL_GROWTH,FAIL_GM,FAIL_ROIC,FAIL_PS,FAIL_PEG,FAIL_INSIDER",0.0,0.0,0.0,0.044499997,100.0,-68.5194583273336
SBSI,"Southside Bancshares, Inc.",29.74,894166592.0,Financial Services,Unknown,50,Fail,"FAIL_PRICE,FAIL_GROWTH,FAIL_GM,FAIL_PS,FAIL_INSIDER",-0.037,0.0,0.18508165797180512,0.05554,-3.5099727027027026,3.0
TECX,"Tectonic Therapeutic, Inc.",31.94,599725440.0,Healthcare,Unknown,40,Fail,"FAIL_PRICE,FAIL_GROWTH,FAIL_GM,FAIL_ROIC,FAIL_PS,FAIL_PEG",0.0,0.0,0.0,0.39061,100.0,36.085041193901084
CINF,Cincinnati Financial Corporation,161.95,25267197952.0,Financial Services,Unknown,50,Fail,"FAIL_MCAP,FAIL_PRICE,FAIL_GM,FAIL_FLOAT,FAIL_INSIDER",0.218,0.25018,0.15850319322621986,0.016549999,0.4893872935779816,3.0
HROW,"Harrow, Inc.",35.59,1325005184.0,Healthcare,Unknown,70,Fail,"FAIL_PRICE,FAIL_PS,FAIL_PEG",0.333,0.75052,0.37018112247507906,0.16141,3.003003003003003,2.956828555468377
QSR,Restaurant Brands International Inc.,75.21,34285285376.0,Consumer Cyclical,Unknown,10,Fail,"FAIL_MCAP,FAIL_PRICE,FAIL_GROWTH,FAIL_GM_TREND,FAIL_ROIC,FAIL_PS,FAIL_PEG,FAIL_FLOAT,FAIL_INSIDER",0.074,0.33846,0.08656294210091253,0.01367,3.8644535135135136,1.753379558488374
GPGI,"GPGI, Inc.",17.91,5183430144.0,Industrials,Unknown,40,Fail,"FAIL_MCAP,FAIL_GROWTH,FAIL_GM_TREND,FAIL_ROIC,FAIL_PS,FAIL_FLOAT",-1.0,0.48053002,-2.0299805432693763,0.21049999,-1.0,9.055836156172122
CLS,Celestica Inc.,279.11,32150906880.0,Technology,Unknown,50,Fail,"FAIL_MCAP,FAIL_PRICE,FAIL_GM,FAIL_FLOAT,FAIL_INSIDER",0.436,0.120579995,0.36585922489989336,0.01086,0.8940789449541284,6.42002560449953
WDH,Waterdrop Inc.,1.695,625354048.0,Financial Services,Unknown,70,Fail,"FAIL_ROIC,FAIL_FLOAT,FAIL_INSIDER",0.384,0.51138,0.042752352091512597,0.008880001,0.220703125,0.8683067513601286
MSTR,Strategy Inc,141.36,47179284480.0,Technology,Unknown,10,Fail,"FAIL_MCAP,FAIL_PRICE,FAIL_GROWTH,FAIL_GM_TREND,FAIL_ROIC,FAIL_PS,FAIL_PEG,FAIL_FLOAT,FAIL_INSIDER",0.019,0.68691003,-0.06674371873585697,0.00178,52.631578947368425,2.570997394576157
DGII,Digi International Inc.,50.5,1899363584.0,Technology,Unknown,50,Fail,"FAIL_PRICE,FAIL_GROWTH,FAIL_ROIC,FAIL_PEG,FAIL_INSIDER",0.179,0.63939,0.058532956339120715,0.026630001,2.5189545810055867,5.111202336719592
LHAI,Linkhome Holdings Inc.,1.26,20449800.0,Real Estate,Unknown,70,Fail,"FAIL_MCAP,FAIL_GM,FAIL_GM_TREND",1.628,0.06406,0.9158247941903128,0.5687,0.257985257985258,17.097930285030806
MAGH,Magnitude International Ltd,6.76,225446000.0,Industrials,Unknown,60,Fail,"FAIL_GROWTH,FAIL_GM,FAIL_ROIC,FAIL_PS",-0.239,0.15459,0.09160567842706395,0.62461,,19.353807388648235
ACAD,ACADIA Pharmaceuticals Inc.,20.215,3446548480.0,Healthcare,Unknown,40,Fail,"FAIL_MCAP,FAIL_GROWTH,FAIL_GM_TREND,FAIL_PS,FAIL_FLOAT,FAIL_INSIDER",0.094,0.61008,0.26775265204181775,0.00562,0.935013829787234,6.025174619736574
MAA,"Mid-America Apartment Communities, Inc.",126.886,15229313024.0,Real Estate,Unknown,20,Fail,"FAIL_MCAP,FAIL_PRICE,FAIL_GROWTH,FAIL_ROIC,FAIL_PS,FAIL_PEG,FAIL_FLOAT,FAIL_INSIDER",0.01,0.5869,0.05771412197292177,0.0066799996,33.567726,1.526775045447657
GRND,Grindr Inc.,12.54,2321752320.0,Technology,Unknown,90,Fail,FAIL_MCAP,0.29,0.74412,0.3018859157939076,0.84584,1.0056134482758623,4.480591010741082
MCRB,"Seres Therapeutics, Inc.",8.91,80604480.0,Healthcare,Unknown,40,Fail,"FAIL_GROWTH,FAIL_GM,FAIL_ROIC,FAIL_PS,FAIL_PEG,FAIL_INSIDER",0.0,0.0,0.0,0.11829001,10.125,-12.401031249386445
SFBS,"ServisFirst Bancshares, Inc.",72.405,3956247040.0,Financial Services,Unknown,40,Fail,"FAIL_MCAP,FAIL_PRICE,FAIL_GM,FAIL_PS,FAIL_FLOAT,FAIL_INSIDER",0.225,0.0,0.845020191599266,0.06688,0.6359683555555555,3.0
DFDV,DeFi Development Corp.,4.49,134218672.0,Financial Services,Unknown,80,Fail,"FAIL_ROIC,FAIL_PS",6.472,0.98274004,0.0,0.29472,0.001937870519159456,88.172500996549
ECG,"Everus Construction Group, Inc.",117.54,5995330048.0,Industrials,Unknown,50,Fail,"FAIL_MCAP,FAIL_PRICE,FAIL_GM,FAIL_FLOAT,FAIL_INSIDER",0.332,0.12121,0.24168024925890744,0.00419,0.8962940361445783,6.755864945468135
COKE,"Coca-Cola Consolidated, Inc.",213.22,14203431936.0,Consumer Defensive,Unknown,40,Fail,"FAIL_MCAP,FAIL_PRICE,FAIL_GROWTH,FAIL_PEG,FAIL_FLOAT,FAIL_INSIDER",0.09,0.39738998,0.31930826734274903,2.0000001e-05,3.4839866666666666,3.8102331281250557
WVVI,"Willamette Valley Vineyards, Inc.",2.65,13156002.0,Consumer Defensive,Unknown,70,Fail,"FAIL_MCAP,FAIL_GROWTH,FAIL_ROIC",-0.109,0.60542,0.0023319147534916138,0.17292,-9.174311926605505,1.0701523476580939
TARA,"Protara Therapeutics, Inc.",5.275,285295104.0,Healthcare,Unknown,40,Fail,"FAIL_GROWTH,FAIL_GM,FAIL_ROIC,FAIL_PS,FAIL_PEG,FAIL_INSIDER",0.0,0.0,0.0,0.021370001,100.0,10.923922430493384
VBIX,Viewbix Inc.,1.66,17712852.0,Communication Services,Unknown,60,Fail,"FAIL_MCAP,FAIL_GROWTH,FAIL_GM,FAIL_ROIC",-0.567,0.1761,-1.1326929261940737,0.60222,-1.7636684303350971,-1.7995956015021368
HOVR,New Horizon Aircraft Ltd.,1.8,79654944.0,Industrials,Unknown,50,Fail,"FAIL_GROWTH,FAIL_GM,FAIL_ROIC,FAIL_PS,FAIL_PEG",0.0,0.0,0.0,0.39082,100.0,2.2781801373216153
AMSF,"AMERISAFE, Inc.",33.1,626397632.0,Financial Services,Unknown,50,Fail,"FAIL_PRICE,FAIL_GROWTH,FAIL_GM,FAIL_ROIC,FAIL_INSIDER",0.102,0.29126,0.0,0.01897,1.3138048039215688,3.0
SHLS,"Shoals Technologies Group, Inc.",6.07,1016423488.0,Technology,Unknown,60,Fail,"FAIL_GM,FAIL_ROIC,FAIL_FLOAT,FAIL_INSIDER",0.386,0.35029998,0.05271664089275658,0.01047,0.7862694300518135,3.1225086068416763
EVG,Eaton Vance Short Duration Diversified Income Fund,10.625,142979632.0,Financial Services,Unknown,50,Fail,"FAIL_GROWTH,FAIL_ROIC,FAIL_PS,FAIL_FLOAT,FAIL_INSIDER",-0.11,1.0,0.0,0.0,-0.8780991818181818,3.0
HYAC,Haymaker Acquisition Corp. 4,11.49,335226496.0,Financial Services,Unknown,40,Fail,"FAIL_GROWTH,FAIL_GM,FAIL_ROIC,FAIL_PS,FAIL_PEG,FAIL_INSIDER",0.0,0.0,0.0,0.03405,38.3,21.235233707733265
PERF,Perfect Corp.,1.6998,173122368.0,Technology,Unknown,80,Fail,"FAIL_GROWTH,FAIL_PEG",0.142,0.77398,,0.58065,2.394084507042254,
CZNC,Citizens & Northern Corporation,21.69,386590496.0,Financial Services,Unknown,70,Fail,"FAIL_GM,FAIL_PS,FAIL_INSIDER",0.245,0.0,0.1858272875159694,0.04081,0.6063740408163265,3.0
AMOD,"Alpha Modus Holdings, Inc.",0.391,18549882.0,Technology,Unknown,40,Fail,"FAIL_MCAP,FAIL_GROWTH,FAIL_GM,FAIL_ROIC,FAIL_PS,FAIL_PEG",0.0,0.0,0.0,0.67010003,100.0,-72.86823768740027
MB,MasterBeef Group,5.774,99052976.0,Consumer Cyclical,Unknown,70,Fail,"FAIL_GROWTH,FAIL_GM,FAIL_GM_TREND",-0.056,0.29502,0.4253069229958519,0.72661,-17.857142857142854,2.325389531584041
DFTX,"Definium Therapeutics, Inc.",17.675,1762164352.0,Healthcare,Unknown,40,Fail,"FAIL_GROWTH,FAIL_GM,FAIL_PS,FAIL_PEG,FAIL_FLOAT,FAIL_INSIDER",0.0,0.0,,0.01418,100.0,7.581336119652537
KAVL,"Kaival Brands Innovations Group, Inc.",0.018,243637.0,Consumer Defensive,Unknown,70,Fail,"FAIL_MCAP,FAIL_GROWTH,FAIL_ROIC",-0.541,1.0,0.0,0.21985,-1.8484288354898335,-194.0442136399019
DHT,"DHT Holdings, Inc.",17.62,2833285632.0,Energy,Unknown,50,Fail,"FAIL_MCAP,FAIL_GROWTH,FAIL_PS,FAIL_FLOAT,FAIL_INSIDER",0.097,0.63528997,0.15446541118821816,0.10027,1.3866374226804123,4.585034253692957
NOC,Northrop Grumman Corporation,727.3775,103811366912.0,Industrials,Unknown,30,Fail,"FAIL_MCAP,FAIL_PRICE,FAIL_GROWTH,FAIL_GM,FAIL_PEG,FAIL_FLOAT,FAIL_INSIDER",0.096,0.19815001,0.16151393287547464,0.00223,2.60283375,3.466421095060978
JMSB,"John Marshall Bancorp, Inc.",19.355,274935392.0,Financial Services,Unknown,60,Fail,"FAIL_GROWTH,FAIL_GM,FAIL_PS,FAIL_INSIDER",0.119,0.0,0.3012654865370179,0.1288,1.091590924369748,3.0
ITGR,Integer Holdings Corporation,85.71,3003143168.0,Healthcare,Unknown,30,Fail,"FAIL_MCAP,FAIL_PRICE,FAIL_GROWTH,FAIL_GM,FAIL_ROIC,FAIL_PEG,FAIL_INSIDER",0.05,0.2739,0.043594254418150145,0.01322,5.9314876,2.3802409864546563
ASX,"ASE Technology Holding Co., Ltd.",21.96,48027492352.0,Technology,Unknown,30,Fail,"FAIL_MCAP,FAIL_GROWTH,FAIL_GM,FAIL_ROIC,FAIL_PEG,FAIL_FLOAT,FAIL_INSIDER",0.096,0.17694001,0.09253128183774278,0.0,4.159090625,1.2701510741354824
TLYS,"Tilly's, Inc.",3.4199,104216912.0,Consumer Cyclical,Unknown,60,Fail,"FAIL_GROWTH,FAIL_ROIC,FAIL_PEG,FAIL_INSIDER",0.053,0.30383,-0.18300105929422714,0.030639999,18.867924528301888,1.2486441589575124
RETO,"ReTo Eco-Solutions, Inc.",0.65,1858247.0,Basic Materials,Unknown,60,Fail,"FAIL_MCAP,FAIL_ROIC,FAIL_PEG,FAIL_INSIDER",0.366,0.32132998,-0.2829892220228287,0.08165,2.73224043715847,-3.5149429368944243
SIM,"Grupo Simec, S.A.B. de C.V.",30.8,4832502272.0,Basic Materials,Unknown,40,Fail,"FAIL_MCAP,FAIL_PRICE,FAIL_GROWTH,FAIL_GM,FAIL_FLOAT,FAIL_INSIDER",-0.097,0.25204,,0.0,-0.8995063917525773,
CLX,The Clorox Company,109.52,13359290368.0,Consumer Defensive,Unknown,50,Fail,"FAIL_MCAP,FAIL_PRICE,FAIL_GROWTH,FAIL_FLOAT,FAIL_INSIDER",-0.008,0.44155,0.2937591648393042,0.00606,-22.442622499999995,3.5892207860231577
GWAV,"Greenwave Technology Solutions, Inc.",3.7,3069638.0,Industrials,Unknown,50,Fail,"FAIL_MCAP,FAIL_GM,FAIL_GM_TREND,FAIL_ROIC,FAIL_INSIDER",0.49,0.19473,-0.3697511947834542,0.06121,0.00044551420408163266,-11.495326957421481
NXJ,Nuveen New Jersey Quality Municipal Income Fund,12.3101,507581536.0,Financial Services,Unknown,40,Fail,"FAIL_GROWTH,FAIL_ROIC,FAIL_PS,FAIL_PEG,FAIL_FLOAT,FAIL_INSIDER",0.0,1.0,0.0,0.0,100.0,3.0
AEM,Agnico Eagle Mines Limited,198.58,99351126016.0,Basic Materials,Unknown,50,Fail,"FAIL_MCAP,FAIL_PRICE,FAIL_PS,FAIL_FLOAT,FAIL_INSIDER",0.603,0.71867996,0.20182204910625673,0.00055,0.3716931011608624,7.426805480107489
PDEX,"Pro-Dex, Inc.",49.4765,161392592.0,Healthcare,Unknown,70,Fail,"FAIL_PRICE,FAIL_GROWTH,FAIL_GM",0.111,0.28292,0.18176258395717035,0.36655,1.3071384684684686,7.188640383069384
CNS,"Cohen & Steers, Inc.",63.655,3271241984.0,Financial Services,Unknown,50,Fail,"FAIL_MCAP,FAIL_PRICE,FAIL_GROWTH,FAIL_PS,FAIL_PEG",0.029,0.46528998,0.2769161181242397,0.45971,7.390572413793102,9.84740171332769
MTG,MGIC Investment Corporation,26.04,5642009088.0,Financial Services,Unknown,30,Fail,"FAIL_MCAP,FAIL_PRICE,FAIL_GROWTH,FAIL_ROIC,FAIL_PS,FAIL_FLOAT,FAIL_INSIDER",-0.009,0.95059997,0.1413271744349728,0.026989998,-9.214437777777778,3.0
RUBI,Rubico Inc.,0.6629,2691324.0,Industrials,Unknown,60,Fail,"FAIL_MCAP,FAIL_GROWTH,FAIL_ROIC,FAIL_INSIDER",-0.005,0.78678,0.0,0.00177,-0.0027695264,0.9178365736083712
OI,"O-I Glass, Inc.",10.71,1644997248.0,Consumer Cyclical,Unknown,50,Fail,"FAIL_GROWTH,FAIL_GM,FAIL_ROIC,FAIL_FLOAT,FAIL_INSIDER",-0.019,0.17257999,0.11091361011336229,0.0228,-52.631578947368425,1.0755266705502735
NAMM,Namib Minerals,2.3001,123463464.0,Basic Materials,Unknown,80,Fail,"FAIL_GROWTH,FAIL_ROIC",-0.132,0.47567,0.0,0.92144996,-7.575757575757575,1.9030030404735916
KD,"Kyndryl Holdings, Inc.",12.46,2858323968.0,Technology,Unknown,30,Fail,"FAIL_MCAP,FAIL_GROWTH,FAIL_GM,FAIL_ROIC,FAIL_PEG,FAIL_FLOAT,FAIL_INSIDER",0.031,0.21709,0.09108915592366107,0.01471,3.827957096774193,1.5538627844679438
TDW,Tidewater Inc.,77.115,3822861824.0,Energy,Unknown,60,Fail,"FAIL_MCAP,FAIL_PRICE,FAIL_GROWTH,FAIL_INSIDER",-0.024,0.49216,0.29573425097045297,0.01721,-4.83904375,3.3210673799576087
QUBT,Quantum Computing Inc.,7.315,1642497408.0,Technology,Unknown,40,Fail,"FAIL_GM,FAIL_GM_TREND,FAIL_ROIC,FAIL_PS,FAIL_FLOAT,FAIL_INSIDER",2.194,0.09824,-0.021583334589819217,0.111190006,0.45578851412944393,48.31745573600991
MCS,The Marcus Corporation,15.805,486420992.0,Communication Services,Unknown,60,Fail,"FAIL_GROWTH,FAIL_ROIC,FAIL_PEG,FAIL_INSIDER",0.031,0.40875,0.03822680353883151,0.06313,12.435090967741935,1.6014925860198503
XOM,Exxon Mobil Corporation,159.47,664473763840.0,Energy,Unknown,40,Fail,"FAIL_MCAP,FAIL_PRICE,FAIL_GROWTH,FAIL_ROIC,FAIL_FLOAT,FAIL_INSIDER",-0.013,0.31049,0.10333526935404856,0.00096000003,-18.30884076923077,4.749537627175532
BHE,"Benchmark Electronics, Inc.",54.51,1944858752.0,Technology,Unknown,40,Fail,"FAIL_PRICE,FAIL_GROWTH,FAIL_GM,FAIL_ROIC,FAIL_PEG,FAIL_INSIDER",0.072,0.101560004,0.030352508136204805,0.0208,11.133577777777779,3.468902816438002
HNVR,"Hanover Bancorp, Inc.",20.86,150033264.0,Financial Services,Unknown,80,Fail,"FAIL_GROWTH,FAIL_GM",-0.29,0.0,0.4721283261685669,0.31427,-0.7193103448275863,3.0
GNLX,Genelux Corporation,2.5909,115861000.0,Healthcare,Unknown,50,Fail,"FAIL_GROWTH,FAIL_GM,FAIL_PS,FAIL_PEG,FAIL_INSIDER",0.0,0.0,,0.108059995,100.0,-3.8905140916817307
ASMB,"Assembly Biosciences, Inc.",27.92,441614560.0,Healthcare,Unknown,40,Fail,"FAIL_PRICE,FAIL_GM,FAIL_GM_TREND,FAIL_ROIC,FAIL_PS,FAIL_PEG",0.576,-0.66285,0.0,0.32299,1.7361111111111114,-6.951894368478001
BHFAN,"Brighthouse Financial, Inc.",12.66,0.0,Financial Services,Unknown,40,Fail,"FAIL_MCAP,FAIL_GROWTH,FAIL_ROIC,FAIL_PS,FAIL_FLOAT,FAIL_INSIDER",-0.316,0.33765,0.12752550621748934,0.0,-0.0317735664556962,3.0
NEGG,"Newegg Commerce, Inc.",37.5,786243008.0,Consumer Cyclical,Unknown,50,Fail,"FAIL_PRICE,FAIL_GROWTH,FAIL_GM,FAIL_ROIC,FAIL_PEG",0.125,0.11283,-0.5119190121347572,0.96228,8.0,3.765727129560462
RL,Ralph Lauren Corporation,345.38,20944070656.0,Consumer Cyclical,Unknown,50,Fail,"FAIL_MCAP,FAIL_PRICE,FAIL_GROWTH,FAIL_PEG,FAIL_INSIDER",0.122,0.69649005,0.233154616785883,0.03988,1.9258393442622952,6.078519679817102
ELAN,Elanco Animal Health Incorporated,25.045,12451573760.0,Healthcare,Unknown,30,Fail,"FAIL_MCAP,FAIL_PRICE,FAIL_GROWTH,FAIL_ROIC,FAIL_PEG,FAIL_FLOAT,FAIL_INSIDER",0.122,0.54995,-0.0004135000641638031,0.01126,8.196721311475411,1.3873715021826565
MTNB,"Matinas BioPharma Holdings, Inc.",0.63,4035900.0,Healthcare,Unknown,40,Fail,"FAIL_MCAP,FAIL_GROWTH,FAIL_GM,FAIL_ROIC,FAIL_PS,FAIL_PEG",0.0,0.0,-6.279908629937117,0.22111,100.0,-26.405907591001494
SZZL,Sizzle Acquisition Corp. II,10.29,321734016.0,Financial Services,Unknown,40,Fail,"FAIL_GROWTH,FAIL_GM,FAIL_ROIC,FAIL_PS,FAIL_PEG,FAIL_INSIDER",0.0,0.0,0.0,0.06903,39.576923,17.34531113595872
OLPX,"Olaplex Holdings, Inc.",1.235,826712256.0,Consumer Cyclical,Unknown,50,Fail,"FAIL_GROWTH,FAIL_ROIC,FAIL_PEG,FAIL_FLOAT,FAIL_INSIDER",0.043,0.71787,0.05769286777753556,0.01233,23.255813953488374,1.9588882886547516
IART,Integra LifeSciences Holdings Corporation,8.88,692082432.0,Healthcare,Unknown,60,Fail,"FAIL_GROWTH,FAIL_ROIC,FAIL_FLOAT,FAIL_INSIDER",-0.017,0.56224996,-0.1539335968941051,0.13932,-58.8235294117647,0.5780192429044826
SLDB,Solid Biosciences Inc.,7.39,575756672.0,Healthcare,Unknown,40,Fail,"FAIL_GROWTH,FAIL_GM,FAIL_ROIC,FAIL_PS,FAIL_PEG,FAIL_INSIDER",0.0,0.0,0.0,0.0091699995,100.0,-0.4620495124358399
SFHG,Samfine Creation Holdings Group Limited,2.44,9906400.0,Industrials,Unknown,40,Fail,"FAIL_MCAP,FAIL_GROWTH,FAIL_GM,FAIL_GM_TREND,FAIL_ROIC,FAIL_PEG",0.002,0.20571,-0.0142453009241403,1.25696,500.0,1.2473178869061565
BZAI,"Blaize Holdings, Inc.",1.028,125460280.0,Technology,Unknown,60,Fail,"FAIL_GM,FAIL_GM_TREND,FAIL_ROIC,FAIL_FLOAT",14.195,0.27563,-0.2211780479787085,0.25452,0.07044734061289186,1.7800267018980562
YHNA,YHN Acquisition I Limited,10.78,83545000.0,Financial Services,Unknown,50,Fail,"FAIL_GROWTH,FAIL_GM,FAIL_ROIC,FAIL_PS,FAIL_PEG",0.0,0.0,0.0,0.26867,35.93333,30.8220568382631
AMBR,Amber International Holding Limited,2.565,240296720.0,Technology,Unknown,40,Fail,"FAIL_GM,FAIL_GM_TREND,FAIL_ROIC,FAIL_PS,FAIL_FLOAT,FAIL_INSIDER",19.346,0.24389,0.0,0.0028600001,0.05169027189083015,-10.26052312543316
PPTA,Perpetua Resources Corp.,28.83,3589335040.0,Basic Materials,Unknown,10,Fail,"FAIL_MCAP,FAIL_PRICE,FAIL_GROWTH,FAIL_GM,FAIL_ROIC,FAIL_PS,FAIL_PEG,FAIL_FLOAT,FAIL_INSIDER",0.0,0.0,0.0,0.06915,100.0,239.00502281501127
JBGS,JBG SMITH Properties,14.645,901799936.0,Real Estate,Unknown,60,Fail,"FAIL_GROWTH,FAIL_ROIC,FAIL_FLOAT,FAIL_INSIDER",-0.03,0.49501,-0.01197429688860449,0.0018799999,-33.333333333333336,-0.09334681210350643
MAR,"Marriott International, Inc.",327.7,86835445760.0,Consumer Cyclical,Unknown,40,Fail,"FAIL_MCAP,FAIL_PRICE,FAIL_GROWTH,FAIL_PS,FAIL_PEG,FAIL_FLOAT",0.063,0.79074997,0.24864745103679955,0.18184,5.463852063492064,3.8447731279821267
USAR,"USA Rare Earth, Inc.",18.9458,4129059840.0,Basic Materials,Unknown,20,Fail,"FAIL_MCAP,FAIL_GROWTH,FAIL_GM,FAIL_ROIC,FAIL_PS,FAIL_PEG,FAIL_FLOAT,FAIL_INSIDER",0.0,0.0,0.0,0.14941,100.0,143.2110719928902
PNTG,"The Pennant Group, Inc.",33.3301,1155325312.0,Healthcare,Unknown,60,Fail,"FAIL_PRICE,FAIL_GM,FAIL_ROIC,FAIL_INSIDER",0.532,0.19936001,0.05034914018733696,0.04809,0.745840037593985,2.474760328702938
CHCT,Community Healthcare Trust Incorporated,16.5,471434560.0,Real Estate,Unknown,50,Fail,"FAIL_GROWTH,FAIL_ROIC,FAIL_PS,FAIL_PEG,FAIL_INSIDER",0.056,0.80507004,0.03321298384398104,0.058179997,36.83035714285714,0.5809981028897961
INUV,"Inuvo, Inc.",2.518,37049156.0,Technology,Unknown,70,Fail,"FAIL_MCAP,FAIL_GROWTH,FAIL_ROIC",-0.456,0.74486,-0.4566851489237668,0.15483,-2.1929824561403506,-4.3876881415302496
NGG,National Grid plc,88.29,87783374848.0,Utilities,Unknown,30,Fail,"FAIL_MCAP,FAIL_PRICE,FAIL_GROWTH,FAIL_ROIC,FAIL_PS,FAIL_FLOAT,FAIL_INSIDER",-0.113,1.0,0.05028128383397581,0.00075999997,-1.97804407079646,1.6729748258552575
ALKT,"Alkami Technology, Inc.",17.44,1851223680.0,Technology,Unknown,70,Fail,"FAIL_ROIC,FAIL_PEG,FAIL_FLOAT",0.347,0.5784,-0.05993609993953682,0.24847999,2.8818443804034586,1.8929541691291196
PWP,Perella Weinberg Partners,17.155,1574386816.0,Financial Services,Unknown,60,Fail,"FAIL_GROWTH,FAIL_ROIC,FAIL_FLOAT,FAIL_INSIDER",-0.029,0.96974,0.0,0.029260002,-12.586206896551722,3.0813550234589457
NEXM,NexMetals Mining Corp.,2.52,89436584.0,Basic Materials,Unknown,40,Fail,"FAIL_GROWTH,FAIL_GM,FAIL_ROIC,FAIL_PS,FAIL_PEG,FAIL_INSIDER",0.0,0.0,-4.062579342884863,0.022720002,100.0,-11.413387573751194
EDTK,Skillful Craftsman Education Technology Limited,1.0001,15931045.0,Consumer Defensive,Unknown,50,Fail,"FAIL_MCAP,FAIL_GROWTH,FAIL_ROIC,FAIL_PS,FAIL_PEG",0.0,0.78222,-0.2242726487388223,0.49415,100.0,5.353624616899238
MBC,"MasterBrand, Inc.",8.09,1031777344.0,Consumer Cyclical,Unknown,50,Fail,"FAIL_GROWTH,FAIL_GM_TREND,FAIL_ROIC,FAIL_FLOAT,FAIL_INSIDER",-0.035,0.30234,0.0297313122413916,0.02103,-11.006802857142855,2.0840376751453342
CBRL,"Cracker Barrel Old Country Store, Inc.",28.1,628063808.0,Consumer Cyclical,Unknown,60,Fail,"FAIL_PRICE,FAIL_GROWTH,FAIL_ROIC,FAIL_INSIDER",-0.079,0.31824,0.044683434607343676,0.00963,-12.658227848101266,2.0404909112908483
CSGP,"CoStar Group, Inc.",42.89,18177759232.0,Real Estate,Unknown,30,Fail,"FAIL_MCAP,FAIL_PRICE,FAIL_ROIC,FAIL_PS,FAIL_PEG,FAIL_FLOAT,FAIL_INSIDER",0.269,0.78873,-0.002130627774254914,0.01159,79.72118959107806,5.787194618149448
BCIC,BCP Investment Corp.,7.83,103292800.0,Financial Services,Unknown,70,Fail,"FAIL_ROIC,FAIL_FLOAT,FAIL_INSIDER",0.213,1.0,0.028714959348467125,0.0143099995,0.35346696244131454,3.0
CIX,CompX International Inc.,23.325,287435328.0,Industrials,Unknown,90,Fail,FAIL_GROWTH,-0.019,0.30438,0.20161525835289018,0.87666,-7.76982,12.709858145076005
HFFG,HF Foods Group Inc.,1.745,92561488.0,Consumer Defensive,Unknown,60,Fail,"FAIL_GROWTH,FAIL_GM,FAIL_ROIC,FAIL_PEG",0.009,0.169,-0.08324302141224327,0.25157,111.11111111111113,1.3190599176286681
HLN,Haleon plc,10.41,46365282304.0,Healthcare,Unknown,40,Fail,"FAIL_MCAP,FAIL_GROWTH,FAIL_PS,FAIL_PEG,FAIL_FLOAT,FAIL_INSIDER",0.006,0.64769,,0.00014,35.408163333333334,
FLL,"Full House Resorts, Inc.",2.57,92832240.0,Consumer Cyclical,Unknown,60,Fail,"FAIL_GROWTH,FAIL_ROIC,FAIL_PEG,FAIL_INSIDER",0.034,0.51523995,0.0010017534842178062,0.06769,29.41176470588235,0.3427863437195645
DRS,"Leonardo DRS, Inc.",46.28,12311715840.0,Industrials,Unknown,20,Fail,"FAIL_MCAP,FAIL_PRICE,FAIL_GROWTH,FAIL_GM,FAIL_ROIC,FAIL_PS,FAIL_PEG,FAIL_FLOAT",0.081,0.23821,0.11148415496241582,0.71671,5.547165061728395,4.843428550040267
USAS,Americas Gold and Silver Corporation,6.775,2176094208.0,Basic Materials,Unknown,40,Fail,"FAIL_MCAP,FAIL_GM,FAIL_ROIC,FAIL_PS,FAIL_PEG,FAIL_FLOAT",0.37,0.16909,-0.7422493538001705,0.21158001,2.7027027027027026,4.726903049689173
DRMA,"Dermata Therapeutics, Inc.",1.2,3837432.0,Healthcare,Unknown,50,Fail,"FAIL_MCAP,FAIL_GROWTH,FAIL_GM,FAIL_ROIC,FAIL_PS",0.0,0.0,0.0,0.45174,0.078740165,-36.006075866835545
INAB,"IN8bio, Inc.",1.83,17872022.0,Healthcare,Unknown,40,Fail,"FAIL_MCAP,FAIL_GROWTH,FAIL_GM,FAIL_ROIC,FAIL_PS,FAIL_PEG",0.0,0.0,0.0,0.20679002,100.0,-4.960491394852759
FKWL,Franklin Wireless Corp.,3.55,41834192.0,Technology,Unknown,60,Fail,"FAIL_MCAP,FAIL_GROWTH,FAIL_GM,FAIL_ROIC",-0.331,0.19048999,-0.10221729363991747,0.22183001,-5.362537764350453,4.026865832176559
CPHI,"China Pharma Holdings, Inc.",0.6193,3110126.0,Healthcare,Unknown,60,Fail,"FAIL_MCAP,FAIL_GROWTH,FAIL_GM,FAIL_ROIC",-0.313,-0.1094,-0.4277660691927586,0.53394,-3.1948881789137378,-4.731136292175494
BTDR,Bitdeer Technologies Group,9.1148,2244156160.0,Technology,Unknown,60,Fail,"FAIL_MCAP,FAIL_GM,FAIL_GM_TREND,FAIL_FLOAT",2.258,0.09833,,0.37093,0.4428697962798937,
CGNX,Cognex Corporation,50.2,8318537728.0,Technology,Unknown,30,Fail,"FAIL_MCAP,FAIL_PRICE,FAIL_GROWTH,FAIL_ROIC,FAIL_PEG,FAIL_FLOAT,FAIL_INSIDER",0.099,0.66917,0.07795369669482341,0.00357,7.4569222222222225,10.860099582033905
FLS,Flowserve Corporation,75.59,9619607552.0,Industrials,Unknown,30,Fail,"FAIL_MCAP,FAIL_PRICE,FAIL_GROWTH,FAIL_ROIC,FAIL_PEG,FAIL_FLOAT,FAIL_INSIDER",0.035,0.34595,0.13301617408981298,0.00603,8.180735428571428,4.217536801955914
BDRX,Biodexa Pharmaceuticals Plc,0.74,620702.0,Healthcare,Unknown,20,Fail,"FAIL_MCAP,FAIL_GROWTH,FAIL_GM,FAIL_ROIC,FAIL_PS,FAIL_PEG,FAIL_FLOAT,FAIL_INSIDER",0.0,0.0,-0.7548643830643023,0.00953,100.0,-15.182426528110648
AMGN,Amgen Inc.,353.41,190511906816.0,Healthcare,Unknown,30,Fail,"FAIL_MCAP,FAIL_PRICE,FAIL_GROWTH,FAIL_PS,FAIL_PEG,FAIL_FLOAT,FAIL_INSIDER",0.086,0.70783997,0.18616618455706224,0.0023700001,2.8878558139534887,1.8875103475567023
KG,Kestrel Group Ltd,10.02,77574280.0,Financial Services,Unknown,90,Fail,FAIL_ROIC,7.367,0.64395,0.0,0.71136004,0.0015579835754038276,53.62873554505189
HEI-A,HEICO Corporation,224.265,35749269504.0,Industrials,Unknown,20,Fail,"FAIL_MCAP,FAIL_PRICE,FAIL_GROWTH,FAIL_ROIC,FAIL_PS,FAIL_PEG,FAIL_FLOAT,FAIL_INSIDER",0.144,0.3962,0.13594803458864263,0.10781,3.090071180555556,6.945507310863406
ODFL,"Old Dominion Freight Line, Inc.",182.93,38250373120.0,Industrials,Unknown,40,Fail,"FAIL_MCAP,FAIL_PRICE,FAIL_GROWTH,FAIL_PS,FAIL_FLOAT,FAIL_INSIDER",-0.057,0.38955003,0.24200780670539343,0.08611,-6.64451,22.710438985082664
FTV,Fortive Corporation,55.315,17568688128.0,Technology,Unknown,30,Fail,"FAIL_MCAP,FAIL_PRICE,FAIL_GROWTH,FAIL_ROIC,FAIL_PEG,FAIL_FLOAT,FAIL_INSIDER",0.046,0.63502,0.06812223084769949,0.00415,7.562892826086958,3.1372044663025935
HDSN,"Hudson Technologies, Inc.",6.08,261459360.0,Basic Materials,Unknown,70,Fail,"FAIL_GM,FAIL_GM_TREND,FAIL_INSIDER",0.282,0.2518,,0.11724,0.5827103546099291,
GGG,Graco Inc.,85.635,14197779456.0,Industrials,Unknown,30,Fail,"FAIL_MCAP,FAIL_PRICE,FAIL_GROWTH,FAIL_PS,FAIL_PEG,FAIL_FLOAT,FAIL_INSIDER",0.081,0.52454,0.25184125094924414,0.00774,3.4325400000000004,16.05555899901395
ORLA,Orla Mining Ltd.,14.63,4972681728.0,Basic Materials,Unknown,60,Fail,"FAIL_MCAP,FAIL_PS,FAIL_FLOAT,FAIL_INSIDER",1.769,0.65551,0.26436900711386757,0.1093,0.5168880723572641,34.690050101649064
AMRX,"Amneal Pharmaceuticals, Inc.",12.525,3940729088.0,Healthcare,Unknown,50,Fail,"FAIL_MCAP,FAIL_GROWTH,FAIL_ROIC,FAIL_PEG,FAIL_FLOAT",0.115,0.37382,0.14959852121894374,0.46893,4.9505926956521735,1.9247200432240907
FN,Fabrinet,509.52,18254678016.0,Technology,Unknown,60,Fail,"FAIL_MCAP,FAIL_PRICE,FAIL_GM,FAIL_INSIDER",0.359,0.120129995,0.19783170261854363,0.00282,1.3581586629526463,16.23419085414156
CFLT,"Confluent, Inc.",30.99,11133729792.0,Technology,Unknown,40,Fail,"FAIL_MCAP,FAIL_PRICE,FAIL_ROIC,FAIL_PEG,FAIL_FLOAT,FAIL_INSIDER",0.205,0.74294996,-0.1936695819590566,0.00981,4.878048780487805,3.3519486613701837
SNSE,"Sensei Biotherapeutics, Inc.",32.145,40556864.0,Healthcare,Unknown,30,Fail,"FAIL_MCAP,FAIL_PRICE,FAIL_GROWTH,FAIL_GM,FAIL_ROIC,FAIL_PS,FAIL_PEG",0.0,0.0,0.0,0.32081002,100.0,-5.821365148064996
BKNG,Booking Holdings Inc.,4424.38,142614642688.0,Consumer Cyclical,Unknown,30,Fail,"FAIL_MCAP,FAIL_PRICE,FAIL_GROWTH,FAIL_ROIC,FAIL_PS,FAIL_PEG,FAIL_INSIDER",0.16,0.87357,0.0,0.00199,1.6688216875,6.502379187152587
TRS,TriMas Corporation,34.47,1401056384.0,Consumer Cyclical,Unknown,60,Fail,"FAIL_PRICE,FAIL_GROWTH,FAIL_GM,FAIL_ROIC",-0.318,0.21395999,0.10676381367886378,0.23907,-0.608967610062893,1.9527714901671418
JNJ,Johnson & Johnson,237.984,573517398016.0,Healthcare,Unknown,30,Fail,"FAIL_MCAP,FAIL_PRICE,FAIL_GROWTH,FAIL_PS,FAIL_PEG,FAIL_FLOAT,FAIL_INSIDER",0.091,0.68081003,0.2514651821633956,0.00061,2.3731474725274726,
JBTM,JBT Marel Corporation,132.3695,6880858624.0,Industrials,Unknown,50,Fail,"FAIL_MCAP,FAIL_PRICE,FAIL_ROIC,FAIL_FLOAT,FAIL_INSIDER",1.156,0.35143003,0.006650155934690882,0.0070700003,0.8650519031141869,1.8370761435285496
SCVL,"Shoe Carnival, Inc.",17.23,471670688.0,Consumer Cyclical,Unknown,80,Fail,"FAIL_GROWTH,FAIL_ROIC",-0.032,0.36540002,0.08147457232379578,0.36121,-2.563988125,3.3490176016299493
WRBY,Warby Parker Inc.,24.35,2981603328.0,Healthcare,Unknown,30,Fail,"FAIL_MCAP,FAIL_GROWTH,FAIL_ROIC,FAIL_PS,FAIL_PEG,FAIL_FLOAT,FAIL_INSIDER",0.112,0.53971,-0.00914901169213548,0.07383,217.41071428571428,5.255556334304018
SMR,NuScale Power Corporation,12.065,3843946752.0,Industrials,Unknown,40,Fail,"FAIL_MCAP,FAIL_GROWTH,FAIL_GM_TREND,FAIL_ROIC,FAIL_PS,FAIL_FLOAT",-0.947,0.36313,0.0,0.16051,-1.0559662090813096,6.22909837870965
EWTX,"Edgewise Therapeutics, Inc.",30.295,3249760512.0,Healthcare,Unknown,10,Fail,"FAIL_MCAP,FAIL_PRICE,FAIL_GROWTH,FAIL_GM,FAIL_ROIC,FAIL_PS,FAIL_PEG,FAIL_FLOAT,FAIL_INSIDER",0.0,0.0,0.0,0.00445,100.0,62.84745560341343
LYG,Lloyds Banking Group plc,5.195,76399149056.0,Financial Services,Unknown,40,Fail,"FAIL_MCAP,FAIL_GROWTH,FAIL_GM,FAIL_PS,FAIL_FLOAT,FAIL_INSIDER",0.144,0.0,0.19962774724008955,0.0,0.9750375694444445,3.0
BSVN,Bank7 Corp.,39.5625,374366336.0,Financial Services,Unknown,50,Fail,"FAIL_PRICE,FAIL_GROWTH,FAIL_GM,FAIL_ROIC,FAIL_PS",-0.001,0.0,0.0,0.55338,-87.91667,3.0
PFIS,Peoples Financial Services Corp.,50.63,506026368.0,Financial Services,Unknown,60,Fail,"FAIL_PRICE,FAIL_GROWTH,FAIL_GM,FAIL_INSIDER",0.122,0.0,0.18334768222113,0.08139,0.7057822950819673,3.0
LXP,LXP Industrial Trust,48.925,2894346496.0,Real Estate,Unknown,30,Fail,"FAIL_MCAP,FAIL_PRICE,FAIL_GROWTH,FAIL_ROIC,FAIL_PS,FAIL_FLOAT,FAIL_INSIDER",-0.14,0.81563,0.05903323810914629,0.02564,-1.9201332857142854,0.940183737334042
IMRN,Immuron Limited,0.7267,7425674.0,Healthcare,Unknown,30,Fail,"FAIL_MCAP,FAIL_GROWTH,FAIL_GM_TREND,FAIL_ROIC,FAIL_PEG,FAIL_FLOAT,FAIL_INSIDER",0.048,0.63685,-0.9808484659489785,0.0,20.833333333333336,-9.256085338933998
CRNT,Ceragon Networks Ltd.,2.295,206297488.0,Technology,Unknown,60,Fail,"FAIL_GROWTH,FAIL_GM,FAIL_FLOAT,FAIL_INSIDER",-0.23,0.33818,,0.13851,-4.3478260869565215,
ABEV,Ambev S.A.,2.86,44663955456.0,Consumer Defensive,Unknown,60,Fail,"FAIL_MCAP,FAIL_GROWTH,FAIL_FLOAT,FAIL_INSIDER",-0.082,0.51425,0.2508593695463131,0.0,-1.8356867073170728,1.5734627203277847
NBN,Northeast Bank,107.41,919747584.0,Financial Services,Unknown,50,Fail,"FAIL_PRICE,FAIL_GROWTH,FAIL_GM,FAIL_PS,FAIL_INSIDER",-0.031,0.0,0.417156490364827,0.13317999,-3.341213870967742,3.0
RYAM,Rayonier Advanced Materials Inc.,11.55,773914624.0,Basic Materials,Unknown,50,Fail,"FAIL_GROWTH,FAIL_GM,FAIL_ROIC,FAIL_FLOAT,FAIL_INSIDER",-0.012,0.081,0.012545447088063077,0.050419997,-83.33333333333334,1.2352056234550863
IQI,Invesco Quality Municipal Income Trust,10.015,529631232.0,Financial Services,Unknown,40,Fail,"FAIL_GROWTH,FAIL_ROIC,FAIL_PS,FAIL_PEG,FAIL_FLOAT,FAIL_INSIDER",0.01,1.0,0.0,0.0,100.0,3.0
EQS,"Equus Total Return, Inc.",1.84,25698722.0,Financial Services,Unknown,50,Fail,"FAIL_MCAP,FAIL_GROWTH,FAIL_ROIC,FAIL_PS,FAIL_PEG",0.066,1.0,0.0,0.56813,15.15151515151515,3.0
IONQ,"IonQ, Inc.",33.175,12197579776.0,Technology,Unknown,20,Fail,"FAIL_MCAP,FAIL_PRICE,FAIL_GM,FAIL_GM_TREND,FAIL_ROIC,FAIL_PS,FAIL_FLOAT,FAIL_INSIDER",4.285,0.42062,-0.20830450063033534,0.02547,0.23337222870478413,2.543834345712017
UNCY,"Unicycive Therapeutics, Inc.",6.9486,149335104.0,Healthcare,Unknown,40,Fail,"FAIL_GROWTH,FAIL_GM,FAIL_ROIC,FAIL_PS,FAIL_PEG,FAIL_INSIDER",0.0,0.0,0.0,0.029289998,100.0,-4.341394758345274
TULP,"Bloomia Holdings, Inc.",3.92,7394606.0,Communication Services,Unknown,40,Fail,"FAIL_MCAP,FAIL_GROWTH,FAIL_GM,FAIL_GM_TREND,FAIL_ROIC,FAIL_PEG",0.088,0.25778,-0.06005361526349509,0.4005,11.363636363636365,0.24912049870631206
PLG,Platinum Group Metals Ltd.,1.845,227682304.0,Basic Materials,Unknown,40,Fail,"FAIL_GROWTH,FAIL_GM,FAIL_ROIC,FAIL_PS,FAIL_PEG,FAIL_FLOAT",0.0,0.0,-0.13763965083685553,0.22128999,100.0,33.850685551717945
NTRB,Nutriband Inc.,3.935,47908168.0,Healthcare,Unknown,50,Fail,"FAIL_MCAP,FAIL_GROWTH,FAIL_GM_TREND,FAIL_ROIC,FAIL_PS",-0.464,0.33503,-4.541372282166322,0.74379,-2.155172413793103,16.68013423958071
IRMD,IRADIMED CORPORATION,101.59,1298580864.0,Healthcare,Unknown,60,Fail,"FAIL_PRICE,FAIL_GROWTH,FAIL_PS,FAIL_PEG",0.17,0.76746005,0.4768885607403379,0.36606997,3.4147897647058825,58.20634054986743
VTOL,Bristow Group Inc.,43.535,1270830208.0,Energy,Unknown,30,Fail,"FAIL_PRICE,FAIL_GROWTH,FAIL_GM,FAIL_GM_TREND,FAIL_ROIC,FAIL_PEG,FAIL_INSIDER",0.067,0.27718002,0.0969969881876091,0.01968,1.504111343283582,1.965440109295108
AERT,"Aeries Technology, Inc",0.3189,16011878.0,Industrials,Unknown,50,Fail,"FAIL_MCAP,FAIL_GROWTH,FAIL_GM,FAIL_GM_TREND,FAIL_ROIC",-0.008,0.24906,-2.247768043927099,0.74853,-125.0,-1.2812955465385547
PYXS,"Pyxis Oncology, Inc.",1.545,96198208.0,Healthcare,Unknown,60,Fail,"FAIL_GROWTH,FAIL_ROIC,FAIL_PS,FAIL_PEG",0.0,1.0,-0.5485060092735142,0.22662,100.0,-2.112996696570764
XRPN,Armada Acquisition Corp. II,10.305,406738368.0,Financial Services,Unknown,40,Fail,"FAIL_GROWTH,FAIL_GM,FAIL_ROIC,FAIL_PS,FAIL_PEG,FAIL_INSIDER",0.0,0.0,0.0,0.0,93.68182,22.68464478955468
KDK,"Kodiak AI, Inc.",8.4637,1533685120.0,Technology,Unknown,60,Fail,"FAIL_GROWTH,FAIL_ROIC,FAIL_PS,FAIL_FLOAT",-0.923,1.0,0.0,0.42491,-1.083423618634886,-16.6549592038168
BGSI,Boyd Group Services Inc.,142.115,4037507840.0,Consumer Cyclical,Unknown,40,Fail,"FAIL_MCAP,FAIL_PRICE,FAIL_GROWTH,FAIL_ROIC,FAIL_PEG,FAIL_INSIDER",0.05,0.4629,0.03780364457741825,0.00091,38.40946,2.8863896437420915
AMG,"Affiliated Managers Group, Inc.",277.01,7791989248.0,Financial Services,Unknown,30,Fail,"FAIL_MCAP,FAIL_PRICE,FAIL_GROWTH,FAIL_GM_TREND,FAIL_PS,FAIL_PEG,FAIL_INSIDER",0.062,0.50839,0.1886366250926408,0.03903,1.9656416129032257,2.8812546515841957
HLMN,Hillman Solutions Corp.,8.075,1593113728.0,Industrials,Unknown,50,Fail,"FAIL_GROWTH,FAIL_ROIC,FAIL_PEG,FAIL_FLOAT,FAIL_INSIDER",0.045,0.48727,0.0409593897908952,0.0105,8.972222222222221,1.7567018027952654
SNCY,"Sun Country Airlines Holdings, Inc.",16.3,867539840.0,Industrials,Unknown,50,Fail,"FAIL_GROWTH,FAIL_ROIC,FAIL_PEG,FAIL_FLOAT,FAIL_INSIDER",0.079,0.3114,0.07510402353925624,0.053850003,2.1492615189873416,1.481399001872961
LIDR,"AEye, Inc.",1.975,88983616.0,Technology,Unknown,60,Fail,"FAIL_GM,FAIL_ROIC,FAIL_PS,FAIL_INSIDER",1.109,-1.3776801,-3.95685505729254,0.04783,0.9017132551848511,-18.552362931350764
OLP,"One Liberty Properties, Inc.",23.15,501085504.0,Real Estate,Unknown,60,Fail,"FAIL_GROWTH,FAIL_ROIC,FAIL_PS,FAIL_INSIDER",0.125,0.79487,0.0,0.13621001,1.20259744,0.952755305359502
FIVE,"Five Below, Inc.",215.76,11900692480.0,Consumer Cyclical,Unknown,40,Fail,"FAIL_MCAP,FAIL_PRICE,FAIL_ROIC,FAIL_PEG,FAIL_FLOAT,FAIL_INSIDER",0.231,0.35626,0.07012135878008215,0.02024,1.6799028571428571,4.658983324218959
VSEC,VSE Corporation,187.52,5247899648.0,Industrials,Unknown,30,Fail,"FAIL_MCAP,FAIL_PRICE,FAIL_GM,FAIL_ROIC,FAIL_PS,FAIL_PEG,FAIL_INSIDER",0.324,0.14217,0.04426420387419814,0.02093,2.2876103703703707,5.7229551602053235
MGNX,"MacroGenics, Inc.",3.065,194798640.0,Healthcare,Unknown,50,Fail,"FAIL_GM,FAIL_GM_TREND,FAIL_ROIC,FAIL_FLOAT,FAIL_INSIDER",1.13,-0.22529,-1.8837641175916724,0.030569999,0.8849557522123895,-5.651656821889417
WEA,Western Asset Premier Bond Fund,10.7525,127584856.0,Financial Services,Unknown,40,Fail,"FAIL_GROWTH,FAIL_ROIC,FAIL_PS,FAIL_PEG,FAIL_FLOAT,FAIL_INSIDER",0.02,1.0,0.0,0.00101,4.5950855,3.0
PCM,PCM Fund Inc.,5.72,69989920.0,Financial Services,Unknown,50,Fail,"FAIL_GROWTH,FAIL_ROIC,FAIL_PS,FAIL_FLOAT,FAIL_INSIDER",-0.12,1.0,0.0,0.0,-0.8218390833333333,3.0
CTKB,"Cytek Biosciences, Inc.",4.32,555336640.0,Healthcare,Unknown,40,Fail,"FAIL_GROWTH,FAIL_GM_TREND,FAIL_ROIC,FAIL_PEG,FAIL_FLOAT,FAIL_INSIDER",0.081,0.51843,-0.23843833730347921,0.08415,12.345679012345679,3.5161314998142346
ALRS,Alerus Financial Corporation,23.16,588290880.0,Financial Services,Unknown,60,Fail,"FAIL_GROWTH,FAIL_GM,FAIL_ROIC,FAIL_INSIDER",-0.858,0.0,0.11101829220439349,0.08339,-0.396955979020979,3.0
NAN,Nuveen New York Quality Municipal Income Fund,11.43,354827264.0,Financial Services,Unknown,40,Fail,"FAIL_GROWTH,FAIL_ROIC,FAIL_PS,FAIL_PEG,FAIL_FLOAT,FAIL_INSIDER",0.0,1.0,0.0,0.0,100.0,3.0
SG,"Sweetgreen, Inc.",5.575,662287616.0,Consumer Cyclical,Unknown,40,Fail,"FAIL_GROWTH,FAIL_GM,FAIL_GM_TREND,FAIL_ROIC,FAIL_FLOAT,FAIL_INSIDER",-0.035,0.16238001,-0.21570153526561872,0.0332,-28.57142857142857,-0.5554397551366304
EYPT,"EyePoint, Inc.",13.8,1151360896.0,Healthcare,Unknown,30,Fail,"FAIL_GROWTH,FAIL_GM,FAIL_GM_TREND,FAIL_ROIC,FAIL_PS,FAIL_FLOAT,FAIL_INSIDER",-0.947,0.0,-1.0305022582925556,0.027409999,-1.0559662090813096,6.632212804597713
KE,"Kimball Electronics, Inc.",23.2002,564654912.0,Industrials,Unknown,50,Fail,"FAIL_GROWTH,FAIL_GM,FAIL_ROIC,FAIL_PEG,FAIL_INSIDER",0.15,0.07803,0.04223778866534464,0.02765,1.5945153333333333,3.0311049228175753
MIMI,Mint Incorporation Limited,0.3284,8214104.0,Industrials,Unknown,50,Fail,"FAIL_MCAP,FAIL_GROWTH,FAIL_GM,FAIL_GM_TREND,FAIL_ROIC",-0.338,0.22232,-0.9678353045497435,0.2641,-2.9585798816568043,3.4421768871781326
GHG,GreenTree Hospitality Group Ltd.,1.225,124390816.0,Consumer Cyclical,Unknown,80,Fail,"FAIL_GROWTH,FAIL_ROIC",-0.15,0.3541,0.06654833224668716,0.84763,-0.3141026,0.46164918390853593
RLMD,"Relmada Therapeutics, Inc.",6.51,477401920.0,Healthcare,Unknown,30,Fail,"FAIL_GROWTH,FAIL_GM,FAIL_ROIC,FAIL_PS,FAIL_PEG,FAIL_FLOAT,FAIL_INSIDER",0.0,0.0,0.0,0.10751,100.0,3.126034930019756
ZDAI,"DirectBooking Technology Co., Ltd.",4.2,33783748.0,Industrials,Unknown,40,Fail,"FAIL_MCAP,FAIL_GROWTH,FAIL_GM,FAIL_GM_TREND,FAIL_ROIC,FAIL_INSIDER",-0.432,0.022850001,-0.54910587715331,0.034,-2.314814814814815,2.972017023722504
STRRP,"Star Equity Holdings, Inc.",10.0101,0.0,Industrials,Unknown,30,Fail,"FAIL_MCAP,FAIL_GM,FAIL_GM_TREND,FAIL_ROIC,FAIL_PS,FAIL_PEG,FAIL_INSIDER",0.301,0.09423,-0.21388026967216944,0.0,3.322259136212625,-8.364602628225851
SBC,SBC Medical Group Holdings Incorporated,3.555,364661056.0,Industrials,Unknown,80,Fail,"FAIL_GROWTH,FAIL_FLOAT",-0.183,0.74093,0.5676753720044356,0.85223,-0.4625292896174863,6.315099816369887
NEUP,Neuphoria Therapeutics Inc.,4.495,24232072.0,Healthcare,Unknown,60,Fail,"FAIL_MCAP,FAIL_GROWTH,FAIL_PEG,FAIL_INSIDER",0.0,1.0,,0.07723,100.0,
CBAT,"CBAK Energy Technology, Inc.",0.9505,84257872.0,Industrials,Unknown,50,Fail,"FAIL_GM,FAIL_GM_TREND,FAIL_ROIC,FAIL_PEG,FAIL_FLOAT",0.365,0.107889995,0.057027797591940384,0.17396,2.73972602739726,0.2786883366074608
BEAGU,Bold Eagle Acquisition Corp.,10.8,0.0,Financial Services,Unknown,30,Fail,"FAIL_MCAP,FAIL_GROWTH,FAIL_GM,FAIL_ROIC,FAIL_PS,FAIL_PEG,FAIL_INSIDER",0.0,0.0,0.0,0.0,100.0,-0.04519296226968913
ASB,Associated Banc-Corp,24.495,4066052608.0,Financial Services,Unknown,60,Fail,"FAIL_MCAP,FAIL_GM,FAIL_FLOAT,FAIL_INSIDER",7.218,0.0,0.17881925472868046,0.00803,0.012251260737046273,3.0
PXED,"Phoenix Education Partners, Inc.",27.4499,981600960.0,Consumer Defensive,Unknown,50,Fail,"FAIL_PRICE,FAIL_GROWTH,FAIL_ROIC,FAIL_PEG,FAIL_INSIDER",0.029,0.56323004,0.0,0.02121,3.286625862068965,5.837342562322195
UL,Unilever PLC,63.235,138172366848.0,Consumer Defensive,Unknown,40,Fail,"FAIL_MCAP,FAIL_PRICE,FAIL_GROWTH,FAIL_PEG,FAIL_FLOAT,FAIL_INSIDER",0.0,0.46945998,,0.0,21.363176,
PNBK,"Patriot National Bancorp, Inc.",1.31,150638224.0,Financial Services,Unknown,50,Fail,"FAIL_GM,FAIL_ROIC,FAIL_PS,FAIL_PEG,FAIL_FLOAT",0.256,0.0,0.0,0.32874,3.90625,3.0
NPK,"National Presto Industries, Inc.",135.45,968730368.0,Industrials,Unknown,60,Fail,"FAIL_PRICE,FAIL_GM,FAIL_GM_TREND,FAIL_ROIC",0.217,0.15953,0.10278499159399081,0.27905,1.147414608294931,9.827507566887903
SILA,"Sila Realty Trust, Inc.",24.8969,1375463936.0,Real Estate,Unknown,40,Fail,"FAIL_GROWTH,FAIL_ROIC,FAIL_PS,FAIL_PEG,FAIL_FLOAT,FAIL_INSIDER",0.089,0.8795,0.0,0.01131,4.662340449438202,0.49729856695207025
MIY,"BlackRock MuniYield Michigan Quality Fund, Inc.",12.335,357280192.0,Financial Services,Unknown,40,Fail,"FAIL_GROWTH,FAIL_ROIC,FAIL_PS,FAIL_PEG,FAIL_FLOAT,FAIL_INSIDER",0.015,1.0,0.0,0.0,66.66666666666667,3.0
WHWK,"Whitehawk Therapeutics, Inc.",3.9,184066608.0,Healthcare,Unknown,40,Fail,"FAIL_GROWTH,FAIL_GM,FAIL_GM_TREND,FAIL_ROIC,FAIL_PS,FAIL_INSIDER",-1.0,0.0,-0.20858187415816817,0.12413,-1.0,4.994508856117713
CLNN,Clene Inc.,6.41,75498952.0,Consumer Defensive,Unknown,60,Fail,"FAIL_GROWTH,FAIL_GM_TREND,FAIL_ROIC,FAIL_PS",-0.154,0.785,0.0,0.28618,-6.4935064935064934,-17.19228868194523
SCCO,Southern Copper Corporation,170.5859,140915130368.0,Basic Materials,Unknown,60,Fail,"FAIL_MCAP,FAIL_PRICE,FAIL_PS,FAIL_FLOAT",0.39,0.60905,0.32154774087913474,0.89744,0.8411534615384616,10.687120155592272
PDFS,"PDF Solutions, Inc.",33.75,1346311424.0,Technology,Unknown,70,Fail,"FAIL_PRICE,FAIL_ROIC,FAIL_PEG",0.246,0.72321,-0.004743545342406406,0.19306,4.0650406504065035,5.996813076450285
NTES,"NetEase, Inc.",118.265,76069462016.0,Communication Services,Unknown,40,Fail,"FAIL_MCAP,FAIL_PRICE,FAIL_GROWTH,FAIL_PEG,FAIL_FLOAT,FAIL_INSIDER",0.03,0.64285004,,0.0139999995,5.187061333333333,
ZYBT,Zhengye Biotechnology Holding Limited,0.71,33647876.0,Healthcare,Unknown,60,Fail,"FAIL_MCAP,FAIL_GROWTH,FAIL_GM_TREND,FAIL_ROIC",-0.344,0.37373,0.04904506699350593,0.91200995,-2.906976744186047,0.8826646251634147
FLO,"Flowers Foods, Inc.",8.5688,1812766592.0,Consumer Defensive,Unknown,50,Fail,"FAIL_GROWTH,FAIL_ROIC,FAIL_PEG,FAIL_FLOAT,FAIL_INSIDER",0.0,0.48871,0.04138210908526884,0.079730004,21.421999,1.9994680641274938
BODI,"The Beachbody Company, Inc.",12.03,86372080.0,Communication Services,Unknown,70,Fail,"FAIL_GROWTH,FAIL_ROIC,FAIL_INSIDER",-0.357,0.73009,0.1316307534389424,0.13035,-2.801120448179272,-4.130081360171454
CVEO,Civeo Corporation,28.0129,322574784.0,Consumer Cyclical,Unknown,40,Fail,"FAIL_PRICE,FAIL_GROWTH,FAIL_GM,FAIL_ROIC,FAIL_PEG,FAIL_INSIDER",0.071,0.2365,0.04359676616299065,0.070700005,14.084507042253522,-0.9777625377614203
CMRC,"Commerce.com, Inc.",2.725,223994992.0,Technology,Unknown,60,Fail,"FAIL_GROWTH,FAIL_ROIC,FAIL_PEG,FAIL_FLOAT",0.029,0.78749,-0.04767088000458279,0.16861,34.48275862068965,-0.9631053490192694
ZSPC,"zSpace, Inc.",0.1475,4912190.0,Technology,Unknown,60,Fail,"FAIL_MCAP,FAIL_GROWTH,FAIL_GM,FAIL_ROIC",-0.382,0.45492,0.0,0.4977,-0.004708849214659685,-32.16229010288864
PACK,Ranpak Holdings Corp.,3.525,298642848.0,Consumer Cyclical,Unknown,50,Fail,"FAIL_GROWTH,FAIL_GM_TREND,FAIL_ROIC,FAIL_PEG,FAIL_INSIDER",0.066,0.33089,-0.011801051581164908,0.08939999,15.15151515151515,0.46208311372177713
GBAB,Guggenheim Taxable Municipal Bond & Investment Grade Debt Trust,14.8602,410276192.0,Financial Services,Unknown,30,Fail,"FAIL_GROWTH,FAIL_GM,FAIL_ROIC,FAIL_PS,FAIL_PEG,FAIL_FLOAT,FAIL_INSIDER",0.0,0.0,0.0,0.0,15.010303,3.0
TLSA,Tiziana Life Sciences Ltd,1.275,162240432.0,Healthcare,Unknown,40,Fail,"FAIL_GROWTH,FAIL_GM,FAIL_ROIC,FAIL_PS,FAIL_PEG,FAIL_FLOAT",0.0,0.0,-37.29166525827627,0.43948,100.0,-9.599974132338586
DSM,"BNY Mellon Strategic Municipal Bond Fund, Inc.",6.025,297807872.0,Financial Services,Unknown,40,Fail,"FAIL_GROWTH,FAIL_ROIC,FAIL_PS,FAIL_PEG,FAIL_FLOAT,FAIL_INSIDER",0.015,1.0,0.0,0.0,66.66666666666667,3.0
ALHC,"Alignment Healthcare, Inc.",18.14,3705938432.0,Healthcare,Unknown,40,Fail,"FAIL_MCAP,FAIL_GM,FAIL_ROIC,FAIL_PEG,FAIL_FLOAT,FAIL_INSIDER",0.444,0.123730004,0.0,0.03588,,5.378146846442397
PHAR,Pharming Group N.V.,15.32,1067326336.0,Healthcare,Unknown,50,Fail,"FAIL_GROWTH,FAIL_ROIC,FAIL_PEG,FAIL_FLOAT,FAIL_INSIDER",0.149,0.87903,0.024717056489459124,0.0,25.704697986577184,3.5068250350810963
OEC,Orion S.A.,5.07,285307680.0,Basic Materials,Unknown,40,Fail,"FAIL_GROWTH,FAIL_GM,FAIL_GM_TREND,FAIL_ROIC,FAIL_FLOAT,FAIL_INSIDER",-0.052,0.19915001,0.03885384071666374,0.03162,-19.23076923076923,1.3985235366447264
EPSN,Epsilon Energy Ltd.,5.82,173979776.0,Energy,Unknown,70,Fail,"FAIL_ROIC,FAIL_PS,FAIL_INSIDER",0.232,0.74480003,0.021535458025475535,0.07366,0.9291187499999998,4.348864818125446
APH,Amphenol Corporation,130.61,160547766272.0,Technology,Unknown,50,Fail,"FAIL_MCAP,FAIL_PRICE,FAIL_GM,FAIL_FLOAT,FAIL_INSIDER",0.491,0.37217999,0.2579791735637717,0.0054699997,0.7964315682281059,6.245932460232315
CLB,Core Laboratories Inc.,16.3353,766024960.0,Energy,Unknown,50,Fail,"FAIL_GROWTH,FAIL_GM,FAIL_ROIC,FAIL_PEG,FAIL_INSIDER",0.07,0.20688999,0.09870660885664512,0.012410001,3.4317858571428563,3.214737595272524
RACE,Ferrari N.V.,334.32,59154747392.0,Consumer Cyclical,Unknown,40,Fail,"FAIL_MCAP,FAIL_PRICE,FAIL_GROWTH,FAIL_PS,FAIL_PEG,FAIL_FLOAT",0.038,0.51678,0.3064628911004531,0.30546,8.600093421052632,8.654987920832777
TPB,"Turning Point Brands, Inc.",91.23,1746252416.0,Consumer Defensive,Unknown,70,Fail,"FAIL_PRICE,FAIL_PS,FAIL_INSIDER",0.292,0.5708,0.20194590772693974,0.04236,1.0046030136986301,4.6532200006198785
TEAD,Teads Holding Co.,0.7086,68011736.0,Communication Services,Unknown,80,Fail,"FAIL_ROIC,FAIL_PEG",0.502,0.32992,-0.014130630427935019,0.56609,1.99203187250996,1.466002714465098
AIHS,Senmiao Technology Limited,1.575,7178045.0,Industrials,Unknown,40,Fail,"FAIL_MCAP,FAIL_GROWTH,FAIL_GM,FAIL_GM_TREND,FAIL_ROIC,FAIL_INSIDER",-0.205,0.19746,0.0,0.02567,-4.878048780487805,-12.09306973332885
FWONA,Formula One Group,78.605,19688570880.0,Communication Services,Unknown,20,Fail,"FAIL_MCAP,FAIL_PRICE,FAIL_GROWTH,FAIL_ROIC,FAIL_PS,FAIL_PEG,FAIL_FLOAT,FAIL_INSIDER",0.0,0.33713,0.06765472959585779,0.03458,34.02814,2.943396448601427
GAP,"The Gap, Inc.",24.2988,9037251584.0,Consumer Cyclical,Unknown,50,Fail,"FAIL_MCAP,FAIL_GROWTH,FAIL_ROIC,FAIL_PEG,FAIL_FLOAT",0.021,0.40791,0.1418770260671513,0.39598,5.432326904761904,2.792722696688722
CHOW,ChowChow Cloud International Holdings Limited,0.4418,15507180.0,Technology,Unknown,80,Fail,"FAIL_MCAP,FAIL_GM",0.813,0.13315,1.3828912953369954,0.69676,0.0905699102091021,5.869392409578788
ULCC,"Frontier Group Holdings, Inc.",3.155,724418624.0,Industrials,Unknown,50,Fail,"FAIL_GROWTH,FAIL_GM,FAIL_GM_TREND,FAIL_ROIC,FAIL_FLOAT",-0.005,0.028199999,-0.023803469873799655,0.48733002,-200.0,0.34530009602394895
AIXI,Xiao-I Corporation,0.176,2349502.0,Technology,Unknown,60,Fail,"FAIL_MCAP,FAIL_GROWTH,FAIL_ROIC,FAIL_INSIDER",-0.651,0.68485,-0.37282962488270877,0.0,-1.5360983102918584,-1.8297788582213985
DRTS,Alpha Tau Medical Ltd.,7.565,665793664.0,Healthcare,Unknown,40,Fail,"FAIL_GROWTH,FAIL_GM,FAIL_ROIC,FAIL_PS,FAIL_PEG,FAIL_FLOAT",0.0,0.0,-0.537743563715973,0.31686002,100.0,10.924341982703062
NVG,Nuveen AMT-Free Municipal Credit Income Fund,12.705,2713503744.0,Financial Services,Unknown,40,Fail,"FAIL_MCAP,FAIL_GROWTH,FAIL_ROIC,FAIL_PS,FAIL_FLOAT,FAIL_INSIDER",-0.02,1.0,0.0,0.0,-23.5277765,3.0
EFXT,Enerflex Ltd.,21.495,2618129152.0,Energy,Unknown,30,Fail,"FAIL_MCAP,FAIL_GROWTH,FAIL_GM,FAIL_ROIC,FAIL_PEG,FAIL_FLOAT,FAIL_INSIDER",0.118,0.22754,0.0577408877661494,0.00446,3.5030966101694916,2.3535311452272545
MKSI,MKS Inc.,232.77,15653400576.0,Technology,Unknown,20,Fail,"FAIL_MCAP,FAIL_PRICE,FAIL_GROWTH,FAIL_GM,FAIL_ROIC,FAIL_PEG,FAIL_FLOAT,FAIL_INSIDER",0.106,0.46730998,0.07968269831102175,0.00606,5.025042452830189,2.521506517875412
WAY,Waystar Holding Corp.,24.535,4702907904.0,Healthcare,Unknown,40,Fail,"FAIL_MCAP,FAIL_ROIC,FAIL_PS,FAIL_PEG,FAIL_FLOAT,FAIL_INSIDER",0.243,0.68328005,0.030647917605700955,0.02317,1.6551979423868313,1.8048796967389913
HOTH,"Hoth Therapeutics, Inc.",1.0057,15602743.0,Healthcare,Unknown,30,Fail,"FAIL_MCAP,FAIL_GROWTH,FAIL_GM,FAIL_ROIC,FAIL_PS,FAIL_PEG,FAIL_INSIDER",0.0,0.0,0.0,0.03568,100.0,-2.1941634262507783
STE,STERIS plc,217.21,21318512640.0,Healthcare,Unknown,20,Fail,"FAIL_MCAP,FAIL_PRICE,FAIL_GROWTH,FAIL_ROIC,FAIL_PS,FAIL_PEG,FAIL_FLOAT,FAIL_INSIDER",0.092,0.44322,0.07850288159499803,0.00308,3.2882706521739133,4.90477896815144
CLWT,Euro Tech Holdings Company Limited,1.222,9307783.0,Industrials,Unknown,70,Fail,"FAIL_MCAP,FAIL_GROWTH,FAIL_ROIC",-0.189,0.31123,0.08433913091695469,0.57395,-0.923658306878307,2.9614253942859254
RCAT,"Red Cat Holdings, Inc.",18.179,2170048000.0,Industrials,Unknown,30,Fail,"FAIL_MCAP,FAIL_GM,FAIL_GM_TREND,FAIL_ROIC,FAIL_PS,FAIL_FLOAT,FAIL_INSIDER",6.464,-0.38542,0.0,0.11761,0.15470297029702967,259.0220564371464
NTCL,NetClass Technology Inc,0.2829,6221546.0,Technology,Unknown,60,Fail,"FAIL_MCAP,FAIL_GROWTH,FAIL_GM,FAIL_ROIC",-0.029,0.22850001,-1.4271313827833065,0.50244,-34.48275862068965,-2.223363402161916
MBI,MBIA Inc.,5.845,295237664.0,Financial Services,Unknown,50,Fail,"FAIL_GROWTH,FAIL_ROIC,FAIL_PS,FAIL_PEG,FAIL_INSIDER",0.154,1.16495,0.015399422521655439,0.11361,6.4935064935064934,3.0
AIRI,Air Industries Group,3.31,15825288.0,Industrials,Unknown,60,Fail,"FAIL_MCAP,FAIL_GROWTH,FAIL_GM,FAIL_ROIC",-0.179,0.17584999,0.012529421554409073,0.20753,-5.5865921787709505,-0.24192052612716886
RLAY,"Relay Therapeutics, Inc.",10.175,1818535168.0,Healthcare,Unknown,30,Fail,"FAIL_GROWTH,FAIL_GM,FAIL_ROIC,FAIL_PS,FAIL_PEG,FAIL_FLOAT,FAIL_INSIDER",0.0,0.0,0.0,0.0126600005,100.0,15.049585882407799
HGTY,"Hagerty, Inc.",10.44,3576939008.0,Financial Services,Unknown,60,Fail,"FAIL_MCAP,FAIL_GROWTH,FAIL_PEG,FAIL_INSIDER",0.165,0.62305,0.6632551059114452,0.06266,1.7100736363636362,3.0
BZH,"Beazer Homes USA, Inc.",20.53,605799808.0,Consumer Cyclical,Unknown,50,Fail,"FAIL_GROWTH,FAIL_GM,FAIL_GM_TREND,FAIL_ROIC,FAIL_INSIDER",-0.225,0.14032,0.019535694931397167,0.07374,-3.1463602666666666,2.425064586845001
TXNM,"TXNM Energy, Inc.",58.355,6356105728.0,Utilities,Unknown,30,Fail,"FAIL_MCAP,FAIL_PRICE,FAIL_GROWTH,FAIL_ROIC,FAIL_PEG,FAIL_FLOAT,FAIL_INSIDER",0.118,0.57741,0.046796044339874755,0.01035,3.3414452542372883,0.8021805016140491
ADEA,Adeia Inc.,23.65,2589915904.0,Technology,Unknown,70,Fail,"FAIL_MCAP,FAIL_FLOAT,FAIL_INSIDER",0.533,1.0,0.17109021041972405,0.024500001,0.4481967542213883,4.166243285426448
TXO,"TXO Partners, L.P.",12.365,683073600.0,Energy,Unknown,80,Fail,"FAIL_ROIC,FAIL_PEG",0.41,0.5356,0.0,0.2658,2.4390243902439024,0.8507547116123766
EU,enCore Energy Corp.,1.915,358645856.0,Energy,Unknown,30,Fail,"FAIL_GROWTH,FAIL_GM,FAIL_GM_TREND,FAIL_ROIC,FAIL_PS,FAIL_FLOAT,FAIL_INSIDER",-0.041,-0.52703,-0.24916843115956178,0.0224,-24.39024390243902,2.0802785190294206
GMAB,Genmab A/S,26.075,16032701440.0,Healthcare,Unknown,20,Fail,"FAIL_MCAP,FAIL_PRICE,FAIL_GROWTH,FAIL_ROIC,FAIL_PS,FAIL_PEG,FAIL_FLOAT,FAIL_INSIDER",0.03,0.93601996,0.10585790616338507,0.0,5.64394,2.5639958373948533
OPXS,"Optex Systems Holdings, Inc",13.1218,91030624.0,Industrials,Unknown,70,Fail,"FAIL_GROWTH,FAIL_GM,FAIL_PEG",0.116,0.28439,0.2926255972420476,0.21014,1.740291896551724,12.592485002071875
GLNG,Golar LNG Limited,47.79,4893122560.0,Energy,Unknown,40,Fail,"FAIL_MCAP,FAIL_PRICE,FAIL_ROIC,FAIL_PS,FAIL_FLOAT,FAIL_INSIDER",1.015,0.54482,0.03920813938160174,0.057540003,0.7243653201970444,1.2100720492276056
BBW,"Build-A-Bear Workshop, Inc.",40.62,533184480.0,Consumer Cyclical,Unknown,60,Fail,"FAIL_PRICE,FAIL_GROWTH,FAIL_PEG,FAIL_INSIDER",0.027,0.55797,0.245396129236336,0.056160003,3.4744675925925925,5.213042730090782
TILE,"Interface, Inc.",26.52,1548519168.0,Consumer Cyclical,Unknown,50,Fail,"FAIL_PRICE,FAIL_GROWTH,FAIL_PEG,FAIL_FLOAT,FAIL_INSIDER",0.043,0.38748002,0.1591109471770297,0.02473,3.146653953488372,4.136315417545231
NAT,Nordic American Tankers Limited,5.4899,1162489984.0,Energy,Unknown,50,Fail,"FAIL_GROWTH,FAIL_ROIC,FAIL_PS,FAIL_FLOAT,FAIL_INSIDER",-0.656,0.63476,0.10352261396603123,0.043449998,-1.3947917682926827,3.0341535880619026
MIST,Milestone Pharmaceuticals Inc.,1.76,149898048.0,Healthcare,Unknown,40,Fail,"FAIL_GROWTH,FAIL_GM,FAIL_PS,FAIL_PEG,FAIL_FLOAT,FAIL_INSIDER",0.0,0.0,,0.03313,100.0,-5.985454808654608
SSD,"Simpson Manufacturing Co., Inc.",176.0,7296832512.0,Basic Materials,Unknown,40,Fail,"FAIL_MCAP,FAIL_PRICE,FAIL_GROWTH,FAIL_PS,FAIL_PEG,FAIL_INSIDER",0.042,0.45851,0.15441216916895745,0.00478,5.091709047619047,6.669998923270954
QNTM,Quantum BioPharma Ltd.,2.33,8954136.0,Healthcare,Unknown,30,Fail,"FAIL_MCAP,FAIL_GROWTH,FAIL_GM,FAIL_ROIC,FAIL_PS,FAIL_PEG,FAIL_INSIDER",0.0,0.0,0.0,0.086490005,100.0,-15.760090796954648
NAZ,Nuveen Arizona Quality Municipal Income Fund,12.54,153946848.0,Financial Services,Unknown,40,Fail,"FAIL_GROWTH,FAIL_ROIC,FAIL_PS,FAIL_PEG,FAIL_FLOAT,FAIL_INSIDER",0.0,1.0,0.0,0.0,100.0,3.0
PDLB,"Ponce Financial Group, Inc.",16.43,376809664.0,Financial Services,Unknown,70,Fail,"FAIL_GM,FAIL_ROIC,FAIL_PS",0.383,0.0,0.07180016975987445,0.19007,0.35748477806788514,3.0
CCBG,"Capital City Bank Group, Inc.",41.6001,713535744.0,Financial Services,Unknown,60,Fail,"FAIL_PRICE,FAIL_GROWTH,FAIL_GM,FAIL_PEG",0.039,0.0,0.15341535378097343,0.19936001,2.9629702564102565,3.0
UPXI,"Upexi, Inc.",1.0599,73498080.0,Communication Services,Unknown,80,Fail,"FAIL_ROIC,FAIL_FLOAT",1.01,0.80667,-0.11205615944646265,0.18431999,0.9900990099009901,0.6428067905326702
LBTYB,Liberty Global Ltd.,12.1917,4084569344.0,Communication Services,Unknown,50,Fail,"FAIL_MCAP,FAIL_GROWTH,FAIL_ROIC,FAIL_PEG,FAIL_FLOAT",0.096,0.65758,-0.38875134062531363,0.97929,10.416666666666668,-0.2363423848013036
FIGS,"FIGS, Inc.",14.38,2392503040.0,Consumer Cyclical,Unknown,40,Fail,"FAIL_MCAP,FAIL_ROIC,FAIL_PS,FAIL_PEG,FAIL_FLOAT,FAIL_INSIDER",0.33,0.66525,0.06661367517842819,0.050890002,2.293460909090909,12.352880632256358
KELYB,"Kelly Services, Inc.",12.8016,437962304.0,Industrials,Unknown,70,Fail,"FAIL_GROWTH,FAIL_GM,FAIL_ROIC",-0.119,0.20066,-0.194190749875007,0.93563,-8.403361344537815,2.836086424125667
ZM,"Zoom Communications, Inc.",76.5,22651723776.0,Technology,Unknown,30,Fail,"FAIL_MCAP,FAIL_PRICE,FAIL_GROWTH,FAIL_ROIC,FAIL_PEG,FAIL_FLOAT,FAIL_INSIDER",0.053,0.7739,0.10256486253554843,0.0025799999,2.335592641509434,8.36741045207811
KGC,Kinross Gold Corporation,29.21,35245379584.0,Basic Materials,Unknown,50,Fail,"FAIL_MCAP,FAIL_PRICE,FAIL_PS,FAIL_FLOAT,FAIL_INSIDER",0.429,0.66723,0.33455858147609574,0.0016300001,0.3491721678321678,6.640862934282823
TENX,"Tenax Therapeutics, Inc.",15.77,271206336.0,Healthcare,Unknown,40,Fail,"FAIL_GROWTH,FAIL_GM,FAIL_ROIC,FAIL_PS,FAIL_PEG,FAIL_INSIDER",0.0,0.0,0.0,0.0011100001,100.0,17.256007433536237
MRK,"Merck & Co., Inc.",114.71,283608088576.0,Healthcare,Unknown,30,Fail,"FAIL_MCAP,FAIL_PRICE,FAIL_GROWTH,FAIL_PS,FAIL_PEG,FAIL_FLOAT,FAIL_INSIDER",0.05,0.77212,0.2224694946225637,0.00059999997,3.1513733999999998,3.9171861980196607
CRSP,CRISPR Therapeutics AG,48.2801,4634180608.0,Healthcare,Unknown,20,Fail,"FAIL_MCAP,FAIL_PRICE,FAIL_GROWTH,FAIL_GM,FAIL_ROIC,FAIL_PS,FAIL_FLOAT,FAIL_INSIDER",-0.976,0.0,-0.37549103985258586,0.04843,-1.0245901639344264,6.897390869412771
CHRD,Chord Energy Corporation,128.665,7316573696.0,Energy,Unknown,40,Fail,"FAIL_MCAP,FAIL_PRICE,FAIL_GROWTH,FAIL_ROIC,FAIL_FLOAT,FAIL_INSIDER",-0.194,0.50958997,0.00620964655587016,0.00993,-8.962454123711339,1.5605691573728935
YHGJ,Yunhong Green CTI Ltd.,3.0401,8432824.0,Consumer Cyclical,Unknown,60,Fail,"FAIL_MCAP,FAIL_GROWTH,FAIL_GM,FAIL_PEG",0.163,0.20354,,0.75001,6.134969325153374,-0.308843797977122
CON,"Concentra Group Holdings Parent, Inc.",22.875,2942520064.0,Healthcare,Unknown,40,Fail,"FAIL_MCAP,FAIL_GROWTH,FAIL_GM,FAIL_ROIC,FAIL_FLOAT,FAIL_INSIDER",0.159,0.28339002,0.10647653377080785,0.10672,1.1066764150943396,1.9566021969555782
SPGI,S&P Global Inc.,429.14,129943592960.0,Financial Services,Unknown,20,Fail,"FAIL_MCAP,FAIL_PRICE,FAIL_GROWTH,FAIL_ROIC,FAIL_PS,FAIL_PEG,FAIL_FLOAT,FAIL_INSIDER",0.09,0.70246005,0.11735759982920932,0.00348,3.248107888888889,4.229588205476335
UPS,"United Parcel Service, Inc.",96.93,82286444544.0,Industrials,Unknown,40,Fail,"FAIL_MCAP,FAIL_PRICE,FAIL_GROWTH,FAIL_GM,FAIL_FLOAT,FAIL_INSIDER",-0.032,0.22601,0.1634472129463139,0.00031,-4.616520625,2.8933107902697732
CRI,"Carter's, Inc.",34.6,1261096192.0,Consumer Cyclical,Unknown,50,Fail,"FAIL_PRICE,FAIL_GROWTH,FAIL_ROIC,FAIL_PEG,FAIL_INSIDER",0.076,0.45356998,0.07235748953668274,0.04204,1.7994590789473686,2.6464341326103313
AGI,Alamos Gold Inc.,42.37,17859573760.0,Basic Materials,Unknown,50,Fail,"FAIL_MCAP,FAIL_PRICE,FAIL_PS,FAIL_FLOAT,FAIL_INSIDER",0.531,0.6684,0.2210783234962595,0.00282,0.3799659322033898,6.533380820721896
IBCP,Independent Bank Corporation,32.95,681799808.0,Financial Services,Unknown,50,Fail,"FAIL_PRICE,FAIL_GROWTH,FAIL_GM,FAIL_PS,FAIL_INSIDER",-0.056,0.0,0.32151907593670176,0.05053,-1.7993666071428571,3.0
BRKR,Bruker Corporation,34.235,5211226112.0,Healthcare,Unknown,50,Fail,"FAIL_MCAP,FAIL_PRICE,FAIL_GROWTH,FAIL_ROIC,FAIL_FLOAT",-0.002,0.47952998,-0.006501127544549912,0.31911,-500.0,2.14134437231508
EG,"Everest Group, Ltd.",319.15,12890516480.0,Financial Services,Unknown,40,Fail,"FAIL_MCAP,FAIL_PRICE,FAIL_GROWTH,FAIL_GM,FAIL_ROIC,FAIL_INSIDER",-0.029,0.124960005,0.09691014186961795,0.01516,-2.9114213793103447,3.0
MCFT,"MasterCraft Boat Holdings, Inc.",19.935,324717184.0,Consumer Cyclical,Unknown,40,Fail,"FAIL_GROWTH,FAIL_GM,FAIL_GM_TREND,FAIL_ROIC,FAIL_PEG,FAIL_INSIDER",0.132,0.21975,0.0,0.02674,1.6066247727272724,4.793613956257111
CIG,Companhia Energética de Minas Gerais - CEMIG,2.275,7201175552.0,Utilities,Unknown,40,Fail,"FAIL_MCAP,FAIL_GROWTH,FAIL_GM,FAIL_GM_TREND,FAIL_FLOAT,FAIL_INSIDER",0.046,0.13593,0.20650008877240514,0.0,1.150151652173913,
ADTN,"ADTRAN Holdings, Inc.",11.615,936861824.0,Technology,Unknown,50,Fail,"FAIL_GM,FAIL_ROIC,FAIL_PEG,FAIL_FLOAT,FAIL_INSIDER",0.201,0.38287,-0.0467804976623799,0.014780001,4.975124378109452,1.1112347864500731
SKYW,"SkyWest, Inc.",90.82,3669733888.0,Industrials,Unknown,50,Fail,"FAIL_MCAP,FAIL_PRICE,FAIL_GROWTH,FAIL_ROIC,FAIL_INSIDER",0.085,0.32356998,0.09953974197214446,0.009190001,1.0323386470588236,1.8025797907178176
BCSF,"Bain Capital Specialty Finance, Inc.",12.43,806315584.0,Financial Services,Unknown,60,Fail,"FAIL_GROWTH,FAIL_ROIC,FAIL_FLOAT,FAIL_INSIDER",-0.07,1.0,0.0688498111646389,0.00644,-1.160597714285714,3.0
EFSCP,Enterprise Financial Services Corp,20.31,0.0,Financial Services,Unknown,50,Fail,"FAIL_MCAP,FAIL_GROWTH,FAIL_GM,FAIL_PS,FAIL_INSIDER",0.175,0.0,0.2495813067825636,0.0,0.2801958857142857,3.0
KEYS,"Keysight Technologies, Inc.",288.55,49491447808.0,Technology,Unknown,40,Fail,"FAIL_MCAP,FAIL_PRICE,FAIL_ROIC,FAIL_PEG,FAIL_FLOAT,FAIL_INSIDER",0.233,0.61864,0.13941963801738166,0.00605,2.1764709442060086,7.440088915602687
APOG,"Apogee Enterprises, Inc.",33.015,710183424.0,Industrials,Unknown,30,Fail,"FAIL_PRICE,FAIL_GROWTH,FAIL_GM,FAIL_GM_TREND,FAIL_ROIC,FAIL_PEG,FAIL_INSIDER",0.021,0.23828,0.1123602189043721,0.025810001,8.407180952380953,2.700080705470017
FTCI,"FTC Solar, Inc.",4.8552,75436912.0,Technology,Unknown,90,Fail,FAIL_GM,1.489,0.01166,,0.30917,0.6715916722632639,
AFJK,"Aimei Health Technology Co., Ltd",29.0,177530256.0,Financial Services,Unknown,40,Fail,"FAIL_PRICE,FAIL_GROWTH,FAIL_GM,FAIL_ROIC,FAIL_PS,FAIL_PEG",0.0,0.0,0.0,0.33602002,145.0,70.59413279427397
GTY,Getty Realty Corp.,33.69,2015218944.0,Real Estate,Unknown,20,Fail,"FAIL_MCAP,FAIL_PRICE,FAIL_GROWTH,FAIL_ROIC,FAIL_PS,FAIL_PEG,FAIL_FLOAT,FAIL_INSIDER",0.142,0.96056,0.0,0.06285,1.7574334507042255,1.1682693960947834
NATL,NCR Atleos Corporation,43.32,3201527040.0,Technology,Unknown,20,Fail,"FAIL_MCAP,FAIL_PRICE,FAIL_GROWTH,FAIL_GM,FAIL_ROIC,FAIL_PEG,FAIL_FLOAT,FAIL_INSIDER",0.04,0.24368,0.1383363471971067,0.01271,5.06074725,1.4581610125927342
GBR,"New Concept Energy, Inc.",0.856,4392935.0,Real Estate,Unknown,40,Fail,"FAIL_MCAP,FAIL_GROWTH,FAIL_ROIC,FAIL_PS,FAIL_PEG,FAIL_INSIDER",0.054,0.6732,0.0,0.07794,18.51851851851852,28.176619137089574
AMRC,"Ameresco, Inc.",26.25,1388101888.0,Industrials,Unknown,40,Fail,"FAIL_PRICE,FAIL_GROWTH,FAIL_GM,FAIL_ROIC,FAIL_PEG,FAIL_INSIDER",0.091,0.15735,0.05669657506856812,0.085080005,3.47544032967033,1.1200394938351517
ACEL,"Accel Entertainment, Inc.",10.79,897813696.0,Consumer Cyclical,Unknown,70,Fail,"FAIL_GROWTH,FAIL_ROIC,FAIL_PEG",0.075,0.31347,0.13030717463602845,0.17445,2.3977776,2.639286414421811
LXU,"LSB Industries, Inc.",14.6,1050389696.0,Basic Materials,Unknown,60,Fail,"FAIL_GM,FAIL_ROIC,FAIL_PEG,FAIL_FLOAT",0.223,0.16954,0.04828437421759568,0.2593,1.9256133183856503,2.1353838943524686
DNOW,DNOW Inc.,11.675,2175591168.0,Industrials,Unknown,50,Fail,"FAIL_MCAP,FAIL_GM,FAIL_ROIC,FAIL_FLOAT,FAIL_INSIDER",0.68,0.21738,-0.026857573474001507,0.01582,1.4705882352941178,1.5252765845759828
JCAP,"Jefferson Capital, Inc.",20.11,1239363840.0,Financial Services,Unknown,80,Fail,"FAIL_ROIC,FAIL_INSIDER",0.277,0.78132004,0.07483200826661375,0.09423,0.1287221299638989,2.5559639741686024
ETOR,eToro Group Ltd.,30.34,2539579136.0,Financial Services,Unknown,30,Fail,"FAIL_MCAP,FAIL_PRICE,FAIL_GROWTH,FAIL_GM,FAIL_GM_TREND,FAIL_FLOAT,FAIL_INSIDER",-0.339,0.028080001,0.6663287366360034,0.09584,-0.39426663716814153,13.115721069527947
MBINM,Merchants Bancorp,25.03,0.0,Financial Services,Unknown,30,Fail,"FAIL_MCAP,FAIL_PRICE,FAIL_GROWTH,FAIL_GM,FAIL_ROIC,FAIL_PS,FAIL_INSIDER",-0.176,0.0,0.13294207545369646,0.0,-5.6818181818181825,3.0
RGC,Regencell Bioscience Holdings Limited,26.16,12935829504.0,Healthcare,Unknown,30,Fail,"FAIL_MCAP,FAIL_PRICE,FAIL_GROWTH,FAIL_GM,FAIL_ROIC,FAIL_PS,FAIL_PEG",0.0,0.0,-0.8864952776470302,0.88555,100.0,35353.65284135996
ILPT,Industrial Logistics Properties Trust,6.18,411916320.0,Real Estate,Unknown,60,Fail,"FAIL_GROWTH,FAIL_ROIC,FAIL_PEG,FAIL_FLOAT",0.031,0.86258006,0.0309222150557227,0.17068,32.25806451612903,0.2476984978249881
PG,The Procter & Gamble Company,148.11,346093584384.0,Consumer Defensive,Unknown,30,Fail,"FAIL_MCAP,FAIL_PRICE,FAIL_GROWTH,FAIL_PS,FAIL_PEG,FAIL_FLOAT,FAIL_INSIDER",0.015,0.51189,0.21544828285555878,0.00074,14.606508666666668,5.425834870913263
EBC,"Eastern Bankshares, Inc.",18.65,4195313920.0,Financial Services,Unknown,40,Fail,"FAIL_MCAP,FAIL_GM,FAIL_ROIC,FAIL_PS,FAIL_FLOAT,FAIL_INSIDER",0.328,0.0,0.09134921186675085,0.01264,1.322319908536585,3.0
LPL,"LG Display Co., Ltd.",4.075,4074999808.0,Technology,Unknown,40,Fail,"FAIL_MCAP,FAIL_GROWTH,FAIL_GM,FAIL_ROIC,FAIL_FLOAT,FAIL_INSIDER",-0.081,0.13081999,0.04107282281703161,0.00208,-3.3539091358024695,1.0047708593520759
MANE,"Veradermics, Incorporated",60.11,2108483584.0,Healthcare,Unknown,20,Fail,"FAIL_MCAP,FAIL_PRICE,FAIL_GROWTH,FAIL_GM,FAIL_ROIC,FAIL_PS,FAIL_PEG,FAIL_INSIDER",0.0,0.0,0.0,0.0339,100.0,10.480339524993108
GBX,"The Greenbrier Companies, Inc.",51.48,1605706624.0,Industrials,Unknown,50,Fail,"FAIL_PRICE,FAIL_GROWTH,FAIL_GM,FAIL_ROIC,FAIL_INSIDER",-0.194,0.17496,0.0806004498755801,0.08592,-0.45989742268041234,2.0504499934750253
MGY,Magnolia Oil & Gas Corporation,30.28,5713110016.0,Energy,Unknown,40,Fail,"FAIL_MCAP,FAIL_PRICE,FAIL_GROWTH,FAIL_PS,FAIL_FLOAT,FAIL_INSIDER",-0.028,0.80664,0.1701717235593026,0.01467,-6.2510321428571425,5.2724126469004124
BSL,Blackstone Senior Floating Rate 2027 Term Fund,12.83,166994048.0,Financial Services,Unknown,50,Fail,"FAIL_GROWTH,FAIL_ROIC,FAIL_PS,FAIL_FLOAT,FAIL_INSIDER",-0.142,1.0,0.0,0.00024000001,-0.9510748591549296,3.0
UFG,Uni-Fuels Holdings Limited,0.9852,31984518.0,Industrials,Unknown,50,Fail,"FAIL_MCAP,FAIL_GM,FAIL_GM_TREND,FAIL_ROIC,FAIL_PEG",0.545,0.0194,0.09312588602194591,0.45161,1.807706495412844,11.051280436924749
HEPS,D-Market Elektronik Hizmetler ve Ticaret A.S.,2.75,995061568.0,Consumer Cyclical,Unknown,50,Fail,"FAIL_GM,FAIL_GM_TREND,FAIL_ROIC,FAIL_PS,FAIL_PEG",0.369,0.25445,0.0,0.81549,2.710027100271003,1.3074782462957302
IMAX,IMAX Corporation,37.84,2043095680.0,Communication Services,Unknown,50,Fail,"FAIL_MCAP,FAIL_PRICE,FAIL_ROIC,FAIL_PS,FAIL_PEG",0.351,0.60169,0.10921490891388447,0.19343,1.7112105413105416,3.3891952762229183
SYBT,"Stock Yards Bancorp, Inc.",62.61,1845675904.0,Financial Services,Unknown,50,Fail,"FAIL_PRICE,FAIL_GROWTH,FAIL_GM,FAIL_PS,FAIL_INSIDER",0.131,0.0,0.20392052878219816,0.07498,1.006187251908397,3.0
RDZN,"Roadzen, Inc.",1.17,93243936.0,Technology,Unknown,70,Fail,"FAIL_GROWTH,FAIL_ROIC,FAIL_PEG",0.188,0.60933,0.0,0.4372,5.319148936170213,-15.475891783055387
MKTX,MarketAxess Holdings Inc.,174.56,6488658432.0,Financial Services,Unknown,40,Fail,"FAIL_MCAP,FAIL_PRICE,FAIL_GROWTH,FAIL_PS,FAIL_PEG,FAIL_INSIDER",0.035,0.62022996,0.2721707514457221,0.02498,7.511187428571427,7.651619681472719
FRHC,Freedom Holdings Corp.,138.3,8462651392.0,Financial Services,Unknown,60,Fail,"FAIL_MCAP,FAIL_PRICE,FAIL_GROWTH,FAIL_PS",-0.141,0.77793,0.20836120815273912,0.70554,-980.8511347517732,1.4348022449302507
BRBS,"Blue Ridge Bankshares, Inc.",3.94,360465344.0,Financial Services,Unknown,50,Fail,"FAIL_GROWTH,FAIL_GM,FAIL_ROIC,FAIL_PS,FAIL_FLOAT",-0.028,0.0,0.14882769402214405,0.2825,-12.79220857142857,3.0
AVK,Advent Convertible and Income Fund,12.035,531330112.0,Financial Services,Unknown,50,Fail,"FAIL_GROWTH,FAIL_ROIC,FAIL_PS,FAIL_FLOAT,FAIL_INSIDER",0.081,1.0,0.0,0.0,0.552342913580247,3.0
BLKB,"Blackbaud, Inc.",43.76,2093223680.0,Technology,Unknown,50,Fail,"FAIL_MCAP,FAIL_PRICE,FAIL_GROWTH,FAIL_ROIC,FAIL_INSIDER",-0.023,0.5881,0.14997261017907085,0.02456,-8.027885217391304,1.1750318046821393
MGM,MGM Resorts International,36.83,10073242624.0,Consumer Cyclical,Unknown,40,Fail,"FAIL_MCAP,FAIL_PRICE,FAIL_GROWTH,FAIL_ROIC,FAIL_PEG,FAIL_FLOAT",0.06,0.44419,0.040898668254002526,0.27018,8.076755,0.7334295633766843
VRTX,Vertex Pharmaceuticals Incorporated,456.2,115890405376.0,Healthcare,Unknown,20,Fail,"FAIL_MCAP,FAIL_PRICE,FAIL_GROWTH,FAIL_GM_TREND,FAIL_PS,FAIL_PEG,FAIL_FLOAT,FAIL_INSIDER",0.095,0.53665,0.2539489197922691,0.00176,3.1365808421052632,12.116979014062395
ADAM,"Adamas Trust, Inc.",7.995,723342400.0,Real Estate,Unknown,70,Fail,"FAIL_ROIC,FAIL_FLOAT,FAIL_INSIDER",189.636,0.74556,0.10987952923940142,0.07377,0.000383270122761501,3.0
AVAH,Aveanna Healthcare Holdings Inc.,7.03,1468647040.0,Healthcare,Unknown,70,Fail,"FAIL_ROIC,FAIL_FLOAT,FAIL_INSIDER",0.222,0.33568,-0.29871468046507144,0.05928,0.8558558558558559,0.8503823280413136
NRT,North European Oil Royalty Trust,9.04,83082936.0,Energy,Unknown,70,Fail,"FAIL_ROIC,FAIL_PS,FAIL_INSIDER",3.295,1.0,0.0,0.03463,0.02638029742033384,25.7807046643529
AMTM,"Amentum Holdings, Inc.",27.695,6755784192.0,Industrials,Unknown,30,Fail,"FAIL_MCAP,FAIL_PRICE,FAIL_GROWTH,FAIL_GM,FAIL_ROIC,FAIL_FLOAT,FAIL_INSIDER",-0.052,0.10637,0.029156569256355423,0.021470001,-13.314902884615384,2.00646954196381
EC,Ecopetrol S.A.,14.7622,31669803008.0,Energy,Unknown,30,Fail,"FAIL_MCAP,FAIL_GROWTH,FAIL_GM_TREND,FAIL_ROIC,FAIL_PS,FAIL_FLOAT,FAIL_INSIDER",-0.172,0.32759,0.13016590468373268,0.0,-0.7335619767441861,1.0374051129175517
AHMA,Ambitions Enterprise Management Co. L.L.C,4.8,142680000.0,Consumer Cyclical,Unknown,60,Fail,"FAIL_GROWTH,FAIL_GM,FAIL_PS,FAIL_PEG",0.144,0.22574,0.17392683450562713,0.80438006,8.333334027777779,27.4923295523204
MREO,Mereo BioPharma Group plc,0.3618,57573844.0,Healthcare,Unknown,30,Fail,"FAIL_GROWTH,FAIL_GM_TREND,FAIL_ROIC,FAIL_PS,FAIL_PEG,FAIL_FLOAT,FAIL_INSIDER",0.0,0.734,0.0,0.00962,100.0,-7.095591395694123
BIRK,Birkenstock Holding plc,36.78,6764064256.0,Consumer Cyclical,Unknown,40,Fail,"FAIL_MCAP,FAIL_PRICE,FAIL_GROWTH,FAIL_ROIC,FAIL_PS,FAIL_FLOAT",0.111,0.58658004,0.10918899690624352,0.15685001,1.4282385585585586,3.0337840854428766
INSE,"Inspired Entertainment, Inc.",6.82,183641248.0,Consumer Cyclical,Unknown,80,Fail,"FAIL_GROWTH,FAIL_INSIDER",-0.07,0.71555,3.914519170333124,0.07083,-0.4970845428571428,-0.06929392393026923
GLRE,"Greenlight Capital Re, Ltd.",16.2,550534400.0,Financial Services,Unknown,80,Fail,"FAIL_GM,FAIL_ROIC",0.397,0.13342,0.13213577857764547,0.24457,0.18804629722921912,3.0
MTEK,Maris-Tech Ltd.,1.57,12706780.0,Technology,Unknown,60,Fail,"FAIL_MCAP,FAIL_GROWTH,FAIL_GM,FAIL_ROIC",-0.793,0.4691,0.0,0.49796,-1.2610340479192939,1.0077248860193841
CGON,"CG Oncology, Inc.",66.12,5582855680.0,Healthcare,Unknown,20,Fail,"FAIL_MCAP,FAIL_PRICE,FAIL_GM,FAIL_GM_TREND,FAIL_ROIC,FAIL_PS,FAIL_FLOAT,FAIL_INSIDER",4.092,0.0,0.0,0.0304,0.24437927663734116,85.55623355646921
EBAY,eBay Inc.,92.92,41990799360.0,Consumer Cyclical,Unknown,40,Fail,"FAIL_MCAP,FAIL_PRICE,FAIL_GROWTH,FAIL_PS,FAIL_FLOAT,FAIL_INSIDER",0.15,0.71449995,0.22248564174409455,0.0025,1.453834,6.2126553786915375
SWK,"Stanley Black & Decker, Inc.",70.94,11016019968.0,Industrials,Unknown,40,Fail,"FAIL_MCAP,FAIL_PRICE,FAIL_GROWTH,FAIL_ROIC,FAIL_FLOAT,FAIL_INSIDER",-0.01,0.30628002,0.06082285184980834,0.0028799998,-26.769812,1.9843616079731725
PGC,Peapack-Gladstone Financial Corporation,33.32,585033216.0,Financial Services,Unknown,60,Fail,"FAIL_PRICE,FAIL_GROWTH,FAIL_GM,FAIL_INSIDER",0.163,0.0,0.41784560901334933,0.11156999,0.973415153374233,3.0
UNIT,Uniti Group Inc.,7.84,1874334080.0,Real Estate,Unknown,70,Fail,"FAIL_GM_TREND,FAIL_FLOAT,FAIL_INSIDER",2.127,0.66077006,0.18982277749062434,0.024300002,0.007568671368124119,0.45510492579893663
AAPL,Apple Inc.,250.935,3688223997952.0,Technology,Unknown,30,Fail,"FAIL_MCAP,FAIL_PRICE,FAIL_GROWTH,FAIL_GM,FAIL_PEG,FAIL_FLOAT,FAIL_INSIDER",0.157,0.47325,0.8228358730470098,0.01637,2.0206221656050958,10.016887381975463
VIAV,Viavi Solutions Inc.,33.05,7647417856.0,Technology,Unknown,30,Fail,"FAIL_MCAP,FAIL_PRICE,FAIL_GROWTH,FAIL_ROIC,FAIL_PEG,FAIL_FLOAT,FAIL_INSIDER",0.166,0.59532,0.055919426075281435,0.01388,6.024096385542168,-44.27911673486105
GBDC,"Golub Capital BDC, Inc.",12.57,3308777984.0,Financial Services,Unknown,40,Fail,"FAIL_MCAP,FAIL_GROWTH,FAIL_ROIC,FAIL_PS,FAIL_FLOAT,FAIL_INSIDER",-0.062,1.0,0.07427370278221701,0.0137600005,-1.6219354838709676,3.0
CDT,CDT Equity Inc.,0.4929,1805472.0,Healthcare,Unknown,40,Fail,"FAIL_MCAP,FAIL_GROWTH,FAIL_GM,FAIL_ROIC,FAIL_PS,FAIL_PEG",0.0,0.0,0.0,0.39936,100.0,-24.748138785104246
UAN,"CVR Partners, LP",129.72,1371093504.0,Basic Materials,Unknown,80,Fail,"FAIL_PRICE,FAIL_GROWTH",-0.061,0.40832,0.25554223642325646,0.39709,-2.279268360655738,2.3781514180298
GAIA,"Gaia, Inc.",3.015,75508688.0,Communication Services,Unknown,60,Fail,"FAIL_GROWTH,FAIL_ROIC,FAIL_PEG,FAIL_INSIDER",0.058,0.8707,-0.059374849352881114,0.14715,17.241379310344826,0.4143335485669214
BJDX,"Bluejay Diagnostics, Inc.",1.8127,1762334.0,Healthcare,Unknown,30,Fail,"FAIL_MCAP,FAIL_GROWTH,FAIL_GM,FAIL_ROIC,FAIL_PS,FAIL_PEG,FAIL_INSIDER",0.0,0.0,0.0,0.05513,100.0,-9.681865578319503
SMTC,Semtech Corporation,74.46,6890532352.0,Technology,Unknown,30,Fail,"FAIL_MCAP,FAIL_PRICE,FAIL_GROWTH,FAIL_ROIC,FAIL_PEG,FAIL_FLOAT,FAIL_INSIDER",0.093,0.52514,-0.09466430761935633,0.00856,14.297234408602149,4.983912839089596
AXG,Solowin Holdings,3.65,689681472.0,Financial Services,Unknown,70,Fail,"FAIL_ROIC,FAIL_PS,FAIL_FLOAT",2.958,0.92307,-4.32488030839148,0.9954,0.3380662609871535,51.122883189907846
PCOR,"Procore Technologies, Inc.",58.83,9146292224.0,Technology,Unknown,30,Fail,"FAIL_MCAP,FAIL_PRICE,FAIL_GROWTH,FAIL_ROIC,FAIL_PEG,FAIL_FLOAT,FAIL_INSIDER",0.156,0.79582,-0.11656641188996568,0.09843001,6.410256410256411,5.3818837814660805
REGCP,Regency Centers Corporation,23.02,0.0,Real Estate,Unknown,30,Fail,"FAIL_MCAP,FAIL_GROWTH,FAIL_ROIC,FAIL_PS,FAIL_PEG,FAIL_FLOAT,FAIL_INSIDER",0.089,0.71623003,0.0,0.0,11.235955056179774,0.08575737486831107
UYSCU,UY Scuti Acquisition Corp.,10.4,69446000.0,Financial Services,Unknown,40,Fail,"FAIL_GROWTH,FAIL_GM,FAIL_ROIC,FAIL_PS,FAIL_PEG,FAIL_INSIDER",0.0,0.0,0.0,0.0402,100.0,105.43280816866198
VLYPO,Valley National Bancorp,24.88,3318917376.0,Financial Services,Unknown,60,Fail,"FAIL_MCAP,FAIL_GM,FAIL_FLOAT,FAIL_INSIDER",0.383,0.0,0.18600465651390968,0.0,0.5852327154046998,3.0
NABL,"N-able, Inc.",5.0,941881600.0,Technology,Unknown,50,Fail,"FAIL_GROWTH,FAIL_ROIC,FAIL_PEG,FAIL_FLOAT,FAIL_INSIDER",0.118,0.80412,-0.24346300058652579,0.018380001,8.474576271186441,1.4695622579903858
VGM,Invesco Trust for Investment Grade Municipals,10.284,557721600.0,Financial Services,Unknown,40,Fail,"FAIL_GROWTH,FAIL_ROIC,FAIL_PS,FAIL_PEG,FAIL_FLOAT,FAIL_INSIDER",0.008,1.0,0.0,2.0000001e-05,125.0,3.0
LLY,Eli Lilly and Company,922.38,825547423744.0,Healthcare,Unknown,50,Fail,"FAIL_MCAP,FAIL_PRICE,FAIL_PS,FAIL_FLOAT,FAIL_INSIDER",0.426,0.83044,0.3856322811143023,0.00187,0.9422155399061033,7.736585962021798
DCBO,Docebo Inc.,20.01,575318144.0,Technology,Unknown,90,Fail,FAIL_GROWTH,0.105,0.80224997,14.436130012834273,0.61973,1.4888393333333334,3.085402495051115
IMA,"ImageneBio, Inc.",5.8199,65076236.0,Healthcare,Unknown,60,Fail,"FAIL_GROWTH,FAIL_ROIC,FAIL_PS,FAIL_PEG",0.0,1.0,0.0,0.15032,100.0,-23.403255783042297
ENR,"Energizer Holdings, Inc.",17.25,1182843136.0,Industrials,Unknown,60,Fail,"FAIL_GROWTH,FAIL_ROIC,FAIL_FLOAT,FAIL_INSIDER",0.065,0.42188,0.10639434290006712,0.115030006,0.8935508769230769,1.3868221885998233
KMT,Kennametal Inc.,37.455,2854025984.0,Industrials,Unknown,30,Fail,"FAIL_MCAP,FAIL_PRICE,FAIL_GROWTH,FAIL_ROIC,FAIL_PEG,FAIL_FLOAT,FAIL_INSIDER",0.098,0.31219,0.06567598645149678,0.00866,2.672684693877551,3.3307248163815495
SES,SES AI Corporation,1.12,410618624.0,Consumer Cyclical,Unknown,50,Fail,"FAIL_GM_TREND,FAIL_ROIC,FAIL_PS,FAIL_FLOAT,FAIL_INSIDER",1.236,0.53843,-0.4268553896291113,0.14992,0.8090614886731392,2.2687401240592897
SOHOO,Sotherly Hotels Inc.,19.08,85399216.0,Real Estate,Unknown,50,Fail,"FAIL_GROWTH,FAIL_GM,FAIL_GM_TREND,FAIL_ROIC,FAIL_INSIDER",-0.066,0.24086,0.053055508699060755,0.0,-15.15151515151515,0.3468382225186517
AFRI,Forafric Global PLC,9.555,257044720.0,Consumer Defensive,Unknown,60,Fail,"FAIL_GROWTH,FAIL_GM,FAIL_GM_TREND,FAIL_ROIC",-0.453,0.09297,-0.06275030299308827,0.79746,-2.2075055187637966,0.2079887046454132
VFF,"Village Farms International, Inc.",2.735,315941088.0,Consumer Defensive,Unknown,50,Fail,"FAIL_GROWTH,FAIL_ROIC,FAIL_PEG,FAIL_FLOAT,FAIL_INSIDER",0.093,0.40605,-0.11377976732103363,0.10172,5.881720107526881,1.7324849175229355
ALK,"Alaska Air Group, Inc.",39.0,4471016448.0,Industrials,Unknown,20,Fail,"FAIL_MCAP,FAIL_PRICE,FAIL_GROWTH,FAIL_GM,FAIL_ROIC,FAIL_PEG,FAIL_FLOAT,FAIL_INSIDER",0.028,0.21511,0.025130865187749332,0.00671,16.781411785714283,1.076244656445878
OPAL,OPAL Fuels Inc.,2.4103,417934496.0,Utilities,Unknown,70,Fail,"FAIL_GM,FAIL_GM_TREND,FAIL_PEG",0.247,0.26145,0.4378617901160005,0.23336,4.87915020242915,0.8294920669004462
CCRN,"Cross Country Healthcare, Inc.",8.93,292546368.0,Healthcare,Unknown,50,Fail,"FAIL_GROWTH,FAIL_GM,FAIL_GM_TREND,FAIL_ROIC,FAIL_INSIDER",-0.236,0.20257,-0.036969198818381385,0.055159997,-4.237288135593221,4.187145020917685
JOB,GEE Group Inc.,0.259,28491482.0,Industrials,Unknown,60,Fail,"FAIL_MCAP,FAIL_GROWTH,FAIL_ROIC,FAIL_FLOAT",-0.146,0.35326,-1.071128155635229,0.17465,-6.8493150684931505,1.0284483184347464
TREE,"LendingTree, Inc.",42.06,582774656.0,Financial Services,Unknown,90,Fail,FAIL_PRICE,0.222,0.96194,0.9156753166641388,0.20834999,0.17575090090090092,1.1751571636236604
BYRN,Byrna Technologies Inc.,9.77,221498448.0,Industrials,Unknown,100,Pass,,0.26,0.60506,0.17962024747336827,0.20905,0.9394231153846154,8.837084496087874
AVT,"Avnet, Inc.",60.725,4971128832.0,Technology,Unknown,10,Fail,"FAIL_MCAP,FAIL_PRICE,FAIL_GROWTH,FAIL_GM,FAIL_GM_TREND,FAIL_ROIC,FAIL_PEG,FAIL_FLOAT,FAIL_INSIDER",0.116,0.10623,0.061901133060194714,0.01122,2.128013620689655,3.3665471936612428
NMZ,Nuveen Municipal High Income Opportunity Fund,10.395,1221413632.0,Financial Services,Unknown,40,Fail,"FAIL_GROWTH,FAIL_ROIC,FAIL_PS,FAIL_PEG,FAIL_FLOAT,FAIL_INSIDER",0.0,1.0,0.0,6.0000002e-05,49.500004,3.0
CHMI,Cherry Hill Mortgage Investment Corporation,2.715,101282216.0,Real Estate,Unknown,60,Fail,"FAIL_GROWTH,FAIL_ROIC,FAIL_PS,FAIL_INSIDER",-0.348,0.71546,0.1368948075460315,0.00985,-2.873563218390805,3.0
FINS,Angel Oak Financial Strategies Income Term Trust,12.6778,423652160.0,Financial Services,Unknown,40,Fail,"FAIL_GROWTH,FAIL_ROIC,FAIL_PS,FAIL_PEG,FAIL_FLOAT,FAIL_INSIDER",0.0,1.0,0.0,0.05205,6.8528647,3.0
AOSL,Alpha and Omega Semiconductor Limited,21.05,626465344.0,Technology,Unknown,60,Fail,"FAIL_GM,FAIL_GM_TREND,FAIL_ROIC,FAIL_PEG",0.449,0.22473,-0.02409304630458778,0.16723,2.2271714922048997,3.369141780922646
LAFA,LaFayette Acquisition Corp.,9.95,156347664.0,Financial Services,Unknown,50,Fail,"FAIL_GROWTH,FAIL_GM,FAIL_ROIC,FAIL_PS,FAIL_PEG",0.0,0.0,0.0,0.23441,100.0,22.70629801073673
EPD,Enterprise Products Partners L.P.,37.5607,81197244416.0,Energy,Unknown,50,Fail,"FAIL_MCAP,FAIL_PRICE,FAIL_GROWTH,FAIL_GM,FAIL_FLOAT",-0.029,0.13701001,0.21532142874820545,0.33004,-4.8691598275862065,2.0221103055300884
GLBS,Globus Maritime Limited,1.68,34578264.0,Industrials,Unknown,70,Fail,"FAIL_MCAP,FAIL_ROIC,FAIL_PEG",0.548,0.43523997,0.0,0.32671002,1.824817518248175,-0.08390429754549726
NTNX,"Nutanix, Inc.",41.43,11202669568.0,Technology,Unknown,40,Fail,"FAIL_MCAP,FAIL_PRICE,FAIL_GROWTH,FAIL_PEG,FAIL_FLOAT,FAIL_INSIDER",0.104,0.87133,10.424956958001108,0.00414,4.330058461538462,1.0260690838706832
NRGV,"Energy Vault Holdings, Inc.",3.815,640118848.0,Utilities,Unknown,50,Fail,"FAIL_GM,FAIL_ROIC,FAIL_PS,FAIL_FLOAT,FAIL_INSIDER",26.789,0.22649999,-1.3489004134584799,0.14634,0.03732875433946769,1.6523258010898103
LOBO,Lobo Technologies Ltd.,0.5802,7292252.0,Consumer Cyclical,Unknown,60,Fail,"FAIL_MCAP,FAIL_GROWTH,FAIL_GM,FAIL_ROIC",-0.003,0.14352,-0.0816449673224538,0.41911,-333.33333333333337,1.4823566565365411
HAS,"Hasbro, Inc.",91.53,12876967936.0,Consumer Cyclical,Unknown,40,Fail,"FAIL_MCAP,FAIL_PRICE,FAIL_ROIC,FAIL_PEG,FAIL_FLOAT,FAIL_INSIDER",0.313,0.63821,0.06264108887717557,0.00865,3.1948881789137378,2.9785946572461492
LFMD,"LifeMD, Inc.",4.1386,199215168.0,Healthcare,Unknown,80,Fail,"FAIL_GROWTH,FAIL_ROIC",-0.271,0.85718,0.0,0.15083,-3.6900369003690034,-0.9963536185296573
OPLN,"OPENLANE, Inc.",27.17,2888095744.0,Consumer Cyclical,Unknown,30,Fail,"FAIL_MCAP,FAIL_PRICE,FAIL_GROWTH,FAIL_ROIC,FAIL_PEG,FAIL_FLOAT,FAIL_INSIDER",0.086,0.46151,0.11519996167637025,0.019550001,11.627906976744187,1.3312305558965445
CAPT,Captivision Inc.,0.4494,14682154.0,Basic Materials,Unknown,60,Fail,"FAIL_MCAP,FAIL_GM,FAIL_ROIC,FAIL_PEG",0.219,0.24896,0.0,0.24802,4.566210045662101,-21.349827039133928
DBI,Designer Brands Inc.,5.485,272253984.0,Consumer Cyclical,Unknown,80,Fail,"FAIL_GROWTH,FAIL_ROIC",-0.032,0.42876,0.021842978600716583,0.20276,-31.25,1.791497672470555
DDI,"DoubleDown Interactive Co., Ltd.",8.75,433592608.0,Communication Services,Unknown,80,Fail,"FAIL_GROWTH,FAIL_INSIDER",0.169,0.71782994,0.23088261752089576,0.00017000001,0.2501214792899408,6.332595327704636
MBOT,Microbot Medical Inc.,2.675,179647776.0,Healthcare,Unknown,30,Fail,"FAIL_GROWTH,FAIL_GM,FAIL_ROIC,FAIL_PS,FAIL_PEG,FAIL_FLOAT,FAIL_INSIDER",0.0,0.0,0.0,0.0,100.0,16.294496224630695
FOXF,Fox Factory Holding Corp.,16.695,697889024.0,Consumer Cyclical,Unknown,60,Fail,"FAIL_GROWTH,FAIL_ROIC,FAIL_PEG,FAIL_INSIDER",0.023,0.30208,-0.3794297471717065,0.01175,43.47826086956522,0.8895406321592443
ZION,"Zions Bancorporation, National Association",53.9,7971208192.0,Financial Services,Unknown,40,Fail,"FAIL_MCAP,FAIL_PRICE,FAIL_GROWTH,FAIL_GM,FAIL_FLOAT,FAIL_INSIDER",0.136,0.0,0.26912200827834076,0.017819999,0.6594401470588235,3.0
XEL,Xcel Energy Inc.,80.52,50234556416.0,Utilities,Unknown,20,Fail,"FAIL_MCAP,FAIL_PRICE,FAIL_GROWTH,FAIL_ROIC,FAIL_PS,FAIL_PEG,FAIL_FLOAT,FAIL_INSIDER",0.141,0.45743,0.06102589538623125,0.0021,1.6697771631205676,0.9562586610477454
FRA,"BlackRock Floating Rate Income Strategies Fund, Inc.",10.9099,386589664.0,Financial Services,Unknown,50,Fail,"FAIL_GROWTH,FAIL_ROIC,FAIL_PS,FAIL_FLOAT,FAIL_INSIDER",-0.196,1.0,0.0,0.0,-0.795182193877551,3.0
DTSQU,DT Cloud Star Acquisition Corporation,10.9475,84880352.0,Financial Services,Unknown,50,Fail,"FAIL_GROWTH,FAIL_GM,FAIL_ROIC,FAIL_PS,FAIL_PEG",0.0,0.0,0.0,0.49525002,100.0,63.49661799063364
SRFM,Surf Air Mobility Inc.,1.455,106334352.0,Industrials,Unknown,60,Fail,"FAIL_GROWTH,FAIL_GM,FAIL_ROIC,FAIL_FLOAT",-0.057,0.03924,-2.9885312177428878,0.26084998,-17.543859649122805,-10.611572968276855
RIO,Rio Tinto Group,88.59,144024436736.0,Basic Materials,Unknown,20,Fail,"FAIL_MCAP,FAIL_PRICE,FAIL_GROWTH,FAIL_GM,FAIL_GM_TREND,FAIL_ROIC,FAIL_FLOAT,FAIL_INSIDER",0.146,0.28124002,0.14636308904599718,3.0000001e-05,0.9963559589041096,2.8584266573005053
DHY,Credit Suisse High Yield Credit Fund,1.8869,195500992.0,Financial Services,Unknown,50,Fail,"FAIL_GROWTH,FAIL_ROIC,FAIL_PS,FAIL_FLOAT,FAIL_INSIDER",-0.032,1.0,0.0,0.0,-4.9138021875,3.0
CNO,"CNO Financial Group, Inc.",40.67,3878027264.0,Financial Services,Unknown,30,Fail,"FAIL_MCAP,FAIL_PRICE,FAIL_GROWTH,FAIL_ROIC,FAIL_PEG,FAIL_FLOAT,FAIL_INSIDER",0.042,0.38871,0.07146300309460235,0.02355,4.210144761904761,3.0
CURB,Curbline Properties Corp.,26.4,2781718272.0,Real Estate,Unknown,40,Fail,"FAIL_MCAP,FAIL_PRICE,FAIL_ROIC,FAIL_PS,FAIL_FLOAT,FAIL_INSIDER",0.551,0.74878997,0.025419642442091505,0.07612,1.2949428312159708,3.25038442218376
PK,Park Hotels & Resorts Inc.,10.58,2130795392.0,Real Estate,Unknown,40,Fail,"FAIL_MCAP,FAIL_GROWTH,FAIL_ROIC,FAIL_PEG,FAIL_FLOAT,FAIL_INSIDER",0.006,0.30138,-0.00044310074543302296,0.07516,166.66666666666669,0.45148729134948096
NEXN,Nexxen International Ltd.,6.755,376393888.0,Communication Services,Unknown,80,Fail,"FAIL_GROWTH,FAIL_ROIC",-0.103,0.84928,0.07104773287668156,0.15481,-1.599573786407767,1.9387319074177813
AFYA,Afya Limited,14.305,1299051648.0,Consumer Defensive,Unknown,90,Fail,FAIL_GROWTH,0.075,0.64462996,0.15314238003075079,0.68105006,1.2305376666666668,1.3165392253586554
GSIT,"GSI Technology, Inc.",6.3886,231179184.0,Technology,Unknown,60,Fail,"FAIL_GROWTH,FAIL_ROIC,FAIL_PEG,FAIL_INSIDER",0.122,0.54602003,-0.6889172976019872,0.12332,8.196721311475411,7.714290942261191
IBG,Innovation Beverage Group Limited,1.1484,797065.0,Consumer Defensive,Unknown,50,Fail,"FAIL_MCAP,FAIL_GROWTH,FAIL_ROIC,FAIL_PEG,FAIL_INSIDER",0.0,0.76142,-0.908212806348226,0.062649995,100.0,-3.4871948552106242
CENN,Cenntro Inc.,0.119,10461627.0,Consumer Cyclical,Unknown,40,Fail,"FAIL_MCAP,FAIL_GROWTH,FAIL_GM,FAIL_GM_TREND,FAIL_ROIC,FAIL_FLOAT",-0.718,-0.00161,-0.36069146264174307,0.22309999,-1.392757660167131,-3.470971448636579
VSA,VisionSys AI Inc.,0.715,794779.0,Consumer Defensive,Unknown,40,Fail,"FAIL_MCAP,FAIL_GROWTH,FAIL_GM_TREND,FAIL_ROIC,FAIL_FLOAT,FAIL_INSIDER",-0.845,0.40449002,0.0,0.01145,-1.183431952662722,-67.8653428617209
REG,Regency Centers Corporation,77.415,14456845312.0,Real Estate,Unknown,20,Fail,"FAIL_MCAP,FAIL_PRICE,FAIL_GROWTH,FAIL_ROIC,FAIL_PS,FAIL_PEG,FAIL_FLOAT,FAIL_INSIDER",0.089,0.71623003,0.0,0.00717,3.084508988764045,1.5762365178173097
SGMT,Sagimet Biosciences Inc.,4.96,161622144.0,Healthcare,Unknown,40,Fail,"FAIL_GROWTH,FAIL_GM,FAIL_ROIC,FAIL_PS,FAIL_PEG,FAIL_INSIDER",0.0,0.0,0.0,0.06365,100.0,14.382813971438791
PNC,"The PNC Financial Services Group, Inc.",204.99,82880307200.0,Financial Services,Unknown,30,Fail,"FAIL_MCAP,FAIL_PRICE,FAIL_GROWTH,FAIL_GM,FAIL_PS,FAIL_FLOAT,FAIL_INSIDER",0.096,0.0,0.2043227288872292,0.0030399999,1.2863328125000002,3.0
LGCL,Lucas GC Limited,1.6401,4580487.0,Technology,Unknown,50,Fail,"FAIL_MCAP,FAIL_GROWTH,FAIL_GM,FAIL_ROIC,FAIL_FLOAT",-0.361,0.33720002,0.12489998120795351,0.61359,-2.7700831024930745,3.5979554837939864
CACC,Credit Acceptance Corporation,463.83,5116761600.0,Financial Services,Unknown,40,Fail,"FAIL_MCAP,FAIL_PRICE,FAIL_GROWTH,FAIL_ROIC,FAIL_PS,FAIL_PEG",0.016,0.94209,0.05916973801797178,0.49985,7.966302499999999,2.239693744890885
RDN,Radian Group Inc.,32.95,4490176000.0,Financial Services,Unknown,20,Fail,"FAIL_MCAP,FAIL_PRICE,FAIL_GROWTH,FAIL_ROIC,FAIL_PS,FAIL_PEG,FAIL_FLOAT,FAIL_INSIDER",0.027,0.92331004,0.11398465554799098,0.01408,2.779887148148148,3.0
FLG,"Flagstar Bank, National Association",12.45,5179113984.0,Financial Services,Unknown,40,Fail,"FAIL_MCAP,FAIL_GROWTH,FAIL_GM,FAIL_PEG,FAIL_FLOAT,FAIL_INSIDER",0.154,0.0,0.15775401069518719,0.00612,6.4935064935064934,3.0
ABVC,"ABVC BioPharma, Inc.",1.2788,32533194.0,Healthcare,Unknown,30,Fail,"FAIL_MCAP,FAIL_GROWTH,FAIL_GM,FAIL_GM_TREND,FAIL_ROIC,FAIL_PS,FAIL_PEG",0.0,0.0,-0.5725201646813236,0.18978001,100.0,-4.0470565283610185
SNX,TD SYNNEX Corporation,154.46,12469425152.0,Technology,Unknown,20,Fail,"FAIL_MCAP,FAIL_PRICE,FAIL_GROWTH,FAIL_GM,FAIL_ROIC,FAIL_PEG,FAIL_FLOAT,FAIL_INSIDER",0.097,0.06989,0.10416711692738219,0.04947,1.600373092783505,2.543353876030916
MKL,Markel Group Inc.,1927.23,24302852096.0,Financial Services,Unknown,50,Fail,"FAIL_MCAP,FAIL_PRICE,FAIL_GROWTH,FAIL_ROIC,FAIL_INSIDER",0.099,0.50492,0.12222664309024742,0.020650001,1.1509382828282828,3.0
PPLC,PPL Corporation,51.16,0.0,Utilities,Unknown,20,Fail,"FAIL_MCAP,FAIL_PRICE,FAIL_GROWTH,FAIL_ROIC,FAIL_PS,FAIL_PEG,FAIL_FLOAT,FAIL_INSIDER",0.028,0.43475,0.05516484633135785,0.0,35.71428571428571,0.44907170011493236
TU,TELUS Corporation,13.315,20784713728.0,Communication Services,Unknown,40,Fail,"FAIL_MCAP,FAIL_GROWTH,FAIL_GM_TREND,FAIL_ROIC,FAIL_FLOAT,FAIL_INSIDER",-0.019,0.35299,0.03729308684196788,0.00044,-13.222443684210527,0.7577300038285464
BSBR,Banco Santander (Brasil) S.A.,5.82,43590094848.0,Financial Services,Unknown,30,Fail,"FAIL_MCAP,FAIL_GROWTH,FAIL_GM,FAIL_ROIC,FAIL_PEG,FAIL_FLOAT,FAIL_INSIDER",0.116,0.0,0.0,0.13693,1.6184650862068963,3.0
TRN,"Trinity Industries, Inc.",30.34,2432676864.0,Industrials,Unknown,30,Fail,"FAIL_MCAP,FAIL_PRICE,FAIL_GROWTH,FAIL_GM,FAIL_ROIC,FAIL_FLOAT,FAIL_INSIDER",-0.029,0.26552,0.07791604545596202,0.010779999,-3.331868965517241,0.9816891208395903
DSU,"BlackRock Debt Strategies Fund, Inc.",9.815,617668032.0,Financial Services,Unknown,50,Fail,"FAIL_GROWTH,FAIL_ROIC,FAIL_PS,FAIL_FLOAT,FAIL_INSIDER",-0.039,1.0,0.0,2.0000001e-05,-3.6473428205128204,3.0
GOODO,Gladstone Commercial Corporation,0.0,0.0,Unknown,Unknown,10,Fail,"FAIL_MCAP,FAIL_GROWTH,FAIL_GM,FAIL_GM_TREND,FAIL_ROIC,FAIL_PS,FAIL_PEG,FAIL_FLOAT,FAIL_INSIDER",0.0,0.0,0.0,0.0,679.3069,-0.49903483186346
CALM,"Cal-Maine Foods, Inc.",84.7,4036297728.0,Consumer Defensive,Unknown,50,Fail,"FAIL_MCAP,FAIL_PRICE,FAIL_GROWTH,FAIL_ROIC,FAIL_INSIDER",-0.194,0.41921002,0.0,0.10002,-0.1844520154639175,9.577462560025467
COHR,Coherent Corp.,260.815,48898080768.0,Technology,Unknown,20,Fail,"FAIL_MCAP,FAIL_PRICE,FAIL_GROWTH,FAIL_GM,FAIL_ROIC,FAIL_PEG,FAIL_FLOAT,FAIL_INSIDER",0.175,0.36380002,0.009690970262673543,0.00495,14.75615257142857,5.253857536716282
PKBK,"Parke Bancorp, Inc.",27.17,321888352.0,Financial Services,Unknown,70,Fail,"FAIL_PRICE,FAIL_GM,FAIL_PS",0.339,0.0,0.29172230422871015,0.15045,0.2536312979351032,3.0
DLXY,Delixy Holdings Limited,0.735,12017250.0,Energy,Unknown,70,Fail,"FAIL_MCAP,FAIL_GROWTH,FAIL_GM",-0.29,0.01307,0.3868954704034343,0.71217,-0.36206896551724144,14.105737944589215
HNNA,"Hennessy Advisors, Inc.",9.74,76869800.0,Financial Services,Unknown,90,Fail,FAIL_GROWTH,-0.143,0.54981,0.17683254643518034,0.36431998,-0.5922772727272727,2.4592216359220798
BCTX,BriaCell Therapeutics Corp.,4.3,31177096.0,Healthcare,Unknown,30,Fail,"FAIL_MCAP,FAIL_GROWTH,FAIL_GM,FAIL_ROIC,FAIL_PS,FAIL_PEG,FAIL_INSIDER",0.0,0.0,0.0,0.0060799997,100.0,
IRWD,"Ironwood Pharmaceuticals, Inc.",3.22,525047808.0,Healthcare,Unknown,70,Fail,"FAIL_GROWTH,FAIL_FLOAT,FAIL_INSIDER",-0.473,0.67876,0.2924889966728644,0.03049,-0.4538406976744186,-3.7282524125994296
PFX,PhenixFIN Corporation,41.27,82468192.0,Financial Services,Unknown,50,Fail,"FAIL_PRICE,FAIL_GROWTH,FAIL_ROIC,FAIL_PS,FAIL_PEG",0.071,1.0,0.04969254546968907,0.21162,14.084507042253522,3.0
AEIS,"Advanced Energy Industries, Inc.",322.29,12166767616.0,Industrials,Unknown,30,Fail,"FAIL_MCAP,FAIL_PRICE,FAIL_GROWTH,FAIL_ROIC,FAIL_PS,FAIL_PEG,FAIL_INSIDER",0.178,0.38476002,0.12900690893030503,0.012610001,4.654544943820224,8.00899584135549
WMK,"Weis Markets, Inc.",66.6,1647990144.0,Consumer Defensive,Unknown,50,Fail,"FAIL_PRICE,FAIL_GROWTH,FAIL_GM,FAIL_ROIC,FAIL_PEG",0.051,0.25541002,0.06106263146593935,0.50678,3.5777596078431375,5.418478341741885
RRX,Regal Rexnord Corporation,189.43,12597015552.0,Industrials,Unknown,30,Fail,"FAIL_MCAP,FAIL_PRICE,FAIL_GROWTH,FAIL_ROIC,FAIL_PEG,FAIL_FLOAT,FAIL_INSIDER",0.043,0.37565,0.04962633918485681,0.0051599997,10.464010930232558,2.011153578779779
DOYU,DouYu International Holdings Limited,5.18,163872272.0,Communication Services,Unknown,60,Fail,"FAIL_GROWTH,FAIL_GM,FAIL_ROIC,FAIL_INSIDER",-0.154,0.10935,-0.11291148131551676,0.038629998,-6.4935064935064934,0.39387708363821483
NCL,Northann Corp.,0.1611,3663914.0,Consumer Cyclical,Unknown,50,Fail,"FAIL_MCAP,FAIL_GM,FAIL_GM_TREND,FAIL_ROIC,FAIL_PEG",0.386,-0.1583,-0.4337169537739013,0.52747,2.5906735751295336,-0.9312748436366673
GENK,"GEN Restaurant Group, Inc.",1.66,54684192.0,Consumer Cyclical,Unknown,50,Fail,"FAIL_GROWTH,FAIL_GM,FAIL_ROIC,FAIL_PEG,FAIL_INSIDER",0.027,0.15504,0.03447962321767006,0.103240006,37.03703703703704,1.0453204467275337
WAB,Westinghouse Air Brake Technologies Corporation,240.99,41198972928.0,Industrials,Unknown,20,Fail,"FAIL_MCAP,FAIL_PRICE,FAIL_GROWTH,FAIL_ROIC,FAIL_PS,FAIL_PEG,FAIL_FLOAT,FAIL_INSIDER",0.148,0.34665,0.08481659348946505,0.01204,2.384056891891892,3.3255029744359685
FRD,"Friedman Industries, Incorporated",17.2596,122753432.0,Basic Materials,Unknown,70,Fail,"FAIL_GM,FAIL_ROIC,FAIL_INSIDER",1.802,0.1259,0.04698586886190169,0.06277,0.043144252497225304,4.198155302209287
JXG,JX Luxventure Group Inc.,3.67,6850506.0,Consumer Cyclical,Unknown,50,Fail,"FAIL_MCAP,FAIL_GROWTH,FAIL_GM,FAIL_ROIC,FAIL_INSIDER",-0.107,0.18104,0.1443338475985997,0.10989001,-9.345794392523365,-0.6767579483995767
SAIL,"SailPoint, Inc.",12.58,7065251840.0,Technology,Unknown,40,Fail,"FAIL_MCAP,FAIL_GROWTH,FAIL_ROIC,FAIL_PEG,FAIL_FLOAT,FAIL_INSIDER",0.198,0.64195,0.0,0.01898,5.05050505050505,-0.7079178407108078
TTGT,"TechTarget, Inc.",3.79,273478464.0,Technology,Unknown,80,Fail,"FAIL_ROIC,FAIL_PEG",0.401,0.60244,-0.05822748532911977,0.59633,2.493765586034913,0.11027559458483954
CAH,"Cardinal Health, Inc.",215.095,50615300096.0,Healthcare,Unknown,30,Fail,"FAIL_MCAP,FAIL_PRICE,FAIL_GROWTH,FAIL_GM,FAIL_PEG,FAIL_FLOAT,FAIL_INSIDER",0.188,0.03695,0.9239098597737342,0.00261,1.6462192021276594,4.842112361058979
NMT,Nuveen Massachusetts Quality Municipal Income Fund,12.14,119451192.0,Financial Services,Unknown,50,Fail,"FAIL_GROWTH,FAIL_ROIC,FAIL_PS,FAIL_PEG,FAIL_FLOAT",0.015,1.0,0.0,0.15677,66.66666666666667,3.0
AIZ,"Assurant, Inc.",213.7,10702333952.0,Financial Services,Unknown,40,Fail,"FAIL_MCAP,FAIL_PRICE,FAIL_GROWTH,FAIL_GM,FAIL_PEG,FAIL_INSIDER",0.079,0.11892,0.1538563279569931,0.0063099996,1.5977927848101265,3.0
CVLT,"Commvault Systems, Inc.",80.36,3543422720.0,Technology,Unknown,50,Fail,"FAIL_MCAP,FAIL_PRICE,FAIL_GROWTH,FAIL_PEG,FAIL_INSIDER",0.195,0.81441003,2.251820959009946,0.007900001,2.1463675897435897,2.477355850725955
XYZ,"Block, Inc.",57.7576,35097272320.0,Technology,Unknown,20,Fail,"FAIL_MCAP,FAIL_PRICE,FAIL_GROWTH,FAIL_GM,FAIL_ROIC,FAIL_PEG,FAIL_FLOAT,FAIL_INSIDER",0.036,0.43056,0.11850522619164686,0.012569999,7.639894444444446,2.585988234843557
LAKE,"Lakeland Industries, Inc.",8.42,82567600.0,Consumer Cyclical,Unknown,50,Fail,"FAIL_GROWTH,FAIL_GM_TREND,FAIL_ROIC,FAIL_PEG,FAIL_INSIDER",0.04,0.34782,-0.10230387673338019,0.11599,25.0,2.1843251847084533
FTNT,"Fortinet, Inc.",83.605,62172704768.0,Technology,Unknown,40,Fail,"FAIL_MCAP,FAIL_PRICE,FAIL_GROWTH,FAIL_ROIC,FAIL_PEG,FAIL_FLOAT",0.148,0.80456,0.0,0.17433001,2.334291891891892,5.49353345691879
AROC,"Archrock, Inc.",36.355,6375563264.0,Energy,Unknown,30,Fail,"FAIL_MCAP,FAIL_PRICE,FAIL_GROWTH,FAIL_ROIC,FAIL_PS,FAIL_FLOAT,FAIL_INSIDER",0.155,0.65806,0.11474562224526545,0.03004,1.2816851612903224,1.4308681677051143
LPTH,"LightPath Technologies, Inc.",11.75,678076096.0,Technology,Unknown,50,Fail,"FAIL_GM,FAIL_ROIC,FAIL_PS,FAIL_FLOAT,FAIL_INSIDER",1.202,0.30041,-0.5298757442508456,0.02375,0.831946755407654,2.2814312769362672
ASTC,Astrotech Corporation,2.39,4203900.0,Technology,Unknown,60,Fail,"FAIL_MCAP,FAIL_GROWTH,FAIL_GM,FAIL_ROIC",-0.433,0.42285,-0.6797420527107499,0.19448,-2.309468822170901,-13.392055867764462
CALC,"CalciMedica, Inc.",0.773,12170047.0,Healthcare,Unknown,40,Fail,"FAIL_MCAP,FAIL_GROWTH,FAIL_GM,FAIL_ROIC,FAIL_PS,FAIL_PEG",0.0,0.0,0.0,0.21605,100.0,-25.113354938986905
TAK,Takeda Pharmaceutical Company Limited,18.125,57260371968.0,Healthcare,Unknown,40,Fail,"FAIL_MCAP,FAIL_GROWTH,FAIL_ROIC,FAIL_PEG,FAIL_FLOAT,FAIL_INSIDER",0.042,0.65525,0.017437946719077207,0.0,19.61580238095238,0.5165248778587516
FF,FutureFuel Corp.,3.795,166233312.0,Basic Materials,Unknown,70,Fail,"FAIL_GROWTH,FAIL_GM,FAIL_GM_TREND",-0.677,-0.41178,0.16238359645266,0.42306,-1.4771048744460855,4.2226494673907995
BLDR,"Builders FirstSource, Inc.",87.46,9673519104.0,Industrials,Unknown,30,Fail,"FAIL_MCAP,FAIL_PRICE,FAIL_GROWTH,FAIL_GM_TREND,FAIL_ROIC,FAIL_FLOAT,FAIL_INSIDER",-0.121,0.30386,0.07203661281352826,0.026199998,-1.8581231404958678,2.5892271411548897
CVE,Cenovus Energy Inc.,24.09,45449175040.0,Energy,Unknown,50,Fail,"FAIL_MCAP,FAIL_GROWTH,FAIL_GM,FAIL_ROIC,FAIL_FLOAT",-0.151,0.21475,0.10467263105038196,0.29267,-1.0161554966887416,2.296635965431601
TANH,Tantech Holdings Ltd,0.8301,5095614.0,Consumer Defensive,Unknown,50,Fail,"FAIL_MCAP,FAIL_GROWTH,FAIL_GM,FAIL_ROIC,FAIL_INSIDER",-0.045,0.20021999,-0.03620739912376462,0.011779999,-22.22222222222222,1.8981321168669596
AYI,Acuity Inc.,267.4625,8218502144.0,Industrials,Unknown,60,Fail,"FAIL_MCAP,FAIL_PRICE,FAIL_ROIC,FAIL_INSIDER",0.202,0.48108003,0.1301250517090853,0.00422,1.0193007920792079,5.184363601780569
RNP,"Cohen & Steers REIT and Preferred Income Fund, Inc.",20.7014,992621888.0,Financial Services,Unknown,50,Fail,"FAIL_GROWTH,FAIL_ROIC,FAIL_PS,FAIL_FLOAT,FAIL_INSIDER",-0.002,1.0,0.0,0.0,-44.808225,3.0
ABUS,Arbutus Biopharma Corporation,4.285,824108352.0,Healthcare,Unknown,40,Fail,"FAIL_GROWTH,FAIL_GM,FAIL_GM_TREND,FAIL_ROIC,FAIL_PS,FAIL_FLOAT",-0.605,-0.98857003,-1.1196630565583634,0.21802999,-1.6528925619834711,-0.598824499029144
PAHC,Phibro Animal Health Corporation,53.83,2181983744.0,Healthcare,Unknown,60,Fail,"FAIL_MCAP,FAIL_PRICE,FAIL_ROIC,FAIL_INSIDER",0.209,0.32303002,0.07339232355289788,0.0073900004,1.139645167464115,3.152099733628783
MBRX,"Moleculin Biotech, Inc.",2.064,10181939.0,Healthcare,Unknown,30,Fail,"FAIL_MCAP,FAIL_GROWTH,FAIL_GM,FAIL_ROIC,FAIL_PS,FAIL_PEG,FAIL_INSIDER",0.0,0.0,0.0,0.00908,100.0,-17.33417707637412
MAT,"Mattel, Inc.",15.225,4731930112.0,Consumer Cyclical,Unknown,40,Fail,"FAIL_MCAP,FAIL_GROWTH,FAIL_ROIC,FAIL_PEG,FAIL_FLOAT,FAIL_INSIDER",0.073,0.48871,0.12664282339532582,0.0094800005,1.6819487671232878,2.882729221156595
DBVT,DBV Technologies S.A.,19.54,1096640640.0,Healthcare,Unknown,60,Fail,"FAIL_ROIC,FAIL_PS,FAIL_FLOAT,FAIL_INSIDER",1.588,1.0,-42.74324559944843,0.0,0.6297229219143576,5.468839935729349
VSCO,Victoria's Secret & Co.,47.35,3800733696.0,Consumer Cyclical,Unknown,30,Fail,"FAIL_MCAP,FAIL_PRICE,FAIL_GROWTH,FAIL_ROIC,FAIL_PEG,FAIL_FLOAT,FAIL_INSIDER",0.078,0.37037998,0.07546277913286818,0.14338,3.1453433333333334,2.311211795642066
XPEV,XPeng Inc.,18.98,18439151616.0,Consumer Cyclical,Unknown,50,Fail,"FAIL_MCAP,FAIL_GM,FAIL_ROIC,FAIL_FLOAT,FAIL_INSIDER",1.018,0.17277999,-0.18937846228084118,0.048249997,0.9823182711198428,-0.07041852170465579
BHRB,Burke & Herbert Financial Services Corp.,61.47,924438528.0,Financial Services,Unknown,60,Fail,"FAIL_PRICE,FAIL_GROWTH,FAIL_GM,FAIL_INSIDER",0.087,0.0,0.21574121526585222,0.11602,0.9152224942528737,3.0
USFD,US Foods Holding Corp.,90.22,20113774592.0,Consumer Defensive,Unknown,20,Fail,"FAIL_MCAP,FAIL_PRICE,FAIL_GROWTH,FAIL_GM,FAIL_ROIC,FAIL_PEG,FAIL_FLOAT,FAIL_INSIDER",0.033,0.17411,0.09065963651330494,0.0051700003,9.299113636363636,4.682960151745092
AGNCO,AGNC Investment Corp.,25.355,0.0,Real Estate,Unknown,40,Fail,"FAIL_MCAP,FAIL_PRICE,FAIL_ROIC,FAIL_PS,FAIL_FLOAT,FAIL_INSIDER",5.461,1.0,0.0,0.0,0.18311664530305805,3.0
BE,Bloom Energy Corporation,158.485,44462686208.0,Industrials,Unknown,20,Fail,"FAIL_MCAP,FAIL_PRICE,FAIL_GM,FAIL_ROIC,FAIL_PS,FAIL_PEG,FAIL_FLOAT,FAIL_INSIDER",0.359,0.29648,-0.02411446910679201,0.0617,2.785515320334262,7.418569958241111
RLI,RLI Corp.,58.91,5415017472.0,Financial Services,Unknown,40,Fail,"FAIL_MCAP,FAIL_PRICE,FAIL_GROWTH,FAIL_PEG,FAIL_FLOAT,FAIL_INSIDER",0.061,0.34429002,0.22314746041614553,0.0155299995,2.2099262295081967,3.0
INVA,"Innoviva, Inc.",22.01,1645667072.0,Healthcare,Unknown,60,Fail,"FAIL_GM_TREND,FAIL_PS,FAIL_FLOAT,FAIL_INSIDER",0.248,0.74935997,0.3199149588000116,0.0101,0.26893940725806453,3.8086972910463954
CBRE,"CBRE Group, Inc.",134.51,40029233152.0,Real Estate,Unknown,20,Fail,"FAIL_MCAP,FAIL_PRICE,FAIL_GROWTH,FAIL_GM,FAIL_ROIC,FAIL_PEG,FAIL_FLOAT,FAIL_INSIDER",0.118,0.18658,0.060962142288211785,0.0061500003,2.953148305084746,3.0767914934278355
ATNI,"ATN International, Inc.",26.335,401803392.0,Communication Services,Unknown,60,Fail,"FAIL_PRICE,FAIL_GROWTH,FAIL_ROIC,FAIL_PEG",0.02,0.56263,-0.0007974118890658874,0.35237998,50.0,0.9753996812594403
VGI,Virtus Global Multi-Sector Income Fund,7.5236,85115192.0,Financial Services,Unknown,30,Fail,"FAIL_GROWTH,FAIL_GM,FAIL_ROIC,FAIL_PS,FAIL_PEG,FAIL_FLOAT,FAIL_INSIDER",0.0,0.0,0.0,0.0,10.167027,3.0
FSHPU,Flag Ship Acquisition Corporation,10.97,68233400.0,Financial Services,Unknown,50,Fail,"FAIL_GROWTH,FAIL_GM,FAIL_ROIC,FAIL_PS,FAIL_PEG",0.0,0.0,-0.012863116075108327,0.19463,100.0,16.70264712594702
RBBN,Ribbon Communications Inc.,2.195,387636064.0,Technology,Unknown,70,Fail,"FAIL_GROWTH,FAIL_ROIC,FAIL_FLOAT",-0.096,0.52222997,0.00021453020694298285,0.18145001,-1.0392991666666667,-0.6337026209811868
ALBT,Avalon GloboCare Corp.,0.565,3252294.0,Real Estate,Unknown,50,Fail,"FAIL_MCAP,FAIL_GROWTH,FAIL_ROIC,FAIL_PEG,FAIL_INSIDER",0.0,0.35651,-0.45228455194885625,0.060370002,100.0,-7.113291384027866
JJSF,J&J Snack Foods Corp.,76.57,1455741440.0,Consumer Defensive,Unknown,60,Fail,"FAIL_PRICE,FAIL_GROWTH,FAIL_GM,FAIL_ROIC",-0.052,0.29326,0.06514094814663526,0.21947001,-4.674603076923077,4.576091263323393
COST,Costco Wholesale Corporation,989.965,439239573504.0,Consumer Defensive,Unknown,30,Fail,"FAIL_MCAP,FAIL_PRICE,FAIL_GROWTH,FAIL_GM,FAIL_PEG,FAIL_FLOAT,FAIL_INSIDER",0.092,0.12926,0.3544310314448623,0.0016699999,5.5956786956521745,9.968542527159489
FBLG,"FibroBiologics, Inc.",0.2566,17344804.0,Healthcare,Unknown,30,Fail,"FAIL_MCAP,FAIL_GROWTH,FAIL_GM,FAIL_ROIC,FAIL_PS,FAIL_PEG,FAIL_FLOAT",0.0,0.0,0.0,0.19443001,100.0,-10.632449211114407
TLIH,Ten-League International Holdings Limited,0.2718,7992101.0,Industrials,Unknown,70,Fail,"FAIL_MCAP,FAIL_GM,FAIL_ROIC",0.216,0.21855,0.059505353006227016,0.80322,0.1258333425925926,0.886334293935345
BXP,"BXP, Inc.",53.335,9443334144.0,Real Estate,Unknown,30,Fail,"FAIL_MCAP,FAIL_PRICE,FAIL_GROWTH,FAIL_GM_TREND,FAIL_ROIC,FAIL_FLOAT,FAIL_INSIDER",-0.319,0.56444,0.0,0.00415,-0.9608870846394983,0.5629406656238705
EXE,Expand Energy Corporation,105.1,25265856512.0,Energy,Unknown,50,Fail,"FAIL_MCAP,FAIL_PRICE,FAIL_ROIC,FAIL_FLOAT,FAIL_INSIDER",0.383,0.45321998,0.0871479599097034,0.00282,0.3625000261096606,2.525615158575451
GOLF,Acushnet Holdings Corp.,94.5,5543495680.0,Consumer Cyclical,Unknown,50,Fail,"FAIL_MCAP,FAIL_PRICE,FAIL_GROWTH,FAIL_ROIC,FAIL_PEG",0.072,0.47729,0.13933482989979934,0.52823,4.220257361111112,4.038748890408826
SBI,Western Asset Intermediate Muni Fund Inc.,7.8301,110265936.0,Financial Services,Unknown,50,Fail,"FAIL_GROWTH,FAIL_ROIC,FAIL_PS,FAIL_FLOAT,FAIL_INSIDER",-0.017,1.0,0.0,0.0,-41.872194117647055,3.0
MPTI,"M-tron Industries, Inc.",60.53,177340672.0,Technology,Unknown,50,Fail,"FAIL_PRICE,FAIL_GROWTH,FAIL_GM,FAIL_PEG,FAIL_INSIDER",0.072,0.444,0.3938796502982064,0.07457,3.502893055555556,23.834368328977472
RBRK,"Rubrik, Inc.",53.26,10659538944.0,Technology,Unknown,40,Fail,"FAIL_MCAP,FAIL_PRICE,FAIL_ROIC,FAIL_PEG,FAIL_FLOAT,FAIL_INSIDER",0.463,0.80103,0.0,0.025799999,2.159827213822894,
SSRM,SSR Mining Inc.,26.5945,5407361024.0,Basic Materials,Unknown,40,Fail,"FAIL_MCAP,FAIL_PRICE,FAIL_ROIC,FAIL_PS,FAIL_FLOAT,FAIL_INSIDER",0.614,0.50763,0.11186679048581905,0.00642,0.23412711726384366,2.5870161339478965
MSGM,Motorsport Games Inc.,4.38,22243616.0,Communication Services,Unknown,90,Fail,FAIL_MCAP,0.949,0.81472,3.81382687256248,0.55456,0.03227541938883035,-3.6924277033630744
DMAC,DiaMedica Therapeutics Inc.,7.34,382248416.0,Healthcare,Unknown,50,Fail,"FAIL_GROWTH,FAIL_GM,FAIL_ROIC,FAIL_PS,FAIL_PEG",0.0,0.0,-0.7023843950446029,0.28639,100.0,35.645152064318225
DLR,"Digital Realty Trust, Inc.",180.9,63279624192.0,Real Estate,Unknown,20,Fail,"FAIL_MCAP,FAIL_PRICE,FAIL_GROWTH,FAIL_ROIC,FAIL_PS,FAIL_PEG,FAIL_FLOAT,FAIL_INSIDER",0.171,0.55158,0.04448528298566689,0.00018999999,2.9632905263157894,
NVST,Envista Holdings Corporation,25.29,4158339840.0,Healthcare,Unknown,30,Fail,"FAIL_MCAP,FAIL_PRICE,FAIL_GROWTH,FAIL_ROIC,FAIL_PEG,FAIL_FLOAT,FAIL_INSIDER",0.15,0.55021,0.016237916256783953,0.00555,6.0214289333333335,1.7124093982533617
SMTK,"SmartKem, Inc.",0.2501,1965735.0,Technology,Unknown,40,Fail,"FAIL_MCAP,FAIL_GROWTH,FAIL_ROIC,FAIL_PS,FAIL_PEG,FAIL_INSIDER",0.0,0.80899,0.0,0.13849,100.0,-20.513734003167375
YSXT,"YSX Tech. Co., Ltd",1.45,40429628.0,Industrials,Unknown,70,Fail,"FAIL_MCAP,FAIL_GM,FAIL_GM_TREND",0.202,0.099630006,0.15591727016086632,0.59714,0.3418199158415841,5.358669478908476
DASH,"DoorDash, Inc.",166.585,72368922624.0,Consumer Cyclical,Unknown,30,Fail,"FAIL_MCAP,FAIL_PRICE,FAIL_ROIC,FAIL_PS,FAIL_PEG,FAIL_FLOAT,FAIL_INSIDER",0.377,0.51826,0.08044665334421512,0.0058,2.0842927055702916,5.18109988250429
BIAF,"bioAffinity Technologies, Inc.",2.21,9942147.0,Healthcare,Unknown,50,Fail,"FAIL_MCAP,FAIL_GROWTH,FAIL_GM_TREND,FAIL_ROIC,FAIL_INSIDER",-0.278,0.31405002,-2.9844625490708996,0.03151,-3.5971223021582728,-13.170182513850012
BRN,"Barnwell Industries, Inc.",1.0891,13685973.0,Energy,Unknown,70,Fail,"FAIL_MCAP,FAIL_GROWTH,FAIL_ROIC",-0.302,0.31721002,-1.6882395073640382,0.49356997,-3.3112582781456954,-0.2721938846097184
CDW,CDW Corporation,117.855,15342020608.0,Technology,Unknown,30,Fail,"FAIL_MCAP,FAIL_PRICE,FAIL_GROWTH,FAIL_GM,FAIL_PEG,FAIL_FLOAT,FAIL_INSIDER",0.063,0.21733,0.1590380351116211,0.00459,2.3149457142857144,2.4097092012871335
BCAL,California BanCorp,17.52,567966592.0,Financial Services,Unknown,60,Fail,"FAIL_GROWTH,FAIL_GM,FAIL_PS,FAIL_PEG",0.019,0.0,,0.23677999,4.777747894736843,3.0
SNAP,Snap Inc.,4.635,7828292608.0,Communication Services,Unknown,50,Fail,"FAIL_MCAP,FAIL_GROWTH,FAIL_ROIC,FAIL_PEG,FAIL_FLOAT",0.102,0.54993,-0.062282133569704565,0.23008,9.803921568627452,-0.5261716991200615
AFG,"American Financial Group, Inc.",127.35,10608106496.0,Financial Services,Unknown,50,Fail,"FAIL_MCAP,FAIL_PRICE,FAIL_GROWTH,FAIL_GM,FAIL_FLOAT",-0.034,0.18813999,0.184159833099662,0.20941,-3.715861176470588,3.0
GNLN,"Greenlane Holdings, Inc.",0.7,5576104.0,Consumer Defensive,Unknown,40,Fail,"FAIL_MCAP,FAIL_GROWTH,FAIL_GM,FAIL_GM_TREND,FAIL_ROIC,FAIL_INSIDER",-0.817,-0.78401,-0.8241997889553289,0.03765,-1.2239902080783356,-14.11739434156762
CCO,"Clear Channel Outdoor Holdings, Inc.",2.395,1193878784.0,Communication Services,Unknown,60,Fail,"FAIL_GROWTH,FAIL_ROIC,FAIL_PEG,FAIL_FLOAT",0.082,0.53466,0.10843199141335837,0.16861999,12.19512195121951,-1.7087775619408112
HSAI,Hesai Group,24.69,3879841280.0,Consumer Cyclical,Unknown,60,Fail,"FAIL_MCAP,FAIL_ROIC,FAIL_FLOAT,FAIL_INSIDER",0.475,0.41344002,-0.048794541726030795,0.04407,1.1299770947368422,1.2441207508881829
BP,BP p.l.c.,44.415,113776123904.0,Energy,Unknown,20,Fail,"FAIL_MCAP,FAIL_PRICE,FAIL_GROWTH,FAIL_GM,FAIL_ROIC,FAIL_PEG,FAIL_FLOAT,FAIL_INSIDER",0.036,0.27384,0.02295802392632756,2.0000001e-05,616.8750000000001,1.3276664565872354
IHG,InterContinental Hotels Group PLC,133.155,19945246720.0,Consumer Cyclical,Unknown,30,Fail,"FAIL_MCAP,FAIL_PRICE,FAIL_GROWTH,FAIL_PS,FAIL_PEG,FAIL_FLOAT,FAIL_INSIDER",0.027,0.61746,1.1738314955102518,0.000120000004,10.126625925925925,3.144641212379475
ULS,UL Solutions Inc.,86.57,17404223488.0,Industrials,Unknown,30,Fail,"FAIL_MCAP,FAIL_PRICE,FAIL_GROWTH,FAIL_PS,FAIL_PEG,FAIL_FLOAT,FAIL_INSIDER",0.068,0.4946,0.22733075435203093,0.010620001,7.956801470588235,8.364629398808828
ARMP,"Armata Pharmaceuticals, Inc.",9.21,335307584.0,Healthcare,Unknown,60,Fail,"FAIL_GROWTH,FAIL_GM,FAIL_ROIC,FAIL_PS",-0.61,0.0,0.0,0.69117,-1.639344262295082,-4.636879790569458
AVO,"Mission Produce, Inc.",12.855,910730048.0,Consumer Defensive,Unknown,70,Fail,"FAIL_GROWTH,FAIL_GM,FAIL_ROIC",-0.166,0.120170005,0.06448747902451313,0.5117,-1.683472891566265,3.798667984517855
MNSB,"MainStreet Bancshares, Inc.",21.25,155598688.0,Financial Services,Unknown,80,Fail,"FAIL_GM,FAIL_INSIDER",0.318,0.0,0.17873075721013526,0.14306,0.3796812578616352,3.0
AEP,"American Electric Power Company, Inc.",131.8,71285547008.0,Utilities,Unknown,10,Fail,"FAIL_MCAP,FAIL_PRICE,FAIL_GROWTH,FAIL_GM_TREND,FAIL_ROIC,FAIL_PS,FAIL_PEG,FAIL_FLOAT,FAIL_INSIDER",0.132,0.47522,0.06899798644874706,0.00248,1.5014810606060605,0.9896980446337333
VIOT,"Viomi Technology Co., Ltd",1.395,95280408.0,Consumer Cyclical,Unknown,60,Fail,"FAIL_GM,FAIL_GM_TREND,FAIL_FLOAT,FAIL_INSIDER",0.421,0.24660999,,0.02063,0.08283847980997625,
URBN,"Urban Outfitters, Inc.",64.86,5817826816.0,Consumer Cyclical,Unknown,50,Fail,"FAIL_MCAP,FAIL_PRICE,FAIL_GROWTH,FAIL_ROIC,FAIL_FLOAT",0.101,0.36003,0.1242141135369969,0.32998002,1.2691269306930693,4.188396943287834
SRCE,1st Source Corporation,66.45,1623686016.0,Financial Services,Unknown,60,Fail,"FAIL_PRICE,FAIL_GROWTH,FAIL_GM,FAIL_PS",0.168,0.0,0.20408734032951575,0.26672,0.6170603571428571,3.0
NVX,NOVONIX Limited,0.705,151815616.0,Industrials,Unknown,40,Fail,"FAIL_GROWTH,FAIL_GM_TREND,FAIL_ROIC,FAIL_PS,FAIL_FLOAT,FAIL_INSIDER",-0.101,0.55486,-0.44378680247010616,0.0,-9.9009900990099,-1.8914949681105568
MEGL,Magic Empire Global Limited,1.05,5317253.0,Financial Services,Unknown,70,Fail,"FAIL_MCAP,FAIL_GROWTH,FAIL_ROIC",-0.338,0.53486,-0.7417262354623567,0.40311,-2.9585798816568043,1.4900354800049167
WOOF,"Petco Health and Wellness Company, Inc.",3.325,935956864.0,Consumer Cyclical,Unknown,60,Fail,"FAIL_GROWTH,FAIL_ROIC,FAIL_FLOAT,FAIL_INSIDER",-0.024,0.38666,0.07513262886069372,0.042069998,-46.18055666666667,1.0378570570825418
ESTA,Establishment Labs Holdings Inc.,65.66,1925206912.0,Healthcare,Unknown,50,Fail,"FAIL_PRICE,FAIL_ROIC,FAIL_PS,FAIL_PEG,FAIL_INSIDER",0.452,0.69315004,-0.135739167801557,0.10024,2.2123893805309733,2.3711612694728577
MAAS,Maase Inc.,5.71,2025767680.0,Financial Services,Unknown,20,Fail,"FAIL_MCAP,FAIL_GROWTH,FAIL_GM,FAIL_GM_TREND,FAIL_ROIC,FAIL_PS,FAIL_PEG,FAIL_FLOAT",0.0,0.0,-0.03184124981653634,0.79765,100.0,1.2621456696065851
FFIV,"F5, Inc.",286.77,16291716096.0,Technology,Unknown,40,Fail,"FAIL_MCAP,FAIL_PRICE,FAIL_GROWTH,FAIL_PEG,FAIL_FLOAT,FAIL_INSIDER",0.073,0.81385005,0.2701323559668655,0.0053399997,3.254644520547945,5.448399486190609
WTBA,"West Bancorporation, Inc.",22.96,388960384.0,Financial Services,Unknown,60,Fail,"FAIL_GROWTH,FAIL_GM,FAIL_PS,FAIL_INSIDER",0.174,0.0,0.388508306213795,0.11479,0.6872605172413794,3.0
TIL,"Instil Bio, Inc.",8.175,55442656.0,Healthcare,Unknown,50,Fail,"FAIL_GROWTH,FAIL_GM,FAIL_PS,FAIL_PEG,FAIL_INSIDER",0.0,0.0,,0.06294,100.0,-3.423741467029792
CSWC,Capital Southwest Corporation,22.035,1325670144.0,Financial Services,Unknown,50,Fail,"FAIL_GROWTH,FAIL_ROIC,FAIL_PS,FAIL_FLOAT,FAIL_INSIDER",0.182,1.0,0.06644774136778263,0.03879,0.6689029120879121,3.0
VLYPP,Valley National Bancorp,24.95,3096794112.0,Financial Services,Unknown,60,Fail,"FAIL_MCAP,FAIL_GM,FAIL_FLOAT,FAIL_INSIDER",0.383,0.0,0.18600465651390968,0.0,0.5868793211488251,3.0
VTSI,"VirTra, Inc.",4.4246,50000668.0,Technology,Unknown,70,Fail,"FAIL_GROWTH,FAIL_ROIC,FAIL_INSIDER",-0.285,0.68994004,0.03368296660440859,0.03912,,2.93305663060254
ALLR,"Allarity Therapeutics, Inc.",1.18,18975556.0,Healthcare,Unknown,40,Fail,"FAIL_MCAP,FAIL_GROWTH,FAIL_GM,FAIL_ROIC,FAIL_PS,FAIL_INSIDER",0.0,0.0,0.0,0.03451,0.12952799,-9.225617646602377
SWAG,"Stran & Company, Inc.",1.76,32657444.0,Communication Services,Unknown,60,Fail,"FAIL_MCAP,FAIL_GM,FAIL_ROIC,FAIL_PEG",0.29,0.2994,-0.21229226528706246,0.51138,3.4482758620689657,2.375036265528736
TOL,"Toll Brothers, Inc.",139.3,13198659584.0,Consumer Cyclical,Unknown,30,Fail,"FAIL_MCAP,FAIL_PRICE,FAIL_GROWTH,FAIL_GM,FAIL_ROIC,FAIL_FLOAT,FAIL_INSIDER",0.154,0.25409,0.1302691351966425,0.00716,0.6493506493506493,4.056398897950567
LXEH,"Lixiang Education Holding Co., Ltd.",0.2291,4391084.0,Consumer Defensive,Unknown,20,Fail,"FAIL_MCAP,FAIL_GROWTH,FAIL_GM,FAIL_GM_TREND,FAIL_ROIC,FAIL_PEG,FAIL_FLOAT,FAIL_INSIDER",0.003,-0.25452998,-0.3833479576994984,0.06285,333.33333333333337,-0.5633664759366386
CNH,CNH Industrial N.V.,10.416,12925700096.0,Industrials,Unknown,30,Fail,"FAIL_MCAP,FAIL_GROWTH,FAIL_GM,FAIL_GM_TREND,FAIL_ROIC,FAIL_PEG,FAIL_FLOAT",0.058,0.18751,0.04592619912885386,0.30211002,4.380151551724137,1.6374104177644715
HCTI,"Healthcare Triangle, Inc.",2.79,3223485.0,Healthcare,Unknown,40,Fail,"FAIL_MCAP,FAIL_GM,FAIL_GM_TREND,FAIL_ROIC,FAIL_PEG,FAIL_INSIDER",0.446,0.1312,0.0,0.00014999999,2.242152466367713,-29.153555285595615
BBGI,"Beasley Broadcast Group, Inc.",3.67,6620658.0,Communication Services,Unknown,60,Fail,"FAIL_MCAP,FAIL_GROWTH,FAIL_GM,FAIL_ROIC",-0.124,0.14017999,0.027022974518211642,0.27776,-8.064516129032258,0.6155953619103565
KEY,KeyCorp,19.145,20861300736.0,Financial Services,Unknown,60,Fail,"FAIL_MCAP,FAIL_GM,FAIL_FLOAT,FAIL_INSIDER",1.315,0.0,0.15969861775960523,0.00294,0.09578247148288974,3.0
MBUU,"Malibu Boats, Inc.",25.46,489508800.0,Consumer Cyclical,Unknown,40,Fail,"FAIL_PRICE,FAIL_GROWTH,FAIL_GM,FAIL_GM_TREND,FAIL_ROIC,FAIL_INSIDER",-0.058,0.16057,0.033388102784639946,0.03022,-5.931966034482758,3.6295475066663476
BOX,"Box, Inc.",24.58,3520539904.0,Technology,Unknown,50,Fail,"FAIL_MCAP,FAIL_GROWTH,FAIL_PEG,FAIL_FLOAT,FAIL_INSIDER",0.094,0.79219,0.36544062462350335,0.03273,4.508437234042552,1.8629178126775416
NXE,NexGen Energy Ltd.,11.81,7807232000.0,Energy,Unknown,20,Fail,"FAIL_MCAP,FAIL_GROWTH,FAIL_GM,FAIL_ROIC,FAIL_PS,FAIL_PEG,FAIL_FLOAT,FAIL_INSIDER",0.0,0.0,-0.16128918042420556,0.06658,100.0,6.837463950731806
LAWR,"Robot Consulting Co., Ltd.",3.75,172350000.0,Industrials,Unknown,80,Fail,"FAIL_GROWTH,FAIL_ROIC",-0.401,0.99417,0.0,0.67127997,-2.493765586034913,-12.259129819629605
MDGL,"Madrigal Pharmaceuticals, Inc.",443.27,10168599552.0,Healthcare,Unknown,50,Fail,"FAIL_MCAP,FAIL_PRICE,FAIL_ROIC,FAIL_PS,FAIL_INSIDER",2.108,0.94141996,0.0,0.07711,0.47438330170777987,7.919591004546935
ELPC,Companhia Paranaense de Energia,11.358,8433516544.0,Utilities,Unknown,30,Fail,"FAIL_MCAP,FAIL_GROWTH,FAIL_GM,FAIL_GM_TREND,FAIL_ROIC,FAIL_FLOAT,FAIL_INSIDER",-0.002,0.18073,0.13029811310584896,0.0,-84.76119,1.103606969139567
CLIK,Click Holdings Limited,3.0301,9887317.0,Consumer Cyclical,Unknown,40,Fail,"FAIL_MCAP,FAIL_GROWTH,FAIL_GM,FAIL_GM_TREND,FAIL_ROIC,FAIL_PEG",0.0,0.15314001,-0.07873356546864534,0.43418998,100.0,0.8534755123864385
ZG,"Zillow Group, Inc.",44.99,10872116224.0,Communication Services,Unknown,20,Fail,"FAIL_MCAP,FAIL_PRICE,FAIL_GROWTH,FAIL_ROIC,FAIL_PS,FAIL_PEG,FAIL_FLOAT,FAIL_INSIDER",0.181,0.74139,0.008650776295648371,0.03288,27.618171270718236,8.470011065777276
ARQ,"Arq, Inc.",1.97,84413024.0,Industrials,Unknown,70,Fail,"FAIL_GROWTH,FAIL_ROIC,FAIL_PEG",0.088,0.3202,-0.2523376811474384,0.23858,11.363636363636365,0.7050426388444601
GPUS,"Hyperscale Data, Inc.",0.1696,65260752.0,Industrials,Unknown,40,Fail,"FAIL_GROWTH,FAIL_GM,FAIL_GM_TREND,FAIL_ROIC,FAIL_FLOAT,FAIL_INSIDER",-0.217,0.23259,-0.35602379988568816,0.0076800003,-0.004765651152073732,-4.84158389551893
KRC,Kilroy Realty Corporation,29.55,3535764736.0,Real Estate,Unknown,30,Fail,"FAIL_MCAP,FAIL_PRICE,FAIL_GROWTH,FAIL_ROIC,FAIL_PS,FAIL_FLOAT,FAIL_INSIDER",-0.05,0.66415,0.0,0.012209999,-2.5474138,0.681321753601039
MIR,"Mirion Technologies, Inc.",19.76,4954822144.0,Industrials,Unknown,30,Fail,"FAIL_MCAP,FAIL_GROWTH,FAIL_ROIC,FAIL_PS,FAIL_PEG,FAIL_FLOAT,FAIL_INSIDER",0.091,0.47428,0.025395301865741526,0.025729999,19.74026043956044,2.098818777863623
FDSB,"Fifth District Bancorp, Inc.",14.8,81736704.0,Financial Services,Unknown,40,Fail,"FAIL_GROWTH,FAIL_GM,FAIL_ROIC,FAIL_PS,FAIL_PEG,FAIL_INSIDER",0.101,0.0,0.06651761696800783,0.07145,2.0352034653465343,3.0
CELC,Celcuity Inc.,115.42,5340628992.0,Healthcare,Unknown,20,Fail,"FAIL_MCAP,FAIL_PRICE,FAIL_GROWTH,FAIL_GM,FAIL_ROIC,FAIL_PS,FAIL_PEG,FAIL_INSIDER",0.0,0.0,-0.5312473088893571,0.10993,100.0,22.866342021127345
FIHL,Fidelis Insurance Holdings Limited,18.82,1938963712.0,Financial Services,Unknown,60,Fail,"FAIL_GROWTH,FAIL_GM,FAIL_ROIC,FAIL_INSIDER",-0.108,0.16820998,0.11162496672877295,0.14955,-0.8258733333333333,3.0
CRGO,Freightos Limited,1.512,77544200.0,Industrials,Unknown,80,Fail,"FAIL_GROWTH,FAIL_PEG",0.124,0.66813004,,0.35922,8.064516129032258,
ICG,Intchains Group Limited,1.16,70425832.0,Technology,Unknown,50,Fail,"FAIL_GROWTH,FAIL_GM,FAIL_GM_TREND,FAIL_ROIC,FAIL_INSIDER",-0.513,0.072270006,0.07459910718176635,0.0,-1.949317738791423,2.652893664474825
AMPX,"Amprius Technologies, Inc.",19.3799,2528763648.0,Industrials,Unknown,40,Fail,"FAIL_MCAP,FAIL_GM,FAIL_ROIC,FAIL_PS,FAIL_FLOAT,FAIL_INSIDER",1.374,0.11319,0.0,0.08432,0.727802037845706,26.85470139997683
MLEC,Moolec Science SA,9.75,7079650.0,Healthcare,Unknown,20,Fail,"FAIL_MCAP,FAIL_GROWTH,FAIL_GM,FAIL_GM_TREND,FAIL_ROIC,FAIL_PS,FAIL_PEG,FAIL_FLOAT",0.0,0.0,-0.7609327884801586,0.21059999,100.0,-2.4375851786715166
TE,T1 Energy Inc.,7.6702,1628888192.0,Industrials,Unknown,30,Fail,"FAIL_GROWTH,FAIL_GM,FAIL_GM_TREND,FAIL_ROIC,FAIL_PS,FAIL_PEG,FAIL_FLOAT",0.0,0.18244,-0.06801200870438495,0.25764,100.0,0.10015310414229163
QUAD,"Quad/Graphics, Inc.",6.47,338146592.0,Industrials,Unknown,70,Fail,"FAIL_GROWTH,FAIL_GM,FAIL_ROIC",-0.11,0.21625,0.13538944856439455,0.21931,-1.031897909090909,1.5519632393397562
HYPD,"Hyperion DeFi, Inc.",3.71,31433568.0,Healthcare,Unknown,70,Fail,"FAIL_MCAP,FAIL_ROIC,FAIL_PS",185.158,30.7758,0.0,0.35459998,0.005400792836388382,-120.34248400419233
CTRE,"CareTrust REIT, Inc.",40.16,8965207040.0,Real Estate,Unknown,40,Fail,"FAIL_MCAP,FAIL_PRICE,FAIL_ROIC,FAIL_PS,FAIL_FLOAT,FAIL_INSIDER",0.551,0.97989,0.07678839028510179,0.0082,0.4642398729582577,5.136477844435774
RAIL,"FreightCar America, Inc.",8.05,153586800.0,Industrials,Unknown,70,Fail,"FAIL_GROWTH,FAIL_GM,FAIL_ROIC",-0.088,0.1461,0.0,0.25715,-0.8392410227272729,1.4620917041313994
NBB,Nuveen Taxable Municipal Income Fund,15.645,459880896.0,Financial Services,Unknown,30,Fail,"FAIL_GROWTH,FAIL_GM,FAIL_ROIC,FAIL_PS,FAIL_PEG,FAIL_FLOAT,FAIL_INSIDER",0.0,0.0,0.0,0.0,43.458332,3.0
UUUU,Energy Fuels Inc.,18.6,4493871616.0,Energy,Unknown,20,Fail,"FAIL_MCAP,FAIL_GROWTH,FAIL_GM,FAIL_GM_TREND,FAIL_ROIC,FAIL_PS,FAIL_FLOAT,FAIL_INSIDER",-0.321,0.20863001,-0.07757191522087642,0.01629,-3.115264797507788,3.810213288566546
LONA,"LeonaBio, Inc.",11.49,107269648.0,Healthcare,Unknown,40,Fail,"FAIL_GROWTH,FAIL_GM,FAIL_ROIC,FAIL_PS,FAIL_PEG,FAIL_INSIDER",0.0,0.0,0.0,0.04242,100.0,-9.637620659490805
SRTA,"Strata Critical Medical, Inc.",4.435,385796864.0,Healthcare,Unknown,60,Fail,"FAIL_GM,FAIL_ROIC,FAIL_PS,FAIL_INSIDER",2.083,0.19604999,-0.08891019088265828,0.11866,0.48007681228996635,5.134025570601337
KVUE,Kenvue Inc.,17.557,33652062208.0,Consumer Defensive,Unknown,40,Fail,"FAIL_MCAP,FAIL_GROWTH,FAIL_ROIC,FAIL_PEG,FAIL_FLOAT,FAIL_INSIDER",0.032,0.58370996,0.09719802492528846,0.00053,7.2191609375,2.070971787101206
IPW,iPower Inc.,1.7,2248211.0,Consumer Cyclical,Unknown,80,Fail,"FAIL_MCAP,FAIL_GROWTH",-0.626,0.42491,,0.53022,-1.5974440894568689,
CVNA,Carvana Co.,298.6097,65438130176.0,Consumer Cyclical,Unknown,30,Fail,"FAIL_MCAP,FAIL_PRICE,FAIL_GM,FAIL_ROIC,FAIL_PS,FAIL_FLOAT,FAIL_INSIDER",0.58,0.20628001,0.12354893609815164,0.02131,0.6100051724137932,6.262981418136903
ARDX,"Ardelyx, Inc.",5.715,1401589120.0,Healthcare,Unknown,30,Fail,"FAIL_GROWTH,FAIL_GM_TREND,FAIL_ROIC,FAIL_PS,FAIL_PEG,FAIL_FLOAT,FAIL_INSIDER",0.078,0.72733,-0.10670156743655425,0.02925,12.820512820512821,1.1725849007756504
HSBC,HSBC Holdings plc,81.0175,278502703104.0,Financial Services,Unknown,40,Fail,"FAIL_MCAP,FAIL_PRICE,FAIL_GM,FAIL_PS,FAIL_FLOAT,FAIL_INSIDER",0.584,0.0,0.486016600516003,0.0,0.23121433219178084,3.0
ADCT,ADC Therapeutics SA,4.035,499844128.0,Healthcare,Unknown,30,Fail,"FAIL_GM,FAIL_GM_TREND,FAIL_ROIC,FAIL_PS,FAIL_PEG,FAIL_FLOAT,FAIL_INSIDER",0.364,-0.32157,0.0,0.14696999,2.7472527472527473,-5.941337225951452
FIVN,"Five9, Inc.",15.735,1230729472.0,Technology,Unknown,50,Fail,"FAIL_GROWTH,FAIL_ROIC,FAIL_PEG,FAIL_FLOAT,FAIL_INSIDER",0.078,0.5524,0.038092475398394464,0.02241,4.482906025641026,1.6907946069765694
IMKTA,"Ingles Markets, Incorporated",85.7,1627817984.0,Consumer Defensive,Unknown,40,Fail,"FAIL_PRICE,FAIL_GROWTH,FAIL_GM,FAIL_ROIC,FAIL_PEG,FAIL_INSIDER",0.066,0.24043,0.054969365694385396,0.00082,2.591785909090909,4.466000909099074
RGP,"Resources Connection, Inc.",3.675,123120416.0,Industrials,Unknown,70,Fail,"FAIL_GROWTH,FAIL_ROIC,FAIL_INSIDER",-0.191,0.37993,0.018406292172818594,0.10255,-5.2356020942408374,2.5427535452915118
AIV,Apartment Investment and Management Company,4.195,604396928.0,Real Estate,Unknown,50,Fail,"FAIL_GROWTH,FAIL_ROIC,FAIL_PS,FAIL_FLOAT,FAIL_INSIDER",-0.039,0.5223,-0.13825173719952777,0.09243,-5.661268974358975,0.6543845324271975
OKUR,"OnKure Therapeutics, Inc.",4.14,56089548.0,Healthcare,Unknown,40,Fail,"FAIL_GROWTH,FAIL_GM,FAIL_ROIC,FAIL_PS,FAIL_PEG,FAIL_INSIDER",0.0,0.0,0.0,0.01687,100.0,-1.2568141512002011
CIF,MFS Intermediate High Income Fund,1.645,29448766.0,Financial Services,Unknown,30,Fail,"FAIL_MCAP,FAIL_GROWTH,FAIL_ROIC,FAIL_PS,FAIL_PEG,FAIL_FLOAT,FAIL_INSIDER",0.007,1.0,0.0,0.0,16.785714285714285,3.0
BRCC,BRC Inc.,0.8749,100795584.0,Consumer Defensive,Unknown,60,Fail,"FAIL_GROWTH,FAIL_ROIC,FAIL_PEG,FAIL_FLOAT",0.065,0.35227,-0.2389571885097582,0.20833,15.384615384615385,1.1770660807712363
SLVM,Sylvamo Corporation,40.1,1584282240.0,Basic Materials,Unknown,40,Fail,"FAIL_PRICE,FAIL_GROWTH,FAIL_GM,FAIL_GM_TREND,FAIL_ROIC,FAIL_INSIDER",-0.082,0.21934,0.08897704575654523,0.01233,-1.5093345121951218,3.463394815840371
OPY,Oppenheimer Holdings Inc.,84.17,901229696.0,Financial Services,Unknown,80,Fail,"FAIL_PRICE,FAIL_ROIC",0.278,0.91388,0.13254021532508914,0.42358002,0.2321854100719424,2.0805821327501945
GROV,"Grove Collaborative Holdings, Inc.",1.29,53390076.0,Consumer Defensive,Unknown,80,Fail,"FAIL_GROWTH,FAIL_ROIC",-0.143,0.53693,-0.7830060417171403,0.25033,-6.993006993006993,-10.591514626532966
AGCC,Agencia Comercial Spirits Ltd,15.11,300333920.0,Consumer Defensive,Unknown,80,Fail,"FAIL_PS,FAIL_PEG",0.363,0.47300997,0.39314827927919394,0.7295,10.406336088154271,92.21329865804168
TLK,Perusahaan Perseroan (Persero) PT Telekomunikasi Indonesia Tbk,18.19,18019418112.0,Communication Services,Unknown,40,Fail,"FAIL_MCAP,FAIL_GROWTH,FAIL_GM_TREND,FAIL_PS,FAIL_FLOAT,FAIL_INSIDER",-0.009,0.58676,0.18841131690926413,0.0,-15.66752888888889,1.5635475586605456
PFE,Pfizer Inc.,27.266,155041775616.0,Healthcare,Unknown,40,Fail,"FAIL_MCAP,FAIL_PRICE,FAIL_GROWTH,FAIL_ROIC,FAIL_FLOAT,FAIL_INSIDER",-0.012,0.75807,0.07067537105245719,0.00098,-16.707108333333334,2.0334664724365124
LMT,Lockheed Martin Corporation,645.74,149422800896.0,Industrials,Unknown,20,Fail,"FAIL_MCAP,FAIL_PRICE,FAIL_GROWTH,FAIL_GM,FAIL_GM_TREND,FAIL_PEG,FAIL_FLOAT,FAIL_INSIDER",0.091,0.1024,0.24543815833545277,0.00091,3.298950989010989,3.6991529497467948
AVNW,"Aviat Networks, Inc.",25.49,328879872.0,Technology,Unknown,50,Fail,"FAIL_PRICE,FAIL_GROWTH,FAIL_GM,FAIL_ROIC,FAIL_INSIDER",-0.057,0.33692002,0.01227098575475351,0.0933,-3.9574599999999998,0.3373741313175199
BNRG,Brenmiller Energy Ltd,0.605,905268.0,Utilities,Unknown,40,Fail,"FAIL_MCAP,FAIL_GROWTH,FAIL_GM,FAIL_ROIC,FAIL_PEG,FAIL_INSIDER",0.0,0.0,0.0,0.078779995,100.0,-13.391304978680001
GRRR,Gorilla Technology Group Inc.,11.06,250719328.0,Technology,Unknown,50,Fail,"FAIL_GROWTH,FAIL_GM,FAIL_GM_TREND,FAIL_PEG,FAIL_INSIDER",0.048,0.33421,,0.02163,20.833333333333336,
CINT,CI&T Inc.,5.2,675045568.0,Technology,Unknown,60,Fail,"FAIL_GROWTH,FAIL_GM,FAIL_ROIC,FAIL_INSIDER",0.193,0.31975,0.1285486479704072,0.012940001,0.8981001036269429,3.4431162002646967
EPAM,"EPAM Systems, Inc.",136.085,7517692416.0,Technology,Unknown,30,Fail,"FAIL_MCAP,FAIL_PRICE,FAIL_GROWTH,FAIL_GM,FAIL_PEG,FAIL_FLOAT,FAIL_INSIDER",0.128,0.28877002,0.15383804731720108,0.03677,1.58444734375,6.176311890846683
DCO,Ducommun Incorporated,125.085,1874642304.0,Industrials,Unknown,40,Fail,"FAIL_PRICE,FAIL_GROWTH,FAIL_GM,FAIL_ROIC,FAIL_PEG,FAIL_INSIDER",0.094,0.26871002,-0.025055277923919487,0.04733,10.638297872340425,3.701907346990045
LOPE,"Grand Canyon Education, Inc.",166.1383,4646635008.0,Consumer Defensive,Unknown,40,Fail,"FAIL_MCAP,FAIL_PRICE,FAIL_GROWTH,FAIL_PS,FAIL_PEG,FAIL_INSIDER",0.053,0.53194,0.31555719723716485,0.02174,4.065739245283019,17.62798102358173
SLM,SLM Corporation,19.84,3931387648.0,Financial Services,Unknown,70,Fail,"FAIL_MCAP,FAIL_FLOAT,FAIL_INSIDER",0.678,1.0,0.3904203089411309,0.012180001,0.0845738053097345,3.0
MERC,Mercer International Inc.,1.375,92100952.0,Basic Materials,Unknown,60,Fail,"FAIL_GROWTH,FAIL_GM,FAIL_ROIC,FAIL_FLOAT",-0.08,0.04932,-0.2561665078983763,0.63312,-12.5,0.4545763121148933
MSC,Studio City International Holdings Limited,2.78,535395136.0,Consumer Cyclical,Unknown,60,Fail,"FAIL_GROWTH,FAIL_ROIC,FAIL_PEG,FAIL_FLOAT",0.049,0.67371005,0.013997166275446983,0.24134001,20.408163265306122,-0.5043754890177301
ARX,Accelerant Holdings,11.6,2573112576.0,Financial Services,Unknown,50,Fail,"FAIL_MCAP,FAIL_ROIC,FAIL_PS,FAIL_PEG,FAIL_FLOAT",0.571,0.63438,0.0,0.49045,1.7513134851138354,3.0
THM,International Tower Hill Mines Ltd.,2.235,583508096.0,Basic Materials,Unknown,30,Fail,"FAIL_GROWTH,FAIL_GM,FAIL_ROIC,FAIL_PS,FAIL_PEG,FAIL_FLOAT,FAIL_INSIDER",0.0,0.0,0.0,0.0039399997,100.0,696.0125859356134
ZBAI,ATIF Holdings Limited,5.0,51566864.0,Financial Services,Unknown,70,Fail,"FAIL_ROIC,FAIL_PS,FAIL_INSIDER",1.778,1.0,-1.1819058122306034,0.0,0.562429696287964,36.07872433998313
CLMT,"Calumet, Inc.",29.165,2530838272.0,Basic Materials,Unknown,20,Fail,"FAIL_MCAP,FAIL_PRICE,FAIL_GROWTH,FAIL_GM,FAIL_GM_TREND,FAIL_ROIC,FAIL_PEG,FAIL_FLOAT",0.094,0.06331,0.014929127994896551,0.22051,10.638297872340425,1.314846835308999
CHWY,"Chewy, Inc.",24.71,10254614528.0,Consumer Cyclical,Unknown,40,Fail,"FAIL_MCAP,FAIL_GROWTH,FAIL_GM,FAIL_PEG,FAIL_FLOAT,FAIL_INSIDER",0.083,0.29562,2.4213665033119556,0.02461,6.075731325301204,5.3898751137169025
BNT,Brookfield Wealth Solutions Ltd.,41.63,11422190592.0,Financial Services,Unknown,70,Fail,"FAIL_MCAP,FAIL_PRICE,FAIL_GROWTH",-0.469,0.31422,0.35798070829336326,0.22845,-0.29294827292110875,3.0
RPID,"Rapid Micro Biosystems, Inc.",2.7601,122334680.0,Healthcare,Unknown,50,Fail,"FAIL_GM,FAIL_ROIC,FAIL_PS,FAIL_PEG,FAIL_INSIDER",0.373,0.031170001,-0.7729949797990822,0.1001,2.680965147453083,-4.178911865541493
UMC,United Microelectronics Corporation,9.385,23819612160.0,Technology,Unknown,20,Fail,"FAIL_MCAP,FAIL_GROWTH,FAIL_GM,FAIL_GM_TREND,FAIL_ROIC,FAIL_PEG,FAIL_FLOAT,FAIL_INSIDER",0.024,0.29007,0.13017714425376634,0.0,7.667484166666667,1.4794493100832038
CRBU,"Caribou Biosciences, Inc.",1.935,186992976.0,Healthcare,Unknown,50,Fail,"FAIL_GM,FAIL_ROIC,FAIL_PS,FAIL_FLOAT,FAIL_INSIDER",0.897,0.0,-0.9901356628993273,0.09665,1.1148272017837235,-4.332205661970011
VLT,Invesco High Income Trust II,10.31,66994764.0,Financial Services,Unknown,50,Fail,"FAIL_GROWTH,FAIL_ROIC,FAIL_PS,FAIL_FLOAT,FAIL_INSIDER",-0.046,1.0,0.0,0.0,-2.988405869565218,3.0
OCFC,OceanFirst Financial Corp.,17.585,1009414400.0,Financial Services,Unknown,40,Fail,"FAIL_GROWTH,FAIL_GM,FAIL_ROIC,FAIL_PEG,FAIL_FLOAT,FAIL_INSIDER",0.097,0.0,0.09256482334116888,0.032479998,1.5494756701030925,3.0
UTG,Reaves Utility Income Fund,40.75,3725697280.0,Financial Services,Unknown,30,Fail,"FAIL_MCAP,FAIL_PRICE,FAIL_GROWTH,FAIL_ROIC,FAIL_PS,FAIL_FLOAT,FAIL_INSIDER",-0.056,1.0,0.0,0.00029,-0.8490998214285714,3.0
VIA,"Via Transportation, Inc.",14.15,1148821760.0,Technology,Unknown,60,Fail,"FAIL_GM,FAIL_ROIC,FAIL_PEG,FAIL_FLOAT",0.297,0.39555,-0.32187372018997157,0.35507,3.367003367003367,5.084717656293149
FEAM,"5E Advanced Materials, Inc.",1.775,73683592.0,Basic Materials,Unknown,60,Fail,"FAIL_GROWTH,FAIL_GM,FAIL_ROIC,FAIL_PS",0.0,0.0,-0.42074190000601724,0.19,0.40898615,0.08718977854961096
XBIT,XBiotech Inc.,2.21,67377888.0,Healthcare,Unknown,40,Fail,"FAIL_GROWTH,FAIL_GM,FAIL_GM_TREND,FAIL_ROIC,FAIL_PS,FAIL_PEG",0.0,0.0,-1.9013492090844042,0.36613998,100.0,2.099340493790275
YI,"111, Inc.",6.59,57118404.0,Healthcare,Unknown,40,Fail,"FAIL_GROWTH,FAIL_GM,FAIL_GM_TREND,FAIL_ROIC,FAIL_FLOAT,FAIL_INSIDER",-0.167,0.028369999,0.0,0.08575,-5.9880239520958085,3.370852654179359
DAR,Darling Ingredients Inc.,57.56,9129221120.0,Consumer Defensive,Unknown,30,Fail,"FAIL_MCAP,FAIL_PRICE,FAIL_GM,FAIL_ROIC,FAIL_PEG,FAIL_FLOAT,FAIL_INSIDER",0.206,0.24014,0.03708967735321812,0.01097,7.164550970873788,2.298808338712604
IMSR,Terrestrial Energy Inc.,6.41,524154816.0,Utilities,Unknown,50,Fail,"FAIL_GROWTH,FAIL_GM,FAIL_ROIC,FAIL_PEG,FAIL_FLOAT",0.0,0.0,-21.578112111195075,0.3765,100.0,-14.40360345927981
BLW,BlackRock Limited Duration Income Trust,13.09,511614816.0,Financial Services,Unknown,50,Fail,"FAIL_GROWTH,FAIL_ROIC,FAIL_PS,FAIL_FLOAT,FAIL_INSIDER",-0.069,1.0,0.0,0.0,-1.5550011594202897,3.0
GSAT,"Globalstar, Inc.",58.02,7458723328.0,Communication Services,Unknown,30,Fail,"FAIL_MCAP,FAIL_PRICE,FAIL_GROWTH,FAIL_ROIC,FAIL_PS,FAIL_PEG,FAIL_FLOAT",0.176,0.63813,0.10059315181135117,0.59717,5.6818181818181825,1.2734804702100302
AENT,Alliance Entertainment Holding Corporation,7.09,361287744.0,Communication Services,Unknown,70,Fail,"FAIL_GROWTH,FAIL_GM,FAIL_ROIC",-0.063,0.14039,0.12233548295677925,0.93953,-2.6172020634920634,4.414621437365116
VEEV,Veeva Systems Inc.,185.27,30455027712.0,Healthcare,Unknown,30,Fail,"FAIL_MCAP,FAIL_PRICE,FAIL_GROWTH,FAIL_PS,FAIL_PEG,FAIL_FLOAT,FAIL_INSIDER",0.16,0.75526,,0.08523,2.132481875,
GLDG,GoldMining Inc.,1.2999,277863360.0,Basic Materials,Unknown,30,Fail,"FAIL_GROWTH,FAIL_GM,FAIL_ROIC,FAIL_PS,FAIL_PEG,FAIL_FLOAT,FAIL_INSIDER",0.0,0.0,-0.07725132424079784,0.04484,100.0,19.657688355278204
ACHC,"Acadia Healthcare Company, Inc.",23.66,2181730560.0,Healthcare,Unknown,30,Fail,"FAIL_MCAP,FAIL_GROWTH,FAIL_GM_TREND,FAIL_ROIC,FAIL_PEG,FAIL_FLOAT,FAIL_INSIDER",0.061,0.41476002,-0.21293645492306149,0.018339999,16.393442622950822,0.30110371011255
AMN,"AMN Healthcare Services, Inc.",18.03,696698688.0,Healthcare,Unknown,40,Fail,"FAIL_GROWTH,FAIL_GM,FAIL_GM_TREND,FAIL_ROIC,FAIL_PEG,FAIL_INSIDER",0.018,0.28349,-0.0372196455311772,0.00906,55.555555555555564,2.2941299937280943
TECH,Bio-Techne Corporation,50.83,7952521216.0,Healthcare,Unknown,30,Fail,"FAIL_MCAP,FAIL_PRICE,FAIL_GROWTH,FAIL_ROIC,FAIL_PS,FAIL_FLOAT,FAIL_INSIDER",-0.004,0.66605,0.03623566326697553,0.00287,-239.764175,8.86764239090255
TPL,Texas Pacific Land Corporation,533.18,36758257664.0,Energy,Unknown,30,Fail,"FAIL_MCAP,FAIL_PRICE,FAIL_GROWTH,FAIL_PS,FAIL_PEG,FAIL_FLOAT,FAIL_INSIDER",0.139,0.93294,0.36227166435770664,0.01026,5.487592805755395,137.4693921532941
GLPG,Galapagos NV,32.39,2134406144.0,Healthcare,Unknown,60,Fail,"FAIL_MCAP,FAIL_PRICE,FAIL_GM_TREND,FAIL_ROIC",10.932,0.57486,-0.0003176130714006496,0.25354,0.09147457006952067,1.924978914992889
SPFI,"South Plains Financial, Inc.",40.815,665342528.0,Financial Services,Unknown,50,Fail,"FAIL_PRICE,FAIL_GROWTH,FAIL_GM,FAIL_PS,FAIL_PEG",0.028,0.0,0.6487157891527258,0.24709,4.060386071428571,3.0
VRA,"Vera Bradley, Inc.",3.48,97283480.0,Consumer Cyclical,Unknown,70,Fail,"FAIL_GROWTH,FAIL_GM_TREND,FAIL_ROIC",-0.151,0.46576,-0.21217691440240752,0.32339,-6.622516556291391,2.7328751783830336
GTM,ZoomInfo Technologies Inc.,5.845,1784447232.0,Technology,Unknown,50,Fail,"FAIL_GROWTH,FAIL_ROIC,FAIL_PEG,FAIL_FLOAT,FAIL_INSIDER",0.032,0.87147003,0.05218148663512449,0.11926,4.806743125,0.5941603776790509
NIXX,"Nixxy, Inc.",0.6692,16646736.0,Industrials,Unknown,50,Fail,"FAIL_MCAP,FAIL_GM,FAIL_GM_TREND,FAIL_ROIC,FAIL_INSIDER",233.865,0.010089999,-17.603123733391122,0.1078,0.00015897110298676586,-28.166021178226114
VSEE,"VSee Health, Inc.",0.2698,11667328.0,Healthcare,Unknown,60,Fail,"FAIL_MCAP,FAIL_GROWTH,FAIL_GM_TREND,FAIL_ROIC",0.187,0.5478,-6.24752093951349,0.17235,0.03136479893048129,-14.590368778381833
AGCO,AGCO Corporation,114.585,8296391168.0,Industrials,Unknown,30,Fail,"FAIL_MCAP,FAIL_PRICE,FAIL_GROWTH,FAIL_GM,FAIL_ROIC,FAIL_PEG,FAIL_FLOAT",0.011,0.25459,0.1369327541235228,0.17402,10.683916363636364,2.5799860635137
GEN,Gen Digital Inc.,20.705,12769106944.0,Technology,Unknown,60,Fail,"FAIL_MCAP,FAIL_ROIC,FAIL_FLOAT,FAIL_INSIDER",0.258,0.78845,0.10484232472334458,0.09478,0.8273395348837209,1.0878305590319985
LRMR,"Larimar Therapeutics, Inc.",4.365,452172032.0,Healthcare,Unknown,30,Fail,"FAIL_GROWTH,FAIL_GM,FAIL_ROIC,FAIL_PS,FAIL_PEG,FAIL_FLOAT,FAIL_INSIDER",0.0,0.0,0.0,0.00884,100.0,7.1931063188165245
PTLE,PTL Limited,6.2945,39536344.0,Consumer Cyclical,Unknown,50,Fail,"FAIL_MCAP,FAIL_GROWTH,FAIL_GM,FAIL_ROIC,FAIL_INSIDER",-0.134,0.01985,0.0,0.0,-7.462686567164179,8.190150017460473
DXR,Daxor Corporation,11.42,66546920.0,Healthcare,Unknown,70,Fail,"FAIL_GROWTH,FAIL_ROIC,FAIL_PS",-0.826,1.0,0.0,0.48896998,-0.08430284140435837,3.0
FUL,H.B. Fuller Company,53.4,2908988160.0,Basic Materials,Unknown,40,Fail,"FAIL_MCAP,FAIL_PRICE,FAIL_GROWTH,FAIL_ROIC,FAIL_FLOAT,FAIL_INSIDER",-0.031,0.31384,0.060442948211772145,0.00275,-6.263929677419355,2.1089258981622914
RWAY,Runway Growth Finance Corp.,7.05,254744992.0,Financial Services,Unknown,60,Fail,"FAIL_GROWTH,FAIL_ROIC,FAIL_FLOAT,FAIL_INSIDER",-0.111,1.0,0.0,0.010729999,-0.4350240810810811,3.0
XP,XP Inc.,18.98,9815462912.0,Financial Services,Unknown,60,Fail,"FAIL_MCAP,FAIL_GROWTH,FAIL_FLOAT,FAIL_INSIDER",0.133,0.69263,,0.0002,0.7841030827067669,
IONR,ioneer Ltd,3.19,255831056.0,Basic Materials,Unknown,30,Fail,"FAIL_GROWTH,FAIL_GM,FAIL_ROIC,FAIL_PS,FAIL_PEG,FAIL_FLOAT,FAIL_INSIDER",0.0,0.0,-0.04645643250393946,0.0052,100.0,46.89279729249981
LOGI,Logitech International S.A.,90.22,13299731456.0,Technology,Unknown,30,Fail,"FAIL_MCAP,FAIL_PRICE,FAIL_GROWTH,FAIL_GM,FAIL_PEG,FAIL_FLOAT,FAIL_INSIDER",0.061,0.43058,0.8284013357588523,0.00245,3.100663442622951,9.502998687903366
YSS,"York Space Systems, Inc.",18.53,2352279552.0,Industrials,Unknown,20,Fail,"FAIL_MCAP,FAIL_GROWTH,FAIL_GM,FAIL_ROIC,FAIL_PS,FAIL_PEG,FAIL_FLOAT,FAIL_INSIDER",0.0,0.19597,-0.6503762802235977,0.099,100.0,2.3644353610057562
LQDT,"Liquidity Services, Inc.",28.38,880173888.0,Consumer Cyclical,Unknown,70,Fail,"FAIL_PRICE,FAIL_GROWTH,FAIL_GM_TREND",-0.009,0.45353,0.5886723452267403,0.25004,-34.27536,4.9965349847260505
HLLY,Holley Inc.,3.155,380176448.0,Consumer Cyclical,Unknown,50,Fail,"FAIL_GROWTH,FAIL_ROIC,FAIL_PEG,FAIL_FLOAT,FAIL_INSIDER",0.11,0.43395,0.023419708450893927,0.05874,1.7926136363636365,1.1921575042795043
TSLX,"Sixth Street Specialty Lending, Inc.",18.4,1742574720.0,Financial Services,Unknown,50,Fail,"FAIL_GROWTH,FAIL_ROIC,FAIL_PS,FAIL_FLOAT,FAIL_INSIDER",-0.125,1.0,0.08065067646508309,0.0047,-0.81325968,3.0
SUNB,"Sunbelt Rentals Holdings, Inc.",71.675,58924220416.0,Industrials,Unknown,20,Fail,"FAIL_MCAP,FAIL_PRICE,FAIL_GROWTH,FAIL_ROIC,FAIL_PS,FAIL_PEG,FAIL_FLOAT,FAIL_INSIDER",0.027,0.94782996,0.10716149231713441,0.0027700001,8.143035925925926,4.011357302068077
LKSP,Lake Superior Acquisition Corp.,10.02,157247200.0,Financial Services,Unknown,40,Fail,"FAIL_GROWTH,FAIL_GM,FAIL_ROIC,FAIL_PS,FAIL_PEG,FAIL_INSIDER",0.0,0.0,-0.0032312213278819384,0.01654,100.200005,19.89818206145053
SEI,"Solaris Energy Infrastructure, Inc.",68.87,6594324480.0,Energy,Unknown,50,Fail,"FAIL_MCAP,FAIL_PRICE,FAIL_ROIC,FAIL_PS,FAIL_INSIDER",0.866,0.45951,0.06236468273057987,0.06254,1.20494792147806,3.648257140478089
ASTS,"AST SpaceMobile, Inc.",95.16,36353732608.0,Technology,Unknown,40,Fail,"FAIL_MCAP,FAIL_PRICE,FAIL_GM_TREND,FAIL_ROIC,FAIL_PS,FAIL_FLOAT",27.313,0.50343,-0.2433002466061503,0.15333,0.03661260205762824,8.37595499737522
UK,Ucommune International Ltd,0.539,3654150.0,Real Estate,Unknown,60,Fail,"FAIL_MCAP,FAIL_GROWTH,FAIL_ROIC,FAIL_INSIDER",-0.454,0.59142,-0.5229967997299517,0.00421,-2.2026431718061676,-20.368395791885916
TPH,"Tri Pointe Homes, Inc.",46.625,4007581696.0,Consumer Cyclical,Unknown,30,Fail,"FAIL_MCAP,FAIL_PRICE,FAIL_GROWTH,FAIL_GM,FAIL_ROIC,FAIL_FLOAT,FAIL_INSIDER",-0.224,0.22049,0.06026326218694798,0.03334,-0.7652474999999999,4.2892573437792665
HLI,"Houlihan Lokey, Inc.",140.315,9792045056.0,Financial Services,Unknown,30,Fail,"FAIL_MCAP,FAIL_PRICE,FAIL_GROWTH,FAIL_PS,FAIL_PEG,FAIL_FLOAT,FAIL_INSIDER",0.13,0.94631,0.2548680698448867,0.00133,1.6579816923076922,5.324253492110674
SUNS,"Sunrise Realty Trust, Inc.",8.35,112065240.0,Real Estate,Unknown,60,Fail,"FAIL_GROWTH,FAIL_ROIC,FAIL_PS,FAIL_PEG",0.046,1.0,0.053512806528928876,0.28234,1.6653370869565218,0.8633122048750157
LECO,"Lincoln Electric Holdings, Inc.",263.2775,14429019136.0,Industrials,Unknown,30,Fail,"FAIL_MCAP,FAIL_PRICE,FAIL_GROWTH,FAIL_PS,FAIL_PEG,FAIL_FLOAT,FAIL_INSIDER",0.055,0.36339,0.22846319551215033,0.01654,5.141636363636364,7.364940432848156
ISPC,iSpecimen Inc.,0.2121,2072438.0,Healthcare,Unknown,40,Fail,"FAIL_MCAP,FAIL_GROWTH,FAIL_GM,FAIL_GM_TREND,FAIL_ROIC,FAIL_INSIDER",-0.96,0.21551001,0.0,0.0069,-1.0416666666666667,-14.173646475587512
KNSL,"Kinsale Capital Group, Inc.",347.32,8079853056.0,Financial Services,Unknown,40,Fail,"FAIL_MCAP,FAIL_PRICE,FAIL_GROWTH,FAIL_GM,FAIL_PS,FAIL_INSIDER",0.173,0.28129,0.25342063907866536,0.05475,0.9268836994219654,3.0
CDNS,"Cadence Design Systems, Inc.",292.275,80631504896.0,Technology,Unknown,30,Fail,"FAIL_MCAP,FAIL_PRICE,FAIL_GROWTH,FAIL_PS,FAIL_PEG,FAIL_FLOAT,FAIL_INSIDER",0.062,0.86364,0.23456929545765667,0.00296,11.639784516129032,12.731661846616284
OLN,Olin Corporation,26.55,3017057024.0,Basic Materials,Unknown,20,Fail,"FAIL_MCAP,FAIL_PRICE,FAIL_GROWTH,FAIL_GM,FAIL_GM_TREND,FAIL_ROIC,FAIL_FLOAT,FAIL_INSIDER",-0.004,0.07381,0.0035481928540981424,0.00484,-250.0,1.7345774498359592
EDN,Empresa Distribuidora y Comercializadora Norte Sociedad Anónima,26.975,1331385856.0,Utilities,Unknown,60,Fail,"FAIL_PRICE,FAIL_GM,FAIL_FLOAT,FAIL_INSIDER",0.384,0.22754999,0.37886099981261523,0.0,0.430965625,1.003101219449536
QNCX,"Quince Therapeutics, Inc.",0.0972,5412240.0,Healthcare,Unknown,30,Fail,"FAIL_MCAP,FAIL_GROWTH,FAIL_GM,FAIL_ROIC,FAIL_PS,FAIL_PEG,FAIL_INSIDER",0.0,0.0,-0.9349711921354313,0.09332,100.0,-5.222872814889556
FULTP,Fulton Financial Corporation,18.71,0.0,Financial Services,Unknown,30,Fail,"FAIL_MCAP,FAIL_GROWTH,FAIL_GM,FAIL_PS,FAIL_PEG,FAIL_FLOAT,FAIL_INSIDER",0.022,0.0,0.2821379884937708,0.0,5.416907272727274,3.0
HVII,Hennessy Capital Investment Corp. VII,10.305,268170448.0,Financial Services,Unknown,40,Fail,"FAIL_GROWTH,FAIL_GM,FAIL_ROIC,FAIL_PS,FAIL_PEG,FAIL_INSIDER",0.0,0.0,0.0,0.025390001,68.7,15.387019207649583
AMZN,"Amazon.com, Inc.",211.188,2266998243328.0,Consumer Cyclical,Unknown,30,Fail,"FAIL_MCAP,FAIL_PRICE,FAIL_GROWTH,FAIL_PS,FAIL_PEG,FAIL_FLOAT,FAIL_INSIDER",0.136,0.50286,0.1677387317430838,0.09081,2.1656800735294115,5.065338099728655
SFD,"Smithfield Foods, Inc.",23.605,9279425536.0,Consumer Defensive,Unknown,60,Fail,"FAIL_MCAP,FAIL_GROWTH,FAIL_GM,FAIL_ROIC",0.124,0.13352,0.11575973493825206,0.88387,0.8574904838709677,3.404667421627642
LUCY,"Lucyd, Inc",1.09,5831699.0,Healthcare,Unknown,60,Fail,"FAIL_MCAP,FAIL_GM,FAIL_ROIC,FAIL_INSIDER",1.635,0.22839001,0.0,0.13621001,0.6116207951070336,-0.21361020853982632
DOC,"Healthpeak Properties, Inc.",17.69,12295327744.0,Real Estate,Unknown,30,Fail,"FAIL_MCAP,FAIL_GROWTH,FAIL_ROIC,FAIL_PS,FAIL_PEG,FAIL_FLOAT,FAIL_INSIDER",0.031,0.59973997,0.03319735790966743,0.0028799998,57.06451935483871,
NPCT,Nuveen Core Plus Impact Fund,10.1665,292337696.0,Financial Services,Unknown,30,Fail,"FAIL_GROWTH,FAIL_GM,FAIL_ROIC,FAIL_PS,FAIL_PEG,FAIL_FLOAT,FAIL_INSIDER",0.0,0.0,0.0,0.0,11.960588,3.0
VOD,Vodafone Group Public Limited Company,14.525,33970765824.0,Communication Services,Unknown,40,Fail,"FAIL_MCAP,FAIL_GROWTH,FAIL_ROIC,FAIL_PEG,FAIL_FLOAT,FAIL_INSIDER",0.073,0.32867,0.021081646321954965,0.0,13.698630136986301,-0.7051876299310706
ASPI,ASP Isotopes Inc.,4.815,602405248.0,Basic Materials,Unknown,50,Fail,"FAIL_GM,FAIL_GM_TREND,FAIL_ROIC,FAIL_PS,FAIL_FLOAT",3.495,0.22996001,-1.3539811606210583,0.17142999,0.2861230329041488,7.206026049061466
BEAG,Bold Eagle Acquisition Corp.,10.59,331657632.0,Financial Services,Unknown,40,Fail,"FAIL_GROWTH,FAIL_GM,FAIL_ROIC,FAIL_PS,FAIL_PEG,FAIL_INSIDER",0.0,0.0,0.0,0.025179999,23.533335,20.08027395116822
UCTT,"Ultra Clean Holdings, Inc.",60.9,2770343424.0,Technology,Unknown,40,Fail,"FAIL_MCAP,FAIL_PRICE,FAIL_GROWTH,FAIL_GM,FAIL_ROIC,FAIL_INSIDER",-0.1,0.15720999,-0.12013647569972608,0.02382,-10.0,3.3526913268445915
BANR,Banner Corporation,58.295,1987734400.0,Financial Services,Unknown,40,Fail,"FAIL_PRICE,FAIL_GROWTH,FAIL_GM,FAIL_PS,FAIL_PEG,FAIL_INSIDER",0.049,0.0,0.20847593446117943,0.018129999,2.109386326530612,3.0
CJMB,Callan JMB Inc.,1.8303,8461526.0,Industrials,Unknown,50,Fail,"FAIL_MCAP,FAIL_GROWTH,FAIL_GM_TREND,FAIL_ROIC,FAIL_PEG",0.008,0.36678,-1.1539959772268649,0.69478995,125.0,2.3307454005220096
OSBC,"Old Second Bancorp, Inc.",19.45,1024836224.0,Financial Services,Unknown,50,Fail,"FAIL_GM,FAIL_ROIC,FAIL_PS,FAIL_FLOAT,FAIL_INSIDER",0.323,0.0,0.11644715947067175,0.047930002,0.37170814241486066,3.0
SPHL,Springview Holdings Ltd,2.72,6152588.0,Consumer Cyclical,Unknown,50,Fail,"FAIL_MCAP,FAIL_GROWTH,FAIL_GM,FAIL_GM_TREND,FAIL_ROIC",-0.247,0.053319998,-0.22129801058571386,0.75657,-4.048582995951417,1.84970735618345
MCD,McDonald's Corporation,320.63,228802985984.0,Consumer Cyclical,Unknown,30,Fail,"FAIL_MCAP,FAIL_PRICE,FAIL_GROWTH,FAIL_PS,FAIL_PEG,FAIL_FLOAT,FAIL_INSIDER",0.097,0.57407004,,0.00252,2.7683954639175252,
REGN,"Regeneron Pharmaceuticals, Inc.",752.06,79507636224.0,Healthcare,Unknown,10,Fail,"FAIL_MCAP,FAIL_PRICE,FAIL_GROWTH,FAIL_GM_TREND,FAIL_ROIC,FAIL_PS,FAIL_PEG,FAIL_FLOAT,FAIL_INSIDER",0.025,0.44566002,0.14727400207861563,0.01984,7.259266800000001,7.550919850392132
HELP,Cybin D/B/A Helus Pharma,4.815,240240256.0,Healthcare,Unknown,40,Fail,"FAIL_GROWTH,FAIL_GM,FAIL_ROIC,FAIL_PS,FAIL_PEG,FAIL_INSIDER",0.0,0.0,0.0,0.059,100.0,3.737078931142217
GPC,Genuine Parts Company,101.42,14109764608.0,Consumer Cyclical,Unknown,30,Fail,"FAIL_MCAP,FAIL_PRICE,FAIL_GROWTH,FAIL_ROIC,FAIL_PEG,FAIL_FLOAT,FAIL_INSIDER",0.041,0.37452,0.02601183907739161,0.00414,52.631031707317064,2.0727945055038286
VACH,Voyager Acquisition Corp.,12.57,397526240.0,Financial Services,Unknown,50,Fail,"FAIL_GROWTH,FAIL_GM,FAIL_ROIC,FAIL_PS,FAIL_PEG",0.0,0.0,0.0,0.28669,41.899998,19.671100581387247
SVC,Service Properties Trust,2.135,358864064.0,Real Estate,Unknown,50,Fail,"FAIL_GROWTH,FAIL_GM_TREND,FAIL_ROIC,FAIL_FLOAT,FAIL_INSIDER",-0.129,0.30416,0.026684069589395815,0.0685,-7.751937984496124,-0.4568543045236418
GSRFU,GSR IV Acquisition Corp.,10.27,270722336.0,Financial Services,Unknown,40,Fail,"FAIL_GROWTH,FAIL_GM,FAIL_ROIC,FAIL_PS,FAIL_PEG,FAIL_INSIDER",0.0,0.0,0.0,0.023570001,100.0,42720.93304638995
CLSK,"CleanSpark, Inc.",9.965,2548577792.0,Financial Services,Unknown,30,Fail,"FAIL_MCAP,FAIL_GROWTH,FAIL_ROIC,FAIL_PS,FAIL_PEG,FAIL_FLOAT,FAIL_INSIDER",0.116,0.53077,0.12673366815296452,0.03729,8.620689655172413,2.510210809290966
TSN,"Tyson Foods, Inc.",61.41,21621170176.0,Consumer Defensive,Unknown,20,Fail,"FAIL_MCAP,FAIL_PRICE,FAIL_GROWTH,FAIL_GM,FAIL_ROIC,FAIL_PEG,FAIL_FLOAT,FAIL_INSIDER",0.051,0.06151,0.03126312806245518,0.02615,21.502100000000002,3.126204875824317
GCV,The Gabelli Convertible and Income Securities Fund Inc.,4.3,86115504.0,Financial Services,Unknown,40,Fail,"FAIL_GROWTH,FAIL_ROIC,FAIL_PS,FAIL_PEG,FAIL_FLOAT,FAIL_INSIDER",0.0,1.0,0.0,0.03371,3.9814816,3.0
MNKD,MannKind Corporation,2.66,819547200.0,Healthcare,Unknown,70,Fail,"FAIL_PEG,FAIL_FLOAT,FAIL_INSIDER",0.458,0.74794,0.6767856854487122,0.017339999,2.9039301310043664,-4.278417208207526
IPSC,"Century Therapeutics, Inc.",2.27,407970656.0,Healthcare,Unknown,40,Fail,"FAIL_GROWTH,FAIL_GM,FAIL_ROIC,FAIL_PS,FAIL_FLOAT,FAIL_INSIDER",-1.0,0.12364,-0.0741706439929356,0.1283,-1.0,-0.3043185179236704
REAL,"The RealReal, Inc.",9.79,1164841728.0,Consumer Cyclical,Unknown,50,Fail,"FAIL_GROWTH,FAIL_ROIC,FAIL_PEG,FAIL_FLOAT,FAIL_INSIDER",0.183,0.74594,0.0,0.07985,5.46448087431694,-2.1116916874244698
IVF,"INVO Fertility, Inc.",0.7455,5189496.0,Healthcare,Unknown,60,Fail,"FAIL_MCAP,FAIL_ROIC,FAIL_PEG,FAIL_INSIDER",0.226,0.39174,-0.3671948175787832,0.0121,4.424778761061947,-2.793217157530546
PSTG,"Everpure, Inc.",65.09,21490872320.0,Technology,Unknown,50,Fail,"FAIL_MCAP,FAIL_PRICE,FAIL_PEG,FAIL_FLOAT,FAIL_INSIDER",0.204,0.70555,,0.058179997,5.801247058823529,
GUG,Guggenheim Active Allocation Fund,15.21,501627072.0,Financial Services,Unknown,30,Fail,"FAIL_GROWTH,FAIL_GM,FAIL_ROIC,FAIL_PS,FAIL_PEG,FAIL_FLOAT,FAIL_INSIDER",0.0,0.0,0.0,0.0,11.8828125,3.0
SKLZ,Skillz Inc.,3.2,48978220.0,Communication Services,Unknown,60,Fail,"FAIL_MCAP,FAIL_GROWTH,FAIL_ROIC,FAIL_PEG",0.114,0.86155,-1.2354950001308744,0.20687,8.771929824561402,-3.0799185108670066
ORA,"Ormat Technologies, Inc.",107.11,6517152256.0,Utilities,Unknown,0,Fail,"FAIL_MCAP,FAIL_PRICE,FAIL_GROWTH,FAIL_GM,FAIL_GM_TREND,FAIL_ROIC,FAIL_PS,FAIL_PEG,FAIL_FLOAT,FAIL_INSIDER",0.196,0.27557,0.05617020053451512,0.00427,2.7053445918367345,1.5658832305013533
MDRR,"Medalist Diversified, Inc.",11.56,16513461.0,Real Estate,Unknown,60,Fail,"FAIL_MCAP,FAIL_GROWTH,FAIL_ROIC,FAIL_PEG",0.118,0.73278,0.0,0.59643,8.474576271186441,-0.1331490528427432
BLTE,"Belite Bio, Inc",160.0,6294393856.0,Healthcare,Unknown,40,Fail,"FAIL_MCAP,FAIL_PRICE,FAIL_GROWTH,FAIL_GM,FAIL_PS,FAIL_PEG",0.0,0.0,,0.44614,100.0,
BFRG,"Bullfrog AI Holdings, Inc.",0.6018,6866385.0,Healthcare,Unknown,30,Fail,"FAIL_MCAP,FAIL_GROWTH,FAIL_GM,FAIL_GM_TREND,FAIL_ROIC,FAIL_PS,FAIL_PEG",0.0,0.18764,0.0,0.27184,100.0,-0.30362515470236406
CRSR,"Corsair Gaming, Inc.",5.375,573310080.0,Technology,Unknown,50,Fail,"FAIL_GROWTH,FAIL_GM,FAIL_ROIC,FAIL_PEG,FAIL_INSIDER",0.056,0.2897,-0.004743116820852158,0.037809998,17.857142857142854,1.8777193833892496
PACS,"PACS Group, Inc.",35.44,5569928192.0,Healthcare,Unknown,40,Fail,"FAIL_MCAP,FAIL_PRICE,FAIL_GROWTH,FAIL_GM,FAIL_ROIC,FAIL_PEG",0.124,0.15484,0.04988346174149456,0.71722,2.342675806451613,1.9458693034884664
FEBO,Fenbo Holdings Limited,1.2394,13710863.0,Technology,Unknown,50,Fail,"FAIL_MCAP,FAIL_GROWTH,FAIL_GM,FAIL_GM_TREND,FAIL_ROIC",-0.362,0.15063,-0.33510871787326907,2.61224,-2.76243093922652,1.7612262513187242
ALZN,"Alzamend Neuro, Inc.",1.865,7095842.0,Healthcare,Unknown,30,Fail,"FAIL_MCAP,FAIL_GROWTH,FAIL_GM,FAIL_ROIC,FAIL_PS,FAIL_PEG,FAIL_INSIDER",0.0,0.0,0.0,0.00532,100.0,-13.396607192877369
KXIN,Kaixin Holdings,4.4,266521.0,Consumer Cyclical,Unknown,50,Fail,"FAIL_MCAP,FAIL_GROWTH,FAIL_ROIC,FAIL_PEG,FAIL_INSIDER",0.0,1.0,-3.4282723598695792,0.0,100.0,-27.29491312483486
NFE,New Fortress Energy Inc.,0.9398,267422736.0,Energy,Unknown,60,Fail,"FAIL_GROWTH,FAIL_GM_TREND,FAIL_ROIC,FAIL_FLOAT",-0.421,0.37482,0.012277686737554973,0.37749,-2.375296912114014,0.23527698714963635
NOAH,Noah Holdings Limited,11.52,833221248.0,Financial Services,Unknown,50,Fail,"FAIL_GROWTH,FAIL_GM_TREND,FAIL_ROIC,FAIL_FLOAT,FAIL_INSIDER",-0.074,0.49518,0.07009011331332952,0.00603,-1.3305613513513515,1.8972967837097046
PCVX,"Vaxcyte, Inc.",55.21,8016837120.0,Healthcare,Unknown,10,Fail,"FAIL_MCAP,FAIL_PRICE,FAIL_GROWTH,FAIL_GM,FAIL_ROIC,FAIL_PS,FAIL_PEG,FAIL_FLOAT,FAIL_INSIDER",0.0,0.0,0.0,0.00592,100.0,13.712196954364812
NXL,"Nexalin Technology, Inc.",0.4049,7552171.0,Healthcare,Unknown,40,Fail,"FAIL_MCAP,FAIL_GROWTH,FAIL_GM_TREND,FAIL_ROIC,FAIL_PS,FAIL_INSIDER",-0.496,0.69515,-2.5002461670008542,0.1378,-2.0161290322580645,-24.82451092693687
BGX,Blackstone Long-Short Credit Income Fund,10.651,135355840.0,Financial Services,Unknown,30,Fail,"FAIL_GROWTH,FAIL_GM,FAIL_ROIC,FAIL_PS,FAIL_PEG,FAIL_FLOAT,FAIL_INSIDER",0.0,0.0,0.0,4.0000003e-05,11.330852,3.0
UMH,"UMH Properties, Inc.",14.725,1255021696.0,Real Estate,Unknown,40,Fail,"FAIL_GROWTH,FAIL_ROIC,FAIL_PS,FAIL_PEG,FAIL_FLOAT,FAIL_INSIDER",0.082,0.54634,0.0,0.061279997,25.653310975609752,1.3503397713099685
PCB,PCB Bancorp,21.69,309315776.0,Financial Services,Unknown,80,Fail,"FAIL_GROWTH,FAIL_GM",0.163,0.0,0.4599622080979907,0.25546,0.5157655214723926,3.0
PMEC,Primech Holdings Ltd.,0.6883,26443102.0,Industrials,Unknown,50,Fail,"FAIL_MCAP,FAIL_GROWTH,FAIL_GM,FAIL_ROIC,FAIL_PEG",0.001,0.18058,-0.06068751255386175,0.81663,1000.0,2.1883371828259928
NIPG,NIP Group Inc.,0.77,90616472.0,Communication Services,Unknown,40,Fail,"FAIL_GM,FAIL_GM_TREND,FAIL_ROIC,FAIL_PEG,FAIL_FLOAT,FAIL_INSIDER",0.555,-0.00551,-0.050114950829361606,0.03085,1.8018018018018016,0.30149884679298905
LPLA,LPL Financial Holdings Inc.,291.7099,23360182272.0,Financial Services,Unknown,50,Fail,"FAIL_MCAP,FAIL_PRICE,FAIL_ROIC,FAIL_FLOAT,FAIL_INSIDER",0.418,0.30858,0.0990581848262315,0.00582,0.6384909090909091,3.0408200176554567
GDL,The GDL Fund,8.33,93659944.0,Financial Services,Unknown,40,Fail,"FAIL_GROWTH,FAIL_GM,FAIL_ROIC,FAIL_PS,FAIL_PEG,FAIL_FLOAT",0.0,0.0,0.0,0.25608,13.655737,3.0
BTCS,BTCS Inc.,1.695,79917784.0,Financial Services,Unknown,60,Fail,"FAIL_GM,FAIL_GM_TREND,FAIL_ROIC,FAIL_PS",5.681,0.10217,0.0,0.23792,0.001841746875550079,6.637460042280693
BAM,Brookfield Asset Management Ltd.,44.51,72914894848.0,Financial Services,Unknown,50,Fail,"FAIL_MCAP,FAIL_PRICE,FAIL_PS,FAIL_FLOAT,FAIL_INSIDER",0.311,0.71497,0.25788656553646216,0.036170002,0.9293439549839227,7.659085506801992
MIAX,"Miami International Holdings, Inc.",39.55,3665677824.0,Financial Services,Unknown,30,Fail,"FAIL_MCAP,FAIL_PRICE,FAIL_GROWTH,FAIL_ROIC,FAIL_PEG,FAIL_FLOAT,FAIL_INSIDER",0.141,0.31562,-0.1248343713238273,0.09503,7.092198581560285,6.540020421798419
QVCGA,QVC Group Inc.,3.05,25271900.0,Consumer Cyclical,Unknown,60,Fail,"FAIL_MCAP,FAIL_GROWTH,FAIL_ROIC,FAIL_INSIDER",-0.056,0.34369,-0.2159520046013783,0.09144,-17.857142857142854,0.7025141363010461
HDB,HDFC Bank Limited,28.475,146079432704.0,Financial Services,Unknown,50,Fail,"FAIL_MCAP,FAIL_PRICE,FAIL_GM,FAIL_FLOAT,FAIL_INSIDER",0.264,0.0,0.18073743074636817,0.00029,0.7438609848484848,3.0
BSM,"Black Stone Minerals, L.P.",15.34,3257200384.0,Energy,Unknown,50,Fail,"FAIL_MCAP,FAIL_GROWTH,FAIL_ROIC,FAIL_PS,FAIL_FLOAT",-0.116,0.87738997,0.0,0.20741,-1.0331357758620687,10.579880092025398
MPA,BlackRock MuniYield Pennsylvania Quality Fund,11.3339,146769824.0,Financial Services,Unknown,40,Fail,"FAIL_GROWTH,FAIL_ROIC,FAIL_PS,FAIL_PEG,FAIL_FLOAT,FAIL_INSIDER",0.058,1.0,0.0,0.0,17.241379310344826,3.0
LUNR,"Intuitive Machines, Inc.",18.56,2641288704.0,Industrials,Unknown,30,Fail,"FAIL_MCAP,FAIL_GROWTH,FAIL_GM,FAIL_ROIC,FAIL_PS,FAIL_FLOAT,FAIL_INSIDER",-0.103,0.00537,0.0,0.0582,-9.708737864077671,1.395179856248359
TSHA,"Taysha Gene Therapies, Inc.",4.48,1227158784.0,Healthcare,Unknown,40,Fail,"FAIL_GROWTH,FAIL_ROIC,FAIL_PS,FAIL_PEG,FAIL_FLOAT,FAIL_INSIDER",0.0,1.0,0.0,0.11135,100.0,2.1135377582042776
MSA,MSA Safety Incorporated,175.48,6870404096.0,Industrials,Unknown,40,Fail,"FAIL_MCAP,FAIL_PRICE,FAIL_GROWTH,FAIL_PS,FAIL_PEG,FAIL_INSIDER",0.022,0.46464002,0.1657333638383265,0.06311,11.266050000000002,5.840127910718004
INTZ,Intrusion Inc.,1.08,21711176.0,Technology,Unknown,70,Fail,"FAIL_MCAP,FAIL_ROIC,FAIL_PEG",0.307,0.75912005,-1.8072172438847178,0.1699,3.257328990228013,-13.321351055533597
REFI,"Chicago Atlantic Real Estate Finance, Inc.",12.5,263503392.0,Real Estate,Unknown,50,Fail,"FAIL_GROWTH,FAIL_ROIC,FAIL_PS,FAIL_PEG,FAIL_INSIDER",0.027,1.0,0.11131130417358417,0.14374,2.7557319999999996,3.0
NSSC,"Napco Security Technologies, Inc.",43.08,1536419200.0,Industrials,Unknown,50,Fail,"FAIL_PRICE,FAIL_GROWTH,FAIL_PS,FAIL_PEG,FAIL_INSIDER",0.122,0.56582,0.4413715706707311,0.04796,2.6751118032786887,35.14400051625619
MLAC,Mountain Lake Acquisition Corp.,10.53,326351008.0,Unknown,Unknown,30,Fail,"FAIL_GROWTH,FAIL_GM,FAIL_ROIC,FAIL_PS,FAIL_PEG,FAIL_FLOAT,FAIL_INSIDER",0.0,0.0,0.0,0.0,38.999996,151.52770330406042
CMMB,Chemomab Therapeutics Ltd.,1.98,12187132.0,Healthcare,Unknown,20,Fail,"FAIL_MCAP,FAIL_GROWTH,FAIL_GM,FAIL_ROIC,FAIL_PS,FAIL_PEG,FAIL_FLOAT,FAIL_INSIDER",0.0,0.0,-1.89204107830552,0.13447,100.0,-8.295683279643939
AREC,American Resources Corporation,3.15,324724032.0,Basic Materials,Unknown,50,Fail,"FAIL_GROWTH,FAIL_GM,FAIL_ROIC,FAIL_PS,FAIL_FLOAT",-0.999,0.0,0.0,0.19252001,-1.0010010010010009,-2.05762885439235
SLNH,"Soluna Holdings, Inc.",0.7461,82688720.0,Financial Services,Unknown,70,Fail,"FAIL_GROWTH,FAIL_ROIC,FAIL_PEG",0.118,0.62226003,-37.35052676704287,0.32865003,8.474576271186441,-6.400846086339312
JFIN,Jiayin Group Inc.,5.9612,318146528.0,Communication Services,Unknown,80,Fail,"FAIL_GROWTH,FAIL_INSIDER",0.018,0.80924004,0.38548618887726444,0.0,0.701647888888889,3.012660111709582
KVYO,"Klaviyo, Inc.",18.825,5737372672.0,Technology,Unknown,50,Fail,"FAIL_MCAP,FAIL_ROIC,FAIL_PEG,FAIL_FLOAT,FAIL_INSIDER",0.296,0.74674004,-0.27941405962709936,0.02549,3.3783783783783785,9.527512913298324
HBANM,Huntington Bancshares Incorporated,22.17,0.0,Financial Services,Unknown,30,Fail,"FAIL_MCAP,FAIL_GROWTH,FAIL_GM,FAIL_PS,FAIL_PEG,FAIL_FLOAT,FAIL_INSIDER",0.103,0.0,0.20176736694799768,0.0,2.766615825242719,3.0
BLIV,BeLive Holdings,2.746,29834746.0,Technology,Unknown,40,Fail,"FAIL_MCAP,FAIL_GROWTH,FAIL_GM,FAIL_GM_TREND,FAIL_ROIC,FAIL_PS",-0.542,0.48979,-38.774444405311165,0.51493,-1.8450184501845017,-48.451800200494056
WHG,"Westwood Holdings Group, Inc.",15.095,143168128.0,Financial Services,Unknown,60,Fail,"FAIL_GROWTH,FAIL_ROIC,FAIL_PEG,FAIL_INSIDER",0.059,0.42016,0.03320213961845391,0.09636,3.238575423728814,3.4089773809511903
FIS,"Fidelity National Information Services, Inc.",49.14,25447186432.0,Technology,Unknown,20,Fail,"FAIL_MCAP,FAIL_PRICE,FAIL_GROWTH,FAIL_GM,FAIL_ROIC,FAIL_PEG,FAIL_FLOAT,FAIL_INSIDER",0.082,0.36863998,0.04558191606784278,0.00159,8.209153658536584,0.19096238344445743
REPL,"Replimune Group, Inc.",6.735,556126592.0,Healthcare,Unknown,30,Fail,"FAIL_GROWTH,FAIL_GM,FAIL_ROIC,FAIL_PS,FAIL_PEG,FAIL_FLOAT,FAIL_INSIDER",0.0,0.0,-0.6285007823312345,0.02182,100.0,-0.43250654868373184
SBLK,Star Bulk Carriers Corp.,22.99,2628043776.0,Industrials,Unknown,60,Fail,"FAIL_MCAP,FAIL_GROWTH,FAIL_ROIC,FAIL_FLOAT",-0.027,0.36400002,0.11314917688260036,0.22957,-18.116627407407407,1.4818567216127072
UHS,"Universal Health Services, Inc.",190.96,11665104896.0,Healthcare,Unknown,30,Fail,"FAIL_MCAP,FAIL_PRICE,FAIL_GROWTH,FAIL_GM_TREND,FAIL_ROIC,FAIL_FLOAT,FAIL_INSIDER",0.091,0.43889,0.13229724300648293,0.06105,0.9084248351648353,3.1656054242652223
RDY,Dr. Reddy's Laboratories Limited,14.0234,11675772928.0,Healthcare,Unknown,50,Fail,"FAIL_MCAP,FAIL_GROWTH,FAIL_PEG,FAIL_FLOAT,FAIL_INSIDER",0.044,0.55182,0.16239155305240577,0.0,4.36594,2.426414818710613
GRWG,GrowGeneration Corp.,1.0619,63547756.0,Consumer Cyclical,Unknown,50,Fail,"FAIL_GROWTH,FAIL_GM,FAIL_ROIC,FAIL_FLOAT,FAIL_INSIDER",-0.055,0.24971001,-0.3813238096735676,0.07823,-18.181818181818183,-0.5874558620108865
CCHH,CCH Holdings Ltd,0.663,14552850.0,Consumer Cyclical,Unknown,40,Fail,"FAIL_MCAP,FAIL_GROWTH,FAIL_GM,FAIL_GM_TREND,FAIL_ROIC,FAIL_PEG",0.05,0.23061001,0.11109993338606841,0.69704,6.63,3.464936655315103
ACNT,Ascent Industries Co.,12.605,119367080.0,Basic Materials,Unknown,60,Fail,"FAIL_GROWTH,FAIL_GM,FAIL_ROIC,FAIL_PEG",0.035,0.22966999,-0.16168971001005744,0.18043,28.57142857142857,4.665875230008014
NMG,Nouveau Monde Graphite Inc.,2.275,367335648.0,Basic Materials,Unknown,40,Fail,"FAIL_GROWTH,FAIL_GM,FAIL_ROIC,FAIL_PS,FAIL_PEG,FAIL_FLOAT",0.0,0.0,-1.0420843776401807,0.28741,100.0,1.6362264674600877
RHI,Robert Half Inc.,22.81,2307085568.0,Industrials,Unknown,50,Fail,"FAIL_MCAP,FAIL_GROWTH,FAIL_ROIC,FAIL_FLOAT,FAIL_INSIDER",-0.058,0.37228,0.04950070605268812,0.03325,-2.9569612068965516,3.155854190385006
SATA,"Strive Asset Management, LLC",98.16,0.0,Financial Services,Unknown,30,Fail,"FAIL_MCAP,FAIL_PRICE,FAIL_GM,FAIL_ROIC,FAIL_PS,FAIL_PEG,FAIL_INSIDER",0.568,0.0,-1.193937022294777,0.0,1.7605633802816902,-4.092760698530414
VATE,INNOVATE Corp.,4.2,57351256.0,Industrials,Unknown,70,Fail,"FAIL_GM,FAIL_ROIC,FAIL_PEG",0.433,0.1702,0.09969876573383844,0.60014,2.309468822170901,0.48404023075631053
LSCC,Lattice Semiconductor Corporation,93.31,12763538432.0,Technology,Unknown,30,Fail,"FAIL_MCAP,FAIL_PRICE,FAIL_ROIC,FAIL_PS,FAIL_PEG,FAIL_FLOAT,FAIL_INSIDER",0.242,0.68214995,0.005659563519325962,0.01228,192.78925619834712,46.617157823244696
COF,Capital One Financial Corporation,183.33,114018721792.0,Financial Services,Unknown,40,Fail,"FAIL_MCAP,FAIL_PRICE,FAIL_GM,FAIL_PS,FAIL_FLOAT,FAIL_INSIDER",0.516,0.0,0.1585601933050193,0.01877,1.0574128682170543,3.0
BDX,"Becton, Dickinson and Company",158.05,57260740608.0,Healthcare,Unknown,30,Fail,"FAIL_MCAP,FAIL_PRICE,FAIL_GROWTH,FAIL_ROIC,FAIL_PEG,FAIL_FLOAT,FAIL_INSIDER",0.016,0.46784002,0.050645213562294567,0.00399,16.114395625,2.132272669097586
JPC,Nuveen Preferred & Income Opportunities Fund,8.07,2880658688.0,Financial Services,Unknown,50,Fail,"FAIL_MCAP,FAIL_ROIC,FAIL_PS,FAIL_FLOAT,FAIL_INSIDER",2.285,1.0,0.0,0.0,0.04527857330415755,3.0
CLBT,Cellebrite DI Ltd.,14.59,3639326976.0,Technology,Unknown,60,Fail,"FAIL_MCAP,FAIL_GROWTH,FAIL_PEG,FAIL_FLOAT",0.181,0.84196997,0.20593823205556064,0.43144,2.6002496132596686,5.765756882066173
MLAB,"Mesa Laboratories, Inc.",81.3801,449609824.0,Technology,Unknown,50,Fail,"FAIL_PRICE,FAIL_GROWTH,FAIL_ROIC,FAIL_PEG,FAIL_INSIDER",0.036,0.62404996,-0.01879456843902929,0.05435,34.77781944444445,0.8979927329310776
IOT,Samsara Inc.,33.66,19421956096.0,Technology,Unknown,40,Fail,"FAIL_MCAP,FAIL_PRICE,FAIL_PS,FAIL_PEG,FAIL_FLOAT,FAIL_INSIDER",0.283,0.76798,,0.03558,3.53356890459364,
HKIT,Hitek Global Inc.,1.03,30178344.0,Technology,Unknown,40,Fail,"FAIL_MCAP,FAIL_GROWTH,FAIL_GM,FAIL_GM_TREND,FAIL_ROIC,FAIL_PS",-0.596,0.12485,-0.01858499611467858,0.70454,-1.6778523489932888,4.181507809330103
HBNC,"Horizon Bancorp, Inc.",15.69,803601472.0,Financial Services,Unknown,60,Fail,"FAIL_GM,FAIL_ROIC,FAIL_FLOAT,FAIL_INSIDER",2.187,0.0,0.1466101692998602,0.02187,0.45724737082761774,3.0
SBSW,Sibanye Stillwater Limited,12.6101,9121771520.0,Basic Materials,Unknown,60,Fail,"FAIL_MCAP,FAIL_PEG,FAIL_FLOAT,FAIL_INSIDER",0.316,0.31801,,3.0000001e-05,3.1645569620253164,
WMS,"Advanced Drainage Systems, Inc.",138.13,10759717888.0,Industrials,Unknown,30,Fail,"FAIL_MCAP,FAIL_PRICE,FAIL_GROWTH,FAIL_PS,FAIL_PEG,FAIL_FLOAT,FAIL_INSIDER",0.004,0.38669,0.19932986235597414,0.06842,57.4584,5.405854452095857
ADV,Advantage Solutions Inc.,0.7897,258632800.0,Communication Services,Unknown,50,Fail,"FAIL_GROWTH,FAIL_GM,FAIL_ROIC,FAIL_PEG,FAIL_FLOAT",0.045,0.13954,-0.053726852710595734,0.57208,22.22222222222222,-0.017886767409047932
JCSE,JE Cleantech Holdings Limited,1.05,5523272.0,Industrials,Unknown,60,Fail,"FAIL_MCAP,FAIL_GROWTH,FAIL_GM,FAIL_ROIC",-0.395,0.26532,0.004348710151724619,0.65955,-2.5316455696202533,1.381705533060909
DXCM,"DexCom, Inc.",67.46,26310496256.0,Healthcare,Unknown,30,Fail,"FAIL_MCAP,FAIL_PRICE,FAIL_GROWTH,FAIL_PS,FAIL_PEG,FAIL_FLOAT,FAIL_INSIDER",0.131,0.60101,0.2642514833526683,0.00382,2.463932061068702,6.599268608498023
SBAC,SBA Communications Corporation,183.545,19392264192.0,Real Estate,Unknown,20,Fail,"FAIL_MCAP,FAIL_PRICE,FAIL_GROWTH,FAIL_ROIC,FAIL_PS,FAIL_PEG,FAIL_FLOAT,FAIL_INSIDER",0.037,0.74485,0.14304596414658377,0.0075499997,5.056754054054054,0.3705069188673185
SLB,SLB N.V.,46.008,69064138752.0,Energy,Unknown,20,Fail,"FAIL_MCAP,FAIL_PRICE,FAIL_GROWTH,FAIL_GM,FAIL_ROIC,FAIL_PEG,FAIL_FLOAT,FAIL_INSIDER",0.05,0.18687999,0.1123560667562893,0.00217,3.9155746000000002,3.0108826564832993
BBSI,"Barrett Business Services, Inc.",28.51,730558016.0,Industrials,Unknown,60,Fail,"FAIL_PRICE,FAIL_GROWTH,FAIL_GM,FAIL_INSIDER",0.1,0.21035999,0.320258200320587,0.045229997,1.3706732000000001,3.263166069560343
ZUMZ,Zumiez Inc.,21.54,365093920.0,Consumer Cyclical,Unknown,70,Fail,"FAIL_GROWTH,FAIL_ROIC,FAIL_PEG",0.046,0.35847,-0.0019688935507874545,0.22522,11.420997173913044,2.7711665114888344
BSAC,Banco Santander-Chile,31.79,14976756736.0,Financial Services,Unknown,30,Fail,"FAIL_MCAP,FAIL_PRICE,FAIL_GROWTH,FAIL_GM,FAIL_PS,FAIL_FLOAT,FAIL_INSIDER",-0.105,0.0,0.18756070460975618,0.0,-1.282889523809524,3.0
NJR,New Jersey Resources Corporation,53.475,5392695808.0,Utilities,Unknown,50,Fail,"FAIL_MCAP,FAIL_PRICE,FAIL_ROIC,FAIL_FLOAT,FAIL_INSIDER",0.23,0.371,0.06964417574106037,0.0051599997,0.7198142173913044,1.3688893806979419
KMTS,"Kestra Medical Technologies, Ltd.",19.565,1141599360.0,Healthcare,Unknown,60,Fail,"FAIL_ROIC,FAIL_PS,FAIL_PEG,FAIL_INSIDER",0.534,0.46398997,-8.750273507180468,0.051469997,1.8726591760299625,5.021422021646611
BIPC,Brookfield Infrastructure Corporation,41.61,4981818368.0,Utilities,Unknown,20,Fail,"FAIL_MCAP,FAIL_PRICE,FAIL_GROWTH,FAIL_GM_TREND,FAIL_ROIC,FAIL_PEG,FAIL_FLOAT,FAIL_INSIDER",0.013,0.63631,0.02390313025707403,0.00056,76.92307692307692,0.3889584128207041
YCBD,"cbdMD, Inc.",0.7405,7771962.0,Healthcare,Unknown,60,Fail,"FAIL_MCAP,FAIL_GROWTH,FAIL_ROIC,FAIL_INSIDER",-0.019,0.6059,-0.3765541462327434,0.10589,-0.6495613684210526,-21.104949241868812
KROS,"Keros Therapeutics, Inc.",10.94,333298784.0,Healthcare,Unknown,80,Fail,"FAIL_GROWTH,FAIL_INSIDER",-0.873,0.47904998,1.9625362664295203,0.05603,-0.054484784650630017,6.165547971606961
MOG-B,Moog Inc.,306.69,9729911808.0,Industrials,Unknown,50,Fail,"FAIL_MCAP,FAIL_PRICE,FAIL_GM,FAIL_ROIC,FAIL_PEG",0.212,0.273,0.1005515549201131,0.99793,1.808313679245283,4.793827038433267
HXL,Hexcel Corporation,81.82,6513352192.0,Industrials,Unknown,10,Fail,"FAIL_MCAP,FAIL_PRICE,FAIL_GROWTH,FAIL_GM,FAIL_ROIC,FAIL_PS,FAIL_PEG,FAIL_FLOAT,FAIL_INSIDER",0.037,0.22958,0.0644133856321457,0.00934,16.14125027027027,4.9757503758282
JYNT,The Joint Corp.,8.45,125619320.0,Healthcare,Unknown,70,Fail,"FAIL_GROWTH,FAIL_ROIC,FAIL_PEG",0.031,0.79551005,0.0,0.15887,32.25806451612903,2.30390613052779
HZO,"MarineMax, Inc.",26.14,575796608.0,Consumer Cyclical,Unknown,40,Fail,"FAIL_PRICE,FAIL_GROWTH,FAIL_GM_TREND,FAIL_ROIC,FAIL_PEG,FAIL_INSIDER",0.078,0.31587,0.013999481990859017,0.11613,12.820512820512821,1.7254268192841997
LAR,Lithium Argentina AG,6.305,1023692352.0,Basic Materials,Unknown,40,Fail,"FAIL_GROWTH,FAIL_GM,FAIL_ROIC,FAIL_PS,FAIL_PEG,FAIL_FLOAT",0.0,0.0,-0.0004721213504000949,0.24475001,100.0,1.594923951010705
CABR,"Caring Brands, Inc.",0.9205,13565339.0,Healthcare,Unknown,40,Fail,"FAIL_MCAP,FAIL_GROWTH,FAIL_GM,FAIL_ROIC,FAIL_PS,FAIL_PEG",0.0,-0.06855,0.0,0.72420996,100.0,42.22882961044174
INVX,"Innovex International, Inc.",25.07,1718891648.0,Energy,Unknown,40,Fail,"FAIL_PRICE,FAIL_GROWTH,FAIL_GM_TREND,FAIL_ROIC,FAIL_PEG,FAIL_INSIDER",0.091,0.31002,0.09101678717692675,0.02465,2.2957874725274725,6.872930041208074
CX,"CEMEX, S.A.B. de C.V.",10.425,15124931584.0,Basic Materials,Unknown,50,Fail,"FAIL_MCAP,FAIL_GROWTH,FAIL_PEG,FAIL_FLOAT,FAIL_INSIDER",0.106,0.3224,,0.00089,3.6425575471698113,
WAL,Western Alliance Bancorporation,67.595,7439077376.0,Financial Services,Unknown,40,Fail,"FAIL_MCAP,FAIL_PRICE,FAIL_GROWTH,FAIL_GM,FAIL_FLOAT,FAIL_INSIDER",0.166,0.0,0.23478320714656334,0.026989998,0.46643621686746983,3.0
WOK,WORK Medical Technology Group LTD,1.1399,1477242.0,Healthcare,Unknown,40,Fail,"FAIL_MCAP,FAIL_GROWTH,FAIL_GM,FAIL_GM_TREND,FAIL_ROIC,FAIL_INSIDER",-0.144,0.23809,-0.031068571930591735,0.00037999998,-6.9444444444444455,0.8298143197582364
DHI,"D.R. Horton, Inc.",139.8,40695717888.0,Consumer Cyclical,Unknown,20,Fail,"FAIL_MCAP,FAIL_PRICE,FAIL_GROWTH,FAIL_GM,FAIL_GM_TREND,FAIL_ROIC,FAIL_FLOAT,FAIL_INSIDER",-0.095,0.22068001,0.12409011384133092,0.11314999,-1.3390163157894737,5.966828542381814
DTM,"DT Midstream, Inc.",134.665,13698321408.0,Energy,Unknown,30,Fail,"FAIL_MCAP,FAIL_PRICE,FAIL_GM_TREND,FAIL_ROIC,FAIL_PS,FAIL_FLOAT,FAIL_INSIDER",0.273,0.75382006,0.07154591125288914,0.0057,1.147158901098901,2.069243660778821
POWWP,Outdoor Holding Company,24.1762,0.0,Industrials,Unknown,40,Fail,"FAIL_MCAP,FAIL_ROIC,FAIL_PS,FAIL_PEG,FAIL_FLOAT,FAIL_INSIDER",0.532,0.95389,-0.33684584067400103,0.0,1.5779162593984961,-1.4063646711105269
CNSP,"CNS Pharmaceuticals, Inc.",2.1551,1336787.0,Healthcare,Unknown,40,Fail,"FAIL_MCAP,FAIL_GROWTH,FAIL_GM,FAIL_ROIC,FAIL_PS,FAIL_INSIDER",0.0,0.0,0.0,0.00156,0.0027770833,-18.049367208116127
AMBQ,"Ambiq Micro, Inc.",25.76,539764224.0,Technology,Unknown,40,Fail,"FAIL_PRICE,FAIL_GROWTH,FAIL_GM,FAIL_ROIC,FAIL_PEG,FAIL_INSIDER",0.02,0.44259998,-1.5793608344278807,0.04903,50.0,13.51043393893282
TRI,Thomson Reuters Corporation,93.46,41567797248.0,Industrials,Unknown,20,Fail,"FAIL_MCAP,FAIL_PRICE,FAIL_GROWTH,FAIL_GM_TREND,FAIL_ROIC,FAIL_PS,FAIL_PEG,FAIL_FLOAT",0.052,0.39219,0.11886271389931706,0.70585996,5.462941346153846,5.58154818693014
FND,"Floor & Decor Holdings, Inc.",55.17,5951480832.0,Consumer Cyclical,Unknown,30,Fail,"FAIL_MCAP,FAIL_PRICE,FAIL_GROWTH,FAIL_ROIC,FAIL_PEG,FAIL_FLOAT,FAIL_INSIDER",0.02,0.44844002,0.05238783264297827,0.0152,14.3671875,2.7421508613031875
GAU,Galiano Gold Inc.,2.444,634927808.0,Basic Materials,Unknown,60,Fail,"FAIL_GROWTH,FAIL_ROIC,FAIL_FLOAT,FAIL_INSIDER",-0.026,0.39207,0.0,0.0043599997,-38.46153846153846,1.000654748903439
IESC,"IES Holdings, Inc.",452.39,9015228416.0,Industrials,Unknown,40,Fail,"FAIL_MCAP,FAIL_PRICE,FAIL_GROWTH,FAIL_GM,FAIL_PEG,FAIL_INSIDER",0.162,0.25809,0.35281965153101,0.03258,1.662220925925926,11.616119914903944
LMFA,"LM Funding America, Inc.",0.3186,4863394.0,Financial Services,Unknown,60,Fail,"FAIL_MCAP,FAIL_GM,FAIL_ROIC,FAIL_INSIDER",0.717,0.16993,-0.17640715619335412,0.10673001,1.3947001394700138,3.0
FTRK,FAST TRACK GROUP,0.6379,13914194.0,Communication Services,Unknown,50,Fail,"FAIL_MCAP,FAIL_GM,FAIL_GM_TREND,FAIL_ROIC,FAIL_PS",37.448,0.27934,0.0,0.61175,0.02670369579149754,0.8858824431843659
PFLT,PennantPark Floating Rate Capital Ltd.,8.305,824004672.0,Financial Services,Unknown,40,Fail,"FAIL_GROWTH,FAIL_ROIC,FAIL_PS,FAIL_PEG,FAIL_FLOAT,FAIL_INSIDER",0.046,1.0,0.05791527222507073,0.008880001,5.471014347826087,3.0
AKTX,"Akari Therapeutics, Plc",0.1628,7453554.0,Healthcare,Unknown,30,Fail,"FAIL_MCAP,FAIL_GROWTH,FAIL_GM,FAIL_ROIC,FAIL_PS,FAIL_PEG,FAIL_FLOAT",0.0,0.0,0.0,0.26875,,-8.366494634188264
BAER,"Bridger Aerospace Group Holdings, Inc.",2.055,114922424.0,Industrials,Unknown,80,Fail,"FAIL_GROWTH,FAIL_ROIC",-0.452,0.42077,0.10310449841766217,0.26555002,-2.2123893805309733,-0.8126146073063385
NTWO,Newbury Street II Acquisition Corp,10.51,253463120.0,Financial Services,Unknown,40,Fail,"FAIL_GROWTH,FAIL_GM,FAIL_ROIC,FAIL_PS,FAIL_PEG,FAIL_INSIDER",0.0,0.0,0.0,0.026919998,105.1,24.59095540433486
HSIC,"Henry Schein, Inc.",73.945,8705161216.0,Healthcare,Unknown,30,Fail,"FAIL_MCAP,FAIL_PRICE,FAIL_GROWTH,FAIL_ROIC,FAIL_PEG,FAIL_FLOAT,FAIL_INSIDER",0.077,0.31136,0.07992955367219455,0.010620001,2.9367727272727273,2.7333060153291315
KURA,"Kura Oncology, Inc.",8.36,738436736.0,Healthcare,Unknown,30,Fail,"FAIL_GROWTH,FAIL_GM,FAIL_GM_TREND,FAIL_ROIC,FAIL_PS,FAIL_FLOAT,FAIL_INSIDER",-0.678,-2.7214499,-6.09219850972959,0.020969998,-1.4749262536873153,-1.6252714870325988
MYFW,"First Western Financial, Inc.",23.955,233204112.0,Financial Services,Unknown,70,Fail,"FAIL_GROWTH,FAIL_GM,FAIL_PEG",0.058,0.0,0.45342436456501245,0.15288,3.0822181034482754,3.0
GLW,Corning Incorporated,133.695,114703376384.0,Technology,Unknown,30,Fail,"FAIL_MCAP,FAIL_PRICE,FAIL_GM,FAIL_ROIC,FAIL_PEG,FAIL_FLOAT,FAIL_INSIDER",0.204,0.35984,0.1031254332120191,0.08199,3.5812441176470586,5.321583230123123
VGAS,"Verde Clean Fuels, Inc.",1.82,81080312.0,Utilities,Unknown,50,Fail,"FAIL_GROWTH,FAIL_GM,FAIL_ROIC,FAIL_PS,FAIL_PEG",0.0,0.0,0.0,0.80977,100.0,14.640353442090415
APWC,Asia Pacific Wire & Cable Corporation Limited,1.45,59787064.0,Industrials,Unknown,60,Fail,"FAIL_GROWTH,FAIL_GM,FAIL_ROIC,FAIL_PEG",0.05,0.072680004,0.053212876146244724,0.4048,2.0714286,2.621812041488525
CTLP,"Cantaloupe, Inc.",10.545,777379456.0,Technology,Unknown,50,Fail,"FAIL_GROWTH,FAIL_GM,FAIL_PEG,FAIL_FLOAT,FAIL_INSIDER",0.068,0.40405998,0.2988151739053118,0.12064999,2.1242948529411763,4.005512070969248
MDXG,"MiMedx Group, Inc.",4.2602,632923392.0,Healthcare,Unknown,80,Fail,"FAIL_FLOAT,FAIL_INSIDER",0.271,0.82558995,0.43209808576344666,0.023570001,0.49125926199261993,6.819647675457592
XRAY,DENTSPLY SIRONA Inc.,11.755,2348053248.0,Healthcare,Unknown,40,Fail,"FAIL_MCAP,FAIL_GROWTH,FAIL_ROIC,FAIL_PEG,FAIL_FLOAT,FAIL_INSIDER",0.062,0.5,-0.1406837588649967,0.00537,16.129032258064516,0.5274485419095056
EMO,ClearBridge Energy Midstream Opportunity Fund Inc,52.48,1050367680.0,Financial Services,Unknown,20,Fail,"FAIL_PRICE,FAIL_GROWTH,FAIL_GM,FAIL_ROIC,FAIL_PS,FAIL_PEG,FAIL_FLOAT,FAIL_INSIDER",0.0,0.0,-0.024692361564893992,0.00201,100.0,3.0
BYSI,BeyondSpring Inc.,1.83,75253848.0,Healthcare,Unknown,40,Fail,"FAIL_GROWTH,FAIL_GM,FAIL_ROIC,FAIL_PS,FAIL_PEG,FAIL_INSIDER",0.0,0.0,0.0,0.14678,100.0,-15.920795896363211
BUR,Burford Capital Limited,8.36,1829982464.0,Financial Services,Unknown,50,Fail,"FAIL_GROWTH,FAIL_ROIC,FAIL_PS,FAIL_FLOAT,FAIL_INSIDER",-0.753,0.96174,0.047089263040455666,0.09198,-0.396509176626826,3.0
LEDS,SemiLEDs Corporation,1.3314,10952302.0,Technology,Unknown,60,Fail,"FAIL_MCAP,FAIL_GM,FAIL_GM_TREND,FAIL_ROIC",1.037,0.049390003,-0.32575757575757575,0.58929,0.9643201542912248,-13.98641345457215
GGB,Gerdau S.A.,3.3196,6556899840.0,Basic Materials,Unknown,20,Fail,"FAIL_MCAP,FAIL_GROWTH,FAIL_GM,FAIL_GM_TREND,FAIL_ROIC,FAIL_PEG,FAIL_FLOAT,FAIL_INSIDER",0.009,0.11405,0.034494358236835734,0.0,28.372652222222225,1.8231314994968484
NUVL,"Nuvalent, Inc.",97.23,7643931136.0,Healthcare,Unknown,20,Fail,"FAIL_MCAP,FAIL_PRICE,FAIL_GROWTH,FAIL_GM,FAIL_ROIC,FAIL_PS,FAIL_PEG,FAIL_INSIDER",0.0,0.0,-0.4205149845215856,0.026670001,100.0,27.077178615631095
NCPL,Netcapital Inc.,0.5111,4011061.0,Financial Services,Unknown,60,Fail,"FAIL_MCAP,FAIL_GROWTH,FAIL_ROIC,FAIL_PS",-0.7,0.97540003,-1.6335415951704109,0.4446,-1.4285714285714286,-6.1749124583369275
HOUR,"Hour Loop, Inc.",1.9404,68256128.0,Consumer Cyclical,Unknown,80,Fail,"FAIL_GROWTH,FAIL_PEG",0.076,0.50935,0.22000147556011593,0.95105004,8.510526315789475,10.084255473340942
PGACU,Pantages Capital Acquisition Corporation,10.59,0.0,Financial Services,Unknown,30,Fail,"FAIL_MCAP,FAIL_GROWTH,FAIL_GM,FAIL_ROIC,FAIL_PS,FAIL_PEG,FAIL_INSIDER",0.0,0.0,0.0,0.02754,100.0,-0.012941032701856066
STRZ,Starz Entertainment Corp.,13.245,222267472.0,Communication Services,Unknown,70,Fail,"FAIL_GROWTH,FAIL_ROIC,FAIL_INSIDER",-0.063,0.53155,-0.11836485757933196,0.051859997,-15.873015873015873,0.2046856886840447
INO,"Inovio Pharmaceuticals, Inc.",1.655,114189448.0,Healthcare,Unknown,40,Fail,"FAIL_GROWTH,FAIL_GM,FAIL_ROIC,FAIL_PS,FAIL_FLOAT,FAIL_INSIDER",-1.0,0.0,0.0,0.00472,-1.0,-36.32281984647002
IDN,"Intellicheck, Inc.",4.83,97589704.0,Technology,Unknown,70,Fail,"FAIL_ROIC,FAIL_PEG,FAIL_INSIDER",0.277,0.90331,0.0,0.05688,17.43682310469314,10.540974732423587
THG,"The Hanover Insurance Group, Inc.",171.24,6018969088.0,Financial Services,Unknown,40,Fail,"FAIL_MCAP,FAIL_PRICE,FAIL_GROWTH,FAIL_GM,FAIL_PEG,FAIL_INSIDER",0.055,0.23958,0.189393754057987,0.00898,1.718242,3.0
TBRG,"TruBridge, Inc.",15.145,227351344.0,Healthcare,Unknown,70,Fail,"FAIL_GROWTH,FAIL_ROIC,FAIL_PEG",0.017,0.52807,0.03607677201021335,0.17972,37.1201,1.583310059600619
LLYVA,"Liberty Live Holdings, Inc.",93.87,8629625856.0,Communication Services,Unknown,40,Fail,"FAIL_MCAP,FAIL_PRICE,FAIL_GM,FAIL_ROIC,FAIL_PS,FAIL_PEG",0.29,0.19249001,-0.03891496350897686,0.23657,3.4482758620689657,1.6397367586872096
RIG,Transocean Ltd.,6.46,7124403200.0,Energy,Unknown,30,Fail,"FAIL_MCAP,FAIL_GROWTH,FAIL_GM_TREND,FAIL_ROIC,FAIL_PEG,FAIL_FLOAT,FAIL_INSIDER",0.096,0.39319,-0.17580895211881747,0.13787,10.416666666666668,-0.2945237158810926
NTRA,"Natera, Inc.",197.515,27957905408.0,Healthcare,Unknown,30,Fail,"FAIL_MCAP,FAIL_PRICE,FAIL_ROIC,FAIL_PS,FAIL_PEG,FAIL_FLOAT,FAIL_INSIDER",0.398,0.64749,-0.24099287615651627,0.03154,2.5125628140703515,23.961459699291623
RTO,Rentokil Initial plc,32.285,16606199808.0,Industrials,Unknown,30,Fail,"FAIL_MCAP,FAIL_PRICE,FAIL_GROWTH,FAIL_GM,FAIL_GM_TREND,FAIL_FLOAT,FAIL_INSIDER",-0.035,0.095249996,,4.0000003e-05,-16.18295714285714,
EMBC,Embecta Corp.,8.74,517581536.0,Healthcare,Unknown,70,Fail,"FAIL_GROWTH,FAIL_FLOAT,FAIL_INSIDER",-0.003,0.63155997,0.3079879473619481,0.01687,-12.344633333333334,1.7405676013905476
SLGB,Smart Logistics Global Limited,1.026,42066000.0,Industrials,Unknown,50,Fail,"FAIL_MCAP,FAIL_GROWTH,FAIL_GM,FAIL_ROIC,FAIL_PEG",0.114,0.05032,0.057088863420994555,0.97560996,1.7999999999999998,5.524217576547257
CWH,"Camping World Holdings, Inc.",6.035,383341888.0,Consumer Cyclical,Unknown,50,Fail,"FAIL_GROWTH,FAIL_GM,FAIL_ROIC,FAIL_FLOAT,FAIL_INSIDER",-0.026,0.29473,-0.06848085868157593,0.03259,-38.46153846153846,1.6269771205756087
BKKT,"Bakkt, Inc.",9.09,277809408.0,Technology,Unknown,60,Fail,"FAIL_GROWTH,FAIL_GM,FAIL_GM_TREND,FAIL_ROIC",-0.834,-0.04346,-4.560390717429962,0.32604998,-1.1990407673860912,8.796649450248488
PMT,PennyMac Mortgage Investment Trust,11.8,1026795968.0,Real Estate,Unknown,70,Fail,"FAIL_ROIC,FAIL_FLOAT,FAIL_INSIDER",10.676,0.82885003,0.11250028286550988,0.012940001,0.01116447358561259,3.0
ONC,BeOne Medicines AG,282.41,32627003392.0,Healthcare,Unknown,50,Fail,"FAIL_MCAP,FAIL_PRICE,FAIL_PS,FAIL_PEG,FAIL_FLOAT",0.328,0.87488,0.3607438581010687,0.17291,3.485854573170731,5.181784472355744
MPB,"Mid Penn Bancorp, Inc.",30.72,776616448.0,Financial Services,Unknown,70,Fail,"FAIL_PRICE,FAIL_GM,FAIL_PS",0.331,0.0,0.19202133189301193,0.17086,0.36395948640483383,3.0
CGTX,"Cognition Therapeutics, Inc.",1.1,97101680.0,Healthcare,Unknown,30,Fail,"FAIL_GROWTH,FAIL_GM,FAIL_ROIC,FAIL_PS,FAIL_PEG,FAIL_FLOAT,FAIL_INSIDER",0.0,0.0,0.0,0.022550002,100.0,-6.011975685577263
LRCX,Lam Research Corporation,229.675,288478691328.0,Technology,Unknown,30,Fail,"FAIL_MCAP,FAIL_PRICE,FAIL_GM,FAIL_PS,FAIL_PEG,FAIL_FLOAT,FAIL_INSIDER",0.221,0.49800998,0.6936712183524332,0.0029300002,2.133990678733032,19.23306383424468
BCBP,"BCB Bancorp, Inc.",8.0968,140551792.0,Financial Services,Unknown,60,Fail,"FAIL_GROWTH,FAIL_GM,FAIL_ROIC,FAIL_INSIDER",-0.264,0.0,0.13336607225820712,0.10949001,-3.7878787878787876,3.0
FLYE,"Fly-E Group, Inc.",1.885,3077047.0,Consumer Cyclical,Unknown,60,Fail,"FAIL_MCAP,FAIL_GROWTH,FAIL_ROIC,FAIL_INSIDER",-0.427,0.38487998,-0.17303832367568053,0.1031,-2.3419203747072603,0.3953564929864517
BTI,British American Tobacco p.l.c.,58.71,127268110336.0,Consumer Defensive,Unknown,20,Fail,"FAIL_MCAP,FAIL_PRICE,FAIL_GROWTH,FAIL_ROIC,FAIL_PS,FAIL_PEG,FAIL_FLOAT,FAIL_INSIDER",0.001,0.82651,0.1167578396750593,0.00098,126.80346,2.168718973907202
MVF,BlackRock MuniVest,7.07,405363424.0,Financial Services,Unknown,40,Fail,"FAIL_GROWTH,FAIL_ROIC,FAIL_PS,FAIL_PEG,FAIL_FLOAT,FAIL_INSIDER",0.017,1.0,0.0,0.01233,58.8235294117647,3.0
QH,Quhuo Limited,0.0986,2484562.0,Technology,Unknown,30,Fail,"FAIL_MCAP,FAIL_GROWTH,FAIL_GM,FAIL_GM_TREND,FAIL_ROIC,FAIL_FLOAT,FAIL_INSIDER",-0.302,0.02073,0.002323645322000706,6.0000002e-05,-4.314086754966888e-05,1.4394102430436013
RFAI,RF Acquisition Corp II,10.86,90613288.0,Financial Services,Unknown,50,Fail,"FAIL_GROWTH,FAIL_GM,FAIL_ROIC,FAIL_PS,FAIL_PEG",0.0,0.0,0.0,0.34457,45.25,10.67187086433952
ERH,Allspring Utilities and High Income Fund,12.3299,109653656.0,Financial Services,Unknown,50,Fail,"FAIL_GROWTH,FAIL_ROIC,FAIL_PS,FAIL_FLOAT,FAIL_INSIDER",-0.083,1.0,0.0,0.00051,-0.873841204819277,3.0
FINV,FinVolution Group,6.065,1498274176.0,Financial Services,Unknown,60,Fail,"FAIL_GROWTH,FAIL_GM_TREND,FAIL_FLOAT,FAIL_INSIDER",-0.13,0.73928,0.2013673987491651,0.10541,-0.30294706153846157,2.370268965268173
BDSX,"Biodesix, Inc.",16.5824,163475232.0,Healthcare,Unknown,80,Fail,"FAIL_ROIC,FAIL_PEG",0.408,0.81108004,0.0,0.4418,2.450980392156863,-6.696512941230557
PBF,PBF Energy Inc.,46.08,5387987968.0,Energy,Unknown,30,Fail,"FAIL_MCAP,FAIL_PRICE,FAIL_GROWTH,FAIL_GM,FAIL_GM_TREND,FAIL_ROIC,FAIL_FLOAT",-0.029,0.0077899997,-0.0025482343952777315,0.23165001,-34.48275862068965,3.083482980389423
BEEP,Mobile Infrastructure Corporation,2.41,101943000.0,Industrials,Unknown,60,Fail,"FAIL_GROWTH,FAIL_GM_TREND,FAIL_ROIC,FAIL_INSIDER",-0.043,0.59187,0.0,0.109239995,-23.255813953488374,-0.33290526579361923
ASUR,"Asure Software, Inc.",8.695,246706304.0,Technology,Unknown,80,Fail,"FAIL_ROIC,FAIL_PEG",0.277,0.67506,-0.03155678824791369,0.15862,3.6101083032490973,-0.13976343378350775
EGHT,"8x8, Inc.",1.945,270974208.0,Technology,Unknown,50,Fail,"FAIL_GROWTH,FAIL_ROIC,FAIL_PEG,FAIL_FLOAT,FAIL_INSIDER",0.174,0.65707,0.012196309425541172,0.025,5.74712643678161,-0.3986868505762422
MASI,Masimo Corporation,176.145,9461443584.0,Healthcare,Unknown,40,Fail,"FAIL_MCAP,FAIL_PRICE,FAIL_GROWTH,FAIL_PS,FAIL_PEG,FAIL_INSIDER",0.12,0.61805,0.20651995927000763,0.0496,3.8225915,8.794445885379798
BOTJ,"Bank of the James Financial Group, Inc.",21.0,95410096.0,Financial Services,Unknown,80,Fail,"FAIL_GROWTH,FAIL_GM",0.088,0.0,0.33283483029417443,0.15781,1.1991777272727273,3.0
GVH,Globavend Holdings Limited,1.02,2332556.0,Industrials,Unknown,60,Fail,"FAIL_MCAP,FAIL_GM,FAIL_GM_TREND,FAIL_INSIDER",0.207,0.10079,0.2668721356407862,0.02507,0.03060581304347826,4.789366680788405
TLPH,"Talphera, Inc.",0.77,35889408.0,Healthcare,Unknown,40,Fail,"FAIL_MCAP,FAIL_GROWTH,FAIL_GM,FAIL_ROIC,FAIL_PS,FAIL_PEG",0.0,0.0,0.0,0.26525,100.0,-34.83460588019231
CPF,Central Pacific Financial Corp.,30.365,813992256.0,Financial Services,Unknown,70,Fail,"FAIL_PRICE,FAIL_GM,FAIL_INSIDER",0.283,0.0,0.4279726512057716,0.018070001,0.3751637102473499,3.0
PECO,"Phillips Edison & Company, Inc.",37.94,5255182848.0,Real Estate,Unknown,30,Fail,"FAIL_MCAP,FAIL_PRICE,FAIL_GROWTH,FAIL_PS,FAIL_PEG,FAIL_FLOAT,FAIL_INSIDER",0.086,0.71134,,0.00564,4.956884883720931,1.0638172083298494
TD,The Toronto-Dominion Bank,95.49,160109101056.0,Financial Services,Unknown,40,Fail,"FAIL_MCAP,FAIL_PRICE,FAIL_GM,FAIL_ROIC,FAIL_FLOAT,FAIL_INSIDER",0.211,0.0,0.148202146883539,0.00046,0.5022854976303318,3.0
NZF,Nuveen Municipal Credit Income Fund,12.635,2447766784.0,Financial Services,Unknown,40,Fail,"FAIL_MCAP,FAIL_GROWTH,FAIL_ROIC,FAIL_PS,FAIL_FLOAT,FAIL_INSIDER",-0.012,1.0,0.0,0.00137,-35.09722083333333,3.0
PPHC,"Public Policy Holding Company, Inc.",14.02,405648704.0,Industrials,Unknown,90,Fail,FAIL_ROIC,0.238,0.35467997,-0.17726843521412677,0.56244,0.693030168067227,2.3003938426765367
FNGR,"FingerMotion, Inc.",1.2501,76607768.0,Communication Services,Unknown,60,Fail,"FAIL_GROWTH,FAIL_GM,FAIL_GM_TREND,FAIL_ROIC",-0.321,0.05406,-0.3604681650157035,0.2471,-3.115264797507788,0.8321996280540909
BSBK,Bogota Financial Corp.,8.23,106732376.0,Financial Services,Unknown,70,Fail,"FAIL_GM,FAIL_ROIC,FAIL_PS",0.44,0.0,0.09129398300056216,0.68478996,1.1002673181818183,3.0
SW,Smurfit Westrock Plc,39.36,20634626048.0,Consumer Cyclical,Unknown,10,Fail,"FAIL_MCAP,FAIL_PRICE,FAIL_GROWTH,FAIL_GM,FAIL_GM_TREND,FAIL_ROIC,FAIL_PEG,FAIL_FLOAT,FAIL_INSIDER",0.005,0.19382,0.0420168794450983,0.0051200003,59.18797,1.4558431699153518
PSTV,"Plus Therapeutics, Inc.",0.2376,42381004.0,Healthcare,Unknown,20,Fail,"FAIL_MCAP,FAIL_GROWTH,FAIL_GM,FAIL_GM_TREND,FAIL_ROIC,FAIL_PS,FAIL_FLOAT,FAIL_INSIDER",-0.032,-0.60733,0.0,0.0124,-31.25,-45.76278925989931
ICHR,"Ichor Holdings, Ltd.",47.925,1660329600.0,Technology,Unknown,50,Fail,"FAIL_PRICE,FAIL_GROWTH,FAIL_GM,FAIL_ROIC,FAIL_INSIDER",-0.042,0.11863,-0.06260128958111345,0.02219,-23.80952380952381,4.98410383933933
STRA,"Strategic Education, Inc.",80.59,1831842176.0,Consumer Defensive,Unknown,50,Fail,"FAIL_PRICE,FAIL_GROWTH,FAIL_ROIC,FAIL_PEG,FAIL_INSIDER",0.038,0.48975,0.08669633720811376,0.03675,3.9201284210526315,3.953250926867912
KC,Kingsoft Cloud Holdings Limited,15.23,4505316352.0,Technology,Unknown,40,Fail,"FAIL_MCAP,FAIL_GM,FAIL_ROIC,FAIL_PEG,FAIL_FLOAT,FAIL_INSIDER",0.314,0.16214001,-0.22677961002459657,0.0,3.1847133757961785,-0.9577514652328907
YETI,"YETI Holdings, Inc.",36.685,2854390784.0,Consumer Cyclical,Unknown,40,Fail,"FAIL_MCAP,FAIL_PRICE,FAIL_GROWTH,FAIL_PEG,FAIL_FLOAT,FAIL_INSIDER",0.068,0.57409,0.24003558023319788,0.0113699995,2.657563235294117,6.228897491205135
TPC,Tutor Perini Corporation,72.43,3823684864.0,Industrials,Unknown,70,Fail,"FAIL_MCAP,FAIL_PRICE,FAIL_GM",0.412,0.11682,0.20006731783006745,0.15602,1.1642449029126214,2.0423852801332423
MITQ,"Moving iMage Technologies, Inc.",0.579,5758221.0,Technology,Unknown,50,Fail,"FAIL_MCAP,FAIL_GROWTH,FAIL_GM,FAIL_ROIC,FAIL_PEG",0.102,0.27111998,0.0,0.33995,9.803921568627452,1.4573590049987872
XFLT,XAI Octagon Floating Rate & Alternative Income Trust,3.11,236840768.0,Financial Services,Unknown,30,Fail,"FAIL_GROWTH,FAIL_GM,FAIL_ROIC,FAIL_PS,FAIL_PEG,FAIL_FLOAT,FAIL_INSIDER",0.0,0.0,0.0,0.01749,19.4375,3.0
EGP,"EastGroup Properties, Inc.",191.025,10190954496.0,Real Estate,Unknown,20,Fail,"FAIL_MCAP,FAIL_PRICE,FAIL_GROWTH,FAIL_ROIC,FAIL_PS,FAIL_PEG,FAIL_FLOAT,FAIL_INSIDER",0.143,0.73283994,0.0,0.01002,2.742996223776224,3.329735363756108
RR,Richtech Robotics Inc.,2.375,531040416.0,Industrials,Unknown,40,Fail,"FAIL_GROWTH,FAIL_GM_TREND,FAIL_ROIC,FAIL_PS,FAIL_FLOAT,FAIL_INSIDER",-0.088,0.55826,-0.20498249036573626,0.019650001,-11.363636363636365,109.75323695397724
